scope,tmk,period_start,period_end,total_units,hi_pct,non_hi_pct,unknown_pct,unresolved_units,unresolved_pct,proxy_resolved_units,proxy_resolved_pct,hi_units,non_hi_units,mixed_units,unknown_units,source,notes
collective,,1988/12/02,1988/12/07,28,0.0000,3.5714,96.4286,27,96.4286,1,3.5714,0,1,0,27,fullownr_proxy,between transfer events; residency from 2026 fullownr proxy applied after first transfer; historical owner addresses not in sales extract; active TMKs: 239004143
collective,,1988/12/08,1988/12/11,28,0.0000,7.1429,92.8571,26,92.8571,2,7.1429,0,2,0,26,fullownr_proxy,between transfer events; residency from 2026 fullownr proxy applied after first transfer; historical owner addresses not in sales extract; active TMKs: 239004143
collective,,1988/12/12,1988/12/12,28,0.0000,17.8571,82.1429,23,82.1429,5,17.8571,0,5,0,23,fullownr_proxy,between transfer events; residency from 2026 fullownr proxy applied after first transfer; historical owner addresses not in sales extract; active TMKs: 239004143
collective,,1988/12/13,1988/12/13,28,0.0000,25.0000,75.0000,21,75.0000,7,25.0000,0,7,0,21,fullownr_proxy,between transfer events; residency from 2026 fullownr proxy applied after first transfer; historical owner addresses not in sales extract; active TMKs: 239004143
collective,,1988/12/14,1988/12/14,28,0.0000,28.5714,71.4286,20,71.4286,8,28.5714,0,8,0,20,fullownr_proxy,between transfer events; residency from 2026 fullownr proxy applied after first transfer; historical owner addresses not in sales extract; active TMKs: 239004143
collective,,1988/12/15,1988/12/15,28,0.0000,32.1429,67.8571,19,67.8571,9,32.1429,0,9,0,19,fullownr_proxy,between transfer events; residency from 2026 fullownr proxy applied after first transfer; historical owner addresses not in sales extract; active TMKs: 239004143
collective,,1988/12/16,1988/12/18,28,0.0000,35.7143,64.2857,18,64.2857,10,35.7143,0,10,0,18,fullownr_proxy,between transfer events; residency from 2026 fullownr proxy applied after first transfer; historical owner addresses not in sales extract; active TMKs: 239004143
collective,,1988/12/19,1988/12/19,28,0.0000,39.2857,60.7143,17,60.7143,11,39.2857,0,11,0,17,fullownr_proxy,between transfer events; residency from 2026 fullownr proxy applied after first transfer; historical owner addresses not in sales extract; active TMKs: 239004143
collective,,1988/12/20,1988/12/20,28,0.0000,42.8571,57.1429,16,57.1429,12,42.8571,0,12,0,16,fullownr_proxy,between transfer events; residency from 2026 fullownr proxy applied after first transfer; historical owner addresses not in sales extract; active TMKs: 239004143
collective,,1988/12/21,1988/12/21,28,0.0000,46.4286,53.5714,15,53.5714,13,46.4286,0,13,0,15,fullownr_proxy,between transfer events; residency from 2026 fullownr proxy applied after first transfer; historical owner addresses not in sales extract; active TMKs: 239004143
collective,,1988/12/22,1988/12/29,28,0.0000,50.0000,50.0000,14,50.0000,14,50.0000,0,14,0,14,fullownr_proxy,between transfer events; residency from 2026 fullownr proxy applied after first transfer; historical owner addresses not in sales extract; active TMKs: 239004143
collective,,1988/12/30,1988/12/31,28,3.5714,50.0000,46.4286,13,46.4286,15,53.5714,1,14,0,13,fullownr_proxy,between transfer events; residency from 2026 fullownr proxy applied after first transfer; historical owner addresses not in sales extract; active TMKs: 239004143
collective,,1989/01/01,1989/01/05,28,3.5714,50.0000,46.4286,13,46.4286,15,53.5714,1,14,0,13,fullownr_proxy,between transfer events; residency from 2026 fullownr proxy applied after first transfer; historical owner addresses not in sales extract; active TMKs: 239004143
collective,,1989/01/06,1989/01/08,28,3.5714,53.5714,42.8571,12,42.8571,16,57.1429,1,15,0,12,fullownr_proxy,between transfer events; residency from 2026 fullownr proxy applied after first transfer; historical owner addresses not in sales extract; active TMKs: 239004143
collective,,1989/01/09,1989/01/11,28,3.5714,57.1429,39.2857,11,39.2857,17,60.7143,1,16,0,11,fullownr_proxy,between transfer events; residency from 2026 fullownr proxy applied after first transfer; historical owner addresses not in sales extract; active TMKs: 239004143
collective,,1989/01/12,1989/01/12,28,3.5714,60.7143,35.7143,10,35.7143,18,64.2857,1,17,0,10,fullownr_proxy,between transfer events; residency from 2026 fullownr proxy applied after first transfer; historical owner addresses not in sales extract; active TMKs: 239004143
collective,,1989/01/13,1989/01/15,28,3.5714,64.2857,32.1429,9,32.1429,19,67.8571,1,18,0,9,fullownr_proxy,between transfer events; residency from 2026 fullownr proxy applied after first transfer; historical owner addresses not in sales extract; active TMKs: 239004143
collective,,1989/01/16,1989/01/16,28,3.5714,67.8571,28.5714,8,28.5714,20,71.4286,1,19,0,8,fullownr_proxy,between transfer events; residency from 2026 fullownr proxy applied after first transfer; historical owner addresses not in sales extract; active TMKs: 239004143
collective,,1989/01/17,1989/01/22,28,3.5714,78.5714,17.8571,5,17.8571,23,82.1429,1,22,0,5,fullownr_proxy,between transfer events; residency from 2026 fullownr proxy applied after first transfer; historical owner addresses not in sales extract; active TMKs: 239004143
collective,,1989/01/23,1989/01/25,28,3.5714,78.5714,17.8571,5,17.8571,23,82.1429,1,22,0,5,fullownr_proxy,between transfer events; residency from 2026 fullownr proxy applied after first transfer; historical owner addresses not in sales extract; active TMKs: 239004143
collective,,1989/01/26,1989/01/30,28,3.5714,82.1429,14.2857,4,14.2857,24,85.7143,1,23,0,4,fullownr_proxy,between transfer events; residency from 2026 fullownr proxy applied after first transfer; historical owner addresses not in sales extract; active TMKs: 239004143
collective,,1989/01/31,1989/01/31,28,3.5714,85.7143,10.7143,3,10.7143,25,89.2857,1,24,0,3,fullownr_proxy,between transfer events; residency from 2026 fullownr proxy applied after first transfer; historical owner addresses not in sales extract; active TMKs: 239004143
collective,,1989/02/01,1989/02/27,28,3.5714,85.7143,10.7143,3,10.7143,25,89.2857,1,24,0,3,fullownr_proxy,between transfer events; residency from 2026 fullownr proxy applied after first transfer; historical owner addresses not in sales extract; active TMKs: 239004143
collective,,1989/02/28,1989/03/20,28,3.5714,89.2857,7.1429,2,7.1429,26,92.8571,1,25,0,2,fullownr_proxy,between transfer events; residency from 2026 fullownr proxy applied after first transfer; historical owner addresses not in sales extract; active TMKs: 239004143
collective,,1989/03/21,1989/03/31,28,3.5714,96.4286,0.0000,0,0.0000,28,100.0000,1,27,0,0,fullownr_proxy,between transfer events; residency from 2026 fullownr proxy applied after first transfer; historical owner addresses not in sales extract; active TMKs: 239004143
collective,,1989/04/01,1989/04/06,28,3.5714,96.4286,0.0000,0,0.0000,28,100.0000,1,27,0,0,fullownr_proxy,between transfer events; residency from 2026 fullownr proxy applied after first transfer; historical owner addresses not in sales extract; active TMKs: 239004143
collective,,1989/04/07,1989/04/16,28,3.5714,96.4286,0.0000,0,0.0000,28,100.0000,1,27,0,0,fullownr_proxy,between transfer events; residency from 2026 fullownr proxy applied after first transfer; historical owner addresses not in sales extract; active TMKs: 239004143
collective,,1989/04/17,1989/06/05,28,3.5714,96.4286,0.0000,0,0.0000,28,100.0000,1,27,0,0,fullownr_proxy,between transfer events; residency from 2026 fullownr proxy applied after first transfer; historical owner addresses not in sales extract; active TMKs: 239004143
collective,,1989/06/06,1989/07/14,76,1.3158,36.8421,61.8421,47,61.8421,29,38.1579,1,28,0,47,fullownr_proxy,"between transfer events; residency from 2026 fullownr proxy applied after first transfer; historical owner addresses not in sales extract; active TMKs: 239004143, 239004144"
collective,,1989/07/15,1989/07/25,76,1.3158,36.8421,61.8421,47,61.8421,29,38.1579,1,28,0,47,fullownr_proxy,"between transfer events; residency from 2026 fullownr proxy applied after first transfer; historical owner addresses not in sales extract; active TMKs: 239004143, 239004144"
collective,,1989/07/26,1989/09/24,76,1.3158,36.8421,61.8421,47,61.8421,29,38.1579,1,28,0,47,fullownr_proxy,"between transfer events; residency from 2026 fullownr proxy applied after first transfer; historical owner addresses not in sales extract; active TMKs: 239004143, 239004144"
collective,,1989/09/25,1989/10/10,76,2.6316,38.1579,59.2105,45,59.2105,31,40.7895,2,29,0,45,fullownr_proxy,"between transfer events; residency from 2026 fullownr proxy applied after first transfer; historical owner addresses not in sales extract; active TMKs: 239004143, 239004144"
collective,,1989/10/11,1989/10/16,76,2.6316,39.4737,57.8947,44,57.8947,32,42.1053,2,30,0,44,fullownr_proxy,"between transfer events; residency from 2026 fullownr proxy applied after first transfer; historical owner addresses not in sales extract; active TMKs: 239004143, 239004144"
collective,,1989/10/17,1989/10/18,76,2.6316,42.1053,55.2632,42,55.2632,34,44.7368,2,32,0,42,fullownr_proxy,"between transfer events; residency from 2026 fullownr proxy applied after first transfer; historical owner addresses not in sales extract; active TMKs: 239004143, 239004144"
collective,,1989/10/19,1989/10/19,76,2.6316,43.4211,53.9474,41,53.9474,35,46.0526,2,33,0,41,fullownr_proxy,"between transfer events; residency from 2026 fullownr proxy applied after first transfer; historical owner addresses not in sales extract; active TMKs: 239004143, 239004144"
collective,,1989/10/20,1989/10/22,76,2.6316,55.2632,42.1053,32,42.1053,44,57.8947,2,42,0,32,fullownr_proxy,"between transfer events; residency from 2026 fullownr proxy applied after first transfer; historical owner addresses not in sales extract; active TMKs: 239004143, 239004144"
collective,,1989/10/23,1989/10/23,76,2.6316,56.5789,40.7895,31,40.7895,45,59.2105,2,43,0,31,fullownr_proxy,"between transfer events; residency from 2026 fullownr proxy applied after first transfer; historical owner addresses not in sales extract; active TMKs: 239004143, 239004144"
collective,,1989/10/24,1989/10/24,76,2.6316,57.8947,39.4737,30,39.4737,46,60.5263,2,44,0,30,fullownr_proxy,"between transfer events; residency from 2026 fullownr proxy applied after first transfer; historical owner addresses not in sales extract; active TMKs: 239004143, 239004144"
collective,,1989/10/25,1989/10/25,76,3.9474,57.8947,38.1579,29,38.1579,47,61.8421,3,44,0,29,fullownr_proxy,"between transfer events; residency from 2026 fullownr proxy applied after first transfer; historical owner addresses not in sales extract; active TMKs: 239004143, 239004144"
collective,,1989/10/26,1989/10/26,76,3.9474,59.2105,36.8421,28,36.8421,48,63.1579,3,45,0,28,fullownr_proxy,"between transfer events; residency from 2026 fullownr proxy applied after first transfer; historical owner addresses not in sales extract; active TMKs: 239004143, 239004144"
collective,,1989/10/27,1989/10/28,76,3.9474,60.5263,35.5263,27,35.5263,49,64.4737,3,46,0,27,fullownr_proxy,"between transfer events; residency from 2026 fullownr proxy applied after first transfer; historical owner addresses not in sales extract; active TMKs: 239004143, 239004144"
collective,,1989/10/29,1989/10/30,76,3.9474,61.8421,34.2105,26,34.2105,50,65.7895,3,47,0,26,fullownr_proxy,"between transfer events; residency from 2026 fullownr proxy applied after first transfer; historical owner addresses not in sales extract; active TMKs: 239004143, 239004144"
collective,,1989/10/31,1989/10/31,76,3.9474,63.1579,32.8947,25,32.8947,51,67.1053,3,48,0,25,fullownr_proxy,"between transfer events; residency from 2026 fullownr proxy applied after first transfer; historical owner addresses not in sales extract; active TMKs: 239004143, 239004144"
collective,,1989/11/01,1989/11/01,76,3.9474,63.1579,32.8947,25,32.8947,51,67.1053,3,48,0,25,fullownr_proxy,"between transfer events; residency from 2026 fullownr proxy applied after first transfer; historical owner addresses not in sales extract; active TMKs: 239004143, 239004144"
collective,,1989/11/02,1989/11/05,76,3.9474,64.4737,31.5789,24,31.5789,52,68.4211,3,49,0,24,fullownr_proxy,"between transfer events; residency from 2026 fullownr proxy applied after first transfer; historical owner addresses not in sales extract; active TMKs: 239004143, 239004144"
collective,,1989/11/06,1989/11/13,76,3.9474,64.4737,31.5789,24,31.5789,52,68.4211,3,49,0,24,fullownr_proxy,"between transfer events; residency from 2026 fullownr proxy applied after first transfer; historical owner addresses not in sales extract; active TMKs: 239004143, 239004144"
collective,,1989/11/14,1989/11/19,76,5.2632,68.4211,26.3158,20,26.3158,56,73.6842,4,52,0,20,fullownr_proxy,"between transfer events; residency from 2026 fullownr proxy applied after first transfer; historical owner addresses not in sales extract; active TMKs: 239004143, 239004144"
collective,,1989/11/20,1989/11/28,76,5.2632,69.7368,25.0000,19,25.0000,57,75.0000,4,53,0,19,fullownr_proxy,"between transfer events; residency from 2026 fullownr proxy applied after first transfer; historical owner addresses not in sales extract; active TMKs: 239004143, 239004144"
collective,,1989/11/29,1989/11/29,76,5.2632,72.3684,22.3684,17,22.3684,59,77.6316,4,55,0,17,fullownr_proxy,"between transfer events; residency from 2026 fullownr proxy applied after first transfer; historical owner addresses not in sales extract; active TMKs: 239004143, 239004144"
collective,,1989/11/30,1989/11/30,76,6.5789,72.3684,21.0526,16,21.0526,60,78.9474,5,55,0,16,fullownr_proxy,"between transfer events; residency from 2026 fullownr proxy applied after first transfer; historical owner addresses not in sales extract; active TMKs: 239004143, 239004144"
collective,,1989/12/01,1989/12/07,76,6.5789,73.6842,19.7368,15,19.7368,61,80.2632,5,56,0,15,fullownr_proxy,"between transfer events; residency from 2026 fullownr proxy applied after first transfer; historical owner addresses not in sales extract; active TMKs: 239004143, 239004144"
collective,,1989/12/08,1989/12/10,76,7.8947,73.6842,18.4211,14,18.4211,62,81.5789,6,56,0,14,fullownr_proxy,"between transfer events; residency from 2026 fullownr proxy applied after first transfer; historical owner addresses not in sales extract; active TMKs: 239004143, 239004144"
collective,,1989/12/11,1989/12/13,76,7.8947,75.0000,17.1053,13,17.1053,63,82.8947,6,57,0,13,fullownr_proxy,"between transfer events; residency from 2026 fullownr proxy applied after first transfer; historical owner addresses not in sales extract; active TMKs: 239004143, 239004144"
collective,,1989/12/14,1989/12/14,76,7.8947,76.3158,15.7895,12,15.7895,64,84.2105,6,58,0,12,fullownr_proxy,"between transfer events; residency from 2026 fullownr proxy applied after first transfer; historical owner addresses not in sales extract; active TMKs: 239004143, 239004144"
collective,,1989/12/15,1989/12/18,76,7.8947,77.6316,14.4737,11,14.4737,65,85.5263,6,59,0,11,fullownr_proxy,"between transfer events; residency from 2026 fullownr proxy applied after first transfer; historical owner addresses not in sales extract; active TMKs: 239004143, 239004144"
collective,,1989/12/19,1989/12/20,76,7.8947,78.9474,13.1579,10,13.1579,66,86.8421,6,60,0,10,fullownr_proxy,"between transfer events; residency from 2026 fullownr proxy applied after first transfer; historical owner addresses not in sales extract; active TMKs: 239004143, 239004144"
collective,,1989/12/21,1989/12/21,76,7.8947,80.2632,11.8421,9,11.8421,67,88.1579,6,61,0,9,fullownr_proxy,"between transfer events; residency from 2026 fullownr proxy applied after first transfer; historical owner addresses not in sales extract; active TMKs: 239004143, 239004144"
collective,,1989/12/22,1989/12/23,76,7.8947,82.8947,9.2105,7,9.2105,69,90.7895,6,63,0,7,fullownr_proxy,"between transfer events; residency from 2026 fullownr proxy applied after first transfer; historical owner addresses not in sales extract; active TMKs: 239004143, 239004144"
collective,,1989/12/24,1989/12/26,76,7.8947,82.8947,9.2105,7,9.2105,69,90.7895,6,63,0,7,fullownr_proxy,"between transfer events; residency from 2026 fullownr proxy applied after first transfer; historical owner addresses not in sales extract; active TMKs: 239004143, 239004144"
collective,,1989/12/27,1989/12/28,76,7.8947,84.2105,7.8947,6,7.8947,70,92.1053,6,64,0,6,fullownr_proxy,"between transfer events; residency from 2026 fullownr proxy applied after first transfer; historical owner addresses not in sales extract; active TMKs: 239004143, 239004144"
collective,,1989/12/29,1990/01/10,76,7.8947,85.5263,6.5789,5,6.5789,71,93.4211,6,65,0,5,fullownr_proxy,"between transfer events; residency from 2026 fullownr proxy applied after first transfer; historical owner addresses not in sales extract; active TMKs: 239004143, 239004144"
collective,,1990/01/11,1990/01/15,76,9.2105,85.5263,5.2632,4,5.2632,72,94.7368,7,65,0,4,fullownr_proxy,"between transfer events; residency from 2026 fullownr proxy applied after first transfer; historical owner addresses not in sales extract; active TMKs: 239004143, 239004144"
collective,,1990/01/16,1990/01/30,76,9.2105,85.5263,5.2632,4,5.2632,72,94.7368,7,65,0,4,fullownr_proxy,"between transfer events; residency from 2026 fullownr proxy applied after first transfer; historical owner addresses not in sales extract; active TMKs: 239004143, 239004144"
collective,,1990/01/31,1990/01/31,76,9.2105,86.8421,3.9474,3,3.9474,73,96.0526,7,66,0,3,fullownr_proxy,"between transfer events; residency from 2026 fullownr proxy applied after first transfer; historical owner addresses not in sales extract; active TMKs: 239004143, 239004144"
collective,,1990/02/01,1990/02/07,76,9.2105,88.1579,2.6316,2,2.6316,74,97.3684,7,67,0,2,fullownr_proxy,"between transfer events; residency from 2026 fullownr proxy applied after first transfer; historical owner addresses not in sales extract; active TMKs: 239004143, 239004144"
collective,,1990/02/08,1990/02/27,76,9.2105,88.1579,2.6316,2,2.6316,74,97.3684,7,67,0,2,fullownr_proxy,"between transfer events; residency from 2026 fullownr proxy applied after first transfer; historical owner addresses not in sales extract; active TMKs: 239004143, 239004144"
collective,,1990/02/28,1990/03/05,76,9.2105,88.1579,2.6316,2,2.6316,74,97.3684,7,67,0,2,fullownr_proxy,"between transfer events; residency from 2026 fullownr proxy applied after first transfer; historical owner addresses not in sales extract; active TMKs: 239004143, 239004144"
collective,,1990/03/06,1990/03/08,76,9.2105,88.1579,2.6316,2,2.6316,74,97.3684,7,67,0,2,fullownr_proxy,"between transfer events; residency from 2026 fullownr proxy applied after first transfer; historical owner addresses not in sales extract; active TMKs: 239004143, 239004144"
collective,,1990/03/09,1990/03/14,76,9.2105,88.1579,2.6316,2,2.6316,74,97.3684,7,67,0,2,fullownr_proxy,"between transfer events; residency from 2026 fullownr proxy applied after first transfer; historical owner addresses not in sales extract; active TMKs: 239004143, 239004144"
collective,,1990/03/15,1990/03/19,76,9.2105,88.1579,2.6316,2,2.6316,74,97.3684,7,67,0,2,fullownr_proxy,"between transfer events; residency from 2026 fullownr proxy applied after first transfer; historical owner addresses not in sales extract; active TMKs: 239004143, 239004144"
collective,,1990/03/20,1990/03/25,76,9.2105,88.1579,2.6316,2,2.6316,74,97.3684,7,67,0,2,fullownr_proxy,"between transfer events; residency from 2026 fullownr proxy applied after first transfer; historical owner addresses not in sales extract; active TMKs: 239004143, 239004144"
collective,,1990/03/26,1990/03/29,76,9.2105,88.1579,2.6316,2,2.6316,74,97.3684,7,67,0,2,fullownr_proxy,"between transfer events; residency from 2026 fullownr proxy applied after first transfer; historical owner addresses not in sales extract; active TMKs: 239004143, 239004144"
collective,,1990/03/30,1990/05/27,76,9.2105,89.4737,1.3158,1,1.3158,75,98.6842,7,68,0,1,fullownr_proxy,"between transfer events; residency from 2026 fullownr proxy applied after first transfer; historical owner addresses not in sales extract; active TMKs: 239004143, 239004144"
collective,,1990/05/28,1990/07/01,316,2.2152,21.8354,75.9494,240,75.9494,76,24.0506,7,69,0,240,fullownr_proxy,"between transfer events; residency from 2026 fullownr proxy applied after first transfer; historical owner addresses not in sales extract; active TMKs: 239004082, 239004143, 239004144"
collective,,1990/07/02,1990/07/04,316,2.2152,21.8354,75.9494,240,75.9494,76,24.0506,7,69,0,240,fullownr_proxy,"between transfer events; residency from 2026 fullownr proxy applied after first transfer; historical owner addresses not in sales extract; active TMKs: 239004082, 239004143, 239004144"
collective,,1990/07/05,1990/07/15,316,2.2152,21.8354,75.9494,240,75.9494,76,24.0506,7,69,0,240,fullownr_proxy,"between transfer events; residency from 2026 fullownr proxy applied after first transfer; historical owner addresses not in sales extract; active TMKs: 239004082, 239004143, 239004144"
collective,,1990/07/16,1990/08/15,316,2.2152,21.8354,75.9494,240,75.9494,76,24.0506,7,69,0,240,fullownr_proxy,"between transfer events; residency from 2026 fullownr proxy applied after first transfer; historical owner addresses not in sales extract; active TMKs: 239004082, 239004143, 239004144"
collective,,1990/08/16,1990/11/27,316,2.2152,21.8354,75.9494,240,75.9494,76,24.0506,7,69,0,240,fullownr_proxy,"between transfer events; residency from 2026 fullownr proxy applied after first transfer; historical owner addresses not in sales extract; active TMKs: 239004082, 239004143, 239004144"
collective,,1990/11/28,1990/11/28,316,3.4810,28.7975,67.7215,214,67.7215,102,32.2785,11,91,0,214,fullownr_proxy,"between transfer events; residency from 2026 fullownr proxy applied after first transfer; historical owner addresses not in sales extract; active TMKs: 239004082, 239004143, 239004144"
collective,,1990/11/29,1990/11/30,316,3.4810,28.7975,67.7215,214,67.7215,102,32.2785,11,91,0,214,fullownr_proxy,"between transfer events; residency from 2026 fullownr proxy applied after first transfer; historical owner addresses not in sales extract; active TMKs: 239004082, 239004143, 239004144"
collective,,1990/12/01,1990/12/02,316,3.4810,28.7975,67.7215,214,67.7215,102,32.2785,11,91,0,214,fullownr_proxy,"between transfer events; residency from 2026 fullownr proxy applied after first transfer; historical owner addresses not in sales extract; active TMKs: 239004082, 239004143, 239004144"
collective,,1990/12/03,1990/12/12,316,4.4304,33.2278,62.3418,197,62.3418,119,37.6582,14,105,0,197,fullownr_proxy,"between transfer events; residency from 2026 fullownr proxy applied after first transfer; historical owner addresses not in sales extract; active TMKs: 239004082, 239004143, 239004144"
collective,,1990/12/13,1990/12/18,316,4.4304,33.5443,62.0253,196,62.0253,120,37.9747,14,106,0,196,fullownr_proxy,"between transfer events; residency from 2026 fullownr proxy applied after first transfer; historical owner addresses not in sales extract; active TMKs: 239004082, 239004143, 239004144"
collective,,1990/12/19,1990/12/19,316,4.4304,33.5443,62.0253,196,62.0253,120,37.9747,14,106,0,196,fullownr_proxy,"between transfer events; residency from 2026 fullownr proxy applied after first transfer; historical owner addresses not in sales extract; active TMKs: 239004082, 239004143, 239004144"
collective,,1990/12/20,1990/12/20,316,4.4304,33.5443,62.0253,196,62.0253,120,37.9747,14,106,0,196,fullownr_proxy,"between transfer events; residency from 2026 fullownr proxy applied after first transfer; historical owner addresses not in sales extract; active TMKs: 239004082, 239004143, 239004144"
collective,,1990/12/21,1990/12/25,316,4.4304,33.5443,62.0253,196,62.0253,120,37.9747,14,106,0,196,fullownr_proxy,"between transfer events; residency from 2026 fullownr proxy applied after first transfer; historical owner addresses not in sales extract; active TMKs: 239004082, 239004143, 239004144"
collective,,1990/12/26,1990/12/31,316,4.4304,33.5443,62.0253,196,62.0253,120,37.9747,14,106,0,196,fullownr_proxy,"between transfer events; residency from 2026 fullownr proxy applied after first transfer; historical owner addresses not in sales extract; active TMKs: 239004082, 239004143, 239004144"
collective,,1991/01/01,1991/01/13,316,4.4304,33.5443,62.0253,196,62.0253,120,37.9747,14,106,0,196,fullownr_proxy,"between transfer events; residency from 2026 fullownr proxy applied after first transfer; historical owner addresses not in sales extract; active TMKs: 239004082, 239004143, 239004144"
collective,,1991/01/14,1991/01/16,316,4.4304,33.8608,61.7089,195,61.7089,121,38.2911,14,107,0,195,fullownr_proxy,"between transfer events; residency from 2026 fullownr proxy applied after first transfer; historical owner addresses not in sales extract; active TMKs: 239004082, 239004143, 239004144"
collective,,1991/01/17,1991/01/31,316,4.4304,33.8608,61.7089,195,61.7089,121,38.2911,14,107,0,195,fullownr_proxy,"between transfer events; residency from 2026 fullownr proxy applied after first transfer; historical owner addresses not in sales extract; active TMKs: 239004082, 239004143, 239004144"
collective,,1991/02/01,1991/02/25,316,4.4304,33.8608,61.7089,195,61.7089,121,38.2911,14,107,0,195,fullownr_proxy,"between transfer events; residency from 2026 fullownr proxy applied after first transfer; historical owner addresses not in sales extract; active TMKs: 239004082, 239004143, 239004144"
collective,,1991/02/26,1991/02/28,316,5.6962,37.3418,56.9620,180,56.9620,136,43.0380,18,118,0,180,fullownr_proxy,"between transfer events; residency from 2026 fullownr proxy applied after first transfer; historical owner addresses not in sales extract; active TMKs: 239004082, 239004143, 239004144"
collective,,1991/03/01,1991/03/17,316,5.6962,37.3418,56.9620,180,56.9620,136,43.0380,18,118,0,180,fullownr_proxy,"between transfer events; residency from 2026 fullownr proxy applied after first transfer; historical owner addresses not in sales extract; active TMKs: 239004082, 239004143, 239004144"
collective,,1991/03/18,1991/03/31,316,5.6962,37.3418,56.9620,180,56.9620,136,43.0380,18,118,0,180,fullownr_proxy,"between transfer events; residency from 2026 fullownr proxy applied after first transfer; historical owner addresses not in sales extract; active TMKs: 239004082, 239004143, 239004144"
collective,,1991/04/01,1991/04/01,316,5.6962,37.3418,56.9620,180,56.9620,136,43.0380,18,118,0,180,fullownr_proxy,"between transfer events; residency from 2026 fullownr proxy applied after first transfer; historical owner addresses not in sales extract; active TMKs: 239004082, 239004143, 239004144"
collective,,1991/04/02,1991/04/30,316,5.6962,37.3418,56.9620,180,56.9620,136,43.0380,18,118,0,180,fullownr_proxy,"between transfer events; residency from 2026 fullownr proxy applied after first transfer; historical owner addresses not in sales extract; active TMKs: 239004082, 239004143, 239004144"
collective,,1991/05/01,1991/06/11,316,5.6962,37.3418,56.9620,180,56.9620,136,43.0380,18,118,0,180,fullownr_proxy,"between transfer events; residency from 2026 fullownr proxy applied after first transfer; historical owner addresses not in sales extract; active TMKs: 239004082, 239004143, 239004144"
collective,,1991/06/12,1991/07/29,316,5.6962,37.3418,56.9620,180,56.9620,136,43.0380,18,118,0,180,fullownr_proxy,"between transfer events; residency from 2026 fullownr proxy applied after first transfer; historical owner addresses not in sales extract; active TMKs: 239004082, 239004143, 239004144"
collective,,1991/07/30,1991/07/31,316,5.6962,37.3418,56.9620,180,56.9620,136,43.0380,18,118,0,180,fullownr_proxy,"between transfer events; residency from 2026 fullownr proxy applied after first transfer; historical owner addresses not in sales extract; active TMKs: 239004082, 239004143, 239004144"
collective,,1991/08/01,1991/08/20,316,5.6962,37.3418,56.9620,180,56.9620,136,43.0380,18,118,0,180,fullownr_proxy,"between transfer events; residency from 2026 fullownr proxy applied after first transfer; historical owner addresses not in sales extract; active TMKs: 239004082, 239004143, 239004144"
collective,,1991/08/21,1991/11/24,316,5.6962,37.3418,56.9620,180,56.9620,136,43.0380,18,118,0,180,fullownr_proxy,"between transfer events; residency from 2026 fullownr proxy applied after first transfer; historical owner addresses not in sales extract; active TMKs: 239004082, 239004143, 239004144"
collective,,1991/11/25,1991/12/01,316,5.6962,37.3418,56.9620,180,56.9620,136,43.0380,18,118,0,180,fullownr_proxy,"between transfer events; residency from 2026 fullownr proxy applied after first transfer; historical owner addresses not in sales extract; active TMKs: 239004082, 239004143, 239004144"
collective,,1991/12/02,1992/01/12,316,5.6962,37.3418,56.9620,180,56.9620,136,43.0380,18,118,0,180,fullownr_proxy,"between transfer events; residency from 2026 fullownr proxy applied after first transfer; historical owner addresses not in sales extract; active TMKs: 239004082, 239004143, 239004144"
collective,,1992/01/13,1992/01/21,316,5.6962,37.3418,56.9620,180,56.9620,136,43.0380,18,118,0,180,fullownr_proxy,"between transfer events; residency from 2026 fullownr proxy applied after first transfer; historical owner addresses not in sales extract; active TMKs: 239004082, 239004143, 239004144"
collective,,1992/01/22,1992/03/05,316,5.6962,37.3418,56.9620,180,56.9620,136,43.0380,18,118,0,180,fullownr_proxy,"between transfer events; residency from 2026 fullownr proxy applied after first transfer; historical owner addresses not in sales extract; active TMKs: 239004082, 239004143, 239004144"
collective,,1992/03/06,1992/04/05,316,5.6962,37.3418,56.9620,180,56.9620,136,43.0380,18,118,0,180,fullownr_proxy,"between transfer events; residency from 2026 fullownr proxy applied after first transfer; historical owner addresses not in sales extract; active TMKs: 239004082, 239004143, 239004144"
collective,,1992/04/06,1992/04/12,316,5.6962,37.6582,56.6456,179,56.6456,137,43.3544,18,119,0,179,fullownr_proxy,"between transfer events; residency from 2026 fullownr proxy applied after first transfer; historical owner addresses not in sales extract; active TMKs: 239004082, 239004143, 239004144"
collective,,1992/04/13,1992/04/16,316,5.6962,37.6582,56.6456,179,56.6456,137,43.3544,18,119,0,179,fullownr_proxy,"between transfer events; residency from 2026 fullownr proxy applied after first transfer; historical owner addresses not in sales extract; active TMKs: 239004082, 239004143, 239004144"
collective,,1992/04/17,1992/05/18,316,5.6962,37.9747,56.3291,178,56.3291,138,43.6709,18,120,0,178,fullownr_proxy,"between transfer events; residency from 2026 fullownr proxy applied after first transfer; historical owner addresses not in sales extract; active TMKs: 239004082, 239004143, 239004144"
collective,,1992/05/19,1992/05/19,316,5.6962,38.2911,56.0127,177,56.0127,139,43.9873,18,121,0,177,fullownr_proxy,"between transfer events; residency from 2026 fullownr proxy applied after first transfer; historical owner addresses not in sales extract; active TMKs: 239004082, 239004143, 239004144"
collective,,1992/05/20,1992/05/31,316,5.6962,38.2911,56.0127,177,56.0127,139,43.9873,18,121,0,177,fullownr_proxy,"between transfer events; residency from 2026 fullownr proxy applied after first transfer; historical owner addresses not in sales extract; active TMKs: 239004082, 239004143, 239004144"
collective,,1992/06/01,1992/06/06,316,5.6962,38.2911,56.0127,177,56.0127,139,43.9873,18,121,0,177,fullownr_proxy,"between transfer events; residency from 2026 fullownr proxy applied after first transfer; historical owner addresses not in sales extract; active TMKs: 239004082, 239004143, 239004144"
collective,,1992/06/07,1992/06/22,316,5.6962,38.2911,56.0127,177,56.0127,139,43.9873,18,121,0,177,fullownr_proxy,"between transfer events; residency from 2026 fullownr proxy applied after first transfer; historical owner addresses not in sales extract; active TMKs: 239004082, 239004143, 239004144"
collective,,1992/06/23,1992/08/06,316,6.0127,38.2911,55.6962,176,55.6962,140,44.3038,19,121,0,176,fullownr_proxy,"between transfer events; residency from 2026 fullownr proxy applied after first transfer; historical owner addresses not in sales extract; active TMKs: 239004082, 239004143, 239004144"
collective,,1992/08/07,1992/08/07,316,6.0127,38.2911,55.6962,176,55.6962,140,44.3038,19,121,0,176,fullownr_proxy,"between transfer events; residency from 2026 fullownr proxy applied after first transfer; historical owner addresses not in sales extract; active TMKs: 239004082, 239004143, 239004144"
collective,,1992/08/08,1992/08/12,316,6.0127,38.2911,55.6962,176,55.6962,140,44.3038,19,121,0,176,fullownr_proxy,"between transfer events; residency from 2026 fullownr proxy applied after first transfer; historical owner addresses not in sales extract; active TMKs: 239004082, 239004143, 239004144"
collective,,1992/08/13,1992/10/08,316,6.0127,38.2911,55.6962,176,55.6962,140,44.3038,19,121,0,176,fullownr_proxy,"between transfer events; residency from 2026 fullownr proxy applied after first transfer; historical owner addresses not in sales extract; active TMKs: 239004082, 239004143, 239004144"
collective,,1992/10/09,1992/10/15,316,6.0127,38.2911,55.6962,176,55.6962,140,44.3038,19,121,0,176,fullownr_proxy,"between transfer events; residency from 2026 fullownr proxy applied after first transfer; historical owner addresses not in sales extract; active TMKs: 239004082, 239004143, 239004144"
collective,,1992/10/16,1992/10/31,316,6.0127,38.2911,55.6962,176,55.6962,140,44.3038,19,121,0,176,fullownr_proxy,"between transfer events; residency from 2026 fullownr proxy applied after first transfer; historical owner addresses not in sales extract; active TMKs: 239004082, 239004143, 239004144"
collective,,1992/11/01,1993/02/08,316,6.0127,38.2911,55.6962,176,55.6962,140,44.3038,19,121,0,176,fullownr_proxy,"between transfer events; residency from 2026 fullownr proxy applied after first transfer; historical owner addresses not in sales extract; active TMKs: 239004082, 239004143, 239004144"
collective,,1993/02/09,1993/02/10,316,6.0127,38.2911,55.6962,176,55.6962,140,44.3038,19,121,0,176,fullownr_proxy,"between transfer events; residency from 2026 fullownr proxy applied after first transfer; historical owner addresses not in sales extract; active TMKs: 239004082, 239004143, 239004144"
collective,,1993/02/11,1993/02/11,316,6.3291,38.2911,55.3797,175,55.3797,141,44.6203,20,121,0,175,fullownr_proxy,"between transfer events; residency from 2026 fullownr proxy applied after first transfer; historical owner addresses not in sales extract; active TMKs: 239004082, 239004143, 239004144"
collective,,1993/02/12,1993/03/11,316,6.3291,38.2911,55.3797,175,55.3797,141,44.6203,20,121,0,175,fullownr_proxy,"between transfer events; residency from 2026 fullownr proxy applied after first transfer; historical owner addresses not in sales extract; active TMKs: 239004082, 239004143, 239004144"
collective,,1993/03/12,1993/03/14,316,6.3291,38.2911,55.3797,175,55.3797,141,44.6203,20,121,0,175,fullownr_proxy,"between transfer events; residency from 2026 fullownr proxy applied after first transfer; historical owner addresses not in sales extract; active TMKs: 239004082, 239004143, 239004144"
collective,,1993/03/15,1993/03/17,316,6.3291,38.6076,55.0633,174,55.0633,142,44.9367,20,122,0,174,fullownr_proxy,"between transfer events; residency from 2026 fullownr proxy applied after first transfer; historical owner addresses not in sales extract; active TMKs: 239004082, 239004143, 239004144"
collective,,1993/03/18,1993/03/22,316,6.3291,38.9241,54.7468,173,54.7468,143,45.2532,20,123,0,173,fullownr_proxy,"between transfer events; residency from 2026 fullownr proxy applied after first transfer; historical owner addresses not in sales extract; active TMKs: 239004082, 239004143, 239004144"
collective,,1993/03/23,1993/03/25,316,6.3291,39.2405,54.4304,172,54.4304,144,45.5696,20,124,0,172,fullownr_proxy,"between transfer events; residency from 2026 fullownr proxy applied after first transfer; historical owner addresses not in sales extract; active TMKs: 239004082, 239004143, 239004144"
collective,,1993/03/26,1993/05/20,316,6.3291,39.2405,54.4304,172,54.4304,144,45.5696,20,124,0,172,fullownr_proxy,"between transfer events; residency from 2026 fullownr proxy applied after first transfer; historical owner addresses not in sales extract; active TMKs: 239004082, 239004143, 239004144"
collective,,1993/05/21,1993/05/25,316,6.3291,39.2405,54.4304,172,54.4304,144,45.5696,20,124,0,172,fullownr_proxy,"between transfer events; residency from 2026 fullownr proxy applied after first transfer; historical owner addresses not in sales extract; active TMKs: 239004082, 239004143, 239004144"
collective,,1993/05/26,1993/05/31,316,6.3291,39.2405,54.4304,172,54.4304,144,45.5696,20,124,0,172,fullownr_proxy,"between transfer events; residency from 2026 fullownr proxy applied after first transfer; historical owner addresses not in sales extract; active TMKs: 239004082, 239004143, 239004144"
collective,,1993/06/01,1993/06/14,316,6.3291,39.5570,54.1139,171,54.1139,145,45.8861,20,125,0,171,fullownr_proxy,"between transfer events; residency from 2026 fullownr proxy applied after first transfer; historical owner addresses not in sales extract; active TMKs: 239004082, 239004143, 239004144"
collective,,1993/06/15,1993/06/16,316,6.3291,40.1899,53.4810,169,53.4810,147,46.5190,20,127,0,169,fullownr_proxy,"between transfer events; residency from 2026 fullownr proxy applied after first transfer; historical owner addresses not in sales extract; active TMKs: 239004082, 239004143, 239004144"
collective,,1993/06/17,1993/06/20,316,6.3291,40.1899,53.4810,169,53.4810,147,46.5190,20,127,0,169,fullownr_proxy,"between transfer events; residency from 2026 fullownr proxy applied after first transfer; historical owner addresses not in sales extract; active TMKs: 239004082, 239004143, 239004144"
collective,,1993/06/21,1993/06/27,316,6.3291,40.1899,53.4810,169,53.4810,147,46.5190,20,127,0,169,fullownr_proxy,"between transfer events; residency from 2026 fullownr proxy applied after first transfer; historical owner addresses not in sales extract; active TMKs: 239004082, 239004143, 239004144"
collective,,1993/06/28,1993/07/11,316,6.3291,40.1899,53.4810,169,53.4810,147,46.5190,20,127,0,169,fullownr_proxy,"between transfer events; residency from 2026 fullownr proxy applied after first transfer; historical owner addresses not in sales extract; active TMKs: 239004082, 239004143, 239004144"
collective,,1993/07/12,1993/07/21,316,6.3291,40.5063,53.1646,168,53.1646,148,46.8354,20,128,0,168,fullownr_proxy,"between transfer events; residency from 2026 fullownr proxy applied after first transfer; historical owner addresses not in sales extract; active TMKs: 239004082, 239004143, 239004144"
collective,,1993/07/22,1993/08/31,316,6.3291,40.8228,52.8481,167,52.8481,149,47.1519,20,129,0,167,fullownr_proxy,"between transfer events; residency from 2026 fullownr proxy applied after first transfer; historical owner addresses not in sales extract; active TMKs: 239004082, 239004143, 239004144"
collective,,1993/09/01,1993/09/23,316,6.3291,40.8228,52.8481,167,52.8481,149,47.1519,20,129,0,167,fullownr_proxy,"between transfer events; residency from 2026 fullownr proxy applied after first transfer; historical owner addresses not in sales extract; active TMKs: 239004082, 239004143, 239004144"
collective,,1993/09/24,1993/10/24,316,6.3291,41.1392,52.5316,166,52.5316,150,47.4684,20,130,0,166,fullownr_proxy,"between transfer events; residency from 2026 fullownr proxy applied after first transfer; historical owner addresses not in sales extract; active TMKs: 239004082, 239004143, 239004144"
collective,,1993/10/25,1993/11/09,316,6.3291,41.1392,52.5316,166,52.5316,150,47.4684,20,130,0,166,fullownr_proxy,"between transfer events; residency from 2026 fullownr proxy applied after first transfer; historical owner addresses not in sales extract; active TMKs: 239004082, 239004143, 239004144"
collective,,1993/11/10,1993/12/07,316,6.3291,41.1392,52.5316,166,52.5316,150,47.4684,20,130,0,166,fullownr_proxy,"between transfer events; residency from 2026 fullownr proxy applied after first transfer; historical owner addresses not in sales extract; active TMKs: 239004082, 239004143, 239004144"
collective,,1993/12/08,1993/12/09,316,6.6456,41.1392,52.2152,165,52.2152,151,47.7848,21,130,0,165,fullownr_proxy,"between transfer events; residency from 2026 fullownr proxy applied after first transfer; historical owner addresses not in sales extract; active TMKs: 239004082, 239004143, 239004144"
collective,,1993/12/10,1993/12/31,316,6.6456,41.4557,51.8987,164,51.8987,152,48.1013,21,131,0,164,fullownr_proxy,"between transfer events; residency from 2026 fullownr proxy applied after first transfer; historical owner addresses not in sales extract; active TMKs: 239004082, 239004143, 239004144"
collective,,1994/01/01,1994/01/10,316,6.6456,41.4557,51.8987,164,51.8987,152,48.1013,21,131,0,164,fullownr_proxy,"between transfer events; residency from 2026 fullownr proxy applied after first transfer; historical owner addresses not in sales extract; active TMKs: 239004082, 239004143, 239004144"
collective,,1994/01/11,1994/01/16,316,6.6456,41.4557,51.8987,164,51.8987,152,48.1013,21,131,0,164,fullownr_proxy,"between transfer events; residency from 2026 fullownr proxy applied after first transfer; historical owner addresses not in sales extract; active TMKs: 239004082, 239004143, 239004144"
collective,,1994/01/17,1994/02/16,316,6.6456,41.7722,51.5823,163,51.5823,153,48.4177,21,132,0,163,fullownr_proxy,"between transfer events; residency from 2026 fullownr proxy applied after first transfer; historical owner addresses not in sales extract; active TMKs: 239004082, 239004143, 239004144"
collective,,1994/02/17,1994/02/24,316,6.6456,41.7722,51.5823,163,51.5823,153,48.4177,21,132,0,163,fullownr_proxy,"between transfer events; residency from 2026 fullownr proxy applied after first transfer; historical owner addresses not in sales extract; active TMKs: 239004082, 239004143, 239004144"
collective,,1994/02/25,1994/02/28,316,6.6456,42.0886,51.2658,162,51.2658,154,48.7342,21,133,0,162,fullownr_proxy,"between transfer events; residency from 2026 fullownr proxy applied after first transfer; historical owner addresses not in sales extract; active TMKs: 239004082, 239004143, 239004144"
collective,,1994/03/01,1994/03/06,316,6.6456,42.0886,51.2658,162,51.2658,154,48.7342,21,133,0,162,fullownr_proxy,"between transfer events; residency from 2026 fullownr proxy applied after first transfer; historical owner addresses not in sales extract; active TMKs: 239004082, 239004143, 239004144"
collective,,1994/03/07,1994/03/24,316,6.6456,42.4051,50.9494,161,50.9494,155,49.0506,21,134,0,161,fullownr_proxy,"between transfer events; residency from 2026 fullownr proxy applied after first transfer; historical owner addresses not in sales extract; active TMKs: 239004082, 239004143, 239004144"
collective,,1994/03/25,1994/03/31,316,6.6456,42.7215,50.6329,160,50.6329,156,49.3671,21,135,0,160,fullownr_proxy,"between transfer events; residency from 2026 fullownr proxy applied after first transfer; historical owner addresses not in sales extract; active TMKs: 239004082, 239004143, 239004144"
collective,,1994/04/01,1994/05/23,316,6.6456,42.7215,50.6329,160,50.6329,156,49.3671,21,135,0,160,fullownr_proxy,"between transfer events; residency from 2026 fullownr proxy applied after first transfer; historical owner addresses not in sales extract; active TMKs: 239004082, 239004143, 239004144"
collective,,1994/05/24,1994/05/24,316,6.6456,42.7215,50.6329,160,50.6329,156,49.3671,21,135,0,160,fullownr_proxy,"between transfer events; residency from 2026 fullownr proxy applied after first transfer; historical owner addresses not in sales extract; active TMKs: 239004082, 239004143, 239004144"
collective,,1994/05/25,1994/06/02,316,6.6456,42.7215,50.6329,160,50.6329,156,49.3671,21,135,0,160,fullownr_proxy,"between transfer events; residency from 2026 fullownr proxy applied after first transfer; historical owner addresses not in sales extract; active TMKs: 239004082, 239004143, 239004144"
collective,,1994/06/03,1994/06/27,316,6.6456,42.7215,50.6329,160,50.6329,156,49.3671,21,135,0,160,fullownr_proxy,"between transfer events; residency from 2026 fullownr proxy applied after first transfer; historical owner addresses not in sales extract; active TMKs: 239004082, 239004143, 239004144"
collective,,1994/06/28,1994/07/31,316,6.6456,42.7215,50.6329,160,50.6329,156,49.3671,21,135,0,160,fullownr_proxy,"between transfer events; residency from 2026 fullownr proxy applied after first transfer; historical owner addresses not in sales extract; active TMKs: 239004082, 239004143, 239004144"
collective,,1994/08/01,1994/08/04,316,6.6456,42.7215,50.6329,160,50.6329,156,49.3671,21,135,0,160,fullownr_proxy,"between transfer events; residency from 2026 fullownr proxy applied after first transfer; historical owner addresses not in sales extract; active TMKs: 239004082, 239004143, 239004144"
collective,,1994/08/05,1994/08/16,316,6.6456,43.0380,50.3165,159,50.3165,157,49.6835,21,136,0,159,fullownr_proxy,"between transfer events; residency from 2026 fullownr proxy applied after first transfer; historical owner addresses not in sales extract; active TMKs: 239004082, 239004143, 239004144"
collective,,1994/08/17,1994/11/24,316,6.6456,43.0380,50.3165,159,50.3165,157,49.6835,21,136,0,159,fullownr_proxy,"between transfer events; residency from 2026 fullownr proxy applied after first transfer; historical owner addresses not in sales extract; active TMKs: 239004082, 239004143, 239004144"
collective,,1994/11/25,1994/12/04,316,6.9620,43.0380,50.0000,158,50.0000,158,50.0000,22,136,0,158,fullownr_proxy,"between transfer events; residency from 2026 fullownr proxy applied after first transfer; historical owner addresses not in sales extract; active TMKs: 239004082, 239004143, 239004144"
collective,,1994/12/05,1994/12/08,316,6.9620,43.0380,50.0000,158,50.0000,158,50.0000,22,136,0,158,fullownr_proxy,"between transfer events; residency from 2026 fullownr proxy applied after first transfer; historical owner addresses not in sales extract; active TMKs: 239004082, 239004143, 239004144"
collective,,1994/12/09,1995/01/16,316,6.9620,43.3544,49.6835,157,49.6835,159,50.3165,22,137,0,157,fullownr_proxy,"between transfer events; residency from 2026 fullownr proxy applied after first transfer; historical owner addresses not in sales extract; active TMKs: 239004082, 239004143, 239004144"
collective,,1995/01/17,1995/02/12,316,6.9620,43.3544,49.6835,157,49.6835,159,50.3165,22,137,0,157,fullownr_proxy,"between transfer events; residency from 2026 fullownr proxy applied after first transfer; historical owner addresses not in sales extract; active TMKs: 239004082, 239004143, 239004144"
collective,,1995/02/13,1995/02/26,316,6.9620,43.3544,49.6835,157,49.6835,159,50.3165,22,137,0,157,fullownr_proxy,"between transfer events; residency from 2026 fullownr proxy applied after first transfer; historical owner addresses not in sales extract; active TMKs: 239004082, 239004143, 239004144"
collective,,1995/02/27,1995/02/28,316,6.9620,43.3544,49.6835,157,49.6835,159,50.3165,22,137,0,157,fullownr_proxy,"between transfer events; residency from 2026 fullownr proxy applied after first transfer; historical owner addresses not in sales extract; active TMKs: 239004082, 239004143, 239004144"
collective,,1995/03/01,1995/03/06,316,6.9620,43.9873,49.0506,155,49.0506,161,50.9494,22,139,0,155,fullownr_proxy,"between transfer events; residency from 2026 fullownr proxy applied after first transfer; historical owner addresses not in sales extract; active TMKs: 239004082, 239004143, 239004144"
collective,,1995/03/07,1995/03/19,316,6.9620,44.3038,48.7342,154,48.7342,162,51.2658,22,140,0,154,fullownr_proxy,"between transfer events; residency from 2026 fullownr proxy applied after first transfer; historical owner addresses not in sales extract; active TMKs: 239004082, 239004143, 239004144"
collective,,1995/03/20,1995/04/02,316,6.9620,44.3038,48.7342,154,48.7342,162,51.2658,22,140,0,154,fullownr_proxy,"between transfer events; residency from 2026 fullownr proxy applied after first transfer; historical owner addresses not in sales extract; active TMKs: 239004082, 239004143, 239004144"
collective,,1995/04/03,1995/04/04,316,6.9620,44.3038,48.7342,154,48.7342,162,51.2658,22,140,0,154,fullownr_proxy,"between transfer events; residency from 2026 fullownr proxy applied after first transfer; historical owner addresses not in sales extract; active TMKs: 239004082, 239004143, 239004144"
collective,,1995/04/05,1995/04/30,316,6.9620,44.3038,48.7342,154,48.7342,162,51.2658,22,140,0,154,fullownr_proxy,"between transfer events; residency from 2026 fullownr proxy applied after first transfer; historical owner addresses not in sales extract; active TMKs: 239004082, 239004143, 239004144"
collective,,1995/05/01,1995/05/21,316,6.9620,44.3038,48.7342,154,48.7342,162,51.2658,22,140,0,154,fullownr_proxy,"between transfer events; residency from 2026 fullownr proxy applied after first transfer; historical owner addresses not in sales extract; active TMKs: 239004082, 239004143, 239004144"
collective,,1995/05/22,1995/05/22,316,6.9620,44.6203,48.4177,153,48.4177,163,51.5823,22,141,0,153,fullownr_proxy,"between transfer events; residency from 2026 fullownr proxy applied after first transfer; historical owner addresses not in sales extract; active TMKs: 239004082, 239004143, 239004144"
collective,,1995/05/23,1995/05/23,316,6.9620,44.6203,48.4177,153,48.4177,163,51.5823,22,141,0,153,fullownr_proxy,"between transfer events; residency from 2026 fullownr proxy applied after first transfer; historical owner addresses not in sales extract; active TMKs: 239004082, 239004143, 239004144"
collective,,1995/05/24,1995/05/25,316,6.9620,44.9367,48.1013,152,48.1013,164,51.8987,22,142,0,152,fullownr_proxy,"between transfer events; residency from 2026 fullownr proxy applied after first transfer; historical owner addresses not in sales extract; active TMKs: 239004082, 239004143, 239004144"
collective,,1995/05/26,1995/05/31,316,6.9620,44.9367,48.1013,152,48.1013,164,51.8987,22,142,0,152,fullownr_proxy,"between transfer events; residency from 2026 fullownr proxy applied after first transfer; historical owner addresses not in sales extract; active TMKs: 239004082, 239004143, 239004144"
collective,,1995/06/01,1995/06/04,316,6.9620,44.9367,48.1013,152,48.1013,164,51.8987,22,142,0,152,fullownr_proxy,"between transfer events; residency from 2026 fullownr proxy applied after first transfer; historical owner addresses not in sales extract; active TMKs: 239004082, 239004143, 239004144"
collective,,1995/06/05,1995/06/08,316,6.9620,45.2532,47.7848,151,47.7848,165,52.2152,22,143,0,151,fullownr_proxy,"between transfer events; residency from 2026 fullownr proxy applied after first transfer; historical owner addresses not in sales extract; active TMKs: 239004082, 239004143, 239004144"
collective,,1995/06/09,1995/06/29,316,7.2785,45.2532,47.4684,150,47.4684,166,52.5316,23,143,0,150,fullownr_proxy,"between transfer events; residency from 2026 fullownr proxy applied after first transfer; historical owner addresses not in sales extract; active TMKs: 239004082, 239004143, 239004144"
collective,,1995/06/30,1995/07/27,316,7.2785,45.2532,47.4684,150,47.4684,166,52.5316,23,143,0,150,fullownr_proxy,"between transfer events; residency from 2026 fullownr proxy applied after first transfer; historical owner addresses not in sales extract; active TMKs: 239004082, 239004143, 239004144"
collective,,1995/07/28,1995/08/21,316,7.2785,45.2532,47.4684,150,47.4684,166,52.5316,23,143,0,150,fullownr_proxy,"between transfer events; residency from 2026 fullownr proxy applied after first transfer; historical owner addresses not in sales extract; active TMKs: 239004082, 239004143, 239004144"
collective,,1995/08/22,1995/08/28,316,7.2785,45.2532,47.4684,150,47.4684,166,52.5316,23,143,0,150,fullownr_proxy,"between transfer events; residency from 2026 fullownr proxy applied after first transfer; historical owner addresses not in sales extract; active TMKs: 239004082, 239004143, 239004144"
collective,,1995/08/29,1995/09/10,316,7.2785,45.2532,47.4684,150,47.4684,166,52.5316,23,143,0,150,fullownr_proxy,"between transfer events; residency from 2026 fullownr proxy applied after first transfer; historical owner addresses not in sales extract; active TMKs: 239004082, 239004143, 239004144"
collective,,1995/09/11,1995/09/19,316,7.2785,45.2532,47.4684,150,47.4684,166,52.5316,23,143,0,150,fullownr_proxy,"between transfer events; residency from 2026 fullownr proxy applied after first transfer; historical owner addresses not in sales extract; active TMKs: 239004082, 239004143, 239004144"
collective,,1995/09/20,1995/09/21,316,7.2785,45.2532,47.4684,150,47.4684,166,52.5316,23,143,0,150,fullownr_proxy,"between transfer events; residency from 2026 fullownr proxy applied after first transfer; historical owner addresses not in sales extract; active TMKs: 239004082, 239004143, 239004144"
collective,,1995/09/22,1995/09/30,316,7.2785,45.5696,47.1519,149,47.1519,167,52.8481,23,144,0,149,fullownr_proxy,"between transfer events; residency from 2026 fullownr proxy applied after first transfer; historical owner addresses not in sales extract; active TMKs: 239004082, 239004143, 239004144"
collective,,1995/10/01,1995/10/09,316,7.2785,45.5696,47.1519,149,47.1519,167,52.8481,23,144,0,149,fullownr_proxy,"between transfer events; residency from 2026 fullownr proxy applied after first transfer; historical owner addresses not in sales extract; active TMKs: 239004082, 239004143, 239004144"
collective,,1995/10/10,1995/10/19,316,7.2785,45.8861,46.8354,148,46.8354,168,53.1646,23,145,0,148,fullownr_proxy,"between transfer events; residency from 2026 fullownr proxy applied after first transfer; historical owner addresses not in sales extract; active TMKs: 239004082, 239004143, 239004144"
collective,,1995/10/20,1995/10/23,316,7.2785,45.8861,46.8354,148,46.8354,168,53.1646,23,145,0,148,fullownr_proxy,"between transfer events; residency from 2026 fullownr proxy applied after first transfer; historical owner addresses not in sales extract; active TMKs: 239004082, 239004143, 239004144"
collective,,1995/10/24,1995/12/07,316,7.2785,45.8861,46.8354,148,46.8354,168,53.1646,23,145,0,148,fullownr_proxy,"between transfer events; residency from 2026 fullownr proxy applied after first transfer; historical owner addresses not in sales extract; active TMKs: 239004082, 239004143, 239004144"
collective,,1995/12/08,1996/02/01,316,7.2785,45.8861,46.8354,148,46.8354,168,53.1646,23,145,0,148,fullownr_proxy,"between transfer events; residency from 2026 fullownr proxy applied after first transfer; historical owner addresses not in sales extract; active TMKs: 239004082, 239004143, 239004144"
collective,,1996/02/02,1996/02/19,316,7.2785,45.8861,46.8354,148,46.8354,168,53.1646,23,145,0,148,fullownr_proxy,"between transfer events; residency from 2026 fullownr proxy applied after first transfer; historical owner addresses not in sales extract; active TMKs: 239004082, 239004143, 239004144"
collective,,1996/02/20,1996/03/12,316,7.2785,45.8861,46.8354,148,46.8354,168,53.1646,23,145,0,148,fullownr_proxy,"between transfer events; residency from 2026 fullownr proxy applied after first transfer; historical owner addresses not in sales extract; active TMKs: 239004082, 239004143, 239004144"
collective,,1996/03/13,1996/04/09,316,7.2785,45.8861,46.8354,148,46.8354,168,53.1646,23,145,0,148,fullownr_proxy,"between transfer events; residency from 2026 fullownr proxy applied after first transfer; historical owner addresses not in sales extract; active TMKs: 239004082, 239004143, 239004144"
collective,,1996/04/10,1996/04/14,316,7.2785,45.8861,46.8354,148,46.8354,168,53.1646,23,145,0,148,fullownr_proxy,"between transfer events; residency from 2026 fullownr proxy applied after first transfer; historical owner addresses not in sales extract; active TMKs: 239004082, 239004143, 239004144"
collective,,1996/04/15,1996/05/05,316,7.2785,45.8861,46.8354,148,46.8354,168,53.1646,23,145,0,148,fullownr_proxy,"between transfer events; residency from 2026 fullownr proxy applied after first transfer; historical owner addresses not in sales extract; active TMKs: 239004082, 239004143, 239004144"
collective,,1996/05/06,1996/05/24,316,7.5949,45.8861,46.5190,147,46.5190,169,53.4810,24,145,0,147,fullownr_proxy,"between transfer events; residency from 2026 fullownr proxy applied after first transfer; historical owner addresses not in sales extract; active TMKs: 239004082, 239004143, 239004144"
collective,,1996/05/25,1996/06/02,316,7.5949,45.8861,46.5190,147,46.5190,169,53.4810,24,145,0,147,fullownr_proxy,"between transfer events; residency from 2026 fullownr proxy applied after first transfer; historical owner addresses not in sales extract; active TMKs: 239004082, 239004143, 239004144"
collective,,1996/06/03,1996/06/30,316,7.5949,45.8861,46.5190,147,46.5190,169,53.4810,24,145,0,147,fullownr_proxy,"between transfer events; residency from 2026 fullownr proxy applied after first transfer; historical owner addresses not in sales extract; active TMKs: 239004082, 239004143, 239004144"
collective,,1996/07/01,1996/07/09,316,7.5949,45.8861,46.5190,147,46.5190,169,53.4810,24,145,0,147,fullownr_proxy,"between transfer events; residency from 2026 fullownr proxy applied after first transfer; historical owner addresses not in sales extract; active TMKs: 239004082, 239004143, 239004144"
collective,,1996/07/10,1996/07/21,316,7.5949,45.8861,46.5190,147,46.5190,169,53.4810,24,145,0,147,fullownr_proxy,"between transfer events; residency from 2026 fullownr proxy applied after first transfer; historical owner addresses not in sales extract; active TMKs: 239004082, 239004143, 239004144"
collective,,1996/07/22,1996/08/18,316,7.5949,45.8861,46.5190,147,46.5190,169,53.4810,24,145,0,147,fullownr_proxy,"between transfer events; residency from 2026 fullownr proxy applied after first transfer; historical owner addresses not in sales extract; active TMKs: 239004082, 239004143, 239004144"
collective,,1996/08/19,1996/09/08,316,7.5949,45.8861,46.5190,147,46.5190,169,53.4810,24,145,0,147,fullownr_proxy,"between transfer events; residency from 2026 fullownr proxy applied after first transfer; historical owner addresses not in sales extract; active TMKs: 239004082, 239004143, 239004144"
collective,,1996/09/09,1996/11/15,316,7.5949,45.8861,46.5190,147,46.5190,169,53.4810,24,145,0,147,fullownr_proxy,"between transfer events; residency from 2026 fullownr proxy applied after first transfer; historical owner addresses not in sales extract; active TMKs: 239004082, 239004143, 239004144"
collective,,1996/11/16,1996/11/30,316,7.5949,46.2025,46.2025,146,46.2025,170,53.7975,24,146,0,146,fullownr_proxy,"between transfer events; residency from 2026 fullownr proxy applied after first transfer; historical owner addresses not in sales extract; active TMKs: 239004082, 239004143, 239004144"
collective,,1996/12/01,1996/12/12,316,7.5949,46.2025,46.2025,146,46.2025,170,53.7975,24,146,0,146,fullownr_proxy,"between transfer events; residency from 2026 fullownr proxy applied after first transfer; historical owner addresses not in sales extract; active TMKs: 239004082, 239004143, 239004144"
collective,,1996/12/13,1996/12/15,316,7.5949,46.5190,45.8861,145,45.8861,171,54.1139,24,147,0,145,fullownr_proxy,"between transfer events; residency from 2026 fullownr proxy applied after first transfer; historical owner addresses not in sales extract; active TMKs: 239004082, 239004143, 239004144"
collective,,1996/12/16,1996/12/30,316,7.5949,47.1519,45.2532,143,45.2532,173,54.7468,24,149,0,143,fullownr_proxy,"between transfer events; residency from 2026 fullownr proxy applied after first transfer; historical owner addresses not in sales extract; active TMKs: 239004082, 239004143, 239004144"
collective,,1996/12/31,1997/01/08,316,7.5949,47.1519,45.2532,143,45.2532,173,54.7468,24,149,0,143,fullownr_proxy,"between transfer events; residency from 2026 fullownr proxy applied after first transfer; historical owner addresses not in sales extract; active TMKs: 239004082, 239004143, 239004144"
collective,,1997/01/09,1997/01/23,316,7.9114,47.1519,44.9367,142,44.9367,174,55.0633,25,149,0,142,fullownr_proxy,"between transfer events; residency from 2026 fullownr proxy applied after first transfer; historical owner addresses not in sales extract; active TMKs: 239004082, 239004143, 239004144"
collective,,1997/01/24,1997/02/04,316,7.9114,47.4684,44.6203,141,44.6203,175,55.3797,25,150,0,141,fullownr_proxy,"between transfer events; residency from 2026 fullownr proxy applied after first transfer; historical owner addresses not in sales extract; active TMKs: 239004082, 239004143, 239004144"
collective,,1997/02/05,1997/02/09,316,7.9114,47.7848,44.3038,140,44.3038,176,55.6962,25,151,0,140,fullownr_proxy,"between transfer events; residency from 2026 fullownr proxy applied after first transfer; historical owner addresses not in sales extract; active TMKs: 239004082, 239004143, 239004144"
collective,,1997/02/10,1997/02/27,316,7.9114,47.7848,44.3038,140,44.3038,176,55.6962,25,151,0,140,fullownr_proxy,"between transfer events; residency from 2026 fullownr proxy applied after first transfer; historical owner addresses not in sales extract; active TMKs: 239004082, 239004143, 239004144"
collective,,1997/02/28,1997/03/06,316,7.9114,47.7848,44.3038,140,44.3038,176,55.6962,25,151,0,140,fullownr_proxy,"between transfer events; residency from 2026 fullownr proxy applied after first transfer; historical owner addresses not in sales extract; active TMKs: 239004082, 239004143, 239004144"
collective,,1997/03/07,1997/03/19,316,7.9114,47.7848,44.3038,140,44.3038,176,55.6962,25,151,0,140,fullownr_proxy,"between transfer events; residency from 2026 fullownr proxy applied after first transfer; historical owner addresses not in sales extract; active TMKs: 239004082, 239004143, 239004144"
collective,,1997/03/20,1997/04/01,316,7.9114,47.7848,44.3038,140,44.3038,176,55.6962,25,151,0,140,fullownr_proxy,"between transfer events; residency from 2026 fullownr proxy applied after first transfer; historical owner addresses not in sales extract; active TMKs: 239004082, 239004143, 239004144"
collective,,1997/04/02,1997/04/03,316,7.9114,48.1013,43.9873,139,43.9873,177,56.0127,25,152,0,139,fullownr_proxy,"between transfer events; residency from 2026 fullownr proxy applied after first transfer; historical owner addresses not in sales extract; active TMKs: 239004082, 239004143, 239004144"
collective,,1997/04/04,1997/04/06,316,7.9114,48.1013,43.9873,139,43.9873,177,56.0127,25,152,0,139,fullownr_proxy,"between transfer events; residency from 2026 fullownr proxy applied after first transfer; historical owner addresses not in sales extract; active TMKs: 239004082, 239004143, 239004144"
collective,,1997/04/07,1997/04/27,316,7.9114,48.4177,43.6709,138,43.6709,178,56.3291,25,153,0,138,fullownr_proxy,"between transfer events; residency from 2026 fullownr proxy applied after first transfer; historical owner addresses not in sales extract; active TMKs: 239004082, 239004143, 239004144"
collective,,1997/04/28,1997/05/14,316,7.9114,48.4177,43.6709,138,43.6709,178,56.3291,25,153,0,138,fullownr_proxy,"between transfer events; residency from 2026 fullownr proxy applied after first transfer; historical owner addresses not in sales extract; active TMKs: 239004082, 239004143, 239004144"
collective,,1997/05/15,1997/05/28,316,7.9114,48.4177,43.6709,138,43.6709,178,56.3291,25,153,0,138,fullownr_proxy,"between transfer events; residency from 2026 fullownr proxy applied after first transfer; historical owner addresses not in sales extract; active TMKs: 239004082, 239004143, 239004144"
collective,,1997/05/29,1997/06/18,316,7.9114,48.4177,43.6709,138,43.6709,178,56.3291,25,153,0,138,fullownr_proxy,"between transfer events; residency from 2026 fullownr proxy applied after first transfer; historical owner addresses not in sales extract; active TMKs: 239004082, 239004143, 239004144"
collective,,1997/06/19,1997/07/31,316,7.9114,48.4177,43.6709,138,43.6709,178,56.3291,25,153,0,138,fullownr_proxy,"between transfer events; residency from 2026 fullownr proxy applied after first transfer; historical owner addresses not in sales extract; active TMKs: 239004082, 239004143, 239004144"
collective,,1997/08/01,1997/08/17,316,7.9114,48.7342,43.3544,137,43.3544,179,56.6456,25,154,0,137,fullownr_proxy,"between transfer events; residency from 2026 fullownr proxy applied after first transfer; historical owner addresses not in sales extract; active TMKs: 239004082, 239004143, 239004144"
collective,,1997/08/18,1997/08/20,316,7.9114,49.0506,43.0380,136,43.0380,180,56.9620,25,155,0,136,fullownr_proxy,"between transfer events; residency from 2026 fullownr proxy applied after first transfer; historical owner addresses not in sales extract; active TMKs: 239004082, 239004143, 239004144"
collective,,1997/08/21,1997/09/09,316,7.9114,49.3671,42.7215,135,42.7215,181,57.2785,25,156,0,135,fullownr_proxy,"between transfer events; residency from 2026 fullownr proxy applied after first transfer; historical owner addresses not in sales extract; active TMKs: 239004082, 239004143, 239004144"
collective,,1997/09/10,1997/09/24,316,7.9114,49.3671,42.7215,135,42.7215,181,57.2785,25,156,0,135,fullownr_proxy,"between transfer events; residency from 2026 fullownr proxy applied after first transfer; historical owner addresses not in sales extract; active TMKs: 239004082, 239004143, 239004144"
collective,,1997/09/25,1997/10/26,316,7.9114,49.3671,42.7215,135,42.7215,181,57.2785,25,156,0,135,fullownr_proxy,"between transfer events; residency from 2026 fullownr proxy applied after first transfer; historical owner addresses not in sales extract; active TMKs: 239004082, 239004143, 239004144"
collective,,1997/10/27,1997/11/10,316,7.9114,49.3671,42.7215,135,42.7215,181,57.2785,25,156,0,135,fullownr_proxy,"between transfer events; residency from 2026 fullownr proxy applied after first transfer; historical owner addresses not in sales extract; active TMKs: 239004082, 239004143, 239004144"
collective,,1997/11/11,1997/12/01,316,7.9114,49.3671,42.7215,135,42.7215,181,57.2785,25,156,0,135,fullownr_proxy,"between transfer events; residency from 2026 fullownr proxy applied after first transfer; historical owner addresses not in sales extract; active TMKs: 239004082, 239004143, 239004144"
collective,,1997/12/02,1997/12/04,316,7.9114,49.6835,42.4051,134,42.4051,182,57.5949,25,157,0,134,fullownr_proxy,"between transfer events; residency from 2026 fullownr proxy applied after first transfer; historical owner addresses not in sales extract; active TMKs: 239004082, 239004143, 239004144"
collective,,1997/12/05,1997/12/08,316,7.9114,50.0000,42.0886,133,42.0886,183,57.9114,25,158,0,133,fullownr_proxy,"between transfer events; residency from 2026 fullownr proxy applied after first transfer; historical owner addresses not in sales extract; active TMKs: 239004082, 239004143, 239004144"
collective,,1997/12/09,1998/01/13,316,7.9114,50.0000,42.0886,133,42.0886,183,57.9114,25,158,0,133,fullownr_proxy,"between transfer events; residency from 2026 fullownr proxy applied after first transfer; historical owner addresses not in sales extract; active TMKs: 239004082, 239004143, 239004144"
collective,,1998/01/14,1998/01/15,316,7.9114,50.3165,41.7722,132,41.7722,184,58.2278,25,159,0,132,fullownr_proxy,"between transfer events; residency from 2026 fullownr proxy applied after first transfer; historical owner addresses not in sales extract; active TMKs: 239004082, 239004143, 239004144"
collective,,1998/01/16,1998/02/09,316,7.9114,50.3165,41.7722,132,41.7722,184,58.2278,25,159,0,132,fullownr_proxy,"between transfer events; residency from 2026 fullownr proxy applied after first transfer; historical owner addresses not in sales extract; active TMKs: 239004082, 239004143, 239004144"
collective,,1998/02/10,1998/02/10,316,7.9114,50.3165,41.7722,132,41.7722,184,58.2278,25,159,0,132,fullownr_proxy,"between transfer events; residency from 2026 fullownr proxy applied after first transfer; historical owner addresses not in sales extract; active TMKs: 239004082, 239004143, 239004144"
collective,,1998/02/11,1998/02/17,316,7.9114,50.3165,41.7722,132,41.7722,184,58.2278,25,159,0,132,fullownr_proxy,"between transfer events; residency from 2026 fullownr proxy applied after first transfer; historical owner addresses not in sales extract; active TMKs: 239004082, 239004143, 239004144"
collective,,1998/02/18,1998/02/19,316,7.9114,50.3165,41.7722,132,41.7722,184,58.2278,25,159,0,132,fullownr_proxy,"between transfer events; residency from 2026 fullownr proxy applied after first transfer; historical owner addresses not in sales extract; active TMKs: 239004082, 239004143, 239004144"
collective,,1998/02/20,1998/02/27,316,7.9114,50.3165,41.7722,132,41.7722,184,58.2278,25,159,0,132,fullownr_proxy,"between transfer events; residency from 2026 fullownr proxy applied after first transfer; historical owner addresses not in sales extract; active TMKs: 239004082, 239004143, 239004144"
collective,,1998/02/28,1998/03/22,316,7.9114,50.3165,41.7722,132,41.7722,184,58.2278,25,159,0,132,fullownr_proxy,"between transfer events; residency from 2026 fullownr proxy applied after first transfer; historical owner addresses not in sales extract; active TMKs: 239004082, 239004143, 239004144"
collective,,1998/03/23,1998/03/24,316,7.9114,50.3165,41.7722,132,41.7722,184,58.2278,25,159,0,132,fullownr_proxy,"between transfer events; residency from 2026 fullownr proxy applied after first transfer; historical owner addresses not in sales extract; active TMKs: 239004082, 239004143, 239004144"
collective,,1998/03/25,1998/04/12,316,7.9114,50.6329,41.4557,131,41.4557,185,58.5443,25,160,0,131,fullownr_proxy,"between transfer events; residency from 2026 fullownr proxy applied after first transfer; historical owner addresses not in sales extract; active TMKs: 239004082, 239004143, 239004144"
collective,,1998/04/13,1998/04/21,316,8.2278,50.6329,41.1392,130,41.1392,186,58.8608,26,160,0,130,fullownr_proxy,"between transfer events; residency from 2026 fullownr proxy applied after first transfer; historical owner addresses not in sales extract; active TMKs: 239004082, 239004143, 239004144"
collective,,1998/04/22,1998/05/05,316,8.2278,50.6329,41.1392,130,41.1392,186,58.8608,26,160,0,130,fullownr_proxy,"between transfer events; residency from 2026 fullownr proxy applied after first transfer; historical owner addresses not in sales extract; active TMKs: 239004082, 239004143, 239004144"
collective,,1998/05/06,1998/05/29,316,8.2278,50.6329,41.1392,130,41.1392,186,58.8608,26,160,0,130,fullownr_proxy,"between transfer events; residency from 2026 fullownr proxy applied after first transfer; historical owner addresses not in sales extract; active TMKs: 239004082, 239004143, 239004144"
collective,,1998/05/30,1998/06/22,316,8.2278,50.9494,40.8228,129,40.8228,187,59.1772,26,161,0,129,fullownr_proxy,"between transfer events; residency from 2026 fullownr proxy applied after first transfer; historical owner addresses not in sales extract; active TMKs: 239004082, 239004143, 239004144"
collective,,1998/06/23,1998/06/24,316,8.2278,51.2658,40.5063,128,40.5063,188,59.4937,26,162,0,128,fullownr_proxy,"between transfer events; residency from 2026 fullownr proxy applied after first transfer; historical owner addresses not in sales extract; active TMKs: 239004082, 239004143, 239004144"
collective,,1998/06/25,1998/07/07,316,8.2278,51.2658,40.5063,128,40.5063,188,59.4937,26,162,0,128,fullownr_proxy,"between transfer events; residency from 2026 fullownr proxy applied after first transfer; historical owner addresses not in sales extract; active TMKs: 239004082, 239004143, 239004144"
collective,,1998/07/08,1998/07/26,316,8.2278,51.2658,40.5063,128,40.5063,188,59.4937,26,162,0,128,fullownr_proxy,"between transfer events; residency from 2026 fullownr proxy applied after first transfer; historical owner addresses not in sales extract; active TMKs: 239004082, 239004143, 239004144"
collective,,1998/07/27,1998/08/25,316,8.2278,51.2658,40.5063,128,40.5063,188,59.4937,26,162,0,128,fullownr_proxy,"between transfer events; residency from 2026 fullownr proxy applied after first transfer; historical owner addresses not in sales extract; active TMKs: 239004082, 239004143, 239004144"
collective,,1998/08/26,1998/09/08,316,8.2278,51.5823,40.1899,127,40.1899,189,59.8101,26,163,0,127,fullownr_proxy,"between transfer events; residency from 2026 fullownr proxy applied after first transfer; historical owner addresses not in sales extract; active TMKs: 239004082, 239004143, 239004144"
collective,,1998/09/09,1998/10/21,316,8.2278,51.5823,40.1899,127,40.1899,189,59.8101,26,163,0,127,fullownr_proxy,"between transfer events; residency from 2026 fullownr proxy applied after first transfer; historical owner addresses not in sales extract; active TMKs: 239004082, 239004143, 239004144"
collective,,1998/10/22,1998/10/29,316,8.2278,51.8987,39.8734,126,39.8734,190,60.1266,26,164,0,126,fullownr_proxy,"between transfer events; residency from 2026 fullownr proxy applied after first transfer; historical owner addresses not in sales extract; active TMKs: 239004082, 239004143, 239004144"
collective,,1998/10/30,1998/11/11,316,8.2278,51.8987,39.8734,126,39.8734,190,60.1266,26,164,0,126,fullownr_proxy,"between transfer events; residency from 2026 fullownr proxy applied after first transfer; historical owner addresses not in sales extract; active TMKs: 239004082, 239004143, 239004144"
collective,,1998/11/12,1998/12/15,316,8.2278,51.8987,39.8734,126,39.8734,190,60.1266,26,164,0,126,fullownr_proxy,"between transfer events; residency from 2026 fullownr proxy applied after first transfer; historical owner addresses not in sales extract; active TMKs: 239004082, 239004143, 239004144"
collective,,1998/12/16,1998/12/21,316,8.2278,51.8987,39.8734,126,39.8734,190,60.1266,26,164,0,126,fullownr_proxy,"between transfer events; residency from 2026 fullownr proxy applied after first transfer; historical owner addresses not in sales extract; active TMKs: 239004082, 239004143, 239004144"
collective,,1998/12/22,1999/01/07,316,8.2278,51.8987,39.8734,126,39.8734,190,60.1266,26,164,0,126,fullownr_proxy,"between transfer events; residency from 2026 fullownr proxy applied after first transfer; historical owner addresses not in sales extract; active TMKs: 239004082, 239004143, 239004144"
collective,,1999/01/08,1999/02/17,316,8.2278,52.2152,39.5570,125,39.5570,191,60.4430,26,165,0,125,fullownr_proxy,"between transfer events; residency from 2026 fullownr proxy applied after first transfer; historical owner addresses not in sales extract; active TMKs: 239004082, 239004143, 239004144"
collective,,1999/02/18,1999/03/01,316,8.2278,52.2152,39.5570,125,39.5570,191,60.4430,26,165,0,125,fullownr_proxy,"between transfer events; residency from 2026 fullownr proxy applied after first transfer; historical owner addresses not in sales extract; active TMKs: 239004082, 239004143, 239004144"
collective,,1999/03/02,1999/03/02,316,8.2278,52.2152,39.5570,125,39.5570,191,60.4430,26,165,0,125,fullownr_proxy,"between transfer events; residency from 2026 fullownr proxy applied after first transfer; historical owner addresses not in sales extract; active TMKs: 239004082, 239004143, 239004144"
collective,,1999/03/03,1999/03/16,316,8.2278,52.2152,39.5570,125,39.5570,191,60.4430,26,165,0,125,fullownr_proxy,"between transfer events; residency from 2026 fullownr proxy applied after first transfer; historical owner addresses not in sales extract; active TMKs: 239004082, 239004143, 239004144"
collective,,1999/03/17,1999/03/18,316,8.5443,52.2152,39.2405,124,39.2405,192,60.7595,27,165,0,124,fullownr_proxy,"between transfer events; residency from 2026 fullownr proxy applied after first transfer; historical owner addresses not in sales extract; active TMKs: 239004082, 239004143, 239004144"
collective,,1999/03/19,1999/03/22,316,8.8608,52.2152,38.9241,123,38.9241,193,61.0759,28,165,0,123,fullownr_proxy,"between transfer events; residency from 2026 fullownr proxy applied after first transfer; historical owner addresses not in sales extract; active TMKs: 239004082, 239004143, 239004144"
collective,,1999/03/23,1999/03/23,316,8.8608,52.5316,38.6076,122,38.6076,194,61.3924,28,166,0,122,fullownr_proxy,"between transfer events; residency from 2026 fullownr proxy applied after first transfer; historical owner addresses not in sales extract; active TMKs: 239004082, 239004143, 239004144"
collective,,1999/03/24,1999/03/24,316,8.8608,53.4810,37.6582,119,37.6582,197,62.3418,28,169,0,119,fullownr_proxy,"between transfer events; residency from 2026 fullownr proxy applied after first transfer; historical owner addresses not in sales extract; active TMKs: 239004082, 239004143, 239004144"
collective,,1999/03/25,1999/03/25,316,8.8608,53.7975,37.3418,118,37.3418,198,62.6582,28,170,0,118,fullownr_proxy,"between transfer events; residency from 2026 fullownr proxy applied after first transfer; historical owner addresses not in sales extract; active TMKs: 239004082, 239004143, 239004144"
collective,,1999/03/26,1999/04/01,316,8.8608,54.1139,37.0253,117,37.0253,199,62.9747,28,171,0,117,fullownr_proxy,"between transfer events; residency from 2026 fullownr proxy applied after first transfer; historical owner addresses not in sales extract; active TMKs: 239004082, 239004143, 239004144"
collective,,1999/04/02,1999/04/04,316,8.8608,54.4304,36.7089,116,36.7089,200,63.2911,28,172,0,116,fullownr_proxy,"between transfer events; residency from 2026 fullownr proxy applied after first transfer; historical owner addresses not in sales extract; active TMKs: 239004082, 239004143, 239004144"
collective,,1999/04/05,1999/04/05,316,9.1772,54.4304,36.3924,115,36.3924,201,63.6076,29,172,0,115,fullownr_proxy,"between transfer events; residency from 2026 fullownr proxy applied after first transfer; historical owner addresses not in sales extract; active TMKs: 239004082, 239004143, 239004144"
collective,,1999/04/06,1999/04/06,316,9.1772,54.4304,36.3924,115,36.3924,201,63.6076,29,172,0,115,fullownr_proxy,"between transfer events; residency from 2026 fullownr proxy applied after first transfer; historical owner addresses not in sales extract; active TMKs: 239004082, 239004143, 239004144"
collective,,1999/04/07,1999/04/11,316,9.1772,54.4304,36.3924,114,36.0759,202,63.9241,29,172,0,115,fullownr_proxy,"between transfer events; residency from 2026 fullownr proxy applied after first transfer; historical owner addresses not in sales extract; active TMKs: 239004082, 239004143, 239004144"
collective,,1999/04/12,1999/04/18,316,9.1772,54.7468,36.0759,113,35.7595,203,64.2405,29,173,0,114,fullownr_proxy,"between transfer events; residency from 2026 fullownr proxy applied after first transfer; historical owner addresses not in sales extract; active TMKs: 239004082, 239004143, 239004144"
collective,,1999/04/19,1999/04/19,316,9.1772,54.7468,36.0759,113,35.7595,203,64.2405,29,173,0,114,fullownr_proxy,"between transfer events; residency from 2026 fullownr proxy applied after first transfer; historical owner addresses not in sales extract; active TMKs: 239004082, 239004143, 239004144"
collective,,1999/04/20,1999/04/22,316,9.1772,54.7468,36.0759,113,35.7595,203,64.2405,29,173,0,114,fullownr_proxy,"between transfer events; residency from 2026 fullownr proxy applied after first transfer; historical owner addresses not in sales extract; active TMKs: 239004082, 239004143, 239004144"
collective,,1999/04/23,1999/04/26,316,9.1772,55.0633,35.7595,112,35.4430,204,64.5570,29,174,0,113,fullownr_proxy,"between transfer events; residency from 2026 fullownr proxy applied after first transfer; historical owner addresses not in sales extract; active TMKs: 239004082, 239004143, 239004144"
collective,,1999/04/27,1999/04/27,316,9.1772,55.3797,35.4430,111,35.1266,205,64.8734,29,175,0,112,fullownr_proxy,"between transfer events; residency from 2026 fullownr proxy applied after first transfer; historical owner addresses not in sales extract; active TMKs: 239004082, 239004143, 239004144"
collective,,1999/04/28,1999/05/02,316,9.1772,55.3797,35.4430,111,35.1266,205,64.8734,29,175,0,112,fullownr_proxy,"between transfer events; residency from 2026 fullownr proxy applied after first transfer; historical owner addresses not in sales extract; active TMKs: 239004082, 239004143, 239004144"
collective,,1999/05/03,1999/05/11,316,9.1772,55.3797,35.4430,111,35.1266,205,64.8734,29,175,0,112,fullownr_proxy,"between transfer events; residency from 2026 fullownr proxy applied after first transfer; historical owner addresses not in sales extract; active TMKs: 239004082, 239004143, 239004144"
collective,,1999/05/12,1999/05/19,316,9.1772,55.6962,35.1266,110,34.8101,206,65.1899,29,176,0,111,fullownr_proxy,"between transfer events; residency from 2026 fullownr proxy applied after first transfer; historical owner addresses not in sales extract; active TMKs: 239004082, 239004143, 239004144"
collective,,1999/05/20,1999/05/31,316,9.1772,55.6962,35.1266,110,34.8101,206,65.1899,29,176,0,111,fullownr_proxy,"between transfer events; residency from 2026 fullownr proxy applied after first transfer; historical owner addresses not in sales extract; active TMKs: 239004082, 239004143, 239004144"
collective,,1999/06/01,1999/06/06,316,9.1772,55.6962,35.1266,110,34.8101,206,65.1899,29,176,0,111,fullownr_proxy,"between transfer events; residency from 2026 fullownr proxy applied after first transfer; historical owner addresses not in sales extract; active TMKs: 239004082, 239004143, 239004144"
collective,,1999/06/07,1999/06/16,316,9.1772,55.6962,35.1266,110,34.8101,206,65.1899,29,176,0,111,fullownr_proxy,"between transfer events; residency from 2026 fullownr proxy applied after first transfer; historical owner addresses not in sales extract; active TMKs: 239004082, 239004143, 239004144"
collective,,1999/06/17,1999/06/22,316,9.1772,55.6962,35.1266,110,34.8101,206,65.1899,29,176,0,111,fullownr_proxy,"between transfer events; residency from 2026 fullownr proxy applied after first transfer; historical owner addresses not in sales extract; active TMKs: 239004082, 239004143, 239004144"
collective,,1999/06/23,1999/06/25,316,9.1772,55.6962,35.1266,110,34.8101,206,65.1899,29,176,0,111,fullownr_proxy,"between transfer events; residency from 2026 fullownr proxy applied after first transfer; historical owner addresses not in sales extract; active TMKs: 239004082, 239004143, 239004144"
collective,,1999/06/26,1999/06/28,316,9.1772,55.6962,35.1266,110,34.8101,206,65.1899,29,176,0,111,fullownr_proxy,"between transfer events; residency from 2026 fullownr proxy applied after first transfer; historical owner addresses not in sales extract; active TMKs: 239004082, 239004143, 239004144"
collective,,1999/06/29,1999/07/16,316,9.1772,55.6962,35.1266,110,34.8101,206,65.1899,29,176,0,111,fullownr_proxy,"between transfer events; residency from 2026 fullownr proxy applied after first transfer; historical owner addresses not in sales extract; active TMKs: 239004082, 239004143, 239004144"
collective,,1999/07/17,1999/07/31,316,9.1772,55.6962,35.1266,110,34.8101,206,65.1899,29,176,0,111,fullownr_proxy,"between transfer events; residency from 2026 fullownr proxy applied after first transfer; historical owner addresses not in sales extract; active TMKs: 239004082, 239004143, 239004144"
collective,,1999/08/01,1999/08/01,316,9.1772,55.6962,35.1266,110,34.8101,206,65.1899,29,176,0,111,fullownr_proxy,"between transfer events; residency from 2026 fullownr proxy applied after first transfer; historical owner addresses not in sales extract; active TMKs: 239004082, 239004143, 239004144"
collective,,1999/08/02,1999/08/02,316,9.1772,55.6962,35.1266,110,34.8101,206,65.1899,29,176,0,111,fullownr_proxy,"between transfer events; residency from 2026 fullownr proxy applied after first transfer; historical owner addresses not in sales extract; active TMKs: 239004082, 239004143, 239004144"
collective,,1999/08/03,1999/08/05,316,9.1772,55.6962,35.1266,110,34.8101,206,65.1899,29,176,0,111,fullownr_proxy,"between transfer events; residency from 2026 fullownr proxy applied after first transfer; historical owner addresses not in sales extract; active TMKs: 239004082, 239004143, 239004144"
collective,,1999/08/06,1999/08/08,316,9.1772,55.6962,35.1266,110,34.8101,206,65.1899,29,176,0,111,fullownr_proxy,"between transfer events; residency from 2026 fullownr proxy applied after first transfer; historical owner addresses not in sales extract; active TMKs: 239004082, 239004143, 239004144"
collective,,1999/08/09,1999/08/09,316,9.1772,55.6962,35.1266,110,34.8101,206,65.1899,29,176,0,111,fullownr_proxy,"between transfer events; residency from 2026 fullownr proxy applied after first transfer; historical owner addresses not in sales extract; active TMKs: 239004082, 239004143, 239004144"
collective,,1999/08/10,1999/08/12,316,9.1772,55.6962,35.1266,110,34.8101,206,65.1899,29,176,0,111,fullownr_proxy,"between transfer events; residency from 2026 fullownr proxy applied after first transfer; historical owner addresses not in sales extract; active TMKs: 239004082, 239004143, 239004144"
collective,,1999/08/13,1999/08/22,316,9.1772,55.6962,35.1266,110,34.8101,206,65.1899,29,176,0,111,fullownr_proxy,"between transfer events; residency from 2026 fullownr proxy applied after first transfer; historical owner addresses not in sales extract; active TMKs: 239004082, 239004143, 239004144"
collective,,1999/08/23,1999/08/26,316,9.1772,55.6962,35.1266,110,34.8101,206,65.1899,29,176,0,111,fullownr_proxy,"between transfer events; residency from 2026 fullownr proxy applied after first transfer; historical owner addresses not in sales extract; active TMKs: 239004082, 239004143, 239004144"
collective,,1999/08/27,1999/09/02,316,9.1772,56.0127,34.8101,109,34.4937,207,65.5063,29,177,0,110,fullownr_proxy,"between transfer events; residency from 2026 fullownr proxy applied after first transfer; historical owner addresses not in sales extract; active TMKs: 239004082, 239004143, 239004144"
collective,,1999/09/03,1999/09/09,316,9.1772,56.3291,34.4937,108,34.1772,208,65.8228,29,178,0,109,fullownr_proxy,"between transfer events; residency from 2026 fullownr proxy applied after first transfer; historical owner addresses not in sales extract; active TMKs: 239004082, 239004143, 239004144"
collective,,1999/09/10,1999/09/14,316,9.1772,56.6456,34.1772,107,33.8608,209,66.1392,29,179,0,108,fullownr_proxy,"between transfer events; residency from 2026 fullownr proxy applied after first transfer; historical owner addresses not in sales extract; active TMKs: 239004082, 239004143, 239004144"
collective,,1999/09/15,1999/09/15,316,9.1772,56.6456,34.1772,107,33.8608,209,66.1392,29,179,0,108,fullownr_proxy,"between transfer events; residency from 2026 fullownr proxy applied after first transfer; historical owner addresses not in sales extract; active TMKs: 239004082, 239004143, 239004144"
collective,,1999/09/16,1999/09/23,316,9.1772,56.6456,34.1772,107,33.8608,209,66.1392,29,179,0,108,fullownr_proxy,"between transfer events; residency from 2026 fullownr proxy applied after first transfer; historical owner addresses not in sales extract; active TMKs: 239004082, 239004143, 239004144"
collective,,1999/09/24,1999/09/29,316,9.1772,56.6456,34.1772,107,33.8608,209,66.1392,29,179,0,108,fullownr_proxy,"between transfer events; residency from 2026 fullownr proxy applied after first transfer; historical owner addresses not in sales extract; active TMKs: 239004082, 239004143, 239004144"
collective,,1999/09/30,1999/10/01,316,9.1772,56.9620,33.8608,106,33.5443,210,66.4557,29,180,0,107,fullownr_proxy,"between transfer events; residency from 2026 fullownr proxy applied after first transfer; historical owner addresses not in sales extract; active TMKs: 239004082, 239004143, 239004144"
collective,,1999/10/02,1999/10/05,316,9.1772,57.2785,33.5443,105,33.2278,211,66.7722,29,181,0,106,fullownr_proxy,"between transfer events; residency from 2026 fullownr proxy applied after first transfer; historical owner addresses not in sales extract; active TMKs: 239004082, 239004143, 239004144"
collective,,1999/10/06,1999/10/17,316,9.1772,57.5949,33.2278,104,32.9114,212,67.0886,29,182,0,105,fullownr_proxy,"between transfer events; residency from 2026 fullownr proxy applied after first transfer; historical owner addresses not in sales extract; active TMKs: 239004082, 239004143, 239004144"
collective,,1999/10/18,1999/10/31,316,9.1772,57.5949,33.2278,104,32.9114,212,67.0886,29,182,0,105,fullownr_proxy,"between transfer events; residency from 2026 fullownr proxy applied after first transfer; historical owner addresses not in sales extract; active TMKs: 239004082, 239004143, 239004144"
collective,,1999/11/01,1999/11/01,316,9.1772,57.5949,33.2278,104,32.9114,212,67.0886,29,182,0,105,fullownr_proxy,"between transfer events; residency from 2026 fullownr proxy applied after first transfer; historical owner addresses not in sales extract; active TMKs: 239004082, 239004143, 239004144"
collective,,1999/11/02,1999/11/14,316,9.1772,57.5949,33.2278,104,32.9114,212,67.0886,29,182,0,105,fullownr_proxy,"between transfer events; residency from 2026 fullownr proxy applied after first transfer; historical owner addresses not in sales extract; active TMKs: 239004082, 239004143, 239004144"
collective,,1999/11/15,1999/11/30,316,9.1772,57.5949,33.2278,104,32.9114,212,67.0886,29,182,0,105,fullownr_proxy,"between transfer events; residency from 2026 fullownr proxy applied after first transfer; historical owner addresses not in sales extract; active TMKs: 239004082, 239004143, 239004144"
collective,,1999/12/01,1999/12/02,316,9.1772,57.5949,33.2278,104,32.9114,212,67.0886,29,182,0,105,fullownr_proxy,"between transfer events; residency from 2026 fullownr proxy applied after first transfer; historical owner addresses not in sales extract; active TMKs: 239004082, 239004143, 239004144"
collective,,1999/12/03,1999/12/05,316,9.8101,57.5949,32.5949,102,32.2785,214,67.7215,31,182,0,103,fullownr_proxy,"between transfer events; residency from 2026 fullownr proxy applied after first transfer; historical owner addresses not in sales extract; active TMKs: 239004082, 239004143, 239004144"
collective,,1999/12/06,1999/12/06,316,9.8101,57.5949,32.5949,102,32.2785,214,67.7215,31,182,0,103,fullownr_proxy,"between transfer events; residency from 2026 fullownr proxy applied after first transfer; historical owner addresses not in sales extract; active TMKs: 239004082, 239004143, 239004144"
collective,,1999/12/07,1999/12/09,316,9.8101,57.9114,32.2785,101,31.9620,215,68.0380,31,183,0,102,fullownr_proxy,"between transfer events; residency from 2026 fullownr proxy applied after first transfer; historical owner addresses not in sales extract; active TMKs: 239004082, 239004143, 239004144"
collective,,1999/12/10,1999/12/12,316,9.8101,58.8608,31.3291,98,31.0127,218,68.9873,31,186,0,99,fullownr_proxy,"between transfer events; residency from 2026 fullownr proxy applied after first transfer; historical owner addresses not in sales extract; active TMKs: 239004082, 239004143, 239004144"
collective,,1999/12/13,1999/12/13,316,10.1266,59.4937,30.3797,95,30.0633,221,69.9367,32,188,0,96,fullownr_proxy,"between transfer events; residency from 2026 fullownr proxy applied after first transfer; historical owner addresses not in sales extract; active TMKs: 239004082, 239004143, 239004144"
collective,,1999/12/14,1999/12/21,316,10.1266,59.8101,30.0633,94,29.7468,222,70.2532,32,189,0,95,fullownr_proxy,"between transfer events; residency from 2026 fullownr proxy applied after first transfer; historical owner addresses not in sales extract; active TMKs: 239004082, 239004143, 239004144"
collective,,1999/12/22,1999/12/29,316,10.1266,60.1266,29.7468,93,29.4304,223,70.5696,32,190,0,94,fullownr_proxy,"between transfer events; residency from 2026 fullownr proxy applied after first transfer; historical owner addresses not in sales extract; active TMKs: 239004082, 239004143, 239004144"
collective,,1999/12/30,2000/01/05,316,10.1266,60.4430,29.4304,92,29.1139,224,70.8861,32,191,0,93,fullownr_proxy,"between transfer events; residency from 2026 fullownr proxy applied after first transfer; historical owner addresses not in sales extract; active TMKs: 239004082, 239004143, 239004144"
collective,,2000/01/06,2000/01/18,316,10.1266,60.4430,29.4304,92,29.1139,224,70.8861,32,191,0,93,fullownr_proxy,"between transfer events; residency from 2026 fullownr proxy applied after first transfer; historical owner addresses not in sales extract; active TMKs: 239004082, 239004143, 239004144"
collective,,2000/01/19,2000/01/20,316,10.1266,60.7595,29.1139,91,28.7975,225,71.2025,32,192,0,92,fullownr_proxy,"between transfer events; residency from 2026 fullownr proxy applied after first transfer; historical owner addresses not in sales extract; active TMKs: 239004082, 239004143, 239004144"
collective,,2000/01/21,2000/01/30,316,10.1266,61.0759,28.7975,90,28.4810,226,71.5190,32,193,0,91,fullownr_proxy,"between transfer events; residency from 2026 fullownr proxy applied after first transfer; historical owner addresses not in sales extract; active TMKs: 239004082, 239004143, 239004144"
collective,,2000/01/31,2000/02/09,316,10.1266,61.0759,28.7975,90,28.4810,226,71.5190,32,193,0,91,fullownr_proxy,"between transfer events; residency from 2026 fullownr proxy applied after first transfer; historical owner addresses not in sales extract; active TMKs: 239004082, 239004143, 239004144"
collective,,2000/02/10,2000/02/11,316,10.4430,61.0759,28.4810,89,28.1646,227,71.8354,33,193,0,90,fullownr_proxy,"between transfer events; residency from 2026 fullownr proxy applied after first transfer; historical owner addresses not in sales extract; active TMKs: 239004082, 239004143, 239004144"
collective,,2000/02/12,2000/02/16,316,10.4430,61.0759,28.4810,89,28.1646,227,71.8354,33,193,0,90,fullownr_proxy,"between transfer events; residency from 2026 fullownr proxy applied after first transfer; historical owner addresses not in sales extract; active TMKs: 239004082, 239004143, 239004144"
collective,,2000/02/17,2000/02/17,316,10.4430,61.0759,28.4810,89,28.1646,227,71.8354,33,193,0,90,fullownr_proxy,"between transfer events; residency from 2026 fullownr proxy applied after first transfer; historical owner addresses not in sales extract; active TMKs: 239004082, 239004143, 239004144"
collective,,2000/02/18,2000/02/21,316,10.4430,61.0759,28.4810,89,28.1646,227,71.8354,33,193,0,90,fullownr_proxy,"between transfer events; residency from 2026 fullownr proxy applied after first transfer; historical owner addresses not in sales extract; active TMKs: 239004082, 239004143, 239004144"
collective,,2000/02/22,2000/02/27,316,10.4430,61.3924,28.1646,88,27.8481,228,72.1519,33,194,0,89,fullownr_proxy,"between transfer events; residency from 2026 fullownr proxy applied after first transfer; historical owner addresses not in sales extract; active TMKs: 239004082, 239004143, 239004144"
collective,,2000/02/28,2000/02/29,316,10.4430,61.3924,28.1646,88,27.8481,228,72.1519,33,194,0,89,fullownr_proxy,"between transfer events; residency from 2026 fullownr proxy applied after first transfer; historical owner addresses not in sales extract; active TMKs: 239004082, 239004143, 239004144"
collective,,2000/03/01,2000/03/02,316,10.4430,61.3924,28.1646,88,27.8481,228,72.1519,33,194,0,89,fullownr_proxy,"between transfer events; residency from 2026 fullownr proxy applied after first transfer; historical owner addresses not in sales extract; active TMKs: 239004082, 239004143, 239004144"
collective,,2000/03/03,2000/03/07,316,10.4430,61.3924,28.1646,88,27.8481,228,72.1519,33,194,0,89,fullownr_proxy,"between transfer events; residency from 2026 fullownr proxy applied after first transfer; historical owner addresses not in sales extract; active TMKs: 239004082, 239004143, 239004144"
collective,,2000/03/08,2000/03/08,316,10.4430,61.3924,28.1646,88,27.8481,228,72.1519,33,194,0,89,fullownr_proxy,"between transfer events; residency from 2026 fullownr proxy applied after first transfer; historical owner addresses not in sales extract; active TMKs: 239004082, 239004143, 239004144"
collective,,2000/03/09,2000/03/09,316,10.4430,61.3924,28.1646,88,27.8481,228,72.1519,33,194,0,89,fullownr_proxy,"between transfer events; residency from 2026 fullownr proxy applied after first transfer; historical owner addresses not in sales extract; active TMKs: 239004082, 239004143, 239004144"
collective,,2000/03/10,2000/03/14,316,10.4430,61.3924,28.1646,88,27.8481,228,72.1519,33,194,0,89,fullownr_proxy,"between transfer events; residency from 2026 fullownr proxy applied after first transfer; historical owner addresses not in sales extract; active TMKs: 239004082, 239004143, 239004144"
collective,,2000/03/15,2000/03/15,316,10.4430,61.7089,27.8481,87,27.5316,229,72.4684,33,195,0,88,fullownr_proxy,"between transfer events; residency from 2026 fullownr proxy applied after first transfer; historical owner addresses not in sales extract; active TMKs: 239004082, 239004143, 239004144"
collective,,2000/03/16,2000/03/23,316,10.4430,62.0253,27.5316,86,27.2152,230,72.7848,33,196,0,87,fullownr_proxy,"between transfer events; residency from 2026 fullownr proxy applied after first transfer; historical owner addresses not in sales extract; active TMKs: 239004082, 239004143, 239004144"
collective,,2000/03/24,2000/03/28,316,10.4430,62.0253,27.5316,86,27.2152,230,72.7848,33,196,0,87,fullownr_proxy,"between transfer events; residency from 2026 fullownr proxy applied after first transfer; historical owner addresses not in sales extract; active TMKs: 239004082, 239004143, 239004144"
collective,,2000/03/29,2000/03/30,316,10.4430,62.0253,27.5316,86,27.2152,230,72.7848,33,196,0,87,fullownr_proxy,"between transfer events; residency from 2026 fullownr proxy applied after first transfer; historical owner addresses not in sales extract; active TMKs: 239004082, 239004143, 239004144"
collective,,2000/03/31,2000/04/11,316,10.4430,62.0253,27.5316,86,27.2152,230,72.7848,33,196,0,87,fullownr_proxy,"between transfer events; residency from 2026 fullownr proxy applied after first transfer; historical owner addresses not in sales extract; active TMKs: 239004082, 239004143, 239004144"
collective,,2000/04/12,2000/04/13,316,10.4430,62.3418,27.2152,85,26.8987,231,73.1013,33,197,0,86,fullownr_proxy,"between transfer events; residency from 2026 fullownr proxy applied after first transfer; historical owner addresses not in sales extract; active TMKs: 239004082, 239004143, 239004144"
collective,,2000/04/14,2000/04/18,316,10.4430,62.3418,27.2152,85,26.8987,231,73.1013,33,197,0,86,fullownr_proxy,"between transfer events; residency from 2026 fullownr proxy applied after first transfer; historical owner addresses not in sales extract; active TMKs: 239004082, 239004143, 239004144"
collective,,2000/04/19,2000/04/19,316,10.4430,62.3418,27.2152,85,26.8987,231,73.1013,33,197,0,86,fullownr_proxy,"between transfer events; residency from 2026 fullownr proxy applied after first transfer; historical owner addresses not in sales extract; active TMKs: 239004082, 239004143, 239004144"
collective,,2000/04/20,2000/04/25,316,10.4430,62.6582,26.8987,84,26.5823,232,73.4177,33,198,0,85,fullownr_proxy,"between transfer events; residency from 2026 fullownr proxy applied after first transfer; historical owner addresses not in sales extract; active TMKs: 239004082, 239004143, 239004144"
collective,,2000/04/26,2000/05/08,316,10.4430,62.6582,26.8987,84,26.5823,232,73.4177,33,198,0,85,fullownr_proxy,"between transfer events; residency from 2026 fullownr proxy applied after first transfer; historical owner addresses not in sales extract; active TMKs: 239004082, 239004143, 239004144"
collective,,2000/05/09,2000/05/15,316,10.4430,62.9747,26.5823,83,26.2658,233,73.7342,33,199,0,84,fullownr_proxy,"between transfer events; residency from 2026 fullownr proxy applied after first transfer; historical owner addresses not in sales extract; active TMKs: 239004082, 239004143, 239004144"
collective,,2000/05/16,2000/05/23,316,10.4430,62.9747,26.5823,83,26.2658,233,73.7342,33,199,0,84,fullownr_proxy,"between transfer events; residency from 2026 fullownr proxy applied after first transfer; historical owner addresses not in sales extract; active TMKs: 239004082, 239004143, 239004144"
collective,,2000/05/24,2000/05/25,316,10.4430,62.9747,26.5823,83,26.2658,233,73.7342,33,199,0,84,fullownr_proxy,"between transfer events; residency from 2026 fullownr proxy applied after first transfer; historical owner addresses not in sales extract; active TMKs: 239004082, 239004143, 239004144"
collective,,2000/05/26,2000/05/30,316,10.4430,62.9747,26.5823,83,26.2658,233,73.7342,33,199,0,84,fullownr_proxy,"between transfer events; residency from 2026 fullownr proxy applied after first transfer; historical owner addresses not in sales extract; active TMKs: 239004082, 239004143, 239004144"
collective,,2000/05/31,2000/05/31,316,10.4430,63.2911,26.2658,82,25.9494,234,74.0506,33,200,0,83,fullownr_proxy,"between transfer events; residency from 2026 fullownr proxy applied after first transfer; historical owner addresses not in sales extract; active TMKs: 239004082, 239004143, 239004144"
collective,,2000/06/01,2000/06/11,316,10.4430,63.2911,26.2658,82,25.9494,234,74.0506,33,200,0,83,fullownr_proxy,"between transfer events; residency from 2026 fullownr proxy applied after first transfer; historical owner addresses not in sales extract; active TMKs: 239004082, 239004143, 239004144"
collective,,2000/06/12,2000/06/18,316,10.4430,63.2911,26.2658,82,25.9494,234,74.0506,33,200,0,83,fullownr_proxy,"between transfer events; residency from 2026 fullownr proxy applied after first transfer; historical owner addresses not in sales extract; active TMKs: 239004082, 239004143, 239004144"
collective,,2000/06/19,2000/07/25,316,10.4430,63.2911,26.2658,82,25.9494,234,74.0506,33,200,0,83,fullownr_proxy,"between transfer events; residency from 2026 fullownr proxy applied after first transfer; historical owner addresses not in sales extract; active TMKs: 239004082, 239004143, 239004144"
collective,,2000/07/26,2000/08/08,316,10.4430,63.2911,26.2658,82,25.9494,234,74.0506,33,200,0,83,fullownr_proxy,"between transfer events; residency from 2026 fullownr proxy applied after first transfer; historical owner addresses not in sales extract; active TMKs: 239004082, 239004143, 239004144"
collective,,2000/08/09,2000/08/10,316,10.4430,63.2911,26.2658,82,25.9494,234,74.0506,33,200,0,83,fullownr_proxy,"between transfer events; residency from 2026 fullownr proxy applied after first transfer; historical owner addresses not in sales extract; active TMKs: 239004082, 239004143, 239004144"
collective,,2000/08/11,2000/08/13,316,10.4430,63.2911,26.2658,82,25.9494,234,74.0506,33,200,0,83,fullownr_proxy,"between transfer events; residency from 2026 fullownr proxy applied after first transfer; historical owner addresses not in sales extract; active TMKs: 239004082, 239004143, 239004144"
collective,,2000/08/14,2000/08/17,316,10.4430,63.2911,26.2658,82,25.9494,234,74.0506,33,200,0,83,fullownr_proxy,"between transfer events; residency from 2026 fullownr proxy applied after first transfer; historical owner addresses not in sales extract; active TMKs: 239004082, 239004143, 239004144"
collective,,2000/08/18,2000/08/18,316,10.4430,63.6076,25.9494,81,25.6329,235,74.3671,33,201,0,82,fullownr_proxy,"between transfer events; residency from 2026 fullownr proxy applied after first transfer; historical owner addresses not in sales extract; active TMKs: 239004082, 239004143, 239004144"
collective,,2000/08/19,2000/08/20,316,10.4430,63.9241,25.6329,80,25.3165,236,74.6835,33,202,0,81,fullownr_proxy,"between transfer events; residency from 2026 fullownr proxy applied after first transfer; historical owner addresses not in sales extract; active TMKs: 239004082, 239004143, 239004144"
collective,,2000/08/21,2000/08/21,316,10.4430,64.8734,24.6835,77,24.3671,239,75.6329,33,205,0,78,fullownr_proxy,"between transfer events; residency from 2026 fullownr proxy applied after first transfer; historical owner addresses not in sales extract; active TMKs: 239004082, 239004143, 239004144"
collective,,2000/08/22,2000/08/22,316,10.9177,65.9810,23.1013,72,22.7848,244,77.2152,34,208,1,73,fullownr_proxy,"between transfer events; residency from 2026 fullownr proxy applied after first transfer; historical owner addresses not in sales extract; active TMKs: 239004082, 239004143, 239004144"
collective,,2000/08/23,2000/08/24,316,11.2342,66.2975,22.4684,70,22.1519,246,77.8481,35,209,1,71,fullownr_proxy,"between transfer events; residency from 2026 fullownr proxy applied after first transfer; historical owner addresses not in sales extract; active TMKs: 239004082, 239004143, 239004144"
collective,,2000/08/25,2000/08/25,316,11.2342,66.6139,22.1519,69,21.8354,247,78.1646,35,210,1,70,fullownr_proxy,"between transfer events; residency from 2026 fullownr proxy applied after first transfer; historical owner addresses not in sales extract; active TMKs: 239004082, 239004143, 239004144"
collective,,2000/08/26,2000/08/28,316,11.2342,66.9304,21.8354,68,21.5190,248,78.4810,35,211,1,69,fullownr_proxy,"between transfer events; residency from 2026 fullownr proxy applied after first transfer; historical owner addresses not in sales extract; active TMKs: 239004082, 239004143, 239004144"
collective,,2000/08/29,2000/08/31,316,11.5506,66.9304,21.5190,67,21.2025,249,78.7975,36,211,1,68,fullownr_proxy,"between transfer events; residency from 2026 fullownr proxy applied after first transfer; historical owner addresses not in sales extract; active TMKs: 239004082, 239004143, 239004144"
collective,,2000/09/01,2000/09/01,316,11.8671,67.8797,20.2532,63,19.9367,253,80.0633,37,214,1,64,fullownr_proxy,"between transfer events; residency from 2026 fullownr proxy applied after first transfer; historical owner addresses not in sales extract; active TMKs: 239004082, 239004143, 239004144"
collective,,2000/09/02,2000/09/06,316,11.8671,68.1962,19.9367,62,19.6203,254,80.3797,37,215,1,63,fullownr_proxy,"between transfer events; residency from 2026 fullownr proxy applied after first transfer; historical owner addresses not in sales extract; active TMKs: 239004082, 239004143, 239004144"
collective,,2000/09/07,2000/09/07,316,12.1835,68.1962,19.6203,61,19.3038,255,80.6962,38,215,1,62,fullownr_proxy,"between transfer events; residency from 2026 fullownr proxy applied after first transfer; historical owner addresses not in sales extract; active TMKs: 239004082, 239004143, 239004144"
collective,,2000/09/08,2000/09/11,316,12.1835,68.5127,19.3038,60,18.9873,256,81.0127,38,216,1,61,fullownr_proxy,"between transfer events; residency from 2026 fullownr proxy applied after first transfer; historical owner addresses not in sales extract; active TMKs: 239004082, 239004143, 239004144"
collective,,2000/09/12,2000/09/12,316,12.1835,68.8291,18.9873,59,18.6709,257,81.3291,38,217,1,60,fullownr_proxy,"between transfer events; residency from 2026 fullownr proxy applied after first transfer; historical owner addresses not in sales extract; active TMKs: 239004082, 239004143, 239004144"
collective,,2000/09/13,2000/09/13,316,12.1835,69.1456,18.6709,58,18.3544,258,81.6456,38,218,1,59,fullownr_proxy,"between transfer events; residency from 2026 fullownr proxy applied after first transfer; historical owner addresses not in sales extract; active TMKs: 239004082, 239004143, 239004144"
collective,,2000/09/14,2000/09/22,316,12.1835,69.7785,18.0380,56,17.7215,260,82.2785,38,220,1,57,fullownr_proxy,"between transfer events; residency from 2026 fullownr proxy applied after first transfer; historical owner addresses not in sales extract; active TMKs: 239004082, 239004143, 239004144"
collective,,2000/09/23,2000/09/25,316,12.1835,69.7785,18.0380,56,17.7215,260,82.2785,38,220,1,57,fullownr_proxy,"between transfer events; residency from 2026 fullownr proxy applied after first transfer; historical owner addresses not in sales extract; active TMKs: 239004082, 239004143, 239004144"
collective,,2000/09/26,2000/09/28,316,12.1835,70.0949,17.7215,55,17.4051,261,82.5949,38,221,1,56,fullownr_proxy,"between transfer events; residency from 2026 fullownr proxy applied after first transfer; historical owner addresses not in sales extract; active TMKs: 239004082, 239004143, 239004144"
collective,,2000/09/29,2000/10/03,316,12.1835,70.4114,17.4051,54,17.0886,262,82.9114,38,222,1,55,fullownr_proxy,"between transfer events; residency from 2026 fullownr proxy applied after first transfer; historical owner addresses not in sales extract; active TMKs: 239004082, 239004143, 239004144"
collective,,2000/10/04,2000/10/08,316,12.1835,70.4114,17.4051,54,17.0886,262,82.9114,38,222,1,55,fullownr_proxy,"between transfer events; residency from 2026 fullownr proxy applied after first transfer; historical owner addresses not in sales extract; active TMKs: 239004082, 239004143, 239004144"
collective,,2000/10/09,2000/10/09,316,12.1835,70.4114,17.4051,54,17.0886,262,82.9114,38,222,1,55,fullownr_proxy,"between transfer events; residency from 2026 fullownr proxy applied after first transfer; historical owner addresses not in sales extract; active TMKs: 239004082, 239004143, 239004144"
collective,,2000/10/10,2000/10/17,316,12.1835,70.4114,17.4051,54,17.0886,262,82.9114,38,222,1,55,fullownr_proxy,"between transfer events; residency from 2026 fullownr proxy applied after first transfer; historical owner addresses not in sales extract; active TMKs: 239004082, 239004143, 239004144"
collective,,2000/10/18,2000/10/23,316,12.1835,70.7278,17.0886,53,16.7722,263,83.2278,38,223,1,54,fullownr_proxy,"between transfer events; residency from 2026 fullownr proxy applied after first transfer; historical owner addresses not in sales extract; active TMKs: 239004082, 239004143, 239004144"
collective,,2000/10/24,2000/10/25,316,12.1835,70.7278,17.0886,53,16.7722,263,83.2278,38,223,1,54,fullownr_proxy,"between transfer events; residency from 2026 fullownr proxy applied after first transfer; historical owner addresses not in sales extract; active TMKs: 239004082, 239004143, 239004144"
collective,,2000/10/26,2000/10/29,316,12.1835,70.7278,17.0886,53,16.7722,263,83.2278,38,223,1,54,fullownr_proxy,"between transfer events; residency from 2026 fullownr proxy applied after first transfer; historical owner addresses not in sales extract; active TMKs: 239004082, 239004143, 239004144"
collective,,2000/10/30,2000/11/05,316,12.1835,71.0443,16.7722,52,16.4557,264,83.5443,38,224,1,53,fullownr_proxy,"between transfer events; residency from 2026 fullownr proxy applied after first transfer; historical owner addresses not in sales extract; active TMKs: 239004082, 239004143, 239004144"
collective,,2000/11/06,2000/11/09,316,12.1835,71.0443,16.7722,52,16.4557,264,83.5443,38,224,1,53,fullownr_proxy,"between transfer events; residency from 2026 fullownr proxy applied after first transfer; historical owner addresses not in sales extract; active TMKs: 239004082, 239004143, 239004144"
collective,,2000/11/10,2000/11/14,316,12.1835,71.0443,16.7722,52,16.4557,264,83.5443,38,224,1,53,fullownr_proxy,"between transfer events; residency from 2026 fullownr proxy applied after first transfer; historical owner addresses not in sales extract; active TMKs: 239004082, 239004143, 239004144"
collective,,2000/11/15,2000/11/19,316,12.1835,71.0443,16.7722,52,16.4557,264,83.5443,38,224,1,53,fullownr_proxy,"between transfer events; residency from 2026 fullownr proxy applied after first transfer; historical owner addresses not in sales extract; active TMKs: 239004082, 239004143, 239004144"
collective,,2000/11/20,2000/12/02,316,12.1835,71.0443,16.7722,52,16.4557,264,83.5443,38,224,1,53,fullownr_proxy,"between transfer events; residency from 2026 fullownr proxy applied after first transfer; historical owner addresses not in sales extract; active TMKs: 239004082, 239004143, 239004144"
collective,,2000/12/03,2000/12/03,316,12.1835,71.3608,16.4557,51,16.1392,265,83.8608,38,225,1,52,fullownr_proxy,"between transfer events; residency from 2026 fullownr proxy applied after first transfer; historical owner addresses not in sales extract; active TMKs: 239004082, 239004143, 239004144"
collective,,2000/12/04,2000/12/04,316,12.1835,71.6772,16.1392,50,15.8228,266,84.1772,38,226,1,51,fullownr_proxy,"between transfer events; residency from 2026 fullownr proxy applied after first transfer; historical owner addresses not in sales extract; active TMKs: 239004082, 239004143, 239004144"
collective,,2000/12/05,2000/12/05,316,12.8165,72.3101,14.8734,46,14.5570,270,85.4430,40,228,1,47,fullownr_proxy,"between transfer events; residency from 2026 fullownr proxy applied after first transfer; historical owner addresses not in sales extract; active TMKs: 239004082, 239004143, 239004144"
collective,,2000/12/06,2000/12/06,316,13.1329,73.8924,12.9747,40,12.6582,276,87.3418,41,233,1,41,fullownr_proxy,"between transfer events; residency from 2026 fullownr proxy applied after first transfer; historical owner addresses not in sales extract; active TMKs: 239004082, 239004143, 239004144"
collective,,2000/12/07,2000/12/07,316,13.4494,73.8924,12.6582,39,12.3418,277,87.6582,42,233,1,40,fullownr_proxy,"between transfer events; residency from 2026 fullownr proxy applied after first transfer; historical owner addresses not in sales extract; active TMKs: 239004082, 239004143, 239004144"
collective,,2000/12/08,2000/12/08,316,13.4494,74.5253,12.0253,37,11.7089,279,88.2911,42,235,1,38,fullownr_proxy,"between transfer events; residency from 2026 fullownr proxy applied after first transfer; historical owner addresses not in sales extract; active TMKs: 239004082, 239004143, 239004144"
collective,,2000/12/09,2000/12/15,316,13.4494,74.5253,12.0253,37,11.7089,279,88.2911,42,235,1,38,fullownr_proxy,"between transfer events; residency from 2026 fullownr proxy applied after first transfer; historical owner addresses not in sales extract; active TMKs: 239004082, 239004143, 239004144"
collective,,2000/12/16,2000/12/21,316,13.4494,74.8418,11.7089,36,11.3924,280,88.6076,42,236,1,37,fullownr_proxy,"between transfer events; residency from 2026 fullownr proxy applied after first transfer; historical owner addresses not in sales extract; active TMKs: 239004082, 239004143, 239004144"
collective,,2000/12/22,2000/12/26,316,13.4494,74.8418,11.7089,36,11.3924,280,88.6076,42,236,1,37,fullownr_proxy,"between transfer events; residency from 2026 fullownr proxy applied after first transfer; historical owner addresses not in sales extract; active TMKs: 239004082, 239004143, 239004144"
collective,,2000/12/27,2000/12/27,316,13.4494,74.8418,11.7089,36,11.3924,280,88.6076,42,236,1,37,fullownr_proxy,"between transfer events; residency from 2026 fullownr proxy applied after first transfer; historical owner addresses not in sales extract; active TMKs: 239004082, 239004143, 239004144"
collective,,2000/12/28,2001/01/01,316,13.4494,75.1582,11.3924,35,11.0759,281,88.9241,42,237,1,36,fullownr_proxy,"between transfer events; residency from 2026 fullownr proxy applied after first transfer; historical owner addresses not in sales extract; active TMKs: 239004082, 239004143, 239004144"
collective,,2001/01/02,2001/01/08,316,13.4494,75.4747,11.0759,34,10.7595,282,89.2405,42,238,1,35,fullownr_proxy,"between transfer events; residency from 2026 fullownr proxy applied after first transfer; historical owner addresses not in sales extract; active TMKs: 239004082, 239004143, 239004144"
collective,,2001/01/09,2001/01/17,316,13.4494,76.1076,10.4430,32,10.1266,284,89.8734,42,240,1,33,fullownr_proxy,"between transfer events; residency from 2026 fullownr proxy applied after first transfer; historical owner addresses not in sales extract; active TMKs: 239004082, 239004143, 239004144"
collective,,2001/01/18,2001/01/21,316,13.4494,76.4241,10.1266,31,9.8101,285,90.1899,42,241,1,32,fullownr_proxy,"between transfer events; residency from 2026 fullownr proxy applied after first transfer; historical owner addresses not in sales extract; active TMKs: 239004082, 239004143, 239004144"
collective,,2001/01/22,2001/01/24,316,13.7658,76.4241,9.8101,30,9.4937,286,90.5063,43,241,1,31,fullownr_proxy,"between transfer events; residency from 2026 fullownr proxy applied after first transfer; historical owner addresses not in sales extract; active TMKs: 239004082, 239004143, 239004144"
collective,,2001/01/25,2001/01/27,316,13.7658,76.7405,9.4937,29,9.1772,287,90.8228,43,242,1,30,fullownr_proxy,"between transfer events; residency from 2026 fullownr proxy applied after first transfer; historical owner addresses not in sales extract; active TMKs: 239004082, 239004143, 239004144"
collective,,2001/01/28,2001/02/04,316,13.7658,76.7405,9.4937,29,9.1772,287,90.8228,43,242,1,30,fullownr_proxy,"between transfer events; residency from 2026 fullownr proxy applied after first transfer; historical owner addresses not in sales extract; active TMKs: 239004082, 239004143, 239004144"
collective,,2001/02/05,2001/02/06,316,13.7658,76.7405,9.4937,29,9.1772,287,90.8228,43,242,1,30,fullownr_proxy,"between transfer events; residency from 2026 fullownr proxy applied after first transfer; historical owner addresses not in sales extract; active TMKs: 239004082, 239004143, 239004144"
collective,,2001/02/07,2001/02/07,316,13.7658,76.7405,9.4937,29,9.1772,287,90.8228,43,242,1,30,fullownr_proxy,"between transfer events; residency from 2026 fullownr proxy applied after first transfer; historical owner addresses not in sales extract; active TMKs: 239004082, 239004143, 239004144"
collective,,2001/02/08,2001/02/08,316,13.7658,76.7405,9.4937,29,9.1772,287,90.8228,43,242,1,30,fullownr_proxy,"between transfer events; residency from 2026 fullownr proxy applied after first transfer; historical owner addresses not in sales extract; active TMKs: 239004082, 239004143, 239004144"
collective,,2001/02/09,2001/02/22,316,13.7658,77.0570,9.1772,28,8.8608,288,91.1392,43,243,1,29,fullownr_proxy,"between transfer events; residency from 2026 fullownr proxy applied after first transfer; historical owner addresses not in sales extract; active TMKs: 239004082, 239004143, 239004144"
collective,,2001/02/23,2001/03/01,316,13.7658,77.0570,9.1772,28,8.8608,288,91.1392,43,243,1,29,fullownr_proxy,"between transfer events; residency from 2026 fullownr proxy applied after first transfer; historical owner addresses not in sales extract; active TMKs: 239004082, 239004143, 239004144"
collective,,2001/03/02,2001/03/02,316,13.7658,77.0570,9.1772,28,8.8608,288,91.1392,43,243,1,29,fullownr_proxy,"between transfer events; residency from 2026 fullownr proxy applied after first transfer; historical owner addresses not in sales extract; active TMKs: 239004082, 239004143, 239004144"
collective,,2001/03/03,2001/03/13,316,13.7658,77.3734,8.8608,27,8.5443,289,91.4557,43,244,1,28,fullownr_proxy,"between transfer events; residency from 2026 fullownr proxy applied after first transfer; historical owner addresses not in sales extract; active TMKs: 239004082, 239004143, 239004144"
collective,,2001/03/14,2001/03/20,316,14.0823,77.6899,8.2278,25,7.9114,291,92.0886,44,245,1,26,fullownr_proxy,"between transfer events; residency from 2026 fullownr proxy applied after first transfer; historical owner addresses not in sales extract; active TMKs: 239004082, 239004143, 239004144"
collective,,2001/03/21,2001/03/21,316,14.0823,78.0063,7.9114,24,7.5949,292,92.4051,44,246,1,25,fullownr_proxy,"between transfer events; residency from 2026 fullownr proxy applied after first transfer; historical owner addresses not in sales extract; active TMKs: 239004082, 239004143, 239004144"
collective,,2001/03/22,2001/03/25,316,14.0823,78.0063,7.9114,24,7.5949,292,92.4051,44,246,1,25,fullownr_proxy,"between transfer events; residency from 2026 fullownr proxy applied after first transfer; historical owner addresses not in sales extract; active TMKs: 239004082, 239004143, 239004144"
collective,,2001/03/26,2001/03/26,316,14.0823,78.3228,7.5949,23,7.2785,293,92.7215,44,247,1,24,fullownr_proxy,"between transfer events; residency from 2026 fullownr proxy applied after first transfer; historical owner addresses not in sales extract; active TMKs: 239004082, 239004143, 239004144"
collective,,2001/03/27,2001/03/27,316,14.3987,78.3228,7.2785,22,6.9620,294,93.0380,45,247,1,23,fullownr_proxy,"between transfer events; residency from 2026 fullownr proxy applied after first transfer; historical owner addresses not in sales extract; active TMKs: 239004082, 239004143, 239004144"
collective,,2001/03/28,2001/03/31,316,14.3987,78.3228,7.2785,22,6.9620,294,93.0380,45,247,1,23,fullownr_proxy,"between transfer events; residency from 2026 fullownr proxy applied after first transfer; historical owner addresses not in sales extract; active TMKs: 239004082, 239004143, 239004144"
collective,,2001/04/01,2001/04/03,316,14.3987,78.3228,7.2785,22,6.9620,294,93.0380,45,247,1,23,fullownr_proxy,"between transfer events; residency from 2026 fullownr proxy applied after first transfer; historical owner addresses not in sales extract; active TMKs: 239004082, 239004143, 239004144"
collective,,2001/04/04,2001/04/09,316,14.3987,78.3228,7.2785,22,6.9620,294,93.0380,45,247,1,23,fullownr_proxy,"between transfer events; residency from 2026 fullownr proxy applied after first transfer; historical owner addresses not in sales extract; active TMKs: 239004082, 239004143, 239004144"
collective,,2001/04/10,2001/04/11,316,14.3987,78.6392,6.9620,21,6.6456,295,93.3544,45,248,1,22,fullownr_proxy,"between transfer events; residency from 2026 fullownr proxy applied after first transfer; historical owner addresses not in sales extract; active TMKs: 239004082, 239004143, 239004144"
collective,,2001/04/12,2001/04/24,316,14.3987,78.9557,6.6456,20,6.3291,296,93.6709,45,249,1,21,fullownr_proxy,"between transfer events; residency from 2026 fullownr proxy applied after first transfer; historical owner addresses not in sales extract; active TMKs: 239004082, 239004143, 239004144"
collective,,2001/04/25,2001/04/25,316,14.3987,78.9557,6.6456,20,6.3291,296,93.6709,45,249,1,21,fullownr_proxy,"between transfer events; residency from 2026 fullownr proxy applied after first transfer; historical owner addresses not in sales extract; active TMKs: 239004082, 239004143, 239004144"
collective,,2001/04/26,2001/04/26,316,14.3987,78.9557,6.6456,20,6.3291,296,93.6709,45,249,1,21,fullownr_proxy,"between transfer events; residency from 2026 fullownr proxy applied after first transfer; historical owner addresses not in sales extract; active TMKs: 239004082, 239004143, 239004144"
collective,,2001/04/27,2001/05/13,316,14.3987,79.2722,6.3291,19,6.0127,297,93.9873,45,250,1,20,fullownr_proxy,"between transfer events; residency from 2026 fullownr proxy applied after first transfer; historical owner addresses not in sales extract; active TMKs: 239004082, 239004143, 239004144"
collective,,2001/05/14,2001/05/28,316,14.3987,79.2722,6.3291,19,6.0127,297,93.9873,45,250,1,20,fullownr_proxy,"between transfer events; residency from 2026 fullownr proxy applied after first transfer; historical owner addresses not in sales extract; active TMKs: 239004082, 239004143, 239004144"
collective,,2001/05/29,2001/06/01,316,14.3987,79.5886,6.0127,18,5.6962,298,94.3038,45,251,1,19,fullownr_proxy,"between transfer events; residency from 2026 fullownr proxy applied after first transfer; historical owner addresses not in sales extract; active TMKs: 239004082, 239004143, 239004144"
collective,,2001/06/02,2001/06/06,316,14.3987,79.9051,5.6962,17,5.3797,299,94.6203,45,252,1,18,fullownr_proxy,"between transfer events; residency from 2026 fullownr proxy applied after first transfer; historical owner addresses not in sales extract; active TMKs: 239004082, 239004143, 239004144"
collective,,2001/06/07,2001/06/07,316,14.3987,80.2215,5.3797,16,5.0633,300,94.9367,45,253,1,17,fullownr_proxy,"between transfer events; residency from 2026 fullownr proxy applied after first transfer; historical owner addresses not in sales extract; active TMKs: 239004082, 239004143, 239004144"
collective,,2001/06/08,2001/06/12,316,14.3987,80.5380,5.0633,15,4.7468,301,95.2532,45,254,1,16,fullownr_proxy,"between transfer events; residency from 2026 fullownr proxy applied after first transfer; historical owner addresses not in sales extract; active TMKs: 239004082, 239004143, 239004144"
collective,,2001/06/13,2001/06/14,316,14.3987,80.8544,4.7468,14,4.4304,302,95.5696,45,255,1,15,fullownr_proxy,"between transfer events; residency from 2026 fullownr proxy applied after first transfer; historical owner addresses not in sales extract; active TMKs: 239004082, 239004143, 239004144"
collective,,2001/06/15,2001/06/18,316,14.3987,81.1709,4.4304,13,4.1139,303,95.8861,45,256,1,14,fullownr_proxy,"between transfer events; residency from 2026 fullownr proxy applied after first transfer; historical owner addresses not in sales extract; active TMKs: 239004082, 239004143, 239004144"
collective,,2001/06/19,2001/06/20,316,14.3987,81.8038,3.7975,11,3.4810,305,96.5190,45,258,1,12,fullownr_proxy,"between transfer events; residency from 2026 fullownr proxy applied after first transfer; historical owner addresses not in sales extract; active TMKs: 239004082, 239004143, 239004144"
collective,,2001/06/21,2001/06/27,316,14.3987,81.8038,3.7975,11,3.4810,305,96.5190,45,258,1,12,fullownr_proxy,"between transfer events; residency from 2026 fullownr proxy applied after first transfer; historical owner addresses not in sales extract; active TMKs: 239004082, 239004143, 239004144"
collective,,2001/06/28,2001/07/08,316,14.7152,81.8038,3.4810,10,3.1646,306,96.8354,46,258,1,11,fullownr_proxy,"between transfer events; residency from 2026 fullownr proxy applied after first transfer; historical owner addresses not in sales extract; active TMKs: 239004082, 239004143, 239004144"
collective,,2001/07/09,2001/07/19,316,14.7152,81.8038,3.4810,10,3.1646,306,96.8354,46,258,1,11,fullownr_proxy,"between transfer events; residency from 2026 fullownr proxy applied after first transfer; historical owner addresses not in sales extract; active TMKs: 239004082, 239004143, 239004144"
collective,,2001/07/20,2001/07/22,316,14.7152,81.8038,3.4810,10,3.1646,306,96.8354,46,258,1,11,fullownr_proxy,"between transfer events; residency from 2026 fullownr proxy applied after first transfer; historical owner addresses not in sales extract; active TMKs: 239004082, 239004143, 239004144"
collective,,2001/07/23,2001/08/02,316,14.7152,82.1203,3.1646,9,2.8481,307,97.1519,46,259,1,10,fullownr_proxy,"between transfer events; residency from 2026 fullownr proxy applied after first transfer; historical owner addresses not in sales extract; active TMKs: 239004082, 239004143, 239004144"
collective,,2001/08/03,2001/08/07,316,14.7152,82.1203,3.1646,9,2.8481,307,97.1519,46,259,1,10,fullownr_proxy,"between transfer events; residency from 2026 fullownr proxy applied after first transfer; historical owner addresses not in sales extract; active TMKs: 239004082, 239004143, 239004144"
collective,,2001/08/08,2001/08/08,316,14.7152,82.1203,3.1646,9,2.8481,307,97.1519,46,259,1,10,fullownr_proxy,"between transfer events; residency from 2026 fullownr proxy applied after first transfer; historical owner addresses not in sales extract; active TMKs: 239004082, 239004143, 239004144"
collective,,2001/08/09,2001/08/15,316,14.7152,82.1203,3.1646,9,2.8481,307,97.1519,46,259,1,10,fullownr_proxy,"between transfer events; residency from 2026 fullownr proxy applied after first transfer; historical owner addresses not in sales extract; active TMKs: 239004082, 239004143, 239004144"
collective,,2001/08/16,2001/08/16,316,14.7152,82.1203,3.1646,9,2.8481,307,97.1519,46,259,1,10,fullownr_proxy,"between transfer events; residency from 2026 fullownr proxy applied after first transfer; historical owner addresses not in sales extract; active TMKs: 239004082, 239004143, 239004144"
collective,,2001/08/17,2001/08/28,316,14.7152,82.1203,3.1646,9,2.8481,307,97.1519,46,259,1,10,fullownr_proxy,"between transfer events; residency from 2026 fullownr proxy applied after first transfer; historical owner addresses not in sales extract; active TMKs: 239004082, 239004143, 239004144"
collective,,2001/08/29,2001/09/17,316,14.7152,82.1203,3.1646,9,2.8481,307,97.1519,46,259,1,10,fullownr_proxy,"between transfer events; residency from 2026 fullownr proxy applied after first transfer; historical owner addresses not in sales extract; active TMKs: 239004082, 239004143, 239004144"
collective,,2001/09/18,2001/09/24,316,14.7152,82.4367,2.8481,8,2.5316,308,97.4684,46,260,1,9,fullownr_proxy,"between transfer events; residency from 2026 fullownr proxy applied after first transfer; historical owner addresses not in sales extract; active TMKs: 239004082, 239004143, 239004144"
collective,,2001/09/25,2001/09/27,316,14.7152,82.4367,2.8481,8,2.5316,308,97.4684,46,260,1,9,fullownr_proxy,"between transfer events; residency from 2026 fullownr proxy applied after first transfer; historical owner addresses not in sales extract; active TMKs: 239004082, 239004143, 239004144"
collective,,2001/09/28,2001/10/11,316,14.7152,82.4367,2.8481,8,2.5316,308,97.4684,46,260,1,9,fullownr_proxy,"between transfer events; residency from 2026 fullownr proxy applied after first transfer; historical owner addresses not in sales extract; active TMKs: 239004082, 239004143, 239004144"
collective,,2001/10/12,2001/12/03,316,14.7152,82.7532,2.5316,7,2.2152,309,97.7848,46,261,1,8,fullownr_proxy,"between transfer events; residency from 2026 fullownr proxy applied after first transfer; historical owner addresses not in sales extract; active TMKs: 239004082, 239004143, 239004144"
collective,,2001/12/04,2001/12/11,316,14.7152,82.7532,2.5316,7,2.2152,309,97.7848,46,261,1,8,fullownr_proxy,"between transfer events; residency from 2026 fullownr proxy applied after first transfer; historical owner addresses not in sales extract; active TMKs: 239004082, 239004143, 239004144"
collective,,2001/12/12,2002/01/03,316,14.7152,82.7532,2.5316,7,2.2152,309,97.7848,46,261,1,8,fullownr_proxy,"between transfer events; residency from 2026 fullownr proxy applied after first transfer; historical owner addresses not in sales extract; active TMKs: 239004082, 239004143, 239004144"
collective,,2002/01/04,2002/01/09,316,14.7152,82.7532,2.5316,7,2.2152,309,97.7848,46,261,1,8,fullownr_proxy,"between transfer events; residency from 2026 fullownr proxy applied after first transfer; historical owner addresses not in sales extract; active TMKs: 239004082, 239004143, 239004144"
collective,,2002/01/10,2002/01/31,316,14.7152,82.7532,2.5316,7,2.2152,309,97.7848,46,261,1,8,fullownr_proxy,"between transfer events; residency from 2026 fullownr proxy applied after first transfer; historical owner addresses not in sales extract; active TMKs: 239004082, 239004143, 239004144"
collective,,2002/02/01,2002/02/07,316,14.7152,82.7532,2.5316,7,2.2152,309,97.7848,46,261,1,8,fullownr_proxy,"between transfer events; residency from 2026 fullownr proxy applied after first transfer; historical owner addresses not in sales extract; active TMKs: 239004082, 239004143, 239004144"
collective,,2002/02/08,2002/02/27,316,14.7152,82.7532,2.5316,7,2.2152,309,97.7848,46,261,1,8,fullownr_proxy,"between transfer events; residency from 2026 fullownr proxy applied after first transfer; historical owner addresses not in sales extract; active TMKs: 239004082, 239004143, 239004144"
collective,,2002/02/28,2002/02/28,316,14.7152,83.0696,2.2152,6,1.8987,310,98.1013,46,262,1,7,fullownr_proxy,"between transfer events; residency from 2026 fullownr proxy applied after first transfer; historical owner addresses not in sales extract; active TMKs: 239004082, 239004143, 239004144"
collective,,2002/03/01,2002/03/06,316,14.7152,83.0696,2.2152,6,1.8987,310,98.1013,46,262,1,7,fullownr_proxy,"between transfer events; residency from 2026 fullownr proxy applied after first transfer; historical owner addresses not in sales extract; active TMKs: 239004082, 239004143, 239004144"
collective,,2002/03/07,2002/03/07,316,14.7152,83.0696,2.2152,6,1.8987,310,98.1013,46,262,1,7,fullownr_proxy,"between transfer events; residency from 2026 fullownr proxy applied after first transfer; historical owner addresses not in sales extract; active TMKs: 239004082, 239004143, 239004144"
collective,,2002/03/08,2002/03/10,316,14.7152,83.0696,2.2152,6,1.8987,310,98.1013,46,262,1,7,fullownr_proxy,"between transfer events; residency from 2026 fullownr proxy applied after first transfer; historical owner addresses not in sales extract; active TMKs: 239004082, 239004143, 239004144"
collective,,2002/03/11,2002/03/11,316,14.7152,83.0696,2.2152,6,1.8987,310,98.1013,46,262,1,7,fullownr_proxy,"between transfer events; residency from 2026 fullownr proxy applied after first transfer; historical owner addresses not in sales extract; active TMKs: 239004082, 239004143, 239004144"
collective,,2002/03/12,2002/03/17,316,14.7152,83.0696,2.2152,6,1.8987,310,98.1013,46,262,1,7,fullownr_proxy,"between transfer events; residency from 2026 fullownr proxy applied after first transfer; historical owner addresses not in sales extract; active TMKs: 239004082, 239004143, 239004144"
collective,,2002/03/18,2002/04/03,316,14.7152,83.3861,1.8987,5,1.5823,311,98.4177,46,263,1,6,fullownr_proxy,"between transfer events; residency from 2026 fullownr proxy applied after first transfer; historical owner addresses not in sales extract; active TMKs: 239004082, 239004143, 239004144"
collective,,2002/04/04,2002/04/24,316,14.7152,83.3861,1.8987,5,1.5823,311,98.4177,46,263,1,6,fullownr_proxy,"between transfer events; residency from 2026 fullownr proxy applied after first transfer; historical owner addresses not in sales extract; active TMKs: 239004082, 239004143, 239004144"
collective,,2002/04/25,2002/04/29,316,14.7152,83.3861,1.8987,5,1.5823,311,98.4177,46,263,1,6,fullownr_proxy,"between transfer events; residency from 2026 fullownr proxy applied after first transfer; historical owner addresses not in sales extract; active TMKs: 239004082, 239004143, 239004144"
collective,,2002/04/30,2002/04/30,316,14.7152,83.3861,1.8987,5,1.5823,311,98.4177,46,263,1,6,fullownr_proxy,"between transfer events; residency from 2026 fullownr proxy applied after first transfer; historical owner addresses not in sales extract; active TMKs: 239004082, 239004143, 239004144"
collective,,2002/05/01,2002/05/05,316,14.7152,83.3861,1.8987,5,1.5823,311,98.4177,46,263,1,6,fullownr_proxy,"between transfer events; residency from 2026 fullownr proxy applied after first transfer; historical owner addresses not in sales extract; active TMKs: 239004082, 239004143, 239004144"
collective,,2002/05/06,2002/05/08,316,14.7152,83.3861,1.8987,5,1.5823,311,98.4177,46,263,1,6,fullownr_proxy,"between transfer events; residency from 2026 fullownr proxy applied after first transfer; historical owner addresses not in sales extract; active TMKs: 239004082, 239004143, 239004144"
collective,,2002/05/09,2002/05/10,316,14.7152,83.3861,1.8987,5,1.5823,311,98.4177,46,263,1,6,fullownr_proxy,"between transfer events; residency from 2026 fullownr proxy applied after first transfer; historical owner addresses not in sales extract; active TMKs: 239004082, 239004143, 239004144"
collective,,2002/05/11,2002/05/13,316,14.7152,83.3861,1.8987,5,1.5823,311,98.4177,46,263,1,6,fullownr_proxy,"between transfer events; residency from 2026 fullownr proxy applied after first transfer; historical owner addresses not in sales extract; active TMKs: 239004082, 239004143, 239004144"
collective,,2002/05/14,2002/05/22,316,14.7152,83.3861,1.8987,5,1.5823,311,98.4177,46,263,1,6,fullownr_proxy,"between transfer events; residency from 2026 fullownr proxy applied after first transfer; historical owner addresses not in sales extract; active TMKs: 239004082, 239004143, 239004144"
collective,,2002/05/23,2002/05/24,316,14.7152,83.3861,1.8987,5,1.5823,311,98.4177,46,263,1,6,fullownr_proxy,"between transfer events; residency from 2026 fullownr proxy applied after first transfer; historical owner addresses not in sales extract; active TMKs: 239004082, 239004143, 239004144"
collective,,2002/05/25,2002/05/27,316,14.7152,83.3861,1.8987,5,1.5823,311,98.4177,46,263,1,6,fullownr_proxy,"between transfer events; residency from 2026 fullownr proxy applied after first transfer; historical owner addresses not in sales extract; active TMKs: 239004082, 239004143, 239004144"
collective,,2002/05/28,2002/06/13,316,14.7152,83.3861,1.8987,5,1.5823,311,98.4177,46,263,1,6,fullownr_proxy,"between transfer events; residency from 2026 fullownr proxy applied after first transfer; historical owner addresses not in sales extract; active TMKs: 239004082, 239004143, 239004144"
collective,,2002/06/14,2002/06/18,316,14.7152,83.3861,1.8987,5,1.5823,311,98.4177,46,263,1,6,fullownr_proxy,"between transfer events; residency from 2026 fullownr proxy applied after first transfer; historical owner addresses not in sales extract; active TMKs: 239004082, 239004143, 239004144"
collective,,2002/06/19,2002/06/19,316,14.7152,83.3861,1.8987,5,1.5823,311,98.4177,46,263,1,6,fullownr_proxy,"between transfer events; residency from 2026 fullownr proxy applied after first transfer; historical owner addresses not in sales extract; active TMKs: 239004082, 239004143, 239004144"
collective,,2002/06/20,2002/06/25,316,14.7152,83.7025,1.5823,4,1.2658,312,98.7342,46,264,1,5,fullownr_proxy,"between transfer events; residency from 2026 fullownr proxy applied after first transfer; historical owner addresses not in sales extract; active TMKs: 239004082, 239004143, 239004144"
collective,,2002/06/26,2002/07/21,316,14.7152,83.7025,1.5823,4,1.2658,312,98.7342,46,264,1,5,fullownr_proxy,"between transfer events; residency from 2026 fullownr proxy applied after first transfer; historical owner addresses not in sales extract; active TMKs: 239004082, 239004143, 239004144"
collective,,2002/07/22,2002/07/23,316,14.7152,83.7025,1.5823,4,1.2658,312,98.7342,46,264,1,5,fullownr_proxy,"between transfer events; residency from 2026 fullownr proxy applied after first transfer; historical owner addresses not in sales extract; active TMKs: 239004082, 239004143, 239004144"
collective,,2002/07/24,2002/07/24,316,14.7152,83.7025,1.5823,4,1.2658,312,98.7342,46,264,1,5,fullownr_proxy,"between transfer events; residency from 2026 fullownr proxy applied after first transfer; historical owner addresses not in sales extract; active TMKs: 239004082, 239004143, 239004144"
collective,,2002/07/25,2002/08/01,316,14.7152,83.7025,1.5823,4,1.2658,312,98.7342,46,264,1,5,fullownr_proxy,"between transfer events; residency from 2026 fullownr proxy applied after first transfer; historical owner addresses not in sales extract; active TMKs: 239004082, 239004143, 239004144"
collective,,2002/08/02,2002/08/08,316,14.7152,84.0190,1.2658,3,0.9494,313,99.0506,46,265,1,4,fullownr_proxy,"between transfer events; residency from 2026 fullownr proxy applied after first transfer; historical owner addresses not in sales extract; active TMKs: 239004082, 239004143, 239004144"
collective,,2002/08/09,2002/08/11,316,14.7152,84.0190,1.2658,3,0.9494,313,99.0506,46,265,1,4,fullownr_proxy,"between transfer events; residency from 2026 fullownr proxy applied after first transfer; historical owner addresses not in sales extract; active TMKs: 239004082, 239004143, 239004144"
collective,,2002/08/12,2002/08/19,316,14.7152,84.3354,0.9494,2,0.6329,314,99.3671,46,266,1,3,fullownr_proxy,"between transfer events; residency from 2026 fullownr proxy applied after first transfer; historical owner addresses not in sales extract; active TMKs: 239004082, 239004143, 239004144"
collective,,2002/08/20,2002/08/25,316,14.7152,84.3354,0.9494,2,0.6329,314,99.3671,46,266,1,3,fullownr_proxy,"between transfer events; residency from 2026 fullownr proxy applied after first transfer; historical owner addresses not in sales extract; active TMKs: 239004082, 239004143, 239004144"
collective,,2002/08/26,2002/08/28,316,14.7152,84.3354,0.9494,2,0.6329,314,99.3671,46,266,1,3,fullownr_proxy,"between transfer events; residency from 2026 fullownr proxy applied after first transfer; historical owner addresses not in sales extract; active TMKs: 239004082, 239004143, 239004144"
collective,,2002/08/29,2002/09/02,316,14.7152,84.3354,0.9494,2,0.6329,314,99.3671,46,266,1,3,fullownr_proxy,"between transfer events; residency from 2026 fullownr proxy applied after first transfer; historical owner addresses not in sales extract; active TMKs: 239004082, 239004143, 239004144"
collective,,2002/09/03,2002/10/14,316,14.7152,84.3354,0.9494,2,0.6329,314,99.3671,46,266,1,3,fullownr_proxy,"between transfer events; residency from 2026 fullownr proxy applied after first transfer; historical owner addresses not in sales extract; active TMKs: 239004082, 239004143, 239004144"
collective,,2002/10/15,2002/10/21,316,14.7152,84.3354,0.9494,2,0.6329,314,99.3671,46,266,1,3,fullownr_proxy,"between transfer events; residency from 2026 fullownr proxy applied after first transfer; historical owner addresses not in sales extract; active TMKs: 239004082, 239004143, 239004144"
collective,,2002/10/22,2002/10/27,316,14.7152,84.3354,0.9494,2,0.6329,314,99.3671,46,266,1,3,fullownr_proxy,"between transfer events; residency from 2026 fullownr proxy applied after first transfer; historical owner addresses not in sales extract; active TMKs: 239004082, 239004143, 239004144"
collective,,2002/10/28,2002/10/30,316,14.7152,84.3354,0.9494,2,0.6329,314,99.3671,46,266,1,3,fullownr_proxy,"between transfer events; residency from 2026 fullownr proxy applied after first transfer; historical owner addresses not in sales extract; active TMKs: 239004082, 239004143, 239004144"
collective,,2002/10/31,2002/11/03,316,14.7152,84.3354,0.9494,2,0.6329,314,99.3671,46,266,1,3,fullownr_proxy,"between transfer events; residency from 2026 fullownr proxy applied after first transfer; historical owner addresses not in sales extract; active TMKs: 239004082, 239004143, 239004144"
collective,,2002/11/04,2002/11/04,316,14.7152,84.3354,0.9494,2,0.6329,314,99.3671,46,266,1,3,fullownr_proxy,"between transfer events; residency from 2026 fullownr proxy applied after first transfer; historical owner addresses not in sales extract; active TMKs: 239004082, 239004143, 239004144"
collective,,2002/11/05,2002/11/05,316,14.7152,84.3354,0.9494,2,0.6329,314,99.3671,46,266,1,3,fullownr_proxy,"between transfer events; residency from 2026 fullownr proxy applied after first transfer; historical owner addresses not in sales extract; active TMKs: 239004082, 239004143, 239004144"
collective,,2002/11/06,2002/11/06,316,14.7152,84.3354,0.9494,2,0.6329,314,99.3671,46,266,1,3,fullownr_proxy,"between transfer events; residency from 2026 fullownr proxy applied after first transfer; historical owner addresses not in sales extract; active TMKs: 239004082, 239004143, 239004144"
collective,,2002/11/07,2002/11/18,316,14.7152,84.3354,0.9494,2,0.6329,314,99.3671,46,266,1,3,fullownr_proxy,"between transfer events; residency from 2026 fullownr proxy applied after first transfer; historical owner addresses not in sales extract; active TMKs: 239004082, 239004143, 239004144"
collective,,2002/11/19,2002/11/26,316,14.7152,84.3354,0.9494,2,0.6329,314,99.3671,46,266,1,3,fullownr_proxy,"between transfer events; residency from 2026 fullownr proxy applied after first transfer; historical owner addresses not in sales extract; active TMKs: 239004082, 239004143, 239004144"
collective,,2002/11/27,2002/12/02,316,14.7152,84.3354,0.9494,2,0.6329,314,99.3671,46,266,1,3,fullownr_proxy,"between transfer events; residency from 2026 fullownr proxy applied after first transfer; historical owner addresses not in sales extract; active TMKs: 239004082, 239004143, 239004144"
collective,,2002/12/03,2002/12/09,316,14.7152,84.3354,0.9494,2,0.6329,314,99.3671,46,266,1,3,fullownr_proxy,"between transfer events; residency from 2026 fullownr proxy applied after first transfer; historical owner addresses not in sales extract; active TMKs: 239004082, 239004143, 239004144"
collective,,2002/12/10,2002/12/16,316,14.7152,84.3354,0.9494,2,0.6329,314,99.3671,46,266,1,3,fullownr_proxy,"between transfer events; residency from 2026 fullownr proxy applied after first transfer; historical owner addresses not in sales extract; active TMKs: 239004082, 239004143, 239004144"
collective,,2002/12/17,2002/12/25,316,14.7152,84.3354,0.9494,2,0.6329,314,99.3671,46,266,1,3,fullownr_proxy,"between transfer events; residency from 2026 fullownr proxy applied after first transfer; historical owner addresses not in sales extract; active TMKs: 239004082, 239004143, 239004144"
collective,,2002/12/26,2002/12/26,316,14.7152,84.3354,0.9494,2,0.6329,314,99.3671,46,266,1,3,fullownr_proxy,"between transfer events; residency from 2026 fullownr proxy applied after first transfer; historical owner addresses not in sales extract; active TMKs: 239004082, 239004143, 239004144"
collective,,2002/12/27,2003/01/06,316,14.7152,84.3354,0.9494,2,0.6329,314,99.3671,46,266,1,3,fullownr_proxy,"between transfer events; residency from 2026 fullownr proxy applied after first transfer; historical owner addresses not in sales extract; active TMKs: 239004082, 239004143, 239004144"
collective,,2003/01/07,2003/01/07,316,14.7152,84.3354,0.9494,2,0.6329,314,99.3671,46,266,1,3,fullownr_proxy,"between transfer events; residency from 2026 fullownr proxy applied after first transfer; historical owner addresses not in sales extract; active TMKs: 239004082, 239004143, 239004144"
collective,,2003/01/08,2003/01/12,316,14.7152,84.3354,0.9494,2,0.6329,314,99.3671,46,266,1,3,fullownr_proxy,"between transfer events; residency from 2026 fullownr proxy applied after first transfer; historical owner addresses not in sales extract; active TMKs: 239004082, 239004143, 239004144"
collective,,2003/01/13,2003/01/16,316,14.7152,84.3354,0.9494,2,0.6329,314,99.3671,46,266,1,3,fullownr_proxy,"between transfer events; residency from 2026 fullownr proxy applied after first transfer; historical owner addresses not in sales extract; active TMKs: 239004082, 239004143, 239004144"
collective,,2003/01/17,2003/01/23,316,14.7152,84.3354,0.9494,2,0.6329,314,99.3671,46,266,1,3,fullownr_proxy,"between transfer events; residency from 2026 fullownr proxy applied after first transfer; historical owner addresses not in sales extract; active TMKs: 239004082, 239004143, 239004144"
collective,,2003/01/24,2003/01/27,316,14.7152,84.3354,0.9494,2,0.6329,314,99.3671,46,266,1,3,fullownr_proxy,"between transfer events; residency from 2026 fullownr proxy applied after first transfer; historical owner addresses not in sales extract; active TMKs: 239004082, 239004143, 239004144"
collective,,2003/01/28,2003/02/02,316,14.7152,84.3354,0.9494,2,0.6329,314,99.3671,46,266,1,3,fullownr_proxy,"between transfer events; residency from 2026 fullownr proxy applied after first transfer; historical owner addresses not in sales extract; active TMKs: 239004082, 239004143, 239004144"
collective,,2003/02/03,2003/02/09,316,14.7152,84.3354,0.9494,2,0.6329,314,99.3671,46,266,1,3,fullownr_proxy,"between transfer events; residency from 2026 fullownr proxy applied after first transfer; historical owner addresses not in sales extract; active TMKs: 239004082, 239004143, 239004144"
collective,,2003/02/10,2003/02/11,316,14.7152,84.3354,0.9494,2,0.6329,314,99.3671,46,266,1,3,fullownr_proxy,"between transfer events; residency from 2026 fullownr proxy applied after first transfer; historical owner addresses not in sales extract; active TMKs: 239004082, 239004143, 239004144"
collective,,2003/02/12,2003/02/23,316,14.7152,84.3354,0.9494,2,0.6329,314,99.3671,46,266,1,3,fullownr_proxy,"between transfer events; residency from 2026 fullownr proxy applied after first transfer; historical owner addresses not in sales extract; active TMKs: 239004082, 239004143, 239004144"
collective,,2003/02/24,2003/02/27,316,14.7152,84.3354,0.9494,2,0.6329,314,99.3671,46,266,1,3,fullownr_proxy,"between transfer events; residency from 2026 fullownr proxy applied after first transfer; historical owner addresses not in sales extract; active TMKs: 239004082, 239004143, 239004144"
collective,,2003/02/28,2003/03/02,316,14.7152,84.3354,0.9494,2,0.6329,314,99.3671,46,266,1,3,fullownr_proxy,"between transfer events; residency from 2026 fullownr proxy applied after first transfer; historical owner addresses not in sales extract; active TMKs: 239004082, 239004143, 239004144"
collective,,2003/03/03,2003/03/03,316,14.7152,84.3354,0.9494,2,0.6329,314,99.3671,46,266,1,3,fullownr_proxy,"between transfer events; residency from 2026 fullownr proxy applied after first transfer; historical owner addresses not in sales extract; active TMKs: 239004082, 239004143, 239004144"
collective,,2003/03/04,2003/03/04,316,14.7152,84.3354,0.9494,2,0.6329,314,99.3671,46,266,1,3,fullownr_proxy,"between transfer events; residency from 2026 fullownr proxy applied after first transfer; historical owner addresses not in sales extract; active TMKs: 239004082, 239004143, 239004144"
collective,,2003/03/05,2003/03/05,316,14.7152,84.3354,0.9494,2,0.6329,314,99.3671,46,266,1,3,fullownr_proxy,"between transfer events; residency from 2026 fullownr proxy applied after first transfer; historical owner addresses not in sales extract; active TMKs: 239004082, 239004143, 239004144"
collective,,2003/03/06,2003/03/09,316,14.7152,84.3354,0.9494,2,0.6329,314,99.3671,46,266,1,3,fullownr_proxy,"between transfer events; residency from 2026 fullownr proxy applied after first transfer; historical owner addresses not in sales extract; active TMKs: 239004082, 239004143, 239004144"
collective,,2003/03/10,2003/03/25,316,14.7152,84.3354,0.9494,2,0.6329,314,99.3671,46,266,1,3,fullownr_proxy,"between transfer events; residency from 2026 fullownr proxy applied after first transfer; historical owner addresses not in sales extract; active TMKs: 239004082, 239004143, 239004144"
collective,,2003/03/26,2003/03/26,316,14.7152,84.3354,0.9494,2,0.6329,314,99.3671,46,266,1,3,fullownr_proxy,"between transfer events; residency from 2026 fullownr proxy applied after first transfer; historical owner addresses not in sales extract; active TMKs: 239004082, 239004143, 239004144"
collective,,2003/03/27,2003/04/06,316,14.7152,84.3354,0.9494,2,0.6329,314,99.3671,46,266,1,3,fullownr_proxy,"between transfer events; residency from 2026 fullownr proxy applied after first transfer; historical owner addresses not in sales extract; active TMKs: 239004082, 239004143, 239004144"
collective,,2003/04/07,2003/04/09,316,14.7152,84.3354,0.9494,2,0.6329,314,99.3671,46,266,1,3,fullownr_proxy,"between transfer events; residency from 2026 fullownr proxy applied after first transfer; historical owner addresses not in sales extract; active TMKs: 239004082, 239004143, 239004144"
collective,,2003/04/10,2003/04/13,316,14.7152,84.3354,0.9494,2,0.6329,314,99.3671,46,266,1,3,fullownr_proxy,"between transfer events; residency from 2026 fullownr proxy applied after first transfer; historical owner addresses not in sales extract; active TMKs: 239004082, 239004143, 239004144"
collective,,2003/04/14,2003/04/14,316,14.7152,84.3354,0.9494,2,0.6329,314,99.3671,46,266,1,3,fullownr_proxy,"between transfer events; residency from 2026 fullownr proxy applied after first transfer; historical owner addresses not in sales extract; active TMKs: 239004082, 239004143, 239004144"
collective,,2003/04/15,2003/04/28,316,14.7152,84.3354,0.9494,2,0.6329,314,99.3671,46,266,1,3,fullownr_proxy,"between transfer events; residency from 2026 fullownr proxy applied after first transfer; historical owner addresses not in sales extract; active TMKs: 239004082, 239004143, 239004144"
collective,,2003/04/29,2003/06/09,316,14.7152,84.3354,0.9494,2,0.6329,314,99.3671,46,266,1,3,fullownr_proxy,"between transfer events; residency from 2026 fullownr proxy applied after first transfer; historical owner addresses not in sales extract; active TMKs: 239004082, 239004143, 239004144"
collective,,2003/06/10,2003/06/11,316,14.7152,84.3354,0.9494,2,0.6329,314,99.3671,46,266,1,3,fullownr_proxy,"between transfer events; residency from 2026 fullownr proxy applied after first transfer; historical owner addresses not in sales extract; active TMKs: 239004082, 239004143, 239004144"
collective,,2003/06/12,2003/06/12,316,14.7152,84.3354,0.9494,2,0.6329,314,99.3671,46,266,1,3,fullownr_proxy,"between transfer events; residency from 2026 fullownr proxy applied after first transfer; historical owner addresses not in sales extract; active TMKs: 239004082, 239004143, 239004144"
collective,,2003/06/13,2003/06/18,316,14.7152,84.3354,0.9494,2,0.6329,314,99.3671,46,266,1,3,fullownr_proxy,"between transfer events; residency from 2026 fullownr proxy applied after first transfer; historical owner addresses not in sales extract; active TMKs: 239004082, 239004143, 239004144"
collective,,2003/06/19,2003/06/22,316,14.7152,84.3354,0.9494,2,0.6329,314,99.3671,46,266,1,3,fullownr_proxy,"between transfer events; residency from 2026 fullownr proxy applied after first transfer; historical owner addresses not in sales extract; active TMKs: 239004082, 239004143, 239004144"
collective,,2003/06/23,2003/06/23,316,14.7152,84.3354,0.9494,2,0.6329,314,99.3671,46,266,1,3,fullownr_proxy,"between transfer events; residency from 2026 fullownr proxy applied after first transfer; historical owner addresses not in sales extract; active TMKs: 239004082, 239004143, 239004144"
collective,,2003/06/24,2003/07/06,316,14.7152,84.3354,0.9494,2,0.6329,314,99.3671,46,266,1,3,fullownr_proxy,"between transfer events; residency from 2026 fullownr proxy applied after first transfer; historical owner addresses not in sales extract; active TMKs: 239004082, 239004143, 239004144"
collective,,2003/07/07,2003/07/08,316,14.7152,84.3354,0.9494,2,0.6329,314,99.3671,46,266,1,3,fullownr_proxy,"between transfer events; residency from 2026 fullownr proxy applied after first transfer; historical owner addresses not in sales extract; active TMKs: 239004082, 239004143, 239004144"
collective,,2003/07/09,2003/07/14,316,14.7152,84.3354,0.9494,2,0.6329,314,99.3671,46,266,1,3,fullownr_proxy,"between transfer events; residency from 2026 fullownr proxy applied after first transfer; historical owner addresses not in sales extract; active TMKs: 239004082, 239004143, 239004144"
collective,,2003/07/15,2003/07/16,316,14.7152,84.3354,0.9494,2,0.6329,314,99.3671,46,266,1,3,fullownr_proxy,"between transfer events; residency from 2026 fullownr proxy applied after first transfer; historical owner addresses not in sales extract; active TMKs: 239004082, 239004143, 239004144"
collective,,2003/07/17,2003/07/23,316,14.7152,84.3354,0.9494,2,0.6329,314,99.3671,46,266,1,3,fullownr_proxy,"between transfer events; residency from 2026 fullownr proxy applied after first transfer; historical owner addresses not in sales extract; active TMKs: 239004082, 239004143, 239004144"
collective,,2003/07/24,2003/08/10,316,14.7152,84.3354,0.9494,2,0.6329,314,99.3671,46,266,1,3,fullownr_proxy,"between transfer events; residency from 2026 fullownr proxy applied after first transfer; historical owner addresses not in sales extract; active TMKs: 239004082, 239004143, 239004144"
collective,,2003/08/11,2003/08/21,316,14.7152,84.3354,0.9494,2,0.6329,314,99.3671,46,266,1,3,fullownr_proxy,"between transfer events; residency from 2026 fullownr proxy applied after first transfer; historical owner addresses not in sales extract; active TMKs: 239004082, 239004143, 239004144"
collective,,2003/08/22,2003/08/25,316,14.7152,84.3354,0.9494,2,0.6329,314,99.3671,46,266,1,3,fullownr_proxy,"between transfer events; residency from 2026 fullownr proxy applied after first transfer; historical owner addresses not in sales extract; active TMKs: 239004082, 239004143, 239004144"
collective,,2003/08/26,2003/08/28,316,14.7152,84.3354,0.9494,2,0.6329,314,99.3671,46,266,1,3,fullownr_proxy,"between transfer events; residency from 2026 fullownr proxy applied after first transfer; historical owner addresses not in sales extract; active TMKs: 239004082, 239004143, 239004144"
collective,,2003/08/29,2003/09/03,316,14.7152,84.3354,0.9494,2,0.6329,314,99.3671,46,266,1,3,fullownr_proxy,"between transfer events; residency from 2026 fullownr proxy applied after first transfer; historical owner addresses not in sales extract; active TMKs: 239004082, 239004143, 239004144"
collective,,2003/09/04,2003/09/04,316,14.7152,84.3354,0.9494,2,0.6329,314,99.3671,46,266,1,3,fullownr_proxy,"between transfer events; residency from 2026 fullownr proxy applied after first transfer; historical owner addresses not in sales extract; active TMKs: 239004082, 239004143, 239004144"
collective,,2003/09/05,2003/09/08,316,14.7152,84.3354,0.9494,2,0.6329,314,99.3671,46,266,1,3,fullownr_proxy,"between transfer events; residency from 2026 fullownr proxy applied after first transfer; historical owner addresses not in sales extract; active TMKs: 239004082, 239004143, 239004144"
collective,,2003/09/09,2003/09/09,316,14.7152,84.3354,0.9494,2,0.6329,314,99.3671,46,266,1,3,fullownr_proxy,"between transfer events; residency from 2026 fullownr proxy applied after first transfer; historical owner addresses not in sales extract; active TMKs: 239004082, 239004143, 239004144"
collective,,2003/09/10,2003/09/10,316,14.7152,84.3354,0.9494,2,0.6329,314,99.3671,46,266,1,3,fullownr_proxy,"between transfer events; residency from 2026 fullownr proxy applied after first transfer; historical owner addresses not in sales extract; active TMKs: 239004082, 239004143, 239004144"
collective,,2003/09/11,2003/09/14,316,14.7152,84.3354,0.9494,2,0.6329,314,99.3671,46,266,1,3,fullownr_proxy,"between transfer events; residency from 2026 fullownr proxy applied after first transfer; historical owner addresses not in sales extract; active TMKs: 239004082, 239004143, 239004144"
collective,,2003/09/15,2003/09/16,316,14.7152,84.3354,0.9494,2,0.6329,314,99.3671,46,266,1,3,fullownr_proxy,"between transfer events; residency from 2026 fullownr proxy applied after first transfer; historical owner addresses not in sales extract; active TMKs: 239004082, 239004143, 239004144"
collective,,2003/09/17,2003/09/17,316,14.7152,84.3354,0.9494,2,0.6329,314,99.3671,46,266,1,3,fullownr_proxy,"between transfer events; residency from 2026 fullownr proxy applied after first transfer; historical owner addresses not in sales extract; active TMKs: 239004082, 239004143, 239004144"
collective,,2003/09/18,2003/09/22,316,14.7152,84.3354,0.9494,2,0.6329,314,99.3671,46,266,1,3,fullownr_proxy,"between transfer events; residency from 2026 fullownr proxy applied after first transfer; historical owner addresses not in sales extract; active TMKs: 239004082, 239004143, 239004144"
collective,,2003/09/23,2003/09/28,316,14.7152,84.3354,0.9494,2,0.6329,314,99.3671,46,266,1,3,fullownr_proxy,"between transfer events; residency from 2026 fullownr proxy applied after first transfer; historical owner addresses not in sales extract; active TMKs: 239004082, 239004143, 239004144"
collective,,2003/09/29,2003/10/13,316,14.7152,84.3354,0.9494,2,0.6329,314,99.3671,46,266,1,3,fullownr_proxy,"between transfer events; residency from 2026 fullownr proxy applied after first transfer; historical owner addresses not in sales extract; active TMKs: 239004082, 239004143, 239004144"
collective,,2003/10/14,2003/10/20,316,14.7152,84.3354,0.9494,2,0.6329,314,99.3671,46,266,1,3,fullownr_proxy,"between transfer events; residency from 2026 fullownr proxy applied after first transfer; historical owner addresses not in sales extract; active TMKs: 239004082, 239004143, 239004144"
collective,,2003/10/21,2003/10/27,316,14.7152,84.3354,0.9494,2,0.6329,314,99.3671,46,266,1,3,fullownr_proxy,"between transfer events; residency from 2026 fullownr proxy applied after first transfer; historical owner addresses not in sales extract; active TMKs: 239004082, 239004143, 239004144"
collective,,2003/10/28,2003/11/02,316,14.7152,84.3354,0.9494,2,0.6329,314,99.3671,46,266,1,3,fullownr_proxy,"between transfer events; residency from 2026 fullownr proxy applied after first transfer; historical owner addresses not in sales extract; active TMKs: 239004082, 239004143, 239004144"
collective,,2003/11/03,2003/11/09,316,14.7152,84.3354,0.9494,2,0.6329,314,99.3671,46,266,1,3,fullownr_proxy,"between transfer events; residency from 2026 fullownr proxy applied after first transfer; historical owner addresses not in sales extract; active TMKs: 239004082, 239004143, 239004144"
collective,,2003/11/10,2003/11/27,316,14.7152,84.3354,0.9494,2,0.6329,314,99.3671,46,266,1,3,fullownr_proxy,"between transfer events; residency from 2026 fullownr proxy applied after first transfer; historical owner addresses not in sales extract; active TMKs: 239004082, 239004143, 239004144"
collective,,2003/11/28,2003/12/02,316,14.7152,84.3354,0.9494,2,0.6329,314,99.3671,46,266,1,3,fullownr_proxy,"between transfer events; residency from 2026 fullownr proxy applied after first transfer; historical owner addresses not in sales extract; active TMKs: 239004082, 239004143, 239004144"
collective,,2003/12/03,2003/12/04,316,14.7152,84.3354,0.9494,2,0.6329,314,99.3671,46,266,1,3,fullownr_proxy,"between transfer events; residency from 2026 fullownr proxy applied after first transfer; historical owner addresses not in sales extract; active TMKs: 239004082, 239004143, 239004144"
collective,,2003/12/05,2003/12/10,316,14.7152,84.3354,0.9494,2,0.6329,314,99.3671,46,266,1,3,fullownr_proxy,"between transfer events; residency from 2026 fullownr proxy applied after first transfer; historical owner addresses not in sales extract; active TMKs: 239004082, 239004143, 239004144"
collective,,2003/12/11,2003/12/18,316,14.7152,84.3354,0.9494,2,0.6329,314,99.3671,46,266,1,3,fullownr_proxy,"between transfer events; residency from 2026 fullownr proxy applied after first transfer; historical owner addresses not in sales extract; active TMKs: 239004082, 239004143, 239004144"
collective,,2003/12/19,2004/01/13,316,14.7152,84.3354,0.9494,2,0.6329,314,99.3671,46,266,1,3,fullownr_proxy,"between transfer events; residency from 2026 fullownr proxy applied after first transfer; historical owner addresses not in sales extract; active TMKs: 239004082, 239004143, 239004144"
collective,,2004/01/14,2004/02/04,316,14.7152,84.3354,0.9494,2,0.6329,314,99.3671,46,266,1,3,fullownr_proxy,"between transfer events; residency from 2026 fullownr proxy applied after first transfer; historical owner addresses not in sales extract; active TMKs: 239004082, 239004143, 239004144"
collective,,2004/02/05,2004/02/05,316,14.7152,84.3354,0.9494,2,0.6329,314,99.3671,46,266,1,3,fullownr_proxy,"between transfer events; residency from 2026 fullownr proxy applied after first transfer; historical owner addresses not in sales extract; active TMKs: 239004082, 239004143, 239004144"
collective,,2004/02/06,2004/02/08,316,14.7152,84.3354,0.9494,2,0.6329,314,99.3671,46,266,1,3,fullownr_proxy,"between transfer events; residency from 2026 fullownr proxy applied after first transfer; historical owner addresses not in sales extract; active TMKs: 239004082, 239004143, 239004144"
collective,,2004/02/09,2004/02/12,316,14.7152,84.3354,0.9494,2,0.6329,314,99.3671,46,266,1,3,fullownr_proxy,"between transfer events; residency from 2026 fullownr proxy applied after first transfer; historical owner addresses not in sales extract; active TMKs: 239004082, 239004143, 239004144"
collective,,2004/02/13,2004/02/24,316,14.7152,84.3354,0.9494,2,0.6329,314,99.3671,46,266,1,3,fullownr_proxy,"between transfer events; residency from 2026 fullownr proxy applied after first transfer; historical owner addresses not in sales extract; active TMKs: 239004082, 239004143, 239004144"
collective,,2004/02/25,2004/02/26,316,14.7152,84.3354,0.9494,2,0.6329,314,99.3671,46,266,1,3,fullownr_proxy,"between transfer events; residency from 2026 fullownr proxy applied after first transfer; historical owner addresses not in sales extract; active TMKs: 239004082, 239004143, 239004144"
collective,,2004/02/27,2004/03/11,316,14.7152,84.3354,0.9494,2,0.6329,314,99.3671,46,266,1,3,fullownr_proxy,"between transfer events; residency from 2026 fullownr proxy applied after first transfer; historical owner addresses not in sales extract; active TMKs: 239004082, 239004143, 239004144"
collective,,2004/03/12,2004/03/17,316,14.7152,84.3354,0.9494,2,0.6329,314,99.3671,46,266,1,3,fullownr_proxy,"between transfer events; residency from 2026 fullownr proxy applied after first transfer; historical owner addresses not in sales extract; active TMKs: 239004082, 239004143, 239004144"
collective,,2004/03/18,2004/03/26,316,14.7152,84.3354,0.9494,2,0.6329,314,99.3671,46,266,1,3,fullownr_proxy,"between transfer events; residency from 2026 fullownr proxy applied after first transfer; historical owner addresses not in sales extract; active TMKs: 239004082, 239004143, 239004144"
collective,,2004/03/27,2004/04/05,316,14.7152,84.3354,0.9494,2,0.6329,314,99.3671,46,266,1,3,fullownr_proxy,"between transfer events; residency from 2026 fullownr proxy applied after first transfer; historical owner addresses not in sales extract; active TMKs: 239004082, 239004143, 239004144"
collective,,2004/04/06,2004/04/06,316,14.7152,84.3354,0.9494,2,0.6329,314,99.3671,46,266,1,3,fullownr_proxy,"between transfer events; residency from 2026 fullownr proxy applied after first transfer; historical owner addresses not in sales extract; active TMKs: 239004082, 239004143, 239004144"
collective,,2004/04/07,2004/04/12,316,14.7152,84.3354,0.9494,2,0.6329,314,99.3671,46,266,1,3,fullownr_proxy,"between transfer events; residency from 2026 fullownr proxy applied after first transfer; historical owner addresses not in sales extract; active TMKs: 239004082, 239004143, 239004144"
collective,,2004/04/13,2004/04/18,316,14.7152,84.3354,0.9494,2,0.6329,314,99.3671,46,266,1,3,fullownr_proxy,"between transfer events; residency from 2026 fullownr proxy applied after first transfer; historical owner addresses not in sales extract; active TMKs: 239004082, 239004143, 239004144"
collective,,2004/04/19,2004/05/04,316,14.7152,84.3354,0.9494,2,0.6329,314,99.3671,46,266,1,3,fullownr_proxy,"between transfer events; residency from 2026 fullownr proxy applied after first transfer; historical owner addresses not in sales extract; active TMKs: 239004082, 239004143, 239004144"
collective,,2004/05/05,2004/05/11,316,14.7152,84.3354,0.9494,2,0.6329,314,99.3671,46,266,1,3,fullownr_proxy,"between transfer events; residency from 2026 fullownr proxy applied after first transfer; historical owner addresses not in sales extract; active TMKs: 239004082, 239004143, 239004144"
collective,,2004/05/12,2004/05/18,316,14.7152,84.3354,0.9494,2,0.6329,314,99.3671,46,266,1,3,fullownr_proxy,"between transfer events; residency from 2026 fullownr proxy applied after first transfer; historical owner addresses not in sales extract; active TMKs: 239004082, 239004143, 239004144"
collective,,2004/05/19,2004/05/19,316,14.7152,84.3354,0.9494,2,0.6329,314,99.3671,46,266,1,3,fullownr_proxy,"between transfer events; residency from 2026 fullownr proxy applied after first transfer; historical owner addresses not in sales extract; active TMKs: 239004082, 239004143, 239004144"
collective,,2004/05/20,2004/05/20,316,14.7152,84.3354,0.9494,2,0.6329,314,99.3671,46,266,1,3,fullownr_proxy,"between transfer events; residency from 2026 fullownr proxy applied after first transfer; historical owner addresses not in sales extract; active TMKs: 239004082, 239004143, 239004144"
collective,,2004/05/21,2004/05/23,316,14.7152,84.3354,0.9494,2,0.6329,314,99.3671,46,266,1,3,fullownr_proxy,"between transfer events; residency from 2026 fullownr proxy applied after first transfer; historical owner addresses not in sales extract; active TMKs: 239004082, 239004143, 239004144"
collective,,2004/05/24,2004/05/28,316,14.7152,84.3354,0.9494,2,0.6329,314,99.3671,46,266,1,3,fullownr_proxy,"between transfer events; residency from 2026 fullownr proxy applied after first transfer; historical owner addresses not in sales extract; active TMKs: 239004082, 239004143, 239004144"
collective,,2004/05/29,2004/05/31,316,14.7152,84.3354,0.9494,2,0.6329,314,99.3671,46,266,1,3,fullownr_proxy,"between transfer events; residency from 2026 fullownr proxy applied after first transfer; historical owner addresses not in sales extract; active TMKs: 239004082, 239004143, 239004144"
collective,,2004/06/01,2004/06/01,316,14.7152,84.3354,0.9494,2,0.6329,314,99.3671,46,266,1,3,fullownr_proxy,"between transfer events; residency from 2026 fullownr proxy applied after first transfer; historical owner addresses not in sales extract; active TMKs: 239004082, 239004143, 239004144"
collective,,2004/06/02,2004/06/07,316,14.7152,84.3354,0.9494,2,0.6329,314,99.3671,46,266,1,3,fullownr_proxy,"between transfer events; residency from 2026 fullownr proxy applied after first transfer; historical owner addresses not in sales extract; active TMKs: 239004082, 239004143, 239004144"
collective,,2004/06/08,2004/06/08,316,14.7152,84.3354,0.9494,2,0.6329,314,99.3671,46,266,1,3,fullownr_proxy,"between transfer events; residency from 2026 fullownr proxy applied after first transfer; historical owner addresses not in sales extract; active TMKs: 239004082, 239004143, 239004144"
collective,,2004/06/09,2004/06/09,316,14.7152,84.3354,0.9494,2,0.6329,314,99.3671,46,266,1,3,fullownr_proxy,"between transfer events; residency from 2026 fullownr proxy applied after first transfer; historical owner addresses not in sales extract; active TMKs: 239004082, 239004143, 239004144"
collective,,2004/06/10,2004/06/14,316,14.7152,84.3354,0.9494,2,0.6329,314,99.3671,46,266,1,3,fullownr_proxy,"between transfer events; residency from 2026 fullownr proxy applied after first transfer; historical owner addresses not in sales extract; active TMKs: 239004082, 239004143, 239004144"
collective,,2004/06/15,2004/06/24,316,14.7152,84.3354,0.9494,2,0.6329,314,99.3671,46,266,1,3,fullownr_proxy,"between transfer events; residency from 2026 fullownr proxy applied after first transfer; historical owner addresses not in sales extract; active TMKs: 239004082, 239004143, 239004144"
collective,,2004/06/25,2004/07/01,316,14.7152,84.3354,0.9494,2,0.6329,314,99.3671,46,266,1,3,fullownr_proxy,"between transfer events; residency from 2026 fullownr proxy applied after first transfer; historical owner addresses not in sales extract; active TMKs: 239004082, 239004143, 239004144"
collective,,2004/07/02,2004/07/02,316,14.7152,84.3354,0.9494,2,0.6329,314,99.3671,46,266,1,3,fullownr_proxy,"between transfer events; residency from 2026 fullownr proxy applied after first transfer; historical owner addresses not in sales extract; active TMKs: 239004082, 239004143, 239004144"
collective,,2004/07/03,2004/07/05,316,14.7152,84.3354,0.9494,2,0.6329,314,99.3671,46,266,1,3,fullownr_proxy,"between transfer events; residency from 2026 fullownr proxy applied after first transfer; historical owner addresses not in sales extract; active TMKs: 239004082, 239004143, 239004144"
collective,,2004/07/06,2004/07/15,316,14.7152,84.3354,0.9494,2,0.6329,314,99.3671,46,266,1,3,fullownr_proxy,"between transfer events; residency from 2026 fullownr proxy applied after first transfer; historical owner addresses not in sales extract; active TMKs: 239004082, 239004143, 239004144"
collective,,2004/07/16,2004/08/11,316,14.7152,84.3354,0.9494,2,0.6329,314,99.3671,46,266,1,3,fullownr_proxy,"between transfer events; residency from 2026 fullownr proxy applied after first transfer; historical owner addresses not in sales extract; active TMKs: 239004082, 239004143, 239004144"
collective,,2004/08/12,2004/08/12,316,14.7152,84.3354,0.9494,2,0.6329,314,99.3671,46,266,1,3,fullownr_proxy,"between transfer events; residency from 2026 fullownr proxy applied after first transfer; historical owner addresses not in sales extract; active TMKs: 239004082, 239004143, 239004144"
collective,,2004/08/13,2004/09/17,316,14.7152,84.3354,0.9494,2,0.6329,314,99.3671,46,266,1,3,fullownr_proxy,"between transfer events; residency from 2026 fullownr proxy applied after first transfer; historical owner addresses not in sales extract; active TMKs: 239004082, 239004143, 239004144"
collective,,2004/09/18,2004/10/05,316,14.7152,84.3354,0.9494,2,0.6329,314,99.3671,46,266,1,3,fullownr_proxy,"between transfer events; residency from 2026 fullownr proxy applied after first transfer; historical owner addresses not in sales extract; active TMKs: 239004082, 239004143, 239004144"
collective,,2004/10/06,2004/10/19,316,14.7152,84.3354,0.9494,2,0.6329,314,99.3671,46,266,1,3,fullownr_proxy,"between transfer events; residency from 2026 fullownr proxy applied after first transfer; historical owner addresses not in sales extract; active TMKs: 239004082, 239004143, 239004144"
collective,,2004/10/20,2004/10/20,316,14.7152,84.3354,0.9494,2,0.6329,314,99.3671,46,266,1,3,fullownr_proxy,"between transfer events; residency from 2026 fullownr proxy applied after first transfer; historical owner addresses not in sales extract; active TMKs: 239004082, 239004143, 239004144"
collective,,2004/10/21,2004/10/21,316,14.7152,84.3354,0.9494,2,0.6329,314,99.3671,46,266,1,3,fullownr_proxy,"between transfer events; residency from 2026 fullownr proxy applied after first transfer; historical owner addresses not in sales extract; active TMKs: 239004082, 239004143, 239004144"
collective,,2004/10/22,2004/10/25,316,14.7152,84.3354,0.9494,2,0.6329,314,99.3671,46,266,1,3,fullownr_proxy,"between transfer events; residency from 2026 fullownr proxy applied after first transfer; historical owner addresses not in sales extract; active TMKs: 239004082, 239004143, 239004144"
collective,,2004/10/26,2004/11/08,316,15.0316,84.3354,0.6329,1,0.3165,315,99.6835,47,266,1,2,fullownr_proxy,"between transfer events; residency from 2026 fullownr proxy applied after first transfer; historical owner addresses not in sales extract; active TMKs: 239004082, 239004143, 239004144"
collective,,2004/11/09,2004/11/11,316,15.0316,84.3354,0.6329,1,0.3165,315,99.6835,47,266,1,2,fullownr_proxy,"between transfer events; residency from 2026 fullownr proxy applied after first transfer; historical owner addresses not in sales extract; active TMKs: 239004082, 239004143, 239004144"
collective,,2004/11/12,2004/11/17,316,15.0316,84.3354,0.6329,1,0.3165,315,99.6835,47,266,1,2,fullownr_proxy,"between transfer events; residency from 2026 fullownr proxy applied after first transfer; historical owner addresses not in sales extract; active TMKs: 239004082, 239004143, 239004144"
collective,,2004/11/18,2004/11/18,316,15.0316,84.3354,0.6329,1,0.3165,315,99.6835,47,266,1,2,fullownr_proxy,"between transfer events; residency from 2026 fullownr proxy applied after first transfer; historical owner addresses not in sales extract; active TMKs: 239004082, 239004143, 239004144"
collective,,2004/11/19,2004/12/05,316,15.0316,84.3354,0.6329,1,0.3165,315,99.6835,47,266,1,2,fullownr_proxy,"between transfer events; residency from 2026 fullownr proxy applied after first transfer; historical owner addresses not in sales extract; active TMKs: 239004082, 239004143, 239004144"
collective,,2004/12/06,2004/12/09,316,15.0316,84.3354,0.6329,1,0.3165,315,99.6835,47,266,1,2,fullownr_proxy,"between transfer events; residency from 2026 fullownr proxy applied after first transfer; historical owner addresses not in sales extract; active TMKs: 239004082, 239004143, 239004144"
collective,,2004/12/10,2004/12/14,316,15.0316,84.3354,0.6329,1,0.3165,315,99.6835,47,266,1,2,fullownr_proxy,"between transfer events; residency from 2026 fullownr proxy applied after first transfer; historical owner addresses not in sales extract; active TMKs: 239004082, 239004143, 239004144"
collective,,2004/12/15,2004/12/21,316,15.0316,84.3354,0.6329,1,0.3165,315,99.6835,47,266,1,2,fullownr_proxy,"between transfer events; residency from 2026 fullownr proxy applied after first transfer; historical owner addresses not in sales extract; active TMKs: 239004082, 239004143, 239004144"
collective,,2004/12/22,2004/12/27,316,15.0316,84.3354,0.6329,1,0.3165,315,99.6835,47,266,1,2,fullownr_proxy,"between transfer events; residency from 2026 fullownr proxy applied after first transfer; historical owner addresses not in sales extract; active TMKs: 239004082, 239004143, 239004144"
collective,,2004/12/28,2004/12/30,316,15.0316,84.3354,0.6329,1,0.3165,315,99.6835,47,266,1,2,fullownr_proxy,"between transfer events; residency from 2026 fullownr proxy applied after first transfer; historical owner addresses not in sales extract; active TMKs: 239004082, 239004143, 239004144"
collective,,2004/12/31,2005/01/03,316,15.0316,84.3354,0.6329,1,0.3165,315,99.6835,47,266,1,2,fullownr_proxy,"between transfer events; residency from 2026 fullownr proxy applied after first transfer; historical owner addresses not in sales extract; active TMKs: 239004082, 239004143, 239004144"
collective,,2005/01/04,2005/01/13,316,15.0316,84.3354,0.6329,1,0.3165,315,99.6835,47,266,1,2,fullownr_proxy,"between transfer events; residency from 2026 fullownr proxy applied after first transfer; historical owner addresses not in sales extract; active TMKs: 239004082, 239004143, 239004144"
collective,,2005/01/14,2005/01/20,316,15.0316,84.3354,0.6329,1,0.3165,315,99.6835,47,266,1,2,fullownr_proxy,"between transfer events; residency from 2026 fullownr proxy applied after first transfer; historical owner addresses not in sales extract; active TMKs: 239004082, 239004143, 239004144"
collective,,2005/01/21,2005/02/06,316,15.0316,84.3354,0.6329,1,0.3165,315,99.6835,47,266,1,2,fullownr_proxy,"between transfer events; residency from 2026 fullownr proxy applied after first transfer; historical owner addresses not in sales extract; active TMKs: 239004082, 239004143, 239004144"
collective,,2005/02/07,2005/02/16,316,15.0316,84.3354,0.6329,1,0.3165,315,99.6835,47,266,1,2,fullownr_proxy,"between transfer events; residency from 2026 fullownr proxy applied after first transfer; historical owner addresses not in sales extract; active TMKs: 239004082, 239004143, 239004144"
collective,,2005/02/17,2005/02/17,316,15.0316,84.3354,0.6329,1,0.3165,315,99.6835,47,266,1,2,fullownr_proxy,"between transfer events; residency from 2026 fullownr proxy applied after first transfer; historical owner addresses not in sales extract; active TMKs: 239004082, 239004143, 239004144"
collective,,2005/02/18,2005/03/01,316,15.0316,84.3354,0.6329,1,0.3165,315,99.6835,47,266,1,2,fullownr_proxy,"between transfer events; residency from 2026 fullownr proxy applied after first transfer; historical owner addresses not in sales extract; active TMKs: 239004082, 239004143, 239004144"
collective,,2005/03/02,2005/03/03,316,15.0316,84.3354,0.6329,1,0.3165,315,99.6835,47,266,1,2,fullownr_proxy,"between transfer events; residency from 2026 fullownr proxy applied after first transfer; historical owner addresses not in sales extract; active TMKs: 239004082, 239004143, 239004144"
collective,,2005/03/04,2005/03/06,316,15.0316,84.3354,0.6329,1,0.3165,315,99.6835,47,266,1,2,fullownr_proxy,"between transfer events; residency from 2026 fullownr proxy applied after first transfer; historical owner addresses not in sales extract; active TMKs: 239004082, 239004143, 239004144"
collective,,2005/03/07,2005/03/07,316,15.0316,84.3354,0.6329,1,0.3165,315,99.6835,47,266,1,2,fullownr_proxy,"between transfer events; residency from 2026 fullownr proxy applied after first transfer; historical owner addresses not in sales extract; active TMKs: 239004082, 239004143, 239004144"
collective,,2005/03/08,2005/03/10,316,15.0316,84.3354,0.6329,1,0.3165,315,99.6835,47,266,1,2,fullownr_proxy,"between transfer events; residency from 2026 fullownr proxy applied after first transfer; historical owner addresses not in sales extract; active TMKs: 239004082, 239004143, 239004144"
collective,,2005/03/11,2005/03/14,316,15.0316,84.3354,0.6329,1,0.3165,315,99.6835,47,266,1,2,fullownr_proxy,"between transfer events; residency from 2026 fullownr proxy applied after first transfer; historical owner addresses not in sales extract; active TMKs: 239004082, 239004143, 239004144"
collective,,2005/03/15,2005/03/16,316,15.0316,84.3354,0.6329,1,0.3165,315,99.6835,47,266,1,2,fullownr_proxy,"between transfer events; residency from 2026 fullownr proxy applied after first transfer; historical owner addresses not in sales extract; active TMKs: 239004082, 239004143, 239004144"
collective,,2005/03/17,2005/03/17,316,15.0316,84.3354,0.6329,1,0.3165,315,99.6835,47,266,1,2,fullownr_proxy,"between transfer events; residency from 2026 fullownr proxy applied after first transfer; historical owner addresses not in sales extract; active TMKs: 239004082, 239004143, 239004144"
collective,,2005/03/18,2005/03/24,316,15.0316,84.3354,0.6329,1,0.3165,315,99.6835,47,266,1,2,fullownr_proxy,"between transfer events; residency from 2026 fullownr proxy applied after first transfer; historical owner addresses not in sales extract; active TMKs: 239004082, 239004143, 239004144"
collective,,2005/03/25,2005/03/28,316,15.0316,84.3354,0.6329,1,0.3165,315,99.6835,47,266,1,2,fullownr_proxy,"between transfer events; residency from 2026 fullownr proxy applied after first transfer; historical owner addresses not in sales extract; active TMKs: 239004082, 239004143, 239004144"
collective,,2005/03/29,2005/04/12,316,15.0316,84.3354,0.6329,1,0.3165,315,99.6835,47,266,1,2,fullownr_proxy,"between transfer events; residency from 2026 fullownr proxy applied after first transfer; historical owner addresses not in sales extract; active TMKs: 239004082, 239004143, 239004144"
collective,,2005/04/13,2005/04/18,316,15.0316,84.3354,0.6329,1,0.3165,315,99.6835,47,266,1,2,fullownr_proxy,"between transfer events; residency from 2026 fullownr proxy applied after first transfer; historical owner addresses not in sales extract; active TMKs: 239004082, 239004143, 239004144"
collective,,2005/04/19,2005/04/21,316,15.0316,84.3354,0.6329,1,0.3165,315,99.6835,47,266,1,2,fullownr_proxy,"between transfer events; residency from 2026 fullownr proxy applied after first transfer; historical owner addresses not in sales extract; active TMKs: 239004082, 239004143, 239004144"
collective,,2005/04/22,2005/04/24,316,15.0316,84.3354,0.6329,1,0.3165,315,99.6835,47,266,1,2,fullownr_proxy,"between transfer events; residency from 2026 fullownr proxy applied after first transfer; historical owner addresses not in sales extract; active TMKs: 239004082, 239004143, 239004144"
collective,,2005/04/25,2005/04/27,316,15.0316,84.3354,0.6329,1,0.3165,315,99.6835,47,266,1,2,fullownr_proxy,"between transfer events; residency from 2026 fullownr proxy applied after first transfer; historical owner addresses not in sales extract; active TMKs: 239004082, 239004143, 239004144"
collective,,2005/04/28,2005/05/17,316,15.0316,84.3354,0.6329,1,0.3165,315,99.6835,47,266,1,2,fullownr_proxy,"between transfer events; residency from 2026 fullownr proxy applied after first transfer; historical owner addresses not in sales extract; active TMKs: 239004082, 239004143, 239004144"
collective,,2005/05/18,2005/05/19,316,15.0316,84.3354,0.6329,1,0.3165,315,99.6835,47,266,1,2,fullownr_proxy,"between transfer events; residency from 2026 fullownr proxy applied after first transfer; historical owner addresses not in sales extract; active TMKs: 239004082, 239004143, 239004144"
collective,,2005/05/20,2005/05/30,316,15.0316,84.3354,0.6329,1,0.3165,315,99.6835,47,266,1,2,fullownr_proxy,"between transfer events; residency from 2026 fullownr proxy applied after first transfer; historical owner addresses not in sales extract; active TMKs: 239004082, 239004143, 239004144"
collective,,2005/05/31,2005/06/01,316,15.0316,84.3354,0.6329,1,0.3165,315,99.6835,47,266,1,2,fullownr_proxy,"between transfer events; residency from 2026 fullownr proxy applied after first transfer; historical owner addresses not in sales extract; active TMKs: 239004082, 239004143, 239004144"
collective,,2005/06/02,2005/06/07,316,15.0316,84.3354,0.6329,1,0.3165,315,99.6835,47,266,1,2,fullownr_proxy,"between transfer events; residency from 2026 fullownr proxy applied after first transfer; historical owner addresses not in sales extract; active TMKs: 239004082, 239004143, 239004144"
collective,,2005/06/08,2005/06/19,316,15.0316,84.3354,0.6329,1,0.3165,315,99.6835,47,266,1,2,fullownr_proxy,"between transfer events; residency from 2026 fullownr proxy applied after first transfer; historical owner addresses not in sales extract; active TMKs: 239004082, 239004143, 239004144"
collective,,2005/06/20,2005/07/18,316,15.0316,84.3354,0.6329,1,0.3165,315,99.6835,47,266,1,2,fullownr_proxy,"between transfer events; residency from 2026 fullownr proxy applied after first transfer; historical owner addresses not in sales extract; active TMKs: 239004082, 239004143, 239004144"
collective,,2005/07/19,2005/07/28,316,15.0316,84.3354,0.6329,1,0.3165,315,99.6835,47,266,1,2,fullownr_proxy,"between transfer events; residency from 2026 fullownr proxy applied after first transfer; historical owner addresses not in sales extract; active TMKs: 239004082, 239004143, 239004144"
collective,,2005/07/29,2005/08/04,316,15.0316,84.3354,0.6329,1,0.3165,315,99.6835,47,266,1,2,fullownr_proxy,"between transfer events; residency from 2026 fullownr proxy applied after first transfer; historical owner addresses not in sales extract; active TMKs: 239004082, 239004143, 239004144"
collective,,2005/08/05,2005/08/22,316,15.0316,84.3354,0.6329,1,0.3165,315,99.6835,47,266,1,2,fullownr_proxy,"between transfer events; residency from 2026 fullownr proxy applied after first transfer; historical owner addresses not in sales extract; active TMKs: 239004082, 239004143, 239004144"
collective,,2005/08/23,2005/08/23,316,15.0316,84.3354,0.6329,1,0.3165,315,99.6835,47,266,1,2,fullownr_proxy,"between transfer events; residency from 2026 fullownr proxy applied after first transfer; historical owner addresses not in sales extract; active TMKs: 239004082, 239004143, 239004144"
collective,,2005/08/24,2005/09/07,316,15.0316,84.3354,0.6329,1,0.3165,315,99.6835,47,266,1,2,fullownr_proxy,"between transfer events; residency from 2026 fullownr proxy applied after first transfer; historical owner addresses not in sales extract; active TMKs: 239004082, 239004143, 239004144"
collective,,2005/09/08,2005/09/08,316,15.0316,84.3354,0.6329,1,0.3165,315,99.6835,47,266,1,2,fullownr_proxy,"between transfer events; residency from 2026 fullownr proxy applied after first transfer; historical owner addresses not in sales extract; active TMKs: 239004082, 239004143, 239004144"
collective,,2005/09/09,2005/09/12,316,15.0316,84.3354,0.6329,1,0.3165,315,99.6835,47,266,1,2,fullownr_proxy,"between transfer events; residency from 2026 fullownr proxy applied after first transfer; historical owner addresses not in sales extract; active TMKs: 239004082, 239004143, 239004144"
collective,,2005/09/13,2005/09/13,316,15.0316,84.3354,0.6329,1,0.3165,315,99.6835,47,266,1,2,fullownr_proxy,"between transfer events; residency from 2026 fullownr proxy applied after first transfer; historical owner addresses not in sales extract; active TMKs: 239004082, 239004143, 239004144"
collective,,2005/09/14,2005/09/30,316,15.0316,84.3354,0.6329,1,0.3165,315,99.6835,47,266,1,2,fullownr_proxy,"between transfer events; residency from 2026 fullownr proxy applied after first transfer; historical owner addresses not in sales extract; active TMKs: 239004082, 239004143, 239004144"
collective,,2005/10/01,2005/10/03,316,15.0316,84.3354,0.6329,1,0.3165,315,99.6835,47,266,1,2,fullownr_proxy,"between transfer events; residency from 2026 fullownr proxy applied after first transfer; historical owner addresses not in sales extract; active TMKs: 239004082, 239004143, 239004144"
collective,,2005/10/04,2005/10/09,316,15.0316,84.3354,0.6329,1,0.3165,315,99.6835,47,266,1,2,fullownr_proxy,"between transfer events; residency from 2026 fullownr proxy applied after first transfer; historical owner addresses not in sales extract; active TMKs: 239004082, 239004143, 239004144"
collective,,2005/10/10,2005/10/16,316,15.0316,84.3354,0.6329,1,0.3165,315,99.6835,47,266,1,2,fullownr_proxy,"between transfer events; residency from 2026 fullownr proxy applied after first transfer; historical owner addresses not in sales extract; active TMKs: 239004082, 239004143, 239004144"
collective,,2005/10/17,2005/10/17,316,15.0316,84.3354,0.6329,1,0.3165,315,99.6835,47,266,1,2,fullownr_proxy,"between transfer events; residency from 2026 fullownr proxy applied after first transfer; historical owner addresses not in sales extract; active TMKs: 239004082, 239004143, 239004144"
collective,,2005/10/18,2005/10/25,316,15.0316,84.3354,0.6329,1,0.3165,315,99.6835,47,266,1,2,fullownr_proxy,"between transfer events; residency from 2026 fullownr proxy applied after first transfer; historical owner addresses not in sales extract; active TMKs: 239004082, 239004143, 239004144"
collective,,2005/10/26,2005/12/05,316,15.0316,84.3354,0.6329,1,0.3165,315,99.6835,47,266,1,2,fullownr_proxy,"between transfer events; residency from 2026 fullownr proxy applied after first transfer; historical owner addresses not in sales extract; active TMKs: 239004082, 239004143, 239004144"
collective,,2005/12/06,2006/01/01,316,15.0316,84.3354,0.6329,1,0.3165,315,99.6835,47,266,1,2,fullownr_proxy,"between transfer events; residency from 2026 fullownr proxy applied after first transfer; historical owner addresses not in sales extract; active TMKs: 239004082, 239004143, 239004144"
collective,,2006/01/02,2006/01/24,316,15.0316,84.3354,0.6329,1,0.3165,315,99.6835,47,266,1,2,fullownr_proxy,"between transfer events; residency from 2026 fullownr proxy applied after first transfer; historical owner addresses not in sales extract; active TMKs: 239004082, 239004143, 239004144"
collective,,2006/01/25,2006/02/09,316,15.0316,84.3354,0.6329,1,0.3165,315,99.6835,47,266,1,2,fullownr_proxy,"between transfer events; residency from 2026 fullownr proxy applied after first transfer; historical owner addresses not in sales extract; active TMKs: 239004082, 239004143, 239004144"
collective,,2006/02/10,2006/02/14,316,15.0316,84.3354,0.6329,1,0.3165,315,99.6835,47,266,1,2,fullownr_proxy,"between transfer events; residency from 2026 fullownr proxy applied after first transfer; historical owner addresses not in sales extract; active TMKs: 239004082, 239004143, 239004144"
collective,,2006/02/15,2006/02/15,316,15.0316,84.3354,0.6329,1,0.3165,315,99.6835,47,266,1,2,fullownr_proxy,"between transfer events; residency from 2026 fullownr proxy applied after first transfer; historical owner addresses not in sales extract; active TMKs: 239004082, 239004143, 239004144"
collective,,2006/02/16,2006/02/21,316,15.0316,84.3354,0.6329,1,0.3165,315,99.6835,47,266,1,2,fullownr_proxy,"between transfer events; residency from 2026 fullownr proxy applied after first transfer; historical owner addresses not in sales extract; active TMKs: 239004082, 239004143, 239004144"
collective,,2006/02/22,2006/03/02,316,15.0316,84.3354,0.6329,1,0.3165,315,99.6835,47,266,1,2,fullownr_proxy,"between transfer events; residency from 2026 fullownr proxy applied after first transfer; historical owner addresses not in sales extract; active TMKs: 239004082, 239004143, 239004144"
collective,,2006/03/03,2006/03/22,316,15.0316,84.3354,0.6329,1,0.3165,315,99.6835,47,266,1,2,fullownr_proxy,"between transfer events; residency from 2026 fullownr proxy applied after first transfer; historical owner addresses not in sales extract; active TMKs: 239004082, 239004143, 239004144"
collective,,2006/03/23,2006/03/27,316,15.0316,84.3354,0.6329,1,0.3165,315,99.6835,47,266,1,2,fullownr_proxy,"between transfer events; residency from 2026 fullownr proxy applied after first transfer; historical owner addresses not in sales extract; active TMKs: 239004082, 239004143, 239004144"
collective,,2006/03/28,2006/04/09,316,15.0316,84.3354,0.6329,1,0.3165,315,99.6835,47,266,1,2,fullownr_proxy,"between transfer events; residency from 2026 fullownr proxy applied after first transfer; historical owner addresses not in sales extract; active TMKs: 239004082, 239004143, 239004144"
collective,,2006/04/10,2006/04/13,316,15.0316,84.3354,0.6329,1,0.3165,315,99.6835,47,266,1,2,fullownr_proxy,"between transfer events; residency from 2026 fullownr proxy applied after first transfer; historical owner addresses not in sales extract; active TMKs: 239004082, 239004143, 239004144"
collective,,2006/04/14,2006/04/16,316,15.0316,84.3354,0.6329,1,0.3165,315,99.6835,47,266,1,2,fullownr_proxy,"between transfer events; residency from 2026 fullownr proxy applied after first transfer; historical owner addresses not in sales extract; active TMKs: 239004082, 239004143, 239004144"
collective,,2006/04/17,2006/04/30,316,15.0316,84.3354,0.6329,1,0.3165,315,99.6835,47,266,1,2,fullownr_proxy,"between transfer events; residency from 2026 fullownr proxy applied after first transfer; historical owner addresses not in sales extract; active TMKs: 239004082, 239004143, 239004144"
collective,,2006/05/01,2006/05/04,316,15.0316,84.3354,0.6329,1,0.3165,315,99.6835,47,266,1,2,fullownr_proxy,"between transfer events; residency from 2026 fullownr proxy applied after first transfer; historical owner addresses not in sales extract; active TMKs: 239004082, 239004143, 239004144"
collective,,2006/05/05,2006/05/16,316,15.0316,84.3354,0.6329,1,0.3165,315,99.6835,47,266,1,2,fullownr_proxy,"between transfer events; residency from 2026 fullownr proxy applied after first transfer; historical owner addresses not in sales extract; active TMKs: 239004082, 239004143, 239004144"
collective,,2006/05/17,2006/05/24,316,15.0316,84.3354,0.6329,1,0.3165,315,99.6835,47,266,1,2,fullownr_proxy,"between transfer events; residency from 2026 fullownr proxy applied after first transfer; historical owner addresses not in sales extract; active TMKs: 239004082, 239004143, 239004144"
collective,,2006/05/25,2006/05/25,316,15.0316,84.3354,0.6329,1,0.3165,315,99.6835,47,266,1,2,fullownr_proxy,"between transfer events; residency from 2026 fullownr proxy applied after first transfer; historical owner addresses not in sales extract; active TMKs: 239004082, 239004143, 239004144"
collective,,2006/05/26,2006/05/29,316,15.0316,84.3354,0.6329,1,0.3165,315,99.6835,47,266,1,2,fullownr_proxy,"between transfer events; residency from 2026 fullownr proxy applied after first transfer; historical owner addresses not in sales extract; active TMKs: 239004082, 239004143, 239004144"
collective,,2006/05/30,2006/06/22,316,15.0316,84.3354,0.6329,1,0.3165,315,99.6835,47,266,1,2,fullownr_proxy,"between transfer events; residency from 2026 fullownr proxy applied after first transfer; historical owner addresses not in sales extract; active TMKs: 239004082, 239004143, 239004144"
collective,,2006/06/23,2006/06/25,316,15.0316,84.3354,0.6329,1,0.3165,315,99.6835,47,266,1,2,fullownr_proxy,"between transfer events; residency from 2026 fullownr proxy applied after first transfer; historical owner addresses not in sales extract; active TMKs: 239004082, 239004143, 239004144"
collective,,2006/06/26,2006/08/27,316,15.0316,84.3354,0.6329,1,0.3165,315,99.6835,47,266,1,2,fullownr_proxy,"between transfer events; residency from 2026 fullownr proxy applied after first transfer; historical owner addresses not in sales extract; active TMKs: 239004082, 239004143, 239004144"
collective,,2006/08/28,2006/09/13,316,15.0316,84.3354,0.6329,1,0.3165,315,99.6835,47,266,1,2,fullownr_proxy,"between transfer events; residency from 2026 fullownr proxy applied after first transfer; historical owner addresses not in sales extract; active TMKs: 239004082, 239004143, 239004144"
collective,,2006/09/14,2006/10/15,316,15.0316,84.3354,0.6329,1,0.3165,315,99.6835,47,266,1,2,fullownr_proxy,"between transfer events; residency from 2026 fullownr proxy applied after first transfer; historical owner addresses not in sales extract; active TMKs: 239004082, 239004143, 239004144"
collective,,2006/10/16,2006/10/18,316,15.0316,84.3354,0.6329,1,0.3165,315,99.6835,47,266,1,2,fullownr_proxy,"between transfer events; residency from 2026 fullownr proxy applied after first transfer; historical owner addresses not in sales extract; active TMKs: 239004082, 239004143, 239004144"
collective,,2006/10/19,2006/10/22,316,15.0316,84.3354,0.6329,1,0.3165,315,99.6835,47,266,1,2,fullownr_proxy,"between transfer events; residency from 2026 fullownr proxy applied after first transfer; historical owner addresses not in sales extract; active TMKs: 239004082, 239004143, 239004144"
collective,,2006/10/23,2006/10/24,316,15.0316,84.3354,0.6329,1,0.3165,315,99.6835,47,266,1,2,fullownr_proxy,"between transfer events; residency from 2026 fullownr proxy applied after first transfer; historical owner addresses not in sales extract; active TMKs: 239004082, 239004143, 239004144"
collective,,2006/10/25,2006/12/26,316,15.0316,84.3354,0.6329,1,0.3165,315,99.6835,47,266,1,2,fullownr_proxy,"between transfer events; residency from 2026 fullownr proxy applied after first transfer; historical owner addresses not in sales extract; active TMKs: 239004082, 239004143, 239004144"
collective,,2006/12/27,2007/01/22,316,15.0316,84.3354,0.6329,1,0.3165,315,99.6835,47,266,1,2,fullownr_proxy,"between transfer events; residency from 2026 fullownr proxy applied after first transfer; historical owner addresses not in sales extract; active TMKs: 239004082, 239004143, 239004144"
collective,,2007/01/23,2007/02/13,316,15.0316,84.3354,0.6329,1,0.3165,315,99.6835,47,266,1,2,fullownr_proxy,"between transfer events; residency from 2026 fullownr proxy applied after first transfer; historical owner addresses not in sales extract; active TMKs: 239004082, 239004143, 239004144"
collective,,2007/02/14,2007/02/14,316,15.0316,84.3354,0.6329,1,0.3165,315,99.6835,47,266,1,2,fullownr_proxy,"between transfer events; residency from 2026 fullownr proxy applied after first transfer; historical owner addresses not in sales extract; active TMKs: 239004082, 239004143, 239004144"
collective,,2007/02/15,2007/02/15,316,15.0316,84.3354,0.6329,1,0.3165,315,99.6835,47,266,1,2,fullownr_proxy,"between transfer events; residency from 2026 fullownr proxy applied after first transfer; historical owner addresses not in sales extract; active TMKs: 239004082, 239004143, 239004144"
collective,,2007/02/16,2007/03/27,316,15.0316,84.3354,0.6329,1,0.3165,315,99.6835,47,266,1,2,fullownr_proxy,"between transfer events; residency from 2026 fullownr proxy applied after first transfer; historical owner addresses not in sales extract; active TMKs: 239004082, 239004143, 239004144"
collective,,2007/03/28,2007/03/28,316,15.0316,84.3354,0.6329,1,0.3165,315,99.6835,47,266,1,2,fullownr_proxy,"between transfer events; residency from 2026 fullownr proxy applied after first transfer; historical owner addresses not in sales extract; active TMKs: 239004082, 239004143, 239004144"
collective,,2007/03/29,2007/03/29,316,15.0316,84.3354,0.6329,1,0.3165,315,99.6835,47,266,1,2,fullownr_proxy,"between transfer events; residency from 2026 fullownr proxy applied after first transfer; historical owner addresses not in sales extract; active TMKs: 239004082, 239004143, 239004144"
collective,,2007/03/30,2007/04/11,316,15.0316,84.3354,0.6329,1,0.3165,315,99.6835,47,266,1,2,fullownr_proxy,"between transfer events; residency from 2026 fullownr proxy applied after first transfer; historical owner addresses not in sales extract; active TMKs: 239004082, 239004143, 239004144"
collective,,2007/04/12,2007/04/18,316,15.0316,84.3354,0.6329,1,0.3165,315,99.6835,47,266,1,2,fullownr_proxy,"between transfer events; residency from 2026 fullownr proxy applied after first transfer; historical owner addresses not in sales extract; active TMKs: 239004082, 239004143, 239004144"
collective,,2007/04/19,2007/04/22,316,15.0316,84.3354,0.6329,1,0.3165,315,99.6835,47,266,1,2,fullownr_proxy,"between transfer events; residency from 2026 fullownr proxy applied after first transfer; historical owner addresses not in sales extract; active TMKs: 239004082, 239004143, 239004144"
collective,,2007/04/23,2007/05/03,316,15.0316,84.3354,0.6329,1,0.3165,315,99.6835,47,266,1,2,fullownr_proxy,"between transfer events; residency from 2026 fullownr proxy applied after first transfer; historical owner addresses not in sales extract; active TMKs: 239004082, 239004143, 239004144"
collective,,2007/05/04,2007/05/08,316,15.0316,84.3354,0.6329,1,0.3165,315,99.6835,47,266,1,2,fullownr_proxy,"between transfer events; residency from 2026 fullownr proxy applied after first transfer; historical owner addresses not in sales extract; active TMKs: 239004082, 239004143, 239004144"
collective,,2007/05/09,2007/05/14,316,15.0316,84.3354,0.6329,1,0.3165,315,99.6835,47,266,1,2,fullownr_proxy,"between transfer events; residency from 2026 fullownr proxy applied after first transfer; historical owner addresses not in sales extract; active TMKs: 239004082, 239004143, 239004144"
collective,,2007/05/15,2007/05/15,316,15.0316,84.3354,0.6329,1,0.3165,315,99.6835,47,266,1,2,fullownr_proxy,"between transfer events; residency from 2026 fullownr proxy applied after first transfer; historical owner addresses not in sales extract; active TMKs: 239004082, 239004143, 239004144"
collective,,2007/05/16,2007/05/17,316,15.0316,84.3354,0.6329,1,0.3165,315,99.6835,47,266,1,2,fullownr_proxy,"between transfer events; residency from 2026 fullownr proxy applied after first transfer; historical owner addresses not in sales extract; active TMKs: 239004082, 239004143, 239004144"
collective,,2007/05/18,2007/05/21,316,15.0316,84.3354,0.6329,1,0.3165,315,99.6835,47,266,1,2,fullownr_proxy,"between transfer events; residency from 2026 fullownr proxy applied after first transfer; historical owner addresses not in sales extract; active TMKs: 239004082, 239004143, 239004144"
collective,,2007/05/22,2007/05/23,316,15.0316,84.3354,0.6329,1,0.3165,315,99.6835,47,266,1,2,fullownr_proxy,"between transfer events; residency from 2026 fullownr proxy applied after first transfer; historical owner addresses not in sales extract; active TMKs: 239004082, 239004143, 239004144"
collective,,2007/05/24,2007/06/03,316,15.0316,84.3354,0.6329,1,0.3165,315,99.6835,47,266,1,2,fullownr_proxy,"between transfer events; residency from 2026 fullownr proxy applied after first transfer; historical owner addresses not in sales extract; active TMKs: 239004082, 239004143, 239004144"
collective,,2007/06/04,2007/06/06,316,15.0316,84.3354,0.6329,1,0.3165,315,99.6835,47,266,1,2,fullownr_proxy,"between transfer events; residency from 2026 fullownr proxy applied after first transfer; historical owner addresses not in sales extract; active TMKs: 239004082, 239004143, 239004144"
collective,,2007/06/07,2007/07/08,316,15.0316,84.3354,0.6329,1,0.3165,315,99.6835,47,266,1,2,fullownr_proxy,"between transfer events; residency from 2026 fullownr proxy applied after first transfer; historical owner addresses not in sales extract; active TMKs: 239004082, 239004143, 239004144"
collective,,2007/07/09,2007/07/12,316,15.0316,84.3354,0.6329,1,0.3165,315,99.6835,47,266,1,2,fullownr_proxy,"between transfer events; residency from 2026 fullownr proxy applied after first transfer; historical owner addresses not in sales extract; active TMKs: 239004082, 239004143, 239004144"
collective,,2007/07/13,2007/07/25,316,15.0316,84.3354,0.6329,1,0.3165,315,99.6835,47,266,1,2,fullownr_proxy,"between transfer events; residency from 2026 fullownr proxy applied after first transfer; historical owner addresses not in sales extract; active TMKs: 239004082, 239004143, 239004144"
collective,,2007/07/26,2007/08/02,316,15.0316,84.3354,0.6329,1,0.3165,315,99.6835,47,266,1,2,fullownr_proxy,"between transfer events; residency from 2026 fullownr proxy applied after first transfer; historical owner addresses not in sales extract; active TMKs: 239004082, 239004143, 239004144"
collective,,2007/08/03,2007/08/06,316,15.0316,84.3354,0.6329,1,0.3165,315,99.6835,47,266,1,2,fullownr_proxy,"between transfer events; residency from 2026 fullownr proxy applied after first transfer; historical owner addresses not in sales extract; active TMKs: 239004082, 239004143, 239004144"
collective,,2007/08/07,2007/08/12,316,15.0316,84.3354,0.6329,1,0.3165,315,99.6835,47,266,1,2,fullownr_proxy,"between transfer events; residency from 2026 fullownr proxy applied after first transfer; historical owner addresses not in sales extract; active TMKs: 239004082, 239004143, 239004144"
collective,,2007/08/13,2007/08/13,316,15.0316,84.3354,0.6329,1,0.3165,315,99.6835,47,266,1,2,fullownr_proxy,"between transfer events; residency from 2026 fullownr proxy applied after first transfer; historical owner addresses not in sales extract; active TMKs: 239004082, 239004143, 239004144"
collective,,2007/08/14,2007/08/20,316,15.0316,84.3354,0.6329,1,0.3165,315,99.6835,47,266,1,2,fullownr_proxy,"between transfer events; residency from 2026 fullownr proxy applied after first transfer; historical owner addresses not in sales extract; active TMKs: 239004082, 239004143, 239004144"
collective,,2007/08/21,2007/08/26,316,15.0316,84.3354,0.6329,1,0.3165,315,99.6835,47,266,1,2,fullownr_proxy,"between transfer events; residency from 2026 fullownr proxy applied after first transfer; historical owner addresses not in sales extract; active TMKs: 239004082, 239004143, 239004144"
collective,,2007/08/27,2007/09/03,316,15.0316,84.3354,0.6329,1,0.3165,315,99.6835,47,266,1,2,fullownr_proxy,"between transfer events; residency from 2026 fullownr proxy applied after first transfer; historical owner addresses not in sales extract; active TMKs: 239004082, 239004143, 239004144"
collective,,2007/09/04,2007/09/16,316,15.0316,84.3354,0.6329,1,0.3165,315,99.6835,47,266,1,2,fullownr_proxy,"between transfer events; residency from 2026 fullownr proxy applied after first transfer; historical owner addresses not in sales extract; active TMKs: 239004082, 239004143, 239004144"
collective,,2007/09/17,2007/09/26,316,15.0316,84.3354,0.6329,1,0.3165,315,99.6835,47,266,1,2,fullownr_proxy,"between transfer events; residency from 2026 fullownr proxy applied after first transfer; historical owner addresses not in sales extract; active TMKs: 239004082, 239004143, 239004144"
collective,,2007/09/27,2007/10/09,316,15.0316,84.3354,0.6329,1,0.3165,315,99.6835,47,266,1,2,fullownr_proxy,"between transfer events; residency from 2026 fullownr proxy applied after first transfer; historical owner addresses not in sales extract; active TMKs: 239004082, 239004143, 239004144"
collective,,2007/10/10,2007/10/21,316,15.0316,84.3354,0.6329,1,0.3165,315,99.6835,47,266,1,2,fullownr_proxy,"between transfer events; residency from 2026 fullownr proxy applied after first transfer; historical owner addresses not in sales extract; active TMKs: 239004082, 239004143, 239004144"
collective,,2007/10/22,2007/12/09,316,15.0316,84.3354,0.6329,1,0.3165,315,99.6835,47,266,1,2,fullownr_proxy,"between transfer events; residency from 2026 fullownr proxy applied after first transfer; historical owner addresses not in sales extract; active TMKs: 239004082, 239004143, 239004144"
collective,,2007/12/10,2007/12/16,316,15.0316,84.3354,0.6329,1,0.3165,315,99.6835,47,266,1,2,fullownr_proxy,"between transfer events; residency from 2026 fullownr proxy applied after first transfer; historical owner addresses not in sales extract; active TMKs: 239004082, 239004143, 239004144"
collective,,2007/12/17,2007/12/30,316,15.0316,84.3354,0.6329,1,0.3165,315,99.6835,47,266,1,2,fullownr_proxy,"between transfer events; residency from 2026 fullownr proxy applied after first transfer; historical owner addresses not in sales extract; active TMKs: 239004082, 239004143, 239004144"
collective,,2007/12/31,2008/01/03,316,15.0316,84.3354,0.6329,1,0.3165,315,99.6835,47,266,1,2,fullownr_proxy,"between transfer events; residency from 2026 fullownr proxy applied after first transfer; historical owner addresses not in sales extract; active TMKs: 239004082, 239004143, 239004144"
collective,,2008/01/04,2008/01/07,316,15.0316,84.3354,0.6329,1,0.3165,315,99.6835,47,266,1,2,fullownr_proxy,"between transfer events; residency from 2026 fullownr proxy applied after first transfer; historical owner addresses not in sales extract; active TMKs: 239004082, 239004143, 239004144"
collective,,2008/01/08,2008/01/21,316,15.0316,84.3354,0.6329,1,0.3165,315,99.6835,47,266,1,2,fullownr_proxy,"between transfer events; residency from 2026 fullownr proxy applied after first transfer; historical owner addresses not in sales extract; active TMKs: 239004082, 239004143, 239004144"
collective,,2008/01/22,2008/02/03,316,15.0316,84.3354,0.6329,1,0.3165,315,99.6835,47,266,1,2,fullownr_proxy,"between transfer events; residency from 2026 fullownr proxy applied after first transfer; historical owner addresses not in sales extract; active TMKs: 239004082, 239004143, 239004144"
collective,,2008/02/04,2008/02/05,316,15.0316,84.3354,0.6329,1,0.3165,315,99.6835,47,266,1,2,fullownr_proxy,"between transfer events; residency from 2026 fullownr proxy applied after first transfer; historical owner addresses not in sales extract; active TMKs: 239004082, 239004143, 239004144"
collective,,2008/02/06,2008/02/09,316,15.0316,84.3354,0.6329,1,0.3165,315,99.6835,47,266,1,2,fullownr_proxy,"between transfer events; residency from 2026 fullownr proxy applied after first transfer; historical owner addresses not in sales extract; active TMKs: 239004082, 239004143, 239004144"
collective,,2008/02/10,2008/03/02,316,15.0316,84.3354,0.6329,1,0.3165,315,99.6835,47,266,1,2,fullownr_proxy,"between transfer events; residency from 2026 fullownr proxy applied after first transfer; historical owner addresses not in sales extract; active TMKs: 239004082, 239004143, 239004144"
collective,,2008/03/03,2008/03/05,316,15.0316,84.3354,0.6329,1,0.3165,315,99.6835,47,266,1,2,fullownr_proxy,"between transfer events; residency from 2026 fullownr proxy applied after first transfer; historical owner addresses not in sales extract; active TMKs: 239004082, 239004143, 239004144"
collective,,2008/03/06,2008/04/02,316,15.0316,84.3354,0.6329,1,0.3165,315,99.6835,47,266,1,2,fullownr_proxy,"between transfer events; residency from 2026 fullownr proxy applied after first transfer; historical owner addresses not in sales extract; active TMKs: 239004082, 239004143, 239004144"
collective,,2008/04/03,2008/04/07,316,15.0316,84.3354,0.6329,1,0.3165,315,99.6835,47,266,1,2,fullownr_proxy,"between transfer events; residency from 2026 fullownr proxy applied after first transfer; historical owner addresses not in sales extract; active TMKs: 239004082, 239004143, 239004144"
collective,,2008/04/08,2008/04/08,316,15.0316,84.3354,0.6329,1,0.3165,315,99.6835,47,266,1,2,fullownr_proxy,"between transfer events; residency from 2026 fullownr proxy applied after first transfer; historical owner addresses not in sales extract; active TMKs: 239004082, 239004143, 239004144"
collective,,2008/04/09,2008/04/20,316,15.0316,84.3354,0.6329,1,0.3165,315,99.6835,47,266,1,2,fullownr_proxy,"between transfer events; residency from 2026 fullownr proxy applied after first transfer; historical owner addresses not in sales extract; active TMKs: 239004082, 239004143, 239004144"
collective,,2008/04/21,2008/05/29,316,15.0316,84.3354,0.6329,1,0.3165,315,99.6835,47,266,1,2,fullownr_proxy,"between transfer events; residency from 2026 fullownr proxy applied after first transfer; historical owner addresses not in sales extract; active TMKs: 239004082, 239004143, 239004144"
collective,,2008/05/30,2008/06/05,316,15.0316,84.3354,0.6329,1,0.3165,315,99.6835,47,266,1,2,fullownr_proxy,"between transfer events; residency from 2026 fullownr proxy applied after first transfer; historical owner addresses not in sales extract; active TMKs: 239004082, 239004143, 239004144"
collective,,2008/06/06,2008/06/12,316,15.0316,84.3354,0.6329,1,0.3165,315,99.6835,47,266,1,2,fullownr_proxy,"between transfer events; residency from 2026 fullownr proxy applied after first transfer; historical owner addresses not in sales extract; active TMKs: 239004082, 239004143, 239004144"
collective,,2008/06/13,2008/07/16,316,15.0316,84.3354,0.6329,1,0.3165,315,99.6835,47,266,1,2,fullownr_proxy,"between transfer events; residency from 2026 fullownr proxy applied after first transfer; historical owner addresses not in sales extract; active TMKs: 239004082, 239004143, 239004144"
collective,,2008/07/17,2008/09/25,316,15.0316,84.3354,0.6329,1,0.3165,315,99.6835,47,266,1,2,fullownr_proxy,"between transfer events; residency from 2026 fullownr proxy applied after first transfer; historical owner addresses not in sales extract; active TMKs: 239004082, 239004143, 239004144"
collective,,2008/09/26,2008/10/15,316,15.0316,84.3354,0.6329,1,0.3165,315,99.6835,47,266,1,2,fullownr_proxy,"between transfer events; residency from 2026 fullownr proxy applied after first transfer; historical owner addresses not in sales extract; active TMKs: 239004082, 239004143, 239004144"
collective,,2008/10/16,2008/10/28,316,15.0316,84.3354,0.6329,1,0.3165,315,99.6835,47,266,1,2,fullownr_proxy,"between transfer events; residency from 2026 fullownr proxy applied after first transfer; historical owner addresses not in sales extract; active TMKs: 239004082, 239004143, 239004144"
collective,,2008/10/29,2009/02/02,316,15.0316,84.3354,0.6329,1,0.3165,315,99.6835,47,266,1,2,fullownr_proxy,"between transfer events; residency from 2026 fullownr proxy applied after first transfer; historical owner addresses not in sales extract; active TMKs: 239004082, 239004143, 239004144"
collective,,2009/02/03,2009/02/11,316,15.0316,84.3354,0.6329,1,0.3165,315,99.6835,47,266,1,2,fullownr_proxy,"between transfer events; residency from 2026 fullownr proxy applied after first transfer; historical owner addresses not in sales extract; active TMKs: 239004082, 239004143, 239004144"
collective,,2009/02/12,2009/02/16,316,15.0316,84.3354,0.6329,1,0.3165,315,99.6835,47,266,1,2,fullownr_proxy,"between transfer events; residency from 2026 fullownr proxy applied after first transfer; historical owner addresses not in sales extract; active TMKs: 239004082, 239004143, 239004144"
collective,,2009/02/17,2009/03/25,316,15.0316,84.3354,0.6329,1,0.3165,315,99.6835,47,266,1,2,fullownr_proxy,"between transfer events; residency from 2026 fullownr proxy applied after first transfer; historical owner addresses not in sales extract; active TMKs: 239004082, 239004143, 239004144"
collective,,2009/03/26,2009/04/19,316,15.0316,84.3354,0.6329,1,0.3165,315,99.6835,47,266,1,2,fullownr_proxy,"between transfer events; residency from 2026 fullownr proxy applied after first transfer; historical owner addresses not in sales extract; active TMKs: 239004082, 239004143, 239004144"
collective,,2009/04/20,2009/06/04,316,15.0316,84.3354,0.6329,1,0.3165,315,99.6835,47,266,1,2,fullownr_proxy,"between transfer events; residency from 2026 fullownr proxy applied after first transfer; historical owner addresses not in sales extract; active TMKs: 239004082, 239004143, 239004144"
collective,,2009/06/05,2009/06/23,316,15.0316,84.3354,0.6329,1,0.3165,315,99.6835,47,266,1,2,fullownr_proxy,"between transfer events; residency from 2026 fullownr proxy applied after first transfer; historical owner addresses not in sales extract; active TMKs: 239004082, 239004143, 239004144"
collective,,2009/06/24,2009/07/01,316,15.0316,84.3354,0.6329,1,0.3165,315,99.6835,47,266,1,2,fullownr_proxy,"between transfer events; residency from 2026 fullownr proxy applied after first transfer; historical owner addresses not in sales extract; active TMKs: 239004082, 239004143, 239004144"
collective,,2009/07/02,2009/10/12,316,15.0316,84.3354,0.6329,1,0.3165,315,99.6835,47,266,1,2,fullownr_proxy,"between transfer events; residency from 2026 fullownr proxy applied after first transfer; historical owner addresses not in sales extract; active TMKs: 239004082, 239004143, 239004144"
collective,,2009/10/13,2009/11/02,316,15.0316,84.3354,0.6329,1,0.3165,315,99.6835,47,266,1,2,fullownr_proxy,"between transfer events; residency from 2026 fullownr proxy applied after first transfer; historical owner addresses not in sales extract; active TMKs: 239004082, 239004143, 239004144"
collective,,2009/11/03,2009/12/03,316,15.0316,84.3354,0.6329,1,0.3165,315,99.6835,47,266,1,2,fullownr_proxy,"between transfer events; residency from 2026 fullownr proxy applied after first transfer; historical owner addresses not in sales extract; active TMKs: 239004082, 239004143, 239004144"
collective,,2009/12/04,2009/12/11,316,15.0316,84.3354,0.6329,1,0.3165,315,99.6835,47,266,1,2,fullownr_proxy,"between transfer events; residency from 2026 fullownr proxy applied after first transfer; historical owner addresses not in sales extract; active TMKs: 239004082, 239004143, 239004144"
collective,,2009/12/12,2009/12/16,316,15.0316,84.3354,0.6329,1,0.3165,315,99.6835,47,266,1,2,fullownr_proxy,"between transfer events; residency from 2026 fullownr proxy applied after first transfer; historical owner addresses not in sales extract; active TMKs: 239004082, 239004143, 239004144"
collective,,2009/12/17,2010/01/18,316,15.0316,84.3354,0.6329,1,0.3165,315,99.6835,47,266,1,2,fullownr_proxy,"between transfer events; residency from 2026 fullownr proxy applied after first transfer; historical owner addresses not in sales extract; active TMKs: 239004082, 239004143, 239004144"
collective,,2010/01/19,2010/02/10,316,15.0316,84.3354,0.6329,1,0.3165,315,99.6835,47,266,1,2,fullownr_proxy,"between transfer events; residency from 2026 fullownr proxy applied after first transfer; historical owner addresses not in sales extract; active TMKs: 239004082, 239004143, 239004144"
collective,,2010/02/11,2010/02/14,316,15.0316,84.3354,0.6329,1,0.3165,315,99.6835,47,266,1,2,fullownr_proxy,"between transfer events; residency from 2026 fullownr proxy applied after first transfer; historical owner addresses not in sales extract; active TMKs: 239004082, 239004143, 239004144"
collective,,2010/02/15,2010/03/16,316,15.0316,84.3354,0.6329,1,0.3165,315,99.6835,47,266,1,2,fullownr_proxy,"between transfer events; residency from 2026 fullownr proxy applied after first transfer; historical owner addresses not in sales extract; active TMKs: 239004082, 239004143, 239004144"
collective,,2010/03/17,2010/03/21,316,15.0316,84.3354,0.6329,1,0.3165,315,99.6835,47,266,1,2,fullownr_proxy,"between transfer events; residency from 2026 fullownr proxy applied after first transfer; historical owner addresses not in sales extract; active TMKs: 239004082, 239004143, 239004144"
collective,,2010/03/22,2010/03/29,316,15.0316,84.3354,0.6329,1,0.3165,315,99.6835,47,266,1,2,fullownr_proxy,"between transfer events; residency from 2026 fullownr proxy applied after first transfer; historical owner addresses not in sales extract; active TMKs: 239004082, 239004143, 239004144"
collective,,2010/03/30,2010/04/07,316,15.0316,84.3354,0.6329,1,0.3165,315,99.6835,47,266,1,2,fullownr_proxy,"between transfer events; residency from 2026 fullownr proxy applied after first transfer; historical owner addresses not in sales extract; active TMKs: 239004082, 239004143, 239004144"
collective,,2010/04/08,2010/04/08,316,15.0316,84.3354,0.6329,1,0.3165,315,99.6835,47,266,1,2,fullownr_proxy,"between transfer events; residency from 2026 fullownr proxy applied after first transfer; historical owner addresses not in sales extract; active TMKs: 239004082, 239004143, 239004144"
collective,,2010/04/09,2010/04/13,316,15.0316,84.3354,0.6329,1,0.3165,315,99.6835,47,266,1,2,fullownr_proxy,"between transfer events; residency from 2026 fullownr proxy applied after first transfer; historical owner addresses not in sales extract; active TMKs: 239004082, 239004143, 239004144"
collective,,2010/04/14,2010/05/05,316,15.0316,84.3354,0.6329,1,0.3165,315,99.6835,47,266,1,2,fullownr_proxy,"between transfer events; residency from 2026 fullownr proxy applied after first transfer; historical owner addresses not in sales extract; active TMKs: 239004082, 239004143, 239004144"
collective,,2010/05/06,2010/05/12,316,15.0316,84.3354,0.6329,1,0.3165,315,99.6835,47,266,1,2,fullownr_proxy,"between transfer events; residency from 2026 fullownr proxy applied after first transfer; historical owner addresses not in sales extract; active TMKs: 239004082, 239004143, 239004144"
collective,,2010/05/13,2010/06/03,316,15.0316,84.3354,0.6329,1,0.3165,315,99.6835,47,266,1,2,fullownr_proxy,"between transfer events; residency from 2026 fullownr proxy applied after first transfer; historical owner addresses not in sales extract; active TMKs: 239004082, 239004143, 239004144"
collective,,2010/06/04,2010/06/27,316,15.0316,84.3354,0.6329,1,0.3165,315,99.6835,47,266,1,2,fullownr_proxy,"between transfer events; residency from 2026 fullownr proxy applied after first transfer; historical owner addresses not in sales extract; active TMKs: 239004082, 239004143, 239004144"
collective,,2010/06/28,2010/06/28,316,15.0316,84.3354,0.6329,1,0.3165,315,99.6835,47,266,1,2,fullownr_proxy,"between transfer events; residency from 2026 fullownr proxy applied after first transfer; historical owner addresses not in sales extract; active TMKs: 239004082, 239004143, 239004144"
collective,,2010/06/29,2010/07/15,316,15.0316,84.3354,0.6329,1,0.3165,315,99.6835,47,266,1,2,fullownr_proxy,"between transfer events; residency from 2026 fullownr proxy applied after first transfer; historical owner addresses not in sales extract; active TMKs: 239004082, 239004143, 239004144"
collective,,2010/07/16,2010/08/05,316,15.0316,84.3354,0.6329,1,0.3165,315,99.6835,47,266,1,2,fullownr_proxy,"between transfer events; residency from 2026 fullownr proxy applied after first transfer; historical owner addresses not in sales extract; active TMKs: 239004082, 239004143, 239004144"
collective,,2010/08/06,2010/08/15,316,15.0316,84.3354,0.6329,1,0.3165,315,99.6835,47,266,1,2,fullownr_proxy,"between transfer events; residency from 2026 fullownr proxy applied after first transfer; historical owner addresses not in sales extract; active TMKs: 239004082, 239004143, 239004144"
collective,,2010/08/16,2010/08/16,316,15.0316,84.3354,0.6329,1,0.3165,315,99.6835,47,266,1,2,fullownr_proxy,"between transfer events; residency from 2026 fullownr proxy applied after first transfer; historical owner addresses not in sales extract; active TMKs: 239004082, 239004143, 239004144"
collective,,2010/08/17,2010/08/17,316,15.0316,84.3354,0.6329,1,0.3165,315,99.6835,47,266,1,2,fullownr_proxy,"between transfer events; residency from 2026 fullownr proxy applied after first transfer; historical owner addresses not in sales extract; active TMKs: 239004082, 239004143, 239004144"
collective,,2010/08/18,2010/08/23,316,15.0316,84.3354,0.6329,1,0.3165,315,99.6835,47,266,1,2,fullownr_proxy,"between transfer events; residency from 2026 fullownr proxy applied after first transfer; historical owner addresses not in sales extract; active TMKs: 239004082, 239004143, 239004144"
collective,,2010/08/24,2010/10/05,316,15.0316,84.3354,0.6329,1,0.3165,315,99.6835,47,266,1,2,fullownr_proxy,"between transfer events; residency from 2026 fullownr proxy applied after first transfer; historical owner addresses not in sales extract; active TMKs: 239004082, 239004143, 239004144"
collective,,2010/10/06,2010/10/10,316,15.0316,84.3354,0.6329,1,0.3165,315,99.6835,47,266,1,2,fullownr_proxy,"between transfer events; residency from 2026 fullownr proxy applied after first transfer; historical owner addresses not in sales extract; active TMKs: 239004082, 239004143, 239004144"
collective,,2010/10/11,2010/10/13,316,15.0316,84.3354,0.6329,1,0.3165,315,99.6835,47,266,1,2,fullownr_proxy,"between transfer events; residency from 2026 fullownr proxy applied after first transfer; historical owner addresses not in sales extract; active TMKs: 239004082, 239004143, 239004144"
collective,,2010/10/14,2010/10/25,316,15.0316,84.3354,0.6329,1,0.3165,315,99.6835,47,266,1,2,fullownr_proxy,"between transfer events; residency from 2026 fullownr proxy applied after first transfer; historical owner addresses not in sales extract; active TMKs: 239004082, 239004143, 239004144"
collective,,2010/10/26,2010/12/02,316,15.0316,84.3354,0.6329,1,0.3165,315,99.6835,47,266,1,2,fullownr_proxy,"between transfer events; residency from 2026 fullownr proxy applied after first transfer; historical owner addresses not in sales extract; active TMKs: 239004082, 239004143, 239004144"
collective,,2010/12/03,2011/01/06,316,15.0316,84.3354,0.6329,1,0.3165,315,99.6835,47,266,1,2,fullownr_proxy,"between transfer events; residency from 2026 fullownr proxy applied after first transfer; historical owner addresses not in sales extract; active TMKs: 239004082, 239004143, 239004144"
collective,,2011/01/07,2011/01/19,316,15.0316,84.3354,0.6329,1,0.3165,315,99.6835,47,266,1,2,fullownr_proxy,"between transfer events; residency from 2026 fullownr proxy applied after first transfer; historical owner addresses not in sales extract; active TMKs: 239004082, 239004143, 239004144"
collective,,2011/01/20,2011/02/03,316,15.0316,84.3354,0.6329,1,0.3165,315,99.6835,47,266,1,2,fullownr_proxy,"between transfer events; residency from 2026 fullownr proxy applied after first transfer; historical owner addresses not in sales extract; active TMKs: 239004082, 239004143, 239004144"
collective,,2011/02/04,2011/02/21,316,15.0316,84.3354,0.6329,1,0.3165,315,99.6835,47,266,1,2,fullownr_proxy,"between transfer events; residency from 2026 fullownr proxy applied after first transfer; historical owner addresses not in sales extract; active TMKs: 239004082, 239004143, 239004144"
collective,,2011/02/22,2011/03/20,316,15.0316,84.3354,0.6329,1,0.3165,315,99.6835,47,266,1,2,fullownr_proxy,"between transfer events; residency from 2026 fullownr proxy applied after first transfer; historical owner addresses not in sales extract; active TMKs: 239004082, 239004143, 239004144"
collective,,2011/03/21,2011/04/13,316,15.0316,84.3354,0.6329,1,0.3165,315,99.6835,47,266,1,2,fullownr_proxy,"between transfer events; residency from 2026 fullownr proxy applied after first transfer; historical owner addresses not in sales extract; active TMKs: 239004082, 239004143, 239004144"
collective,,2011/04/14,2011/05/09,316,15.0316,84.3354,0.6329,1,0.3165,315,99.6835,47,266,1,2,fullownr_proxy,"between transfer events; residency from 2026 fullownr proxy applied after first transfer; historical owner addresses not in sales extract; active TMKs: 239004082, 239004143, 239004144"
collective,,2011/05/10,2011/05/12,316,15.0316,84.3354,0.6329,1,0.3165,315,99.6835,47,266,1,2,fullownr_proxy,"between transfer events; residency from 2026 fullownr proxy applied after first transfer; historical owner addresses not in sales extract; active TMKs: 239004082, 239004143, 239004144"
collective,,2011/05/13,2011/05/17,316,15.0316,84.3354,0.6329,1,0.3165,315,99.6835,47,266,1,2,fullownr_proxy,"between transfer events; residency from 2026 fullownr proxy applied after first transfer; historical owner addresses not in sales extract; active TMKs: 239004082, 239004143, 239004144"
collective,,2011/05/18,2011/05/23,316,15.0316,84.3354,0.6329,1,0.3165,315,99.6835,47,266,1,2,fullownr_proxy,"between transfer events; residency from 2026 fullownr proxy applied after first transfer; historical owner addresses not in sales extract; active TMKs: 239004082, 239004143, 239004144"
collective,,2011/05/24,2011/05/31,316,15.0316,84.3354,0.6329,1,0.3165,315,99.6835,47,266,1,2,fullownr_proxy,"between transfer events; residency from 2026 fullownr proxy applied after first transfer; historical owner addresses not in sales extract; active TMKs: 239004082, 239004143, 239004144"
collective,,2011/06/01,2011/06/09,316,15.0316,84.3354,0.6329,1,0.3165,315,99.6835,47,266,1,2,fullownr_proxy,"between transfer events; residency from 2026 fullownr proxy applied after first transfer; historical owner addresses not in sales extract; active TMKs: 239004082, 239004143, 239004144"
collective,,2011/06/10,2011/06/12,316,15.0316,84.3354,0.6329,1,0.3165,315,99.6835,47,266,1,2,fullownr_proxy,"between transfer events; residency from 2026 fullownr proxy applied after first transfer; historical owner addresses not in sales extract; active TMKs: 239004082, 239004143, 239004144"
collective,,2011/06/13,2011/06/19,316,15.0316,84.3354,0.6329,1,0.3165,315,99.6835,47,266,1,2,fullownr_proxy,"between transfer events; residency from 2026 fullownr proxy applied after first transfer; historical owner addresses not in sales extract; active TMKs: 239004082, 239004143, 239004144"
collective,,2011/06/20,2011/07/04,316,15.0316,84.3354,0.6329,1,0.3165,315,99.6835,47,266,1,2,fullownr_proxy,"between transfer events; residency from 2026 fullownr proxy applied after first transfer; historical owner addresses not in sales extract; active TMKs: 239004082, 239004143, 239004144"
collective,,2011/07/05,2011/07/11,316,15.0316,84.3354,0.6329,1,0.3165,315,99.6835,47,266,1,2,fullownr_proxy,"between transfer events; residency from 2026 fullownr proxy applied after first transfer; historical owner addresses not in sales extract; active TMKs: 239004082, 239004143, 239004144"
collective,,2011/07/12,2011/07/20,316,15.0316,84.3354,0.6329,1,0.3165,315,99.6835,47,266,1,2,fullownr_proxy,"between transfer events; residency from 2026 fullownr proxy applied after first transfer; historical owner addresses not in sales extract; active TMKs: 239004082, 239004143, 239004144"
collective,,2011/07/21,2011/08/07,316,15.0316,84.3354,0.6329,1,0.3165,315,99.6835,47,266,1,2,fullownr_proxy,"between transfer events; residency from 2026 fullownr proxy applied after first transfer; historical owner addresses not in sales extract; active TMKs: 239004082, 239004143, 239004144"
collective,,2011/08/08,2011/08/08,316,15.0316,84.3354,0.6329,1,0.3165,315,99.6835,47,266,1,2,fullownr_proxy,"between transfer events; residency from 2026 fullownr proxy applied after first transfer; historical owner addresses not in sales extract; active TMKs: 239004082, 239004143, 239004144"
collective,,2011/08/09,2011/09/07,316,15.0316,84.3354,0.6329,1,0.3165,315,99.6835,47,266,1,2,fullownr_proxy,"between transfer events; residency from 2026 fullownr proxy applied after first transfer; historical owner addresses not in sales extract; active TMKs: 239004082, 239004143, 239004144"
collective,,2011/09/08,2011/09/13,316,15.0316,84.3354,0.6329,1,0.3165,315,99.6835,47,266,1,2,fullownr_proxy,"between transfer events; residency from 2026 fullownr proxy applied after first transfer; historical owner addresses not in sales extract; active TMKs: 239004082, 239004143, 239004144"
collective,,2011/09/14,2011/11/21,316,15.0316,84.3354,0.6329,1,0.3165,315,99.6835,47,266,1,2,fullownr_proxy,"between transfer events; residency from 2026 fullownr proxy applied after first transfer; historical owner addresses not in sales extract; active TMKs: 239004082, 239004143, 239004144"
collective,,2011/11/22,2011/12/05,316,15.0316,84.3354,0.6329,1,0.3165,315,99.6835,47,266,1,2,fullownr_proxy,"between transfer events; residency from 2026 fullownr proxy applied after first transfer; historical owner addresses not in sales extract; active TMKs: 239004082, 239004143, 239004144"
collective,,2011/12/06,2011/12/06,316,15.0316,84.3354,0.6329,1,0.3165,315,99.6835,47,266,1,2,fullownr_proxy,"between transfer events; residency from 2026 fullownr proxy applied after first transfer; historical owner addresses not in sales extract; active TMKs: 239004082, 239004143, 239004144"
collective,,2011/12/07,2011/12/12,316,15.0316,84.3354,0.6329,1,0.3165,315,99.6835,47,266,1,2,fullownr_proxy,"between transfer events; residency from 2026 fullownr proxy applied after first transfer; historical owner addresses not in sales extract; active TMKs: 239004082, 239004143, 239004144"
collective,,2011/12/13,2012/01/06,316,15.0316,84.3354,0.6329,1,0.3165,315,99.6835,47,266,1,2,fullownr_proxy,"between transfer events; residency from 2026 fullownr proxy applied after first transfer; historical owner addresses not in sales extract; active TMKs: 239004082, 239004143, 239004144"
collective,,2012/01/07,2012/01/17,316,15.0316,84.3354,0.6329,1,0.3165,315,99.6835,47,266,1,2,fullownr_proxy,"between transfer events; residency from 2026 fullownr proxy applied after first transfer; historical owner addresses not in sales extract; active TMKs: 239004082, 239004143, 239004144"
collective,,2012/01/18,2012/01/18,316,15.0316,84.3354,0.6329,1,0.3165,315,99.6835,47,266,1,2,fullownr_proxy,"between transfer events; residency from 2026 fullownr proxy applied after first transfer; historical owner addresses not in sales extract; active TMKs: 239004082, 239004143, 239004144"
collective,,2012/01/19,2012/01/24,316,15.0316,84.3354,0.6329,1,0.3165,315,99.6835,47,266,1,2,fullownr_proxy,"between transfer events; residency from 2026 fullownr proxy applied after first transfer; historical owner addresses not in sales extract; active TMKs: 239004082, 239004143, 239004144"
collective,,2012/01/25,2012/02/15,316,15.0316,84.3354,0.6329,1,0.3165,315,99.6835,47,266,1,2,fullownr_proxy,"between transfer events; residency from 2026 fullownr proxy applied after first transfer; historical owner addresses not in sales extract; active TMKs: 239004082, 239004143, 239004144"
collective,,2012/02/16,2012/03/08,316,15.0316,84.3354,0.6329,1,0.3165,315,99.6835,47,266,1,2,fullownr_proxy,"between transfer events; residency from 2026 fullownr proxy applied after first transfer; historical owner addresses not in sales extract; active TMKs: 239004082, 239004143, 239004144"
collective,,2012/03/09,2012/03/13,316,15.0316,84.3354,0.6329,1,0.3165,315,99.6835,47,266,1,2,fullownr_proxy,"between transfer events; residency from 2026 fullownr proxy applied after first transfer; historical owner addresses not in sales extract; active TMKs: 239004082, 239004143, 239004144"
collective,,2012/03/14,2012/03/20,316,15.0316,84.3354,0.6329,1,0.3165,315,99.6835,47,266,1,2,fullownr_proxy,"between transfer events; residency from 2026 fullownr proxy applied after first transfer; historical owner addresses not in sales extract; active TMKs: 239004082, 239004143, 239004144"
collective,,2012/03/21,2012/04/05,316,15.0316,84.3354,0.6329,1,0.3165,315,99.6835,47,266,1,2,fullownr_proxy,"between transfer events; residency from 2026 fullownr proxy applied after first transfer; historical owner addresses not in sales extract; active TMKs: 239004082, 239004143, 239004144"
collective,,2012/04/06,2012/05/07,316,15.0316,84.3354,0.6329,1,0.3165,315,99.6835,47,266,1,2,fullownr_proxy,"between transfer events; residency from 2026 fullownr proxy applied after first transfer; historical owner addresses not in sales extract; active TMKs: 239004082, 239004143, 239004144"
collective,,2012/05/08,2012/05/30,316,15.0316,84.3354,0.6329,1,0.3165,315,99.6835,47,266,1,2,fullownr_proxy,"between transfer events; residency from 2026 fullownr proxy applied after first transfer; historical owner addresses not in sales extract; active TMKs: 239004082, 239004143, 239004144"
collective,,2012/05/31,2012/06/21,316,15.0316,84.3354,0.6329,1,0.3165,315,99.6835,47,266,1,2,fullownr_proxy,"between transfer events; residency from 2026 fullownr proxy applied after first transfer; historical owner addresses not in sales extract; active TMKs: 239004082, 239004143, 239004144"
collective,,2012/06/22,2012/06/22,316,15.0316,84.3354,0.6329,1,0.3165,315,99.6835,47,266,1,2,fullownr_proxy,"between transfer events; residency from 2026 fullownr proxy applied after first transfer; historical owner addresses not in sales extract; active TMKs: 239004082, 239004143, 239004144"
collective,,2012/06/23,2012/07/01,316,15.0316,84.3354,0.6329,1,0.3165,315,99.6835,47,266,1,2,fullownr_proxy,"between transfer events; residency from 2026 fullownr proxy applied after first transfer; historical owner addresses not in sales extract; active TMKs: 239004082, 239004143, 239004144"
collective,,2012/07/02,2012/08/21,316,15.0316,84.3354,0.6329,1,0.3165,315,99.6835,47,266,1,2,fullownr_proxy,"between transfer events; residency from 2026 fullownr proxy applied after first transfer; historical owner addresses not in sales extract; active TMKs: 239004082, 239004143, 239004144"
collective,,2012/08/22,2012/09/13,316,15.0316,84.3354,0.6329,1,0.3165,315,99.6835,47,266,1,2,fullownr_proxy,"between transfer events; residency from 2026 fullownr proxy applied after first transfer; historical owner addresses not in sales extract; active TMKs: 239004082, 239004143, 239004144"
collective,,2012/09/14,2012/09/26,316,15.0316,84.3354,0.6329,1,0.3165,315,99.6835,47,266,1,2,fullownr_proxy,"between transfer events; residency from 2026 fullownr proxy applied after first transfer; historical owner addresses not in sales extract; active TMKs: 239004082, 239004143, 239004144"
collective,,2012/09/27,2012/10/21,316,15.0316,84.3354,0.6329,1,0.3165,315,99.6835,47,266,1,2,fullownr_proxy,"between transfer events; residency from 2026 fullownr proxy applied after first transfer; historical owner addresses not in sales extract; active TMKs: 239004082, 239004143, 239004144"
collective,,2012/10/22,2012/10/22,316,15.0316,84.3354,0.6329,1,0.3165,315,99.6835,47,266,1,2,fullownr_proxy,"between transfer events; residency from 2026 fullownr proxy applied after first transfer; historical owner addresses not in sales extract; active TMKs: 239004082, 239004143, 239004144"
collective,,2012/10/23,2012/10/24,316,15.0316,84.3354,0.6329,1,0.3165,315,99.6835,47,266,1,2,fullownr_proxy,"between transfer events; residency from 2026 fullownr proxy applied after first transfer; historical owner addresses not in sales extract; active TMKs: 239004082, 239004143, 239004144"
collective,,2012/10/25,2012/11/24,316,15.0316,84.3354,0.6329,1,0.3165,315,99.6835,47,266,1,2,fullownr_proxy,"between transfer events; residency from 2026 fullownr proxy applied after first transfer; historical owner addresses not in sales extract; active TMKs: 239004082, 239004143, 239004144"
collective,,2012/11/25,2012/12/19,316,15.0316,84.3354,0.6329,1,0.3165,315,99.6835,47,266,1,2,fullownr_proxy,"between transfer events; residency from 2026 fullownr proxy applied after first transfer; historical owner addresses not in sales extract; active TMKs: 239004082, 239004143, 239004144"
collective,,2012/12/20,2013/01/27,316,15.0316,84.3354,0.6329,1,0.3165,315,99.6835,47,266,1,2,fullownr_proxy,"between transfer events; residency from 2026 fullownr proxy applied after first transfer; historical owner addresses not in sales extract; active TMKs: 239004082, 239004143, 239004144"
collective,,2013/01/28,2013/02/03,316,15.0316,84.3354,0.6329,1,0.3165,315,99.6835,47,266,1,2,fullownr_proxy,"between transfer events; residency from 2026 fullownr proxy applied after first transfer; historical owner addresses not in sales extract; active TMKs: 239004082, 239004143, 239004144"
collective,,2013/02/04,2013/02/05,316,15.0316,84.3354,0.6329,1,0.3165,315,99.6835,47,266,1,2,fullownr_proxy,"between transfer events; residency from 2026 fullownr proxy applied after first transfer; historical owner addresses not in sales extract; active TMKs: 239004082, 239004143, 239004144"
collective,,2013/02/06,2013/02/06,316,15.0316,84.3354,0.6329,1,0.3165,315,99.6835,47,266,1,2,fullownr_proxy,"between transfer events; residency from 2026 fullownr proxy applied after first transfer; historical owner addresses not in sales extract; active TMKs: 239004082, 239004143, 239004144"
collective,,2013/02/07,2013/03/14,316,15.0316,84.3354,0.6329,1,0.3165,315,99.6835,47,266,1,2,fullownr_proxy,"between transfer events; residency from 2026 fullownr proxy applied after first transfer; historical owner addresses not in sales extract; active TMKs: 239004082, 239004143, 239004144"
collective,,2013/03/15,2013/03/21,316,15.0316,84.3354,0.6329,1,0.3165,315,99.6835,47,266,1,2,fullownr_proxy,"between transfer events; residency from 2026 fullownr proxy applied after first transfer; historical owner addresses not in sales extract; active TMKs: 239004082, 239004143, 239004144"
collective,,2013/03/22,2013/03/24,316,15.0316,84.3354,0.6329,1,0.3165,315,99.6835,47,266,1,2,fullownr_proxy,"between transfer events; residency from 2026 fullownr proxy applied after first transfer; historical owner addresses not in sales extract; active TMKs: 239004082, 239004143, 239004144"
collective,,2013/03/25,2013/04/01,316,15.0316,84.3354,0.6329,1,0.3165,315,99.6835,47,266,1,2,fullownr_proxy,"between transfer events; residency from 2026 fullownr proxy applied after first transfer; historical owner addresses not in sales extract; active TMKs: 239004082, 239004143, 239004144"
collective,,2013/04/02,2013/04/08,316,15.0316,84.3354,0.6329,1,0.3165,315,99.6835,47,266,1,2,fullownr_proxy,"between transfer events; residency from 2026 fullownr proxy applied after first transfer; historical owner addresses not in sales extract; active TMKs: 239004082, 239004143, 239004144"
collective,,2013/04/09,2013/04/25,316,15.0316,84.3354,0.6329,1,0.3165,315,99.6835,47,266,1,2,fullownr_proxy,"between transfer events; residency from 2026 fullownr proxy applied after first transfer; historical owner addresses not in sales extract; active TMKs: 239004082, 239004143, 239004144"
collective,,2013/04/26,2013/04/29,316,15.0316,84.3354,0.6329,1,0.3165,315,99.6835,47,266,1,2,fullownr_proxy,"between transfer events; residency from 2026 fullownr proxy applied after first transfer; historical owner addresses not in sales extract; active TMKs: 239004082, 239004143, 239004144"
collective,,2013/04/30,2013/05/07,316,15.0316,84.3354,0.6329,1,0.3165,315,99.6835,47,266,1,2,fullownr_proxy,"between transfer events; residency from 2026 fullownr proxy applied after first transfer; historical owner addresses not in sales extract; active TMKs: 239004082, 239004143, 239004144"
collective,,2013/05/08,2013/05/08,316,15.0316,84.3354,0.6329,1,0.3165,315,99.6835,47,266,1,2,fullownr_proxy,"between transfer events; residency from 2026 fullownr proxy applied after first transfer; historical owner addresses not in sales extract; active TMKs: 239004082, 239004143, 239004144"
collective,,2013/05/09,2013/05/21,316,15.0316,84.3354,0.6329,1,0.3165,315,99.6835,47,266,1,2,fullownr_proxy,"between transfer events; residency from 2026 fullownr proxy applied after first transfer; historical owner addresses not in sales extract; active TMKs: 239004082, 239004143, 239004144"
collective,,2013/05/22,2013/06/09,316,15.0316,84.3354,0.6329,1,0.3165,315,99.6835,47,266,1,2,fullownr_proxy,"between transfer events; residency from 2026 fullownr proxy applied after first transfer; historical owner addresses not in sales extract; active TMKs: 239004082, 239004143, 239004144"
collective,,2013/06/10,2013/06/11,316,15.0316,84.3354,0.6329,1,0.3165,315,99.6835,47,266,1,2,fullownr_proxy,"between transfer events; residency from 2026 fullownr proxy applied after first transfer; historical owner addresses not in sales extract; active TMKs: 239004082, 239004143, 239004144"
collective,,2013/06/12,2013/06/23,316,15.0316,84.3354,0.6329,1,0.3165,315,99.6835,47,266,1,2,fullownr_proxy,"between transfer events; residency from 2026 fullownr proxy applied after first transfer; historical owner addresses not in sales extract; active TMKs: 239004082, 239004143, 239004144"
collective,,2013/06/24,2013/06/25,316,15.0316,84.3354,0.6329,1,0.3165,315,99.6835,47,266,1,2,fullownr_proxy,"between transfer events; residency from 2026 fullownr proxy applied after first transfer; historical owner addresses not in sales extract; active TMKs: 239004082, 239004143, 239004144"
collective,,2013/06/26,2013/07/18,316,15.0316,84.3354,0.6329,1,0.3165,315,99.6835,47,266,1,2,fullownr_proxy,"between transfer events; residency from 2026 fullownr proxy applied after first transfer; historical owner addresses not in sales extract; active TMKs: 239004082, 239004143, 239004144"
collective,,2013/07/19,2013/07/22,316,15.0316,84.3354,0.6329,1,0.3165,315,99.6835,47,266,1,2,fullownr_proxy,"between transfer events; residency from 2026 fullownr proxy applied after first transfer; historical owner addresses not in sales extract; active TMKs: 239004082, 239004143, 239004144"
collective,,2013/07/23,2013/07/23,316,15.0316,84.3354,0.6329,1,0.3165,315,99.6835,47,266,1,2,fullownr_proxy,"between transfer events; residency from 2026 fullownr proxy applied after first transfer; historical owner addresses not in sales extract; active TMKs: 239004082, 239004143, 239004144"
collective,,2013/07/24,2013/07/24,316,15.0316,84.3354,0.6329,1,0.3165,315,99.6835,47,266,1,2,fullownr_proxy,"between transfer events; residency from 2026 fullownr proxy applied after first transfer; historical owner addresses not in sales extract; active TMKs: 239004082, 239004143, 239004144"
collective,,2013/07/25,2013/08/01,316,15.0316,84.3354,0.6329,1,0.3165,315,99.6835,47,266,1,2,fullownr_proxy,"between transfer events; residency from 2026 fullownr proxy applied after first transfer; historical owner addresses not in sales extract; active TMKs: 239004082, 239004143, 239004144"
collective,,2013/08/02,2013/08/11,316,15.0316,84.3354,0.6329,1,0.3165,315,99.6835,47,266,1,2,fullownr_proxy,"between transfer events; residency from 2026 fullownr proxy applied after first transfer; historical owner addresses not in sales extract; active TMKs: 239004082, 239004143, 239004144"
collective,,2013/08/12,2013/08/29,316,15.0316,84.3354,0.6329,1,0.3165,315,99.6835,47,266,1,2,fullownr_proxy,"between transfer events; residency from 2026 fullownr proxy applied after first transfer; historical owner addresses not in sales extract; active TMKs: 239004082, 239004143, 239004144"
collective,,2013/08/30,2013/09/16,316,15.0316,84.3354,0.6329,1,0.3165,315,99.6835,47,266,1,2,fullownr_proxy,"between transfer events; residency from 2026 fullownr proxy applied after first transfer; historical owner addresses not in sales extract; active TMKs: 239004082, 239004143, 239004144"
collective,,2013/09/17,2013/10/25,316,15.0316,84.3354,0.6329,1,0.3165,315,99.6835,47,266,1,2,fullownr_proxy,"between transfer events; residency from 2026 fullownr proxy applied after first transfer; historical owner addresses not in sales extract; active TMKs: 239004082, 239004143, 239004144"
collective,,2013/10/26,2013/10/29,316,15.0316,84.3354,0.6329,1,0.3165,315,99.6835,47,266,1,2,fullownr_proxy,"between transfer events; residency from 2026 fullownr proxy applied after first transfer; historical owner addresses not in sales extract; active TMKs: 239004082, 239004143, 239004144"
collective,,2013/10/30,2013/11/10,316,15.0316,84.3354,0.6329,1,0.3165,315,99.6835,47,266,1,2,fullownr_proxy,"between transfer events; residency from 2026 fullownr proxy applied after first transfer; historical owner addresses not in sales extract; active TMKs: 239004082, 239004143, 239004144"
collective,,2013/11/11,2013/11/14,316,15.0316,84.3354,0.6329,1,0.3165,315,99.6835,47,266,1,2,fullownr_proxy,"between transfer events; residency from 2026 fullownr proxy applied after first transfer; historical owner addresses not in sales extract; active TMKs: 239004082, 239004143, 239004144"
collective,,2013/11/15,2013/11/21,316,15.0316,84.3354,0.6329,1,0.3165,315,99.6835,47,266,1,2,fullownr_proxy,"between transfer events; residency from 2026 fullownr proxy applied after first transfer; historical owner addresses not in sales extract; active TMKs: 239004082, 239004143, 239004144"
collective,,2013/11/22,2013/11/22,316,15.0316,84.3354,0.6329,1,0.3165,315,99.6835,47,266,1,2,fullownr_proxy,"between transfer events; residency from 2026 fullownr proxy applied after first transfer; historical owner addresses not in sales extract; active TMKs: 239004082, 239004143, 239004144"
collective,,2013/11/23,2013/12/10,316,15.0316,84.3354,0.6329,1,0.3165,315,99.6835,47,266,1,2,fullownr_proxy,"between transfer events; residency from 2026 fullownr proxy applied after first transfer; historical owner addresses not in sales extract; active TMKs: 239004082, 239004143, 239004144"
collective,,2013/12/11,2014/01/07,316,15.0316,84.3354,0.6329,1,0.3165,315,99.6835,47,266,1,2,fullownr_proxy,"between transfer events; residency from 2026 fullownr proxy applied after first transfer; historical owner addresses not in sales extract; active TMKs: 239004082, 239004143, 239004144"
collective,,2014/01/08,2014/01/15,316,15.0316,84.3354,0.6329,1,0.3165,315,99.6835,47,266,1,2,fullownr_proxy,"between transfer events; residency from 2026 fullownr proxy applied after first transfer; historical owner addresses not in sales extract; active TMKs: 239004082, 239004143, 239004144"
collective,,2014/01/16,2014/02/26,316,15.0316,84.3354,0.6329,1,0.3165,315,99.6835,47,266,1,2,fullownr_proxy,"between transfer events; residency from 2026 fullownr proxy applied after first transfer; historical owner addresses not in sales extract; active TMKs: 239004082, 239004143, 239004144"
collective,,2014/02/27,2014/03/13,316,15.0316,84.3354,0.6329,1,0.3165,315,99.6835,47,266,1,2,fullownr_proxy,"between transfer events; residency from 2026 fullownr proxy applied after first transfer; historical owner addresses not in sales extract; active TMKs: 239004082, 239004143, 239004144"
collective,,2014/03/14,2014/03/17,316,15.0316,84.3354,0.6329,1,0.3165,315,99.6835,47,266,1,2,fullownr_proxy,"between transfer events; residency from 2026 fullownr proxy applied after first transfer; historical owner addresses not in sales extract; active TMKs: 239004082, 239004143, 239004144"
collective,,2014/03/18,2014/03/19,316,15.0316,84.3354,0.6329,1,0.3165,315,99.6835,47,266,1,2,fullownr_proxy,"between transfer events; residency from 2026 fullownr proxy applied after first transfer; historical owner addresses not in sales extract; active TMKs: 239004082, 239004143, 239004144"
collective,,2014/03/20,2014/04/09,316,15.0316,84.3354,0.6329,1,0.3165,315,99.6835,47,266,1,2,fullownr_proxy,"between transfer events; residency from 2026 fullownr proxy applied after first transfer; historical owner addresses not in sales extract; active TMKs: 239004082, 239004143, 239004144"
collective,,2014/04/10,2014/04/21,316,15.0316,84.3354,0.6329,1,0.3165,315,99.6835,47,266,1,2,fullownr_proxy,"between transfer events; residency from 2026 fullownr proxy applied after first transfer; historical owner addresses not in sales extract; active TMKs: 239004082, 239004143, 239004144"
collective,,2014/04/22,2014/04/28,316,15.0316,84.3354,0.6329,1,0.3165,315,99.6835,47,266,1,2,fullownr_proxy,"between transfer events; residency from 2026 fullownr proxy applied after first transfer; historical owner addresses not in sales extract; active TMKs: 239004082, 239004143, 239004144"
collective,,2014/04/29,2014/05/01,316,15.0316,84.3354,0.6329,1,0.3165,315,99.6835,47,266,1,2,fullownr_proxy,"between transfer events; residency from 2026 fullownr proxy applied after first transfer; historical owner addresses not in sales extract; active TMKs: 239004082, 239004143, 239004144"
collective,,2014/05/02,2014/05/21,316,15.0316,84.3354,0.6329,1,0.3165,315,99.6835,47,266,1,2,fullownr_proxy,"between transfer events; residency from 2026 fullownr proxy applied after first transfer; historical owner addresses not in sales extract; active TMKs: 239004082, 239004143, 239004144"
collective,,2014/05/22,2014/06/01,316,15.0316,84.3354,0.6329,1,0.3165,315,99.6835,47,266,1,2,fullownr_proxy,"between transfer events; residency from 2026 fullownr proxy applied after first transfer; historical owner addresses not in sales extract; active TMKs: 239004082, 239004143, 239004144"
collective,,2014/06/02,2014/06/04,316,15.0316,84.3354,0.6329,1,0.3165,315,99.6835,47,266,1,2,fullownr_proxy,"between transfer events; residency from 2026 fullownr proxy applied after first transfer; historical owner addresses not in sales extract; active TMKs: 239004082, 239004143, 239004144"
collective,,2014/06/05,2014/06/05,316,15.0316,84.3354,0.6329,1,0.3165,315,99.6835,47,266,1,2,fullownr_proxy,"between transfer events; residency from 2026 fullownr proxy applied after first transfer; historical owner addresses not in sales extract; active TMKs: 239004082, 239004143, 239004144"
collective,,2014/06/06,2014/06/23,316,15.0316,84.3354,0.6329,1,0.3165,315,99.6835,47,266,1,2,fullownr_proxy,"between transfer events; residency from 2026 fullownr proxy applied after first transfer; historical owner addresses not in sales extract; active TMKs: 239004082, 239004143, 239004144"
collective,,2014/06/24,2014/06/24,316,15.0316,84.3354,0.6329,1,0.3165,315,99.6835,47,266,1,2,fullownr_proxy,"between transfer events; residency from 2026 fullownr proxy applied after first transfer; historical owner addresses not in sales extract; active TMKs: 239004082, 239004143, 239004144"
collective,,2014/06/25,2014/06/25,316,15.0316,84.3354,0.6329,1,0.3165,315,99.6835,47,266,1,2,fullownr_proxy,"between transfer events; residency from 2026 fullownr proxy applied after first transfer; historical owner addresses not in sales extract; active TMKs: 239004082, 239004143, 239004144"
collective,,2014/06/26,2014/08/19,316,15.0316,84.3354,0.6329,1,0.3165,315,99.6835,47,266,1,2,fullownr_proxy,"between transfer events; residency from 2026 fullownr proxy applied after first transfer; historical owner addresses not in sales extract; active TMKs: 239004082, 239004143, 239004144"
collective,,2014/08/20,2014/09/01,316,15.0316,84.3354,0.6329,1,0.3165,315,99.6835,47,266,1,2,fullownr_proxy,"between transfer events; residency from 2026 fullownr proxy applied after first transfer; historical owner addresses not in sales extract; active TMKs: 239004082, 239004143, 239004144"
collective,,2014/09/02,2014/09/14,316,15.0316,84.3354,0.6329,1,0.3165,315,99.6835,47,266,1,2,fullownr_proxy,"between transfer events; residency from 2026 fullownr proxy applied after first transfer; historical owner addresses not in sales extract; active TMKs: 239004082, 239004143, 239004144"
collective,,2014/09/15,2014/09/18,316,15.0316,84.3354,0.6329,1,0.3165,315,99.6835,47,266,1,2,fullownr_proxy,"between transfer events; residency from 2026 fullownr proxy applied after first transfer; historical owner addresses not in sales extract; active TMKs: 239004082, 239004143, 239004144"
collective,,2014/09/19,2014/10/05,316,15.0316,84.3354,0.6329,1,0.3165,315,99.6835,47,266,1,2,fullownr_proxy,"between transfer events; residency from 2026 fullownr proxy applied after first transfer; historical owner addresses not in sales extract; active TMKs: 239004082, 239004143, 239004144"
collective,,2014/10/06,2014/10/20,316,15.0316,84.3354,0.6329,1,0.3165,315,99.6835,47,266,1,2,fullownr_proxy,"between transfer events; residency from 2026 fullownr proxy applied after first transfer; historical owner addresses not in sales extract; active TMKs: 239004082, 239004143, 239004144"
collective,,2014/10/21,2014/10/23,316,15.0316,84.3354,0.6329,1,0.3165,315,99.6835,47,266,1,2,fullownr_proxy,"between transfer events; residency from 2026 fullownr proxy applied after first transfer; historical owner addresses not in sales extract; active TMKs: 239004082, 239004143, 239004144"
collective,,2014/10/24,2014/11/19,316,15.0316,84.3354,0.6329,1,0.3165,315,99.6835,47,266,1,2,fullownr_proxy,"between transfer events; residency from 2026 fullownr proxy applied after first transfer; historical owner addresses not in sales extract; active TMKs: 239004082, 239004143, 239004144"
collective,,2014/11/20,2014/12/10,316,15.0316,84.3354,0.6329,1,0.3165,315,99.6835,47,266,1,2,fullownr_proxy,"between transfer events; residency from 2026 fullownr proxy applied after first transfer; historical owner addresses not in sales extract; active TMKs: 239004082, 239004143, 239004144"
collective,,2014/12/11,2015/01/05,316,15.0316,84.3354,0.6329,1,0.3165,315,99.6835,47,266,1,2,fullownr_proxy,"between transfer events; residency from 2026 fullownr proxy applied after first transfer; historical owner addresses not in sales extract; active TMKs: 239004082, 239004143, 239004144"
collective,,2015/01/06,2015/01/12,316,15.0316,84.3354,0.6329,1,0.3165,315,99.6835,47,266,1,2,fullownr_proxy,"between transfer events; residency from 2026 fullownr proxy applied after first transfer; historical owner addresses not in sales extract; active TMKs: 239004082, 239004143, 239004144"
collective,,2015/01/13,2015/01/26,316,15.0316,84.3354,0.6329,1,0.3165,315,99.6835,47,266,1,2,fullownr_proxy,"between transfer events; residency from 2026 fullownr proxy applied after first transfer; historical owner addresses not in sales extract; active TMKs: 239004082, 239004143, 239004144"
collective,,2015/01/27,2015/01/27,316,15.0316,84.3354,0.6329,1,0.3165,315,99.6835,47,266,1,2,fullownr_proxy,"between transfer events; residency from 2026 fullownr proxy applied after first transfer; historical owner addresses not in sales extract; active TMKs: 239004082, 239004143, 239004144"
collective,,2015/01/28,2015/02/02,316,15.0316,84.3354,0.6329,1,0.3165,315,99.6835,47,266,1,2,fullownr_proxy,"between transfer events; residency from 2026 fullownr proxy applied after first transfer; historical owner addresses not in sales extract; active TMKs: 239004082, 239004143, 239004144"
collective,,2015/02/03,2015/03/03,316,15.0316,84.3354,0.6329,1,0.3165,315,99.6835,47,266,1,2,fullownr_proxy,"between transfer events; residency from 2026 fullownr proxy applied after first transfer; historical owner addresses not in sales extract; active TMKs: 239004082, 239004143, 239004144"
collective,,2015/03/04,2015/03/16,316,15.0316,84.3354,0.6329,1,0.3165,315,99.6835,47,266,1,2,fullownr_proxy,"between transfer events; residency from 2026 fullownr proxy applied after first transfer; historical owner addresses not in sales extract; active TMKs: 239004082, 239004143, 239004144"
collective,,2015/03/17,2015/03/24,316,15.0316,84.3354,0.6329,1,0.3165,315,99.6835,47,266,1,2,fullownr_proxy,"between transfer events; residency from 2026 fullownr proxy applied after first transfer; historical owner addresses not in sales extract; active TMKs: 239004082, 239004143, 239004144"
collective,,2015/03/25,2015/04/08,316,15.0316,84.3354,0.6329,1,0.3165,315,99.6835,47,266,1,2,fullownr_proxy,"between transfer events; residency from 2026 fullownr proxy applied after first transfer; historical owner addresses not in sales extract; active TMKs: 239004082, 239004143, 239004144"
collective,,2015/04/09,2015/04/15,316,15.0316,84.3354,0.6329,1,0.3165,315,99.6835,47,266,1,2,fullownr_proxy,"between transfer events; residency from 2026 fullownr proxy applied after first transfer; historical owner addresses not in sales extract; active TMKs: 239004082, 239004143, 239004144"
collective,,2015/04/16,2015/06/08,316,15.0316,84.3354,0.6329,1,0.3165,315,99.6835,47,266,1,2,fullownr_proxy,"between transfer events; residency from 2026 fullownr proxy applied after first transfer; historical owner addresses not in sales extract; active TMKs: 239004082, 239004143, 239004144"
collective,,2015/06/09,2015/06/17,316,15.0316,84.3354,0.6329,1,0.3165,315,99.6835,47,266,1,2,fullownr_proxy,"between transfer events; residency from 2026 fullownr proxy applied after first transfer; historical owner addresses not in sales extract; active TMKs: 239004082, 239004143, 239004144"
collective,,2015/06/18,2015/06/24,316,15.0316,84.3354,0.6329,1,0.3165,315,99.6835,47,266,1,2,fullownr_proxy,"between transfer events; residency from 2026 fullownr proxy applied after first transfer; historical owner addresses not in sales extract; active TMKs: 239004082, 239004143, 239004144"
collective,,2015/06/25,2015/06/25,316,15.0316,84.3354,0.6329,1,0.3165,315,99.6835,47,266,1,2,fullownr_proxy,"between transfer events; residency from 2026 fullownr proxy applied after first transfer; historical owner addresses not in sales extract; active TMKs: 239004082, 239004143, 239004144"
collective,,2015/06/26,2015/07/19,316,15.0316,84.3354,0.6329,1,0.3165,315,99.6835,47,266,1,2,fullownr_proxy,"between transfer events; residency from 2026 fullownr proxy applied after first transfer; historical owner addresses not in sales extract; active TMKs: 239004082, 239004143, 239004144"
collective,,2015/07/20,2015/08/09,316,15.0316,84.3354,0.6329,1,0.3165,315,99.6835,47,266,1,2,fullownr_proxy,"between transfer events; residency from 2026 fullownr proxy applied after first transfer; historical owner addresses not in sales extract; active TMKs: 239004082, 239004143, 239004144"
collective,,2015/08/10,2015/09/02,316,15.0316,84.3354,0.6329,1,0.3165,315,99.6835,47,266,1,2,fullownr_proxy,"between transfer events; residency from 2026 fullownr proxy applied after first transfer; historical owner addresses not in sales extract; active TMKs: 239004082, 239004143, 239004144"
collective,,2015/09/03,2015/09/10,316,15.0316,84.3354,0.6329,1,0.3165,315,99.6835,47,266,1,2,fullownr_proxy,"between transfer events; residency from 2026 fullownr proxy applied after first transfer; historical owner addresses not in sales extract; active TMKs: 239004082, 239004143, 239004144"
collective,,2015/09/11,2015/09/14,316,15.0316,84.3354,0.6329,1,0.3165,315,99.6835,47,266,1,2,fullownr_proxy,"between transfer events; residency from 2026 fullownr proxy applied after first transfer; historical owner addresses not in sales extract; active TMKs: 239004082, 239004143, 239004144"
collective,,2015/09/15,2015/10/02,316,15.0316,84.3354,0.6329,1,0.3165,315,99.6835,47,266,1,2,fullownr_proxy,"between transfer events; residency from 2026 fullownr proxy applied after first transfer; historical owner addresses not in sales extract; active TMKs: 239004082, 239004143, 239004144"
collective,,2015/10/03,2015/11/05,316,15.0316,84.3354,0.6329,1,0.3165,315,99.6835,47,266,1,2,fullownr_proxy,"between transfer events; residency from 2026 fullownr proxy applied after first transfer; historical owner addresses not in sales extract; active TMKs: 239004082, 239004143, 239004144"
collective,,2015/11/06,2015/11/11,316,15.0316,84.3354,0.6329,1,0.3165,315,99.6835,47,266,1,2,fullownr_proxy,"between transfer events; residency from 2026 fullownr proxy applied after first transfer; historical owner addresses not in sales extract; active TMKs: 239004082, 239004143, 239004144"
collective,,2015/11/12,2015/12/09,316,15.0316,84.3354,0.6329,1,0.3165,315,99.6835,47,266,1,2,fullownr_proxy,"between transfer events; residency from 2026 fullownr proxy applied after first transfer; historical owner addresses not in sales extract; active TMKs: 239004082, 239004143, 239004144"
collective,,2015/12/10,2016/01/26,316,15.0316,84.3354,0.6329,1,0.3165,315,99.6835,47,266,1,2,fullownr_proxy,"between transfer events; residency from 2026 fullownr proxy applied after first transfer; historical owner addresses not in sales extract; active TMKs: 239004082, 239004143, 239004144"
collective,,2016/01/27,2016/02/03,316,15.0316,84.3354,0.6329,1,0.3165,315,99.6835,47,266,1,2,fullownr_proxy,"between transfer events; residency from 2026 fullownr proxy applied after first transfer; historical owner addresses not in sales extract; active TMKs: 239004082, 239004143, 239004144"
collective,,2016/02/04,2016/02/28,316,15.0316,84.3354,0.6329,1,0.3165,315,99.6835,47,266,1,2,fullownr_proxy,"between transfer events; residency from 2026 fullownr proxy applied after first transfer; historical owner addresses not in sales extract; active TMKs: 239004082, 239004143, 239004144"
collective,,2016/02/29,2016/04/14,316,15.0316,84.3354,0.6329,1,0.3165,315,99.6835,47,266,1,2,fullownr_proxy,"between transfer events; residency from 2026 fullownr proxy applied after first transfer; historical owner addresses not in sales extract; active TMKs: 239004082, 239004143, 239004144"
collective,,2016/04/15,2016/04/20,316,15.0316,84.3354,0.6329,1,0.3165,315,99.6835,47,266,1,2,fullownr_proxy,"between transfer events; residency from 2026 fullownr proxy applied after first transfer; historical owner addresses not in sales extract; active TMKs: 239004082, 239004143, 239004144"
collective,,2016/04/21,2016/07/06,316,15.0316,84.3354,0.6329,1,0.3165,315,99.6835,47,266,1,2,fullownr_proxy,"between transfer events; residency from 2026 fullownr proxy applied after first transfer; historical owner addresses not in sales extract; active TMKs: 239004082, 239004143, 239004144"
collective,,2016/07/07,2016/07/26,316,15.0316,84.3354,0.6329,1,0.3165,315,99.6835,47,266,1,2,fullownr_proxy,"between transfer events; residency from 2026 fullownr proxy applied after first transfer; historical owner addresses not in sales extract; active TMKs: 239004082, 239004143, 239004144"
collective,,2016/07/27,2016/07/27,316,15.0316,84.3354,0.6329,1,0.3165,315,99.6835,47,266,1,2,fullownr_proxy,"between transfer events; residency from 2026 fullownr proxy applied after first transfer; historical owner addresses not in sales extract; active TMKs: 239004082, 239004143, 239004144"
collective,,2016/07/28,2016/08/03,316,15.0316,84.3354,0.6329,1,0.3165,315,99.6835,47,266,1,2,fullownr_proxy,"between transfer events; residency from 2026 fullownr proxy applied after first transfer; historical owner addresses not in sales extract; active TMKs: 239004082, 239004143, 239004144"
collective,,2016/08/04,2016/09/21,316,15.0316,84.3354,0.6329,1,0.3165,315,99.6835,47,266,1,2,fullownr_proxy,"between transfer events; residency from 2026 fullownr proxy applied after first transfer; historical owner addresses not in sales extract; active TMKs: 239004082, 239004143, 239004144"
collective,,2016/09/22,2016/10/23,316,15.0316,84.3354,0.6329,1,0.3165,315,99.6835,47,266,1,2,fullownr_proxy,"between transfer events; residency from 2026 fullownr proxy applied after first transfer; historical owner addresses not in sales extract; active TMKs: 239004082, 239004143, 239004144"
collective,,2016/10/24,2016/10/30,316,15.0316,84.3354,0.6329,1,0.3165,315,99.6835,47,266,1,2,fullownr_proxy,"between transfer events; residency from 2026 fullownr proxy applied after first transfer; historical owner addresses not in sales extract; active TMKs: 239004082, 239004143, 239004144"
collective,,2016/10/31,2016/11/10,316,15.0316,84.3354,0.6329,1,0.3165,315,99.6835,47,266,1,2,fullownr_proxy,"between transfer events; residency from 2026 fullownr proxy applied after first transfer; historical owner addresses not in sales extract; active TMKs: 239004082, 239004143, 239004144"
collective,,2016/11/11,2016/11/16,316,15.0316,84.3354,0.6329,1,0.3165,315,99.6835,47,266,1,2,fullownr_proxy,"between transfer events; residency from 2026 fullownr proxy applied after first transfer; historical owner addresses not in sales extract; active TMKs: 239004082, 239004143, 239004144"
collective,,2016/11/17,2016/11/20,316,15.0316,84.3354,0.6329,1,0.3165,315,99.6835,47,266,1,2,fullownr_proxy,"between transfer events; residency from 2026 fullownr proxy applied after first transfer; historical owner addresses not in sales extract; active TMKs: 239004082, 239004143, 239004144"
collective,,2016/11/21,2016/11/27,316,15.0316,84.3354,0.6329,1,0.3165,315,99.6835,47,266,1,2,fullownr_proxy,"between transfer events; residency from 2026 fullownr proxy applied after first transfer; historical owner addresses not in sales extract; active TMKs: 239004082, 239004143, 239004144"
collective,,2016/11/28,2016/12/18,316,15.0316,84.3354,0.6329,1,0.3165,315,99.6835,47,266,1,2,fullownr_proxy,"between transfer events; residency from 2026 fullownr proxy applied after first transfer; historical owner addresses not in sales extract; active TMKs: 239004082, 239004143, 239004144"
collective,,2016/12/19,2017/01/05,316,15.0316,84.3354,0.6329,1,0.3165,315,99.6835,47,266,1,2,fullownr_proxy,"between transfer events; residency from 2026 fullownr proxy applied after first transfer; historical owner addresses not in sales extract; active TMKs: 239004082, 239004143, 239004144"
collective,,2017/01/06,2017/01/17,316,15.0316,84.3354,0.6329,1,0.3165,315,99.6835,47,266,1,2,fullownr_proxy,"between transfer events; residency from 2026 fullownr proxy applied after first transfer; historical owner addresses not in sales extract; active TMKs: 239004082, 239004143, 239004144"
collective,,2017/01/18,2017/02/13,316,15.0316,84.3354,0.6329,1,0.3165,315,99.6835,47,266,1,2,fullownr_proxy,"between transfer events; residency from 2026 fullownr proxy applied after first transfer; historical owner addresses not in sales extract; active TMKs: 239004082, 239004143, 239004144"
collective,,2017/02/14,2017/03/10,316,15.0316,84.3354,0.6329,1,0.3165,315,99.6835,47,266,1,2,fullownr_proxy,"between transfer events; residency from 2026 fullownr proxy applied after first transfer; historical owner addresses not in sales extract; active TMKs: 239004082, 239004143, 239004144"
collective,,2017/03/11,2017/04/16,316,15.0316,84.3354,0.6329,1,0.3165,315,99.6835,47,266,1,2,fullownr_proxy,"between transfer events; residency from 2026 fullownr proxy applied after first transfer; historical owner addresses not in sales extract; active TMKs: 239004082, 239004143, 239004144"
collective,,2017/04/17,2017/04/22,316,15.0316,84.3354,0.6329,1,0.3165,315,99.6835,47,266,1,2,fullownr_proxy,"between transfer events; residency from 2026 fullownr proxy applied after first transfer; historical owner addresses not in sales extract; active TMKs: 239004082, 239004143, 239004144"
collective,,2017/04/23,2017/04/27,316,15.0316,84.3354,0.6329,1,0.3165,315,99.6835,47,266,1,2,fullownr_proxy,"between transfer events; residency from 2026 fullownr proxy applied after first transfer; historical owner addresses not in sales extract; active TMKs: 239004082, 239004143, 239004144"
collective,,2017/04/28,2017/05/15,316,15.0316,84.3354,0.6329,1,0.3165,315,99.6835,47,266,1,2,fullownr_proxy,"between transfer events; residency from 2026 fullownr proxy applied after first transfer; historical owner addresses not in sales extract; active TMKs: 239004082, 239004143, 239004144"
collective,,2017/05/16,2017/05/17,316,15.0316,84.3354,0.6329,1,0.3165,315,99.6835,47,266,1,2,fullownr_proxy,"between transfer events; residency from 2026 fullownr proxy applied after first transfer; historical owner addresses not in sales extract; active TMKs: 239004082, 239004143, 239004144"
collective,,2017/05/18,2017/06/23,316,15.0316,84.3354,0.6329,1,0.3165,315,99.6835,47,266,1,2,fullownr_proxy,"between transfer events; residency from 2026 fullownr proxy applied after first transfer; historical owner addresses not in sales extract; active TMKs: 239004082, 239004143, 239004144"
collective,,2017/06/24,2017/06/27,316,15.0316,84.3354,0.6329,1,0.3165,315,99.6835,47,266,1,2,fullownr_proxy,"between transfer events; residency from 2026 fullownr proxy applied after first transfer; historical owner addresses not in sales extract; active TMKs: 239004082, 239004143, 239004144"
collective,,2017/06/28,2017/07/09,316,15.0316,84.3354,0.6329,1,0.3165,315,99.6835,47,266,1,2,fullownr_proxy,"between transfer events; residency from 2026 fullownr proxy applied after first transfer; historical owner addresses not in sales extract; active TMKs: 239004082, 239004143, 239004144"
collective,,2017/07/10,2017/07/31,316,15.0316,84.3354,0.6329,1,0.3165,315,99.6835,47,266,1,2,fullownr_proxy,"between transfer events; residency from 2026 fullownr proxy applied after first transfer; historical owner addresses not in sales extract; active TMKs: 239004082, 239004143, 239004144"
collective,,2017/08/01,2017/08/06,316,15.0316,84.3354,0.6329,1,0.3165,315,99.6835,47,266,1,2,fullownr_proxy,"between transfer events; residency from 2026 fullownr proxy applied after first transfer; historical owner addresses not in sales extract; active TMKs: 239004082, 239004143, 239004144"
collective,,2017/08/07,2017/08/14,316,15.0316,84.3354,0.6329,1,0.3165,315,99.6835,47,266,1,2,fullownr_proxy,"between transfer events; residency from 2026 fullownr proxy applied after first transfer; historical owner addresses not in sales extract; active TMKs: 239004082, 239004143, 239004144"
collective,,2017/08/15,2017/09/17,316,15.0316,84.3354,0.6329,1,0.3165,315,99.6835,47,266,1,2,fullownr_proxy,"between transfer events; residency from 2026 fullownr proxy applied after first transfer; historical owner addresses not in sales extract; active TMKs: 239004082, 239004143, 239004144"
collective,,2017/09/18,2017/09/19,316,15.0316,84.3354,0.6329,1,0.3165,315,99.6835,47,266,1,2,fullownr_proxy,"between transfer events; residency from 2026 fullownr proxy applied after first transfer; historical owner addresses not in sales extract; active TMKs: 239004082, 239004143, 239004144"
collective,,2017/09/20,2017/10/01,316,15.0316,84.3354,0.6329,1,0.3165,315,99.6835,47,266,1,2,fullownr_proxy,"between transfer events; residency from 2026 fullownr proxy applied after first transfer; historical owner addresses not in sales extract; active TMKs: 239004082, 239004143, 239004144"
collective,,2017/10/02,2017/10/02,316,15.0316,84.3354,0.6329,1,0.3165,315,99.6835,47,266,1,2,fullownr_proxy,"between transfer events; residency from 2026 fullownr proxy applied after first transfer; historical owner addresses not in sales extract; active TMKs: 239004082, 239004143, 239004144"
collective,,2017/10/03,2017/10/03,316,15.0316,84.3354,0.6329,1,0.3165,315,99.6835,47,266,1,2,fullownr_proxy,"between transfer events; residency from 2026 fullownr proxy applied after first transfer; historical owner addresses not in sales extract; active TMKs: 239004082, 239004143, 239004144"
collective,,2017/10/04,2017/10/04,316,15.0316,84.3354,0.6329,1,0.3165,315,99.6835,47,266,1,2,fullownr_proxy,"between transfer events; residency from 2026 fullownr proxy applied after first transfer; historical owner addresses not in sales extract; active TMKs: 239004082, 239004143, 239004144"
collective,,2017/10/05,2017/10/22,316,15.0316,84.3354,0.6329,1,0.3165,315,99.6835,47,266,1,2,fullownr_proxy,"between transfer events; residency from 2026 fullownr proxy applied after first transfer; historical owner addresses not in sales extract; active TMKs: 239004082, 239004143, 239004144"
collective,,2017/10/23,2017/11/02,316,15.0316,84.3354,0.6329,1,0.3165,315,99.6835,47,266,1,2,fullownr_proxy,"between transfer events; residency from 2026 fullownr proxy applied after first transfer; historical owner addresses not in sales extract; active TMKs: 239004082, 239004143, 239004144"
collective,,2017/11/03,2017/11/08,316,15.0316,84.3354,0.6329,1,0.3165,315,99.6835,47,266,1,2,fullownr_proxy,"between transfer events; residency from 2026 fullownr proxy applied after first transfer; historical owner addresses not in sales extract; active TMKs: 239004082, 239004143, 239004144"
collective,,2017/11/09,2017/11/14,316,15.0316,84.3354,0.6329,1,0.3165,315,99.6835,47,266,1,2,fullownr_proxy,"between transfer events; residency from 2026 fullownr proxy applied after first transfer; historical owner addresses not in sales extract; active TMKs: 239004082, 239004143, 239004144"
collective,,2017/11/15,2017/11/19,316,15.0316,84.3354,0.6329,1,0.3165,315,99.6835,47,266,1,2,fullownr_proxy,"between transfer events; residency from 2026 fullownr proxy applied after first transfer; historical owner addresses not in sales extract; active TMKs: 239004082, 239004143, 239004144"
collective,,2017/11/20,2017/11/21,316,15.0316,84.3354,0.6329,1,0.3165,315,99.6835,47,266,1,2,fullownr_proxy,"between transfer events; residency from 2026 fullownr proxy applied after first transfer; historical owner addresses not in sales extract; active TMKs: 239004082, 239004143, 239004144"
collective,,2017/11/22,2017/11/27,316,15.0316,84.3354,0.6329,1,0.3165,315,99.6835,47,266,1,2,fullownr_proxy,"between transfer events; residency from 2026 fullownr proxy applied after first transfer; historical owner addresses not in sales extract; active TMKs: 239004082, 239004143, 239004144"
collective,,2017/11/28,2017/12/19,316,15.0316,84.3354,0.6329,1,0.3165,315,99.6835,47,266,1,2,fullownr_proxy,"between transfer events; residency from 2026 fullownr proxy applied after first transfer; historical owner addresses not in sales extract; active TMKs: 239004082, 239004143, 239004144"
collective,,2017/12/20,2017/12/20,316,15.0316,84.3354,0.6329,1,0.3165,315,99.6835,47,266,1,2,fullownr_proxy,"between transfer events; residency from 2026 fullownr proxy applied after first transfer; historical owner addresses not in sales extract; active TMKs: 239004082, 239004143, 239004144"
collective,,2017/12/21,2017/12/21,316,15.0316,84.3354,0.6329,1,0.3165,315,99.6835,47,266,1,2,fullownr_proxy,"between transfer events; residency from 2026 fullownr proxy applied after first transfer; historical owner addresses not in sales extract; active TMKs: 239004082, 239004143, 239004144"
collective,,2017/12/22,2017/12/25,316,15.0316,84.3354,0.6329,1,0.3165,315,99.6835,47,266,1,2,fullownr_proxy,"between transfer events; residency from 2026 fullownr proxy applied after first transfer; historical owner addresses not in sales extract; active TMKs: 239004082, 239004143, 239004144"
collective,,2017/12/26,2018/01/03,316,15.0316,84.3354,0.6329,1,0.3165,315,99.6835,47,266,1,2,fullownr_proxy,"between transfer events; residency from 2026 fullownr proxy applied after first transfer; historical owner addresses not in sales extract; active TMKs: 239004082, 239004143, 239004144"
collective,,2018/01/04,2018/01/10,316,15.0316,84.3354,0.6329,1,0.3165,315,99.6835,47,266,1,2,fullownr_proxy,"between transfer events; residency from 2026 fullownr proxy applied after first transfer; historical owner addresses not in sales extract; active TMKs: 239004082, 239004143, 239004144"
collective,,2018/01/11,2018/01/11,316,15.0316,84.3354,0.6329,1,0.3165,315,99.6835,47,266,1,2,fullownr_proxy,"between transfer events; residency from 2026 fullownr proxy applied after first transfer; historical owner addresses not in sales extract; active TMKs: 239004082, 239004143, 239004144"
collective,,2018/01/12,2018/01/25,316,15.0316,84.3354,0.6329,1,0.3165,315,99.6835,47,266,1,2,fullownr_proxy,"between transfer events; residency from 2026 fullownr proxy applied after first transfer; historical owner addresses not in sales extract; active TMKs: 239004082, 239004143, 239004144"
collective,,2018/01/26,2018/02/11,316,15.0316,84.3354,0.6329,1,0.3165,315,99.6835,47,266,1,2,fullownr_proxy,"between transfer events; residency from 2026 fullownr proxy applied after first transfer; historical owner addresses not in sales extract; active TMKs: 239004082, 239004143, 239004144"
collective,,2018/02/12,2018/03/01,316,15.0316,84.3354,0.6329,1,0.3165,315,99.6835,47,266,1,2,fullownr_proxy,"between transfer events; residency from 2026 fullownr proxy applied after first transfer; historical owner addresses not in sales extract; active TMKs: 239004082, 239004143, 239004144"
collective,,2018/03/02,2018/03/11,316,15.0316,84.3354,0.6329,1,0.3165,315,99.6835,47,266,1,2,fullownr_proxy,"between transfer events; residency from 2026 fullownr proxy applied after first transfer; historical owner addresses not in sales extract; active TMKs: 239004082, 239004143, 239004144"
collective,,2018/03/12,2018/03/18,316,15.0316,84.3354,0.6329,1,0.3165,315,99.6835,47,266,1,2,fullownr_proxy,"between transfer events; residency from 2026 fullownr proxy applied after first transfer; historical owner addresses not in sales extract; active TMKs: 239004082, 239004143, 239004144"
collective,,2018/03/19,2018/03/29,316,15.0316,84.3354,0.6329,1,0.3165,315,99.6835,47,266,1,2,fullownr_proxy,"between transfer events; residency from 2026 fullownr proxy applied after first transfer; historical owner addresses not in sales extract; active TMKs: 239004082, 239004143, 239004144"
collective,,2018/03/30,2018/03/30,316,15.0316,84.3354,0.6329,1,0.3165,315,99.6835,47,266,1,2,fullownr_proxy,"between transfer events; residency from 2026 fullownr proxy applied after first transfer; historical owner addresses not in sales extract; active TMKs: 239004082, 239004143, 239004144"
collective,,2018/03/31,2018/05/03,316,15.0316,84.3354,0.6329,1,0.3165,315,99.6835,47,266,1,2,fullownr_proxy,"between transfer events; residency from 2026 fullownr proxy applied after first transfer; historical owner addresses not in sales extract; active TMKs: 239004082, 239004143, 239004144"
collective,,2018/05/04,2018/05/10,316,15.0316,84.3354,0.6329,1,0.3165,315,99.6835,47,266,1,2,fullownr_proxy,"between transfer events; residency from 2026 fullownr proxy applied after first transfer; historical owner addresses not in sales extract; active TMKs: 239004082, 239004143, 239004144"
collective,,2018/05/11,2018/05/21,316,15.0316,84.3354,0.6329,1,0.3165,315,99.6835,47,266,1,2,fullownr_proxy,"between transfer events; residency from 2026 fullownr proxy applied after first transfer; historical owner addresses not in sales extract; active TMKs: 239004082, 239004143, 239004144"
collective,,2018/05/22,2018/06/03,316,15.0316,84.3354,0.6329,1,0.3165,315,99.6835,47,266,1,2,fullownr_proxy,"between transfer events; residency from 2026 fullownr proxy applied after first transfer; historical owner addresses not in sales extract; active TMKs: 239004082, 239004143, 239004144"
collective,,2018/06/04,2018/06/05,316,15.0316,84.3354,0.6329,1,0.3165,315,99.6835,47,266,1,2,fullownr_proxy,"between transfer events; residency from 2026 fullownr proxy applied after first transfer; historical owner addresses not in sales extract; active TMKs: 239004082, 239004143, 239004144"
collective,,2018/06/06,2018/06/14,316,15.0316,84.3354,0.6329,1,0.3165,315,99.6835,47,266,1,2,fullownr_proxy,"between transfer events; residency from 2026 fullownr proxy applied after first transfer; historical owner addresses not in sales extract; active TMKs: 239004082, 239004143, 239004144"
collective,,2018/06/15,2018/06/15,316,15.0316,84.3354,0.6329,1,0.3165,315,99.6835,47,266,1,2,fullownr_proxy,"between transfer events; residency from 2026 fullownr proxy applied after first transfer; historical owner addresses not in sales extract; active TMKs: 239004082, 239004143, 239004144"
collective,,2018/06/16,2018/07/10,316,15.0316,84.3354,0.6329,1,0.3165,315,99.6835,47,266,1,2,fullownr_proxy,"between transfer events; residency from 2026 fullownr proxy applied after first transfer; historical owner addresses not in sales extract; active TMKs: 239004082, 239004143, 239004144"
collective,,2018/07/11,2018/07/23,316,15.0316,84.3354,0.6329,1,0.3165,315,99.6835,47,266,1,2,fullownr_proxy,"between transfer events; residency from 2026 fullownr proxy applied after first transfer; historical owner addresses not in sales extract; active TMKs: 239004082, 239004143, 239004144"
collective,,2018/07/24,2018/07/26,316,15.0316,84.3354,0.6329,1,0.3165,315,99.6835,47,266,1,2,fullownr_proxy,"between transfer events; residency from 2026 fullownr proxy applied after first transfer; historical owner addresses not in sales extract; active TMKs: 239004082, 239004143, 239004144"
collective,,2018/07/27,2018/07/29,316,15.0316,84.3354,0.6329,1,0.3165,315,99.6835,47,266,1,2,fullownr_proxy,"between transfer events; residency from 2026 fullownr proxy applied after first transfer; historical owner addresses not in sales extract; active TMKs: 239004082, 239004143, 239004144"
collective,,2018/07/30,2018/08/02,316,15.0316,84.3354,0.6329,1,0.3165,315,99.6835,47,266,1,2,fullownr_proxy,"between transfer events; residency from 2026 fullownr proxy applied after first transfer; historical owner addresses not in sales extract; active TMKs: 239004082, 239004143, 239004144"
collective,,2018/08/03,2018/08/09,316,15.0316,84.3354,0.6329,1,0.3165,315,99.6835,47,266,1,2,fullownr_proxy,"between transfer events; residency from 2026 fullownr proxy applied after first transfer; historical owner addresses not in sales extract; active TMKs: 239004082, 239004143, 239004144"
collective,,2018/08/10,2018/08/13,316,15.0316,84.3354,0.6329,1,0.3165,315,99.6835,47,266,1,2,fullownr_proxy,"between transfer events; residency from 2026 fullownr proxy applied after first transfer; historical owner addresses not in sales extract; active TMKs: 239004082, 239004143, 239004144"
collective,,2018/08/14,2018/08/14,316,15.0316,84.3354,0.6329,1,0.3165,315,99.6835,47,266,1,2,fullownr_proxy,"between transfer events; residency from 2026 fullownr proxy applied after first transfer; historical owner addresses not in sales extract; active TMKs: 239004082, 239004143, 239004144"
collective,,2018/08/15,2018/08/20,316,15.0316,84.3354,0.6329,1,0.3165,315,99.6835,47,266,1,2,fullownr_proxy,"between transfer events; residency from 2026 fullownr proxy applied after first transfer; historical owner addresses not in sales extract; active TMKs: 239004082, 239004143, 239004144"
collective,,2018/08/21,2018/08/21,316,15.0316,84.3354,0.6329,1,0.3165,315,99.6835,47,266,1,2,fullownr_proxy,"between transfer events; residency from 2026 fullownr proxy applied after first transfer; historical owner addresses not in sales extract; active TMKs: 239004082, 239004143, 239004144"
collective,,2018/08/22,2018/09/20,316,15.0316,84.3354,0.6329,1,0.3165,315,99.6835,47,266,1,2,fullownr_proxy,"between transfer events; residency from 2026 fullownr proxy applied after first transfer; historical owner addresses not in sales extract; active TMKs: 239004082, 239004143, 239004144"
collective,,2018/09/21,2018/10/01,316,15.0316,84.3354,0.6329,1,0.3165,315,99.6835,47,266,1,2,fullownr_proxy,"between transfer events; residency from 2026 fullownr proxy applied after first transfer; historical owner addresses not in sales extract; active TMKs: 239004082, 239004143, 239004144"
collective,,2018/10/02,2018/10/31,316,15.0316,84.3354,0.6329,1,0.3165,315,99.6835,47,266,1,2,fullownr_proxy,"between transfer events; residency from 2026 fullownr proxy applied after first transfer; historical owner addresses not in sales extract; active TMKs: 239004082, 239004143, 239004144"
collective,,2018/11/01,2018/11/20,316,15.0316,84.3354,0.6329,1,0.3165,315,99.6835,47,266,1,2,fullownr_proxy,"between transfer events; residency from 2026 fullownr proxy applied after first transfer; historical owner addresses not in sales extract; active TMKs: 239004082, 239004143, 239004144"
collective,,2018/11/21,2018/11/26,316,15.0316,84.3354,0.6329,1,0.3165,315,99.6835,47,266,1,2,fullownr_proxy,"between transfer events; residency from 2026 fullownr proxy applied after first transfer; historical owner addresses not in sales extract; active TMKs: 239004082, 239004143, 239004144"
collective,,2018/11/27,2019/01/03,316,15.0316,84.3354,0.6329,1,0.3165,315,99.6835,47,266,1,2,fullownr_proxy,"between transfer events; residency from 2026 fullownr proxy applied after first transfer; historical owner addresses not in sales extract; active TMKs: 239004082, 239004143, 239004144"
collective,,2019/01/04,2019/01/18,316,15.0316,84.3354,0.6329,1,0.3165,315,99.6835,47,266,1,2,fullownr_proxy,"between transfer events; residency from 2026 fullownr proxy applied after first transfer; historical owner addresses not in sales extract; active TMKs: 239004082, 239004143, 239004144"
collective,,2019/01/19,2019/01/20,316,15.0316,84.3354,0.6329,1,0.3165,315,99.6835,47,266,1,2,fullownr_proxy,"between transfer events; residency from 2026 fullownr proxy applied after first transfer; historical owner addresses not in sales extract; active TMKs: 239004082, 239004143, 239004144"
collective,,2019/01/21,2019/02/20,316,15.0316,84.3354,0.6329,1,0.3165,315,99.6835,47,266,1,2,fullownr_proxy,"between transfer events; residency from 2026 fullownr proxy applied after first transfer; historical owner addresses not in sales extract; active TMKs: 239004082, 239004143, 239004144"
collective,,2019/02/21,2019/03/01,316,15.0316,84.3354,0.6329,1,0.3165,315,99.6835,47,266,1,2,fullownr_proxy,"between transfer events; residency from 2026 fullownr proxy applied after first transfer; historical owner addresses not in sales extract; active TMKs: 239004082, 239004143, 239004144"
collective,,2019/03/02,2019/03/08,316,15.0316,84.3354,0.6329,1,0.3165,315,99.6835,47,266,1,2,fullownr_proxy,"between transfer events; residency from 2026 fullownr proxy applied after first transfer; historical owner addresses not in sales extract; active TMKs: 239004082, 239004143, 239004144"
collective,,2019/03/09,2019/03/12,316,15.0316,84.3354,0.6329,1,0.3165,315,99.6835,47,266,1,2,fullownr_proxy,"between transfer events; residency from 2026 fullownr proxy applied after first transfer; historical owner addresses not in sales extract; active TMKs: 239004082, 239004143, 239004144"
collective,,2019/03/13,2019/03/17,316,15.0316,84.3354,0.6329,1,0.3165,315,99.6835,47,266,1,2,fullownr_proxy,"between transfer events; residency from 2026 fullownr proxy applied after first transfer; historical owner addresses not in sales extract; active TMKs: 239004082, 239004143, 239004144"
collective,,2019/03/18,2019/03/26,316,15.0316,84.3354,0.6329,1,0.3165,315,99.6835,47,266,1,2,fullownr_proxy,"between transfer events; residency from 2026 fullownr proxy applied after first transfer; historical owner addresses not in sales extract; active TMKs: 239004082, 239004143, 239004144"
collective,,2019/03/27,2019/04/04,316,15.0316,84.3354,0.6329,1,0.3165,315,99.6835,47,266,1,2,fullownr_proxy,"between transfer events; residency from 2026 fullownr proxy applied after first transfer; historical owner addresses not in sales extract; active TMKs: 239004082, 239004143, 239004144"
collective,,2019/04/05,2019/04/14,316,15.0316,84.3354,0.6329,1,0.3165,315,99.6835,47,266,1,2,fullownr_proxy,"between transfer events; residency from 2026 fullownr proxy applied after first transfer; historical owner addresses not in sales extract; active TMKs: 239004082, 239004143, 239004144"
collective,,2019/04/15,2019/04/22,316,15.0316,84.3354,0.6329,1,0.3165,315,99.6835,47,266,1,2,fullownr_proxy,"between transfer events; residency from 2026 fullownr proxy applied after first transfer; historical owner addresses not in sales extract; active TMKs: 239004082, 239004143, 239004144"
collective,,2019/04/23,2019/04/23,316,15.0316,84.3354,0.6329,1,0.3165,315,99.6835,47,266,1,2,fullownr_proxy,"between transfer events; residency from 2026 fullownr proxy applied after first transfer; historical owner addresses not in sales extract; active TMKs: 239004082, 239004143, 239004144"
collective,,2019/04/24,2019/05/03,316,15.0316,84.3354,0.6329,1,0.3165,315,99.6835,47,266,1,2,fullownr_proxy,"between transfer events; residency from 2026 fullownr proxy applied after first transfer; historical owner addresses not in sales extract; active TMKs: 239004082, 239004143, 239004144"
collective,,2019/05/04,2019/05/07,316,15.0316,84.3354,0.6329,1,0.3165,315,99.6835,47,266,1,2,fullownr_proxy,"between transfer events; residency from 2026 fullownr proxy applied after first transfer; historical owner addresses not in sales extract; active TMKs: 239004082, 239004143, 239004144"
collective,,2019/05/08,2019/05/13,316,15.0316,84.3354,0.6329,1,0.3165,315,99.6835,47,266,1,2,fullownr_proxy,"between transfer events; residency from 2026 fullownr proxy applied after first transfer; historical owner addresses not in sales extract; active TMKs: 239004082, 239004143, 239004144"
collective,,2019/05/14,2019/05/20,316,15.0316,84.3354,0.6329,1,0.3165,315,99.6835,47,266,1,2,fullownr_proxy,"between transfer events; residency from 2026 fullownr proxy applied after first transfer; historical owner addresses not in sales extract; active TMKs: 239004082, 239004143, 239004144"
collective,,2019/05/21,2019/06/12,316,15.0316,84.3354,0.6329,1,0.3165,315,99.6835,47,266,1,2,fullownr_proxy,"between transfer events; residency from 2026 fullownr proxy applied after first transfer; historical owner addresses not in sales extract; active TMKs: 239004082, 239004143, 239004144"
collective,,2019/06/13,2019/06/17,316,15.0316,84.3354,0.6329,1,0.3165,315,99.6835,47,266,1,2,fullownr_proxy,"between transfer events; residency from 2026 fullownr proxy applied after first transfer; historical owner addresses not in sales extract; active TMKs: 239004082, 239004143, 239004144"
collective,,2019/06/18,2019/06/20,316,15.0316,84.3354,0.6329,1,0.3165,315,99.6835,47,266,1,2,fullownr_proxy,"between transfer events; residency from 2026 fullownr proxy applied after first transfer; historical owner addresses not in sales extract; active TMKs: 239004082, 239004143, 239004144"
collective,,2019/06/21,2019/06/23,316,15.0316,84.3354,0.6329,1,0.3165,315,99.6835,47,266,1,2,fullownr_proxy,"between transfer events; residency from 2026 fullownr proxy applied after first transfer; historical owner addresses not in sales extract; active TMKs: 239004082, 239004143, 239004144"
collective,,2019/06/24,2019/06/30,316,15.0316,84.3354,0.6329,1,0.3165,315,99.6835,47,266,1,2,fullownr_proxy,"between transfer events; residency from 2026 fullownr proxy applied after first transfer; historical owner addresses not in sales extract; active TMKs: 239004082, 239004143, 239004144"
collective,,2019/07/01,2019/07/04,316,15.0316,84.3354,0.6329,1,0.3165,315,99.6835,47,266,1,2,fullownr_proxy,"between transfer events; residency from 2026 fullownr proxy applied after first transfer; historical owner addresses not in sales extract; active TMKs: 239004082, 239004143, 239004144"
collective,,2019/07/05,2019/07/14,316,15.0316,84.3354,0.6329,1,0.3165,315,99.6835,47,266,1,2,fullownr_proxy,"between transfer events; residency from 2026 fullownr proxy applied after first transfer; historical owner addresses not in sales extract; active TMKs: 239004082, 239004143, 239004144"
collective,,2019/07/15,2019/08/07,316,15.0316,84.3354,0.6329,1,0.3165,315,99.6835,47,266,1,2,fullownr_proxy,"between transfer events; residency from 2026 fullownr proxy applied after first transfer; historical owner addresses not in sales extract; active TMKs: 239004082, 239004143, 239004144"
collective,,2019/08/08,2019/08/08,316,15.0316,84.3354,0.6329,1,0.3165,315,99.6835,47,266,1,2,fullownr_proxy,"between transfer events; residency from 2026 fullownr proxy applied after first transfer; historical owner addresses not in sales extract; active TMKs: 239004082, 239004143, 239004144"
collective,,2019/08/09,2019/08/25,316,15.0316,84.3354,0.6329,1,0.3165,315,99.6835,47,266,1,2,fullownr_proxy,"between transfer events; residency from 2026 fullownr proxy applied after first transfer; historical owner addresses not in sales extract; active TMKs: 239004082, 239004143, 239004144"
collective,,2019/08/26,2019/10/30,316,15.0316,84.3354,0.6329,1,0.3165,315,99.6835,47,266,1,2,fullownr_proxy,"between transfer events; residency from 2026 fullownr proxy applied after first transfer; historical owner addresses not in sales extract; active TMKs: 239004082, 239004143, 239004144"
collective,,2019/10/31,2019/12/02,316,15.0316,84.3354,0.6329,1,0.3165,315,99.6835,47,266,1,2,fullownr_proxy,"between transfer events; residency from 2026 fullownr proxy applied after first transfer; historical owner addresses not in sales extract; active TMKs: 239004082, 239004143, 239004144"
collective,,2019/12/03,2019/12/04,316,15.0316,84.3354,0.6329,1,0.3165,315,99.6835,47,266,1,2,fullownr_proxy,"between transfer events; residency from 2026 fullownr proxy applied after first transfer; historical owner addresses not in sales extract; active TMKs: 239004082, 239004143, 239004144"
collective,,2019/12/05,2019/12/29,316,15.0316,84.3354,0.6329,1,0.3165,315,99.6835,47,266,1,2,fullownr_proxy,"between transfer events; residency from 2026 fullownr proxy applied after first transfer; historical owner addresses not in sales extract; active TMKs: 239004082, 239004143, 239004144"
collective,,2019/12/30,2020/01/20,316,15.0316,84.3354,0.6329,1,0.3165,315,99.6835,47,266,1,2,fullownr_proxy,"between transfer events; residency from 2026 fullownr proxy applied after first transfer; historical owner addresses not in sales extract; active TMKs: 239004082, 239004143, 239004144"
collective,,2020/01/21,2020/02/04,316,15.0316,84.3354,0.6329,1,0.3165,315,99.6835,47,266,1,2,fullownr_proxy,"between transfer events; residency from 2026 fullownr proxy applied after first transfer; historical owner addresses not in sales extract; active TMKs: 239004082, 239004143, 239004144"
collective,,2020/02/05,2020/02/05,316,15.0316,84.3354,0.6329,1,0.3165,315,99.6835,47,266,1,2,fullownr_proxy,"between transfer events; residency from 2026 fullownr proxy applied after first transfer; historical owner addresses not in sales extract; active TMKs: 239004082, 239004143, 239004144"
collective,,2020/02/06,2020/02/12,316,15.0316,84.3354,0.6329,1,0.3165,315,99.6835,47,266,1,2,fullownr_proxy,"between transfer events; residency from 2026 fullownr proxy applied after first transfer; historical owner addresses not in sales extract; active TMKs: 239004082, 239004143, 239004144"
collective,,2020/02/13,2020/03/09,316,15.0316,84.3354,0.6329,1,0.3165,315,99.6835,47,266,1,2,fullownr_proxy,"between transfer events; residency from 2026 fullownr proxy applied after first transfer; historical owner addresses not in sales extract; active TMKs: 239004082, 239004143, 239004144"
collective,,2020/03/10,2020/03/16,316,15.0316,84.3354,0.6329,1,0.3165,315,99.6835,47,266,1,2,fullownr_proxy,"between transfer events; residency from 2026 fullownr proxy applied after first transfer; historical owner addresses not in sales extract; active TMKs: 239004082, 239004143, 239004144"
collective,,2020/03/17,2020/03/18,316,15.0316,84.3354,0.6329,1,0.3165,315,99.6835,47,266,1,2,fullownr_proxy,"between transfer events; residency from 2026 fullownr proxy applied after first transfer; historical owner addresses not in sales extract; active TMKs: 239004082, 239004143, 239004144"
collective,,2020/03/19,2020/04/14,316,15.0316,84.3354,0.6329,1,0.3165,315,99.6835,47,266,1,2,fullownr_proxy,"between transfer events; residency from 2026 fullownr proxy applied after first transfer; historical owner addresses not in sales extract; active TMKs: 239004082, 239004143, 239004144"
collective,,2020/04/15,2020/04/25,316,15.0316,84.3354,0.6329,1,0.3165,315,99.6835,47,266,1,2,fullownr_proxy,"between transfer events; residency from 2026 fullownr proxy applied after first transfer; historical owner addresses not in sales extract; active TMKs: 239004082, 239004143, 239004144"
collective,,2020/04/26,2020/05/07,316,15.0316,84.3354,0.6329,1,0.3165,315,99.6835,47,266,1,2,fullownr_proxy,"between transfer events; residency from 2026 fullownr proxy applied after first transfer; historical owner addresses not in sales extract; active TMKs: 239004082, 239004143, 239004144"
collective,,2020/05/08,2020/05/13,316,15.0316,84.3354,0.6329,1,0.3165,315,99.6835,47,266,1,2,fullownr_proxy,"between transfer events; residency from 2026 fullownr proxy applied after first transfer; historical owner addresses not in sales extract; active TMKs: 239004082, 239004143, 239004144"
collective,,2020/05/14,2020/06/02,316,15.0316,84.3354,0.6329,1,0.3165,315,99.6835,47,266,1,2,fullownr_proxy,"between transfer events; residency from 2026 fullownr proxy applied after first transfer; historical owner addresses not in sales extract; active TMKs: 239004082, 239004143, 239004144"
collective,,2020/06/03,2020/06/23,316,15.0316,84.3354,0.6329,1,0.3165,315,99.6835,47,266,1,2,fullownr_proxy,"between transfer events; residency from 2026 fullownr proxy applied after first transfer; historical owner addresses not in sales extract; active TMKs: 239004082, 239004143, 239004144"
collective,,2020/06/24,2020/07/01,316,15.0316,84.3354,0.6329,1,0.3165,315,99.6835,47,266,1,2,fullownr_proxy,"between transfer events; residency from 2026 fullownr proxy applied after first transfer; historical owner addresses not in sales extract; active TMKs: 239004082, 239004143, 239004144"
collective,,2020/07/02,2020/07/26,316,15.0316,84.3354,0.6329,1,0.3165,315,99.6835,47,266,1,2,fullownr_proxy,"between transfer events; residency from 2026 fullownr proxy applied after first transfer; historical owner addresses not in sales extract; active TMKs: 239004082, 239004143, 239004144"
collective,,2020/07/27,2020/07/28,316,15.0316,84.3354,0.6329,1,0.3165,315,99.6835,47,266,1,2,fullownr_proxy,"between transfer events; residency from 2026 fullownr proxy applied after first transfer; historical owner addresses not in sales extract; active TMKs: 239004082, 239004143, 239004144"
collective,,2020/07/29,2020/08/14,316,15.0316,84.3354,0.6329,1,0.3165,315,99.6835,47,266,1,2,fullownr_proxy,"between transfer events; residency from 2026 fullownr proxy applied after first transfer; historical owner addresses not in sales extract; active TMKs: 239004082, 239004143, 239004144"
collective,,2020/08/15,2020/08/24,316,15.0316,84.3354,0.6329,1,0.3165,315,99.6835,47,266,1,2,fullownr_proxy,"between transfer events; residency from 2026 fullownr proxy applied after first transfer; historical owner addresses not in sales extract; active TMKs: 239004082, 239004143, 239004144"
collective,,2020/08/25,2020/09/01,316,15.0316,84.3354,0.6329,1,0.3165,315,99.6835,47,266,1,2,fullownr_proxy,"between transfer events; residency from 2026 fullownr proxy applied after first transfer; historical owner addresses not in sales extract; active TMKs: 239004082, 239004143, 239004144"
collective,,2020/09/02,2020/09/07,316,15.0316,84.3354,0.6329,1,0.3165,315,99.6835,47,266,1,2,fullownr_proxy,"between transfer events; residency from 2026 fullownr proxy applied after first transfer; historical owner addresses not in sales extract; active TMKs: 239004082, 239004143, 239004144"
collective,,2020/09/08,2020/09/20,316,15.0316,84.3354,0.6329,1,0.3165,315,99.6835,47,266,1,2,fullownr_proxy,"between transfer events; residency from 2026 fullownr proxy applied after first transfer; historical owner addresses not in sales extract; active TMKs: 239004082, 239004143, 239004144"
collective,,2020/09/21,2020/10/22,316,15.0316,84.3354,0.6329,1,0.3165,315,99.6835,47,266,1,2,fullownr_proxy,"between transfer events; residency from 2026 fullownr proxy applied after first transfer; historical owner addresses not in sales extract; active TMKs: 239004082, 239004143, 239004144"
collective,,2020/10/23,2020/10/23,316,15.0316,84.3354,0.6329,1,0.3165,315,99.6835,47,266,1,2,fullownr_proxy,"between transfer events; residency from 2026 fullownr proxy applied after first transfer; historical owner addresses not in sales extract; active TMKs: 239004082, 239004143, 239004144"
collective,,2020/10/24,2020/10/28,316,15.0316,84.3354,0.6329,1,0.3165,315,99.6835,47,266,1,2,fullownr_proxy,"between transfer events; residency from 2026 fullownr proxy applied after first transfer; historical owner addresses not in sales extract; active TMKs: 239004082, 239004143, 239004144"
collective,,2020/10/29,2020/12/03,316,15.0316,84.3354,0.6329,1,0.3165,315,99.6835,47,266,1,2,fullownr_proxy,"between transfer events; residency from 2026 fullownr proxy applied after first transfer; historical owner addresses not in sales extract; active TMKs: 239004082, 239004143, 239004144"
collective,,2020/12/04,2020/12/13,316,15.0316,84.3354,0.6329,1,0.3165,315,99.6835,47,266,1,2,fullownr_proxy,"between transfer events; residency from 2026 fullownr proxy applied after first transfer; historical owner addresses not in sales extract; active TMKs: 239004082, 239004143, 239004144"
collective,,2020/12/14,2020/12/20,316,15.0316,84.3354,0.6329,1,0.3165,315,99.6835,47,266,1,2,fullownr_proxy,"between transfer events; residency from 2026 fullownr proxy applied after first transfer; historical owner addresses not in sales extract; active TMKs: 239004082, 239004143, 239004144"
collective,,2020/12/21,2021/01/05,316,15.0316,84.3354,0.6329,1,0.3165,315,99.6835,47,266,1,2,fullownr_proxy,"between transfer events; residency from 2026 fullownr proxy applied after first transfer; historical owner addresses not in sales extract; active TMKs: 239004082, 239004143, 239004144"
collective,,2021/01/06,2021/01/06,316,15.0316,84.3354,0.6329,1,0.3165,315,99.6835,47,266,1,2,fullownr_proxy,"between transfer events; residency from 2026 fullownr proxy applied after first transfer; historical owner addresses not in sales extract; active TMKs: 239004082, 239004143, 239004144"
collective,,2021/01/07,2021/02/07,316,15.0316,84.3354,0.6329,1,0.3165,315,99.6835,47,266,1,2,fullownr_proxy,"between transfer events; residency from 2026 fullownr proxy applied after first transfer; historical owner addresses not in sales extract; active TMKs: 239004082, 239004143, 239004144"
collective,,2021/02/08,2021/02/09,316,15.0316,84.3354,0.6329,1,0.3165,315,99.6835,47,266,1,2,fullownr_proxy,"between transfer events; residency from 2026 fullownr proxy applied after first transfer; historical owner addresses not in sales extract; active TMKs: 239004082, 239004143, 239004144"
collective,,2021/02/10,2021/02/15,316,15.0316,84.3354,0.6329,1,0.3165,315,99.6835,47,266,1,2,fullownr_proxy,"between transfer events; residency from 2026 fullownr proxy applied after first transfer; historical owner addresses not in sales extract; active TMKs: 239004082, 239004143, 239004144"
collective,,2021/02/16,2021/02/28,316,15.0316,84.3354,0.6329,1,0.3165,315,99.6835,47,266,1,2,fullownr_proxy,"between transfer events; residency from 2026 fullownr proxy applied after first transfer; historical owner addresses not in sales extract; active TMKs: 239004082, 239004143, 239004144"
collective,,2021/03/01,2021/03/11,316,15.0316,84.3354,0.6329,1,0.3165,315,99.6835,47,266,1,2,fullownr_proxy,"between transfer events; residency from 2026 fullownr proxy applied after first transfer; historical owner addresses not in sales extract; active TMKs: 239004082, 239004143, 239004144"
collective,,2021/03/12,2021/03/12,316,15.0316,84.3354,0.6329,1,0.3165,315,99.6835,47,266,1,2,fullownr_proxy,"between transfer events; residency from 2026 fullownr proxy applied after first transfer; historical owner addresses not in sales extract; active TMKs: 239004082, 239004143, 239004144"
collective,,2021/03/13,2021/03/22,316,15.0316,84.3354,0.6329,1,0.3165,315,99.6835,47,266,1,2,fullownr_proxy,"between transfer events; residency from 2026 fullownr proxy applied after first transfer; historical owner addresses not in sales extract; active TMKs: 239004082, 239004143, 239004144"
collective,,2021/03/23,2021/03/24,316,15.0316,84.3354,0.6329,1,0.3165,315,99.6835,47,266,1,2,fullownr_proxy,"between transfer events; residency from 2026 fullownr proxy applied after first transfer; historical owner addresses not in sales extract; active TMKs: 239004082, 239004143, 239004144"
collective,,2021/03/25,2021/03/31,316,15.0316,84.3354,0.6329,1,0.3165,315,99.6835,47,266,1,2,fullownr_proxy,"between transfer events; residency from 2026 fullownr proxy applied after first transfer; historical owner addresses not in sales extract; active TMKs: 239004082, 239004143, 239004144"
collective,,2021/04/01,2021/04/04,316,15.0316,84.3354,0.6329,1,0.3165,315,99.6835,47,266,1,2,fullownr_proxy,"between transfer events; residency from 2026 fullownr proxy applied after first transfer; historical owner addresses not in sales extract; active TMKs: 239004082, 239004143, 239004144"
collective,,2021/04/05,2021/04/06,316,15.0316,84.3354,0.6329,1,0.3165,315,99.6835,47,266,1,2,fullownr_proxy,"between transfer events; residency from 2026 fullownr proxy applied after first transfer; historical owner addresses not in sales extract; active TMKs: 239004082, 239004143, 239004144"
collective,,2021/04/07,2021/04/15,316,15.0316,84.3354,0.6329,1,0.3165,315,99.6835,47,266,1,2,fullownr_proxy,"between transfer events; residency from 2026 fullownr proxy applied after first transfer; historical owner addresses not in sales extract; active TMKs: 239004082, 239004143, 239004144"
collective,,2021/04/16,2021/04/19,316,15.0316,84.3354,0.6329,1,0.3165,315,99.6835,47,266,1,2,fullownr_proxy,"between transfer events; residency from 2026 fullownr proxy applied after first transfer; historical owner addresses not in sales extract; active TMKs: 239004082, 239004143, 239004144"
collective,,2021/04/20,2021/04/25,316,15.0316,84.3354,0.6329,1,0.3165,315,99.6835,47,266,1,2,fullownr_proxy,"between transfer events; residency from 2026 fullownr proxy applied after first transfer; historical owner addresses not in sales extract; active TMKs: 239004082, 239004143, 239004144"
collective,,2021/04/26,2021/04/27,316,15.0316,84.6519,0.3165,0,0.0000,316,100.0000,47,267,1,1,fullownr_proxy,"between transfer events; residency from 2026 fullownr proxy applied after first transfer; historical owner addresses not in sales extract; active TMKs: 239004082, 239004143, 239004144"
collective,,2021/04/28,2021/05/05,316,15.0316,84.6519,0.3165,0,0.0000,316,100.0000,47,267,1,1,fullownr_proxy,"between transfer events; residency from 2026 fullownr proxy applied after first transfer; historical owner addresses not in sales extract; active TMKs: 239004082, 239004143, 239004144"
collective,,2021/05/06,2021/05/12,316,15.0316,84.6519,0.3165,0,0.0000,316,100.0000,47,267,1,1,fullownr_proxy,"between transfer events; residency from 2026 fullownr proxy applied after first transfer; historical owner addresses not in sales extract; active TMKs: 239004082, 239004143, 239004144"
collective,,2021/05/13,2021/05/19,316,15.0316,84.6519,0.3165,0,0.0000,316,100.0000,47,267,1,1,fullownr_proxy,"between transfer events; residency from 2026 fullownr proxy applied after first transfer; historical owner addresses not in sales extract; active TMKs: 239004082, 239004143, 239004144"
collective,,2021/05/20,2021/05/25,316,15.0316,84.6519,0.3165,0,0.0000,316,100.0000,47,267,1,1,fullownr_proxy,"between transfer events; residency from 2026 fullownr proxy applied after first transfer; historical owner addresses not in sales extract; active TMKs: 239004082, 239004143, 239004144"
collective,,2021/05/26,2021/05/27,316,15.0316,84.6519,0.3165,0,0.0000,316,100.0000,47,267,1,1,fullownr_proxy,"between transfer events; residency from 2026 fullownr proxy applied after first transfer; historical owner addresses not in sales extract; active TMKs: 239004082, 239004143, 239004144"
collective,,2021/05/28,2021/06/17,316,15.0316,84.6519,0.3165,0,0.0000,316,100.0000,47,267,1,1,fullownr_proxy,"between transfer events; residency from 2026 fullownr proxy applied after first transfer; historical owner addresses not in sales extract; active TMKs: 239004082, 239004143, 239004144"
collective,,2021/06/18,2021/06/24,316,15.0316,84.6519,0.3165,0,0.0000,316,100.0000,47,267,1,1,fullownr_proxy,"between transfer events; residency from 2026 fullownr proxy applied after first transfer; historical owner addresses not in sales extract; active TMKs: 239004082, 239004143, 239004144"
collective,,2021/06/25,2021/06/30,316,15.0316,84.6519,0.3165,0,0.0000,316,100.0000,47,267,1,1,fullownr_proxy,"between transfer events; residency from 2026 fullownr proxy applied after first transfer; historical owner addresses not in sales extract; active TMKs: 239004082, 239004143, 239004144"
collective,,2021/07/01,2021/07/05,316,15.0316,84.6519,0.3165,0,0.0000,316,100.0000,47,267,1,1,fullownr_proxy,"between transfer events; residency from 2026 fullownr proxy applied after first transfer; historical owner addresses not in sales extract; active TMKs: 239004082, 239004143, 239004144"
collective,,2021/07/06,2021/07/16,316,15.0316,84.6519,0.3165,0,0.0000,316,100.0000,47,267,1,1,fullownr_proxy,"between transfer events; residency from 2026 fullownr proxy applied after first transfer; historical owner addresses not in sales extract; active TMKs: 239004082, 239004143, 239004144"
collective,,2021/07/17,2021/07/28,316,15.0316,84.6519,0.3165,0,0.0000,316,100.0000,47,267,1,1,fullownr_proxy,"between transfer events; residency from 2026 fullownr proxy applied after first transfer; historical owner addresses not in sales extract; active TMKs: 239004082, 239004143, 239004144"
collective,,2021/07/29,2021/07/29,316,15.0316,84.6519,0.3165,0,0.0000,316,100.0000,47,267,1,1,fullownr_proxy,"between transfer events; residency from 2026 fullownr proxy applied after first transfer; historical owner addresses not in sales extract; active TMKs: 239004082, 239004143, 239004144"
collective,,2021/07/30,2021/08/16,316,15.0316,84.6519,0.3165,0,0.0000,316,100.0000,47,267,1,1,fullownr_proxy,"between transfer events; residency from 2026 fullownr proxy applied after first transfer; historical owner addresses not in sales extract; active TMKs: 239004082, 239004143, 239004144"
collective,,2021/08/17,2021/08/26,316,15.0316,84.6519,0.3165,0,0.0000,316,100.0000,47,267,1,1,fullownr_proxy,"between transfer events; residency from 2026 fullownr proxy applied after first transfer; historical owner addresses not in sales extract; active TMKs: 239004082, 239004143, 239004144"
collective,,2021/08/27,2021/08/30,316,15.0316,84.6519,0.3165,0,0.0000,316,100.0000,47,267,1,1,fullownr_proxy,"between transfer events; residency from 2026 fullownr proxy applied after first transfer; historical owner addresses not in sales extract; active TMKs: 239004082, 239004143, 239004144"
collective,,2021/08/31,2021/10/05,316,15.0316,84.6519,0.3165,0,0.0000,316,100.0000,47,267,1,1,fullownr_proxy,"between transfer events; residency from 2026 fullownr proxy applied after first transfer; historical owner addresses not in sales extract; active TMKs: 239004082, 239004143, 239004144"
collective,,2021/10/06,2021/10/17,316,15.0316,84.6519,0.3165,0,0.0000,316,100.0000,47,267,1,1,fullownr_proxy,"between transfer events; residency from 2026 fullownr proxy applied after first transfer; historical owner addresses not in sales extract; active TMKs: 239004082, 239004143, 239004144"
collective,,2021/10/18,2021/11/01,316,15.0316,84.6519,0.3165,0,0.0000,316,100.0000,47,267,1,1,fullownr_proxy,"between transfer events; residency from 2026 fullownr proxy applied after first transfer; historical owner addresses not in sales extract; active TMKs: 239004082, 239004143, 239004144"
collective,,2021/11/02,2021/11/15,316,15.0316,84.6519,0.3165,0,0.0000,316,100.0000,47,267,1,1,fullownr_proxy,"between transfer events; residency from 2026 fullownr proxy applied after first transfer; historical owner addresses not in sales extract; active TMKs: 239004082, 239004143, 239004144"
collective,,2021/11/16,2021/11/16,316,15.0316,84.6519,0.3165,0,0.0000,316,100.0000,47,267,1,1,fullownr_proxy,"between transfer events; residency from 2026 fullownr proxy applied after first transfer; historical owner addresses not in sales extract; active TMKs: 239004082, 239004143, 239004144"
collective,,2021/11/17,2021/11/19,316,15.0316,84.6519,0.3165,0,0.0000,316,100.0000,47,267,1,1,fullownr_proxy,"between transfer events; residency from 2026 fullownr proxy applied after first transfer; historical owner addresses not in sales extract; active TMKs: 239004082, 239004143, 239004144"
collective,,2021/11/20,2021/11/21,316,15.0316,84.6519,0.3165,0,0.0000,316,100.0000,47,267,1,1,fullownr_proxy,"between transfer events; residency from 2026 fullownr proxy applied after first transfer; historical owner addresses not in sales extract; active TMKs: 239004082, 239004143, 239004144"
collective,,2021/11/22,2021/12/01,316,15.0316,84.6519,0.3165,0,0.0000,316,100.0000,47,267,1,1,fullownr_proxy,"between transfer events; residency from 2026 fullownr proxy applied after first transfer; historical owner addresses not in sales extract; active TMKs: 239004082, 239004143, 239004144"
collective,,2021/12/02,2021/12/02,316,15.0316,84.6519,0.3165,0,0.0000,316,100.0000,47,267,1,1,fullownr_proxy,"between transfer events; residency from 2026 fullownr proxy applied after first transfer; historical owner addresses not in sales extract; active TMKs: 239004082, 239004143, 239004144"
collective,,2021/12/03,2021/12/05,316,15.0316,84.6519,0.3165,0,0.0000,316,100.0000,47,267,1,1,fullownr_proxy,"between transfer events; residency from 2026 fullownr proxy applied after first transfer; historical owner addresses not in sales extract; active TMKs: 239004082, 239004143, 239004144"
collective,,2021/12/06,2021/12/20,316,15.0316,84.6519,0.3165,0,0.0000,316,100.0000,47,267,1,1,fullownr_proxy,"between transfer events; residency from 2026 fullownr proxy applied after first transfer; historical owner addresses not in sales extract; active TMKs: 239004082, 239004143, 239004144"
collective,,2021/12/21,2021/12/26,316,15.0316,84.6519,0.3165,0,0.0000,316,100.0000,47,267,1,1,fullownr_proxy,"between transfer events; residency from 2026 fullownr proxy applied after first transfer; historical owner addresses not in sales extract; active TMKs: 239004082, 239004143, 239004144"
collective,,2021/12/27,2022/01/04,316,15.0316,84.6519,0.3165,0,0.0000,316,100.0000,47,267,1,1,fullownr_proxy,"between transfer events; residency from 2026 fullownr proxy applied after first transfer; historical owner addresses not in sales extract; active TMKs: 239004082, 239004143, 239004144"
collective,,2022/01/05,2022/01/06,316,15.0316,84.6519,0.3165,0,0.0000,316,100.0000,47,267,1,1,fullownr_proxy,"between transfer events; residency from 2026 fullownr proxy applied after first transfer; historical owner addresses not in sales extract; active TMKs: 239004082, 239004143, 239004144"
collective,,2022/01/07,2022/02/08,316,15.0316,84.6519,0.3165,0,0.0000,316,100.0000,47,267,1,1,fullownr_proxy,"between transfer events; residency from 2026 fullownr proxy applied after first transfer; historical owner addresses not in sales extract; active TMKs: 239004082, 239004143, 239004144"
collective,,2022/02/09,2022/02/09,316,15.0316,84.6519,0.3165,0,0.0000,316,100.0000,47,267,1,1,fullownr_proxy,"between transfer events; residency from 2026 fullownr proxy applied after first transfer; historical owner addresses not in sales extract; active TMKs: 239004082, 239004143, 239004144"
collective,,2022/02/10,2022/02/10,316,15.0316,84.6519,0.3165,0,0.0000,316,100.0000,47,267,1,1,fullownr_proxy,"between transfer events; residency from 2026 fullownr proxy applied after first transfer; historical owner addresses not in sales extract; active TMKs: 239004082, 239004143, 239004144"
collective,,2022/02/11,2022/02/13,316,15.0316,84.6519,0.3165,0,0.0000,316,100.0000,47,267,1,1,fullownr_proxy,"between transfer events; residency from 2026 fullownr proxy applied after first transfer; historical owner addresses not in sales extract; active TMKs: 239004082, 239004143, 239004144"
collective,,2022/02/14,2022/02/15,316,15.0316,84.6519,0.3165,0,0.0000,316,100.0000,47,267,1,1,fullownr_proxy,"between transfer events; residency from 2026 fullownr proxy applied after first transfer; historical owner addresses not in sales extract; active TMKs: 239004082, 239004143, 239004144"
collective,,2022/02/16,2022/03/18,316,15.0316,84.6519,0.3165,0,0.0000,316,100.0000,47,267,1,1,fullownr_proxy,"between transfer events; residency from 2026 fullownr proxy applied after first transfer; historical owner addresses not in sales extract; active TMKs: 239004082, 239004143, 239004144"
collective,,2022/03/19,2022/03/23,316,15.0316,84.6519,0.3165,0,0.0000,316,100.0000,47,267,1,1,fullownr_proxy,"between transfer events; residency from 2026 fullownr proxy applied after first transfer; historical owner addresses not in sales extract; active TMKs: 239004082, 239004143, 239004144"
collective,,2022/03/24,2022/03/25,316,15.0316,84.6519,0.3165,0,0.0000,316,100.0000,47,267,1,1,fullownr_proxy,"between transfer events; residency from 2026 fullownr proxy applied after first transfer; historical owner addresses not in sales extract; active TMKs: 239004082, 239004143, 239004144"
collective,,2022/03/26,2022/04/08,316,15.0316,84.6519,0.3165,0,0.0000,316,100.0000,47,267,1,1,fullownr_proxy,"between transfer events; residency from 2026 fullownr proxy applied after first transfer; historical owner addresses not in sales extract; active TMKs: 239004082, 239004143, 239004144"
collective,,2022/04/09,2022/04/12,316,15.0316,84.6519,0.3165,0,0.0000,316,100.0000,47,267,1,1,fullownr_proxy,"between transfer events; residency from 2026 fullownr proxy applied after first transfer; historical owner addresses not in sales extract; active TMKs: 239004082, 239004143, 239004144"
collective,,2022/04/13,2022/05/10,316,15.0316,84.6519,0.3165,0,0.0000,316,100.0000,47,267,1,1,fullownr_proxy,"between transfer events; residency from 2026 fullownr proxy applied after first transfer; historical owner addresses not in sales extract; active TMKs: 239004082, 239004143, 239004144"
collective,,2022/05/11,2022/05/19,316,15.0316,84.6519,0.3165,0,0.0000,316,100.0000,47,267,1,1,fullownr_proxy,"between transfer events; residency from 2026 fullownr proxy applied after first transfer; historical owner addresses not in sales extract; active TMKs: 239004082, 239004143, 239004144"
collective,,2022/05/20,2022/06/08,316,15.0316,84.6519,0.3165,0,0.0000,316,100.0000,47,267,1,1,fullownr_proxy,"between transfer events; residency from 2026 fullownr proxy applied after first transfer; historical owner addresses not in sales extract; active TMKs: 239004082, 239004143, 239004144"
collective,,2022/06/09,2022/06/22,316,15.0316,84.6519,0.3165,0,0.0000,316,100.0000,47,267,1,1,fullownr_proxy,"between transfer events; residency from 2026 fullownr proxy applied after first transfer; historical owner addresses not in sales extract; active TMKs: 239004082, 239004143, 239004144"
collective,,2022/06/23,2022/07/21,316,15.0316,84.6519,0.3165,0,0.0000,316,100.0000,47,267,1,1,fullownr_proxy,"between transfer events; residency from 2026 fullownr proxy applied after first transfer; historical owner addresses not in sales extract; active TMKs: 239004082, 239004143, 239004144"
collective,,2022/07/22,2022/08/04,316,15.0316,84.6519,0.3165,0,0.0000,316,100.0000,47,267,1,1,fullownr_proxy,"between transfer events; residency from 2026 fullownr proxy applied after first transfer; historical owner addresses not in sales extract; active TMKs: 239004082, 239004143, 239004144"
collective,,2022/08/05,2022/09/19,316,15.0316,84.6519,0.3165,0,0.0000,316,100.0000,47,267,1,1,fullownr_proxy,"between transfer events; residency from 2026 fullownr proxy applied after first transfer; historical owner addresses not in sales extract; active TMKs: 239004082, 239004143, 239004144"
collective,,2022/09/20,2022/10/16,316,15.0316,84.6519,0.3165,0,0.0000,316,100.0000,47,267,1,1,fullownr_proxy,"between transfer events; residency from 2026 fullownr proxy applied after first transfer; historical owner addresses not in sales extract; active TMKs: 239004082, 239004143, 239004144"
collective,,2022/10/17,2022/10/20,316,15.0316,84.6519,0.3165,0,0.0000,316,100.0000,47,267,1,1,fullownr_proxy,"between transfer events; residency from 2026 fullownr proxy applied after first transfer; historical owner addresses not in sales extract; active TMKs: 239004082, 239004143, 239004144"
collective,,2022/10/21,2022/11/07,316,15.0316,84.6519,0.3165,0,0.0000,316,100.0000,47,267,1,1,fullownr_proxy,"between transfer events; residency from 2026 fullownr proxy applied after first transfer; historical owner addresses not in sales extract; active TMKs: 239004082, 239004143, 239004144"
collective,,2022/11/08,2022/11/08,316,15.0316,84.6519,0.3165,0,0.0000,316,100.0000,47,267,1,1,fullownr_proxy,"between transfer events; residency from 2026 fullownr proxy applied after first transfer; historical owner addresses not in sales extract; active TMKs: 239004082, 239004143, 239004144"
collective,,2022/11/09,2022/11/20,316,15.0316,84.6519,0.3165,0,0.0000,316,100.0000,47,267,1,1,fullownr_proxy,"between transfer events; residency from 2026 fullownr proxy applied after first transfer; historical owner addresses not in sales extract; active TMKs: 239004082, 239004143, 239004144"
collective,,2022/11/21,2022/12/02,316,15.0316,84.6519,0.3165,0,0.0000,316,100.0000,47,267,1,1,fullownr_proxy,"between transfer events; residency from 2026 fullownr proxy applied after first transfer; historical owner addresses not in sales extract; active TMKs: 239004082, 239004143, 239004144"
collective,,2022/12/03,2022/12/21,316,15.0316,84.6519,0.3165,0,0.0000,316,100.0000,47,267,1,1,fullownr_proxy,"between transfer events; residency from 2026 fullownr proxy applied after first transfer; historical owner addresses not in sales extract; active TMKs: 239004082, 239004143, 239004144"
collective,,2022/12/22,2023/01/03,316,15.0316,84.6519,0.3165,0,0.0000,316,100.0000,47,267,1,1,fullownr_proxy,"between transfer events; residency from 2026 fullownr proxy applied after first transfer; historical owner addresses not in sales extract; active TMKs: 239004082, 239004143, 239004144"
collective,,2023/01/04,2023/01/25,316,15.0316,84.6519,0.3165,0,0.0000,316,100.0000,47,267,1,1,fullownr_proxy,"between transfer events; residency from 2026 fullownr proxy applied after first transfer; historical owner addresses not in sales extract; active TMKs: 239004082, 239004143, 239004144"
collective,,2023/01/26,2023/02/12,316,15.0316,84.6519,0.3165,0,0.0000,316,100.0000,47,267,1,1,fullownr_proxy,"between transfer events; residency from 2026 fullownr proxy applied after first transfer; historical owner addresses not in sales extract; active TMKs: 239004082, 239004143, 239004144"
collective,,2023/02/13,2023/02/23,316,15.0316,84.6519,0.3165,0,0.0000,316,100.0000,47,267,1,1,fullownr_proxy,"between transfer events; residency from 2026 fullownr proxy applied after first transfer; historical owner addresses not in sales extract; active TMKs: 239004082, 239004143, 239004144"
collective,,2023/02/24,2023/05/03,316,15.0316,84.6519,0.3165,0,0.0000,316,100.0000,47,267,1,1,fullownr_proxy,"between transfer events; residency from 2026 fullownr proxy applied after first transfer; historical owner addresses not in sales extract; active TMKs: 239004082, 239004143, 239004144"
collective,,2023/05/04,2023/05/21,316,15.0316,84.6519,0.3165,0,0.0000,316,100.0000,47,267,1,1,fullownr_proxy,"between transfer events; residency from 2026 fullownr proxy applied after first transfer; historical owner addresses not in sales extract; active TMKs: 239004082, 239004143, 239004144"
collective,,2023/05/22,2023/06/19,316,15.0316,84.6519,0.3165,0,0.0000,316,100.0000,47,267,1,1,fullownr_proxy,"between transfer events; residency from 2026 fullownr proxy applied after first transfer; historical owner addresses not in sales extract; active TMKs: 239004082, 239004143, 239004144"
collective,,2023/06/20,2023/07/16,316,15.0316,84.6519,0.3165,0,0.0000,316,100.0000,47,267,1,1,fullownr_proxy,"between transfer events; residency from 2026 fullownr proxy applied after first transfer; historical owner addresses not in sales extract; active TMKs: 239004082, 239004143, 239004144"
collective,,2023/07/17,2023/07/18,316,15.0316,84.6519,0.3165,0,0.0000,316,100.0000,47,267,1,1,fullownr_proxy,"between transfer events; residency from 2026 fullownr proxy applied after first transfer; historical owner addresses not in sales extract; active TMKs: 239004082, 239004143, 239004144"
collective,,2023/07/19,2023/07/23,316,15.0316,84.6519,0.3165,0,0.0000,316,100.0000,47,267,1,1,fullownr_proxy,"between transfer events; residency from 2026 fullownr proxy applied after first transfer; historical owner addresses not in sales extract; active TMKs: 239004082, 239004143, 239004144"
collective,,2023/07/24,2023/08/10,316,15.0316,84.6519,0.3165,0,0.0000,316,100.0000,47,267,1,1,fullownr_proxy,"between transfer events; residency from 2026 fullownr proxy applied after first transfer; historical owner addresses not in sales extract; active TMKs: 239004082, 239004143, 239004144"
collective,,2023/08/11,2023/09/12,316,15.0316,84.6519,0.3165,0,0.0000,316,100.0000,47,267,1,1,fullownr_proxy,"between transfer events; residency from 2026 fullownr proxy applied after first transfer; historical owner addresses not in sales extract; active TMKs: 239004082, 239004143, 239004144"
collective,,2023/09/13,2023/09/24,316,15.0316,84.6519,0.3165,0,0.0000,316,100.0000,47,267,1,1,fullownr_proxy,"between transfer events; residency from 2026 fullownr proxy applied after first transfer; historical owner addresses not in sales extract; active TMKs: 239004082, 239004143, 239004144"
collective,,2023/09/25,2023/09/27,316,15.0316,84.6519,0.3165,0,0.0000,316,100.0000,47,267,1,1,fullownr_proxy,"between transfer events; residency from 2026 fullownr proxy applied after first transfer; historical owner addresses not in sales extract; active TMKs: 239004082, 239004143, 239004144"
collective,,2023/09/28,2023/09/28,316,15.0316,84.6519,0.3165,0,0.0000,316,100.0000,47,267,1,1,fullownr_proxy,"between transfer events; residency from 2026 fullownr proxy applied after first transfer; historical owner addresses not in sales extract; active TMKs: 239004082, 239004143, 239004144"
collective,,2023/09/29,2023/10/24,316,15.0316,84.6519,0.3165,0,0.0000,316,100.0000,47,267,1,1,fullownr_proxy,"between transfer events; residency from 2026 fullownr proxy applied after first transfer; historical owner addresses not in sales extract; active TMKs: 239004082, 239004143, 239004144"
collective,,2023/10/25,2023/11/16,316,15.0316,84.6519,0.3165,0,0.0000,316,100.0000,47,267,1,1,fullownr_proxy,"between transfer events; residency from 2026 fullownr proxy applied after first transfer; historical owner addresses not in sales extract; active TMKs: 239004082, 239004143, 239004144"
collective,,2023/11/17,2023/12/03,316,15.0316,84.6519,0.3165,0,0.0000,316,100.0000,47,267,1,1,fullownr_proxy,"between transfer events; residency from 2026 fullownr proxy applied after first transfer; historical owner addresses not in sales extract; active TMKs: 239004082, 239004143, 239004144"
collective,,2023/12/04,2023/12/04,316,15.0316,84.6519,0.3165,0,0.0000,316,100.0000,47,267,1,1,fullownr_proxy,"between transfer events; residency from 2026 fullownr proxy applied after first transfer; historical owner addresses not in sales extract; active TMKs: 239004082, 239004143, 239004144"
collective,,2023/12/05,2024/01/24,316,15.0316,84.6519,0.3165,0,0.0000,316,100.0000,47,267,1,1,fullownr_proxy,"between transfer events; residency from 2026 fullownr proxy applied after first transfer; historical owner addresses not in sales extract; active TMKs: 239004082, 239004143, 239004144"
collective,,2024/01/25,2024/02/20,316,15.0316,84.6519,0.3165,0,0.0000,316,100.0000,47,267,1,1,fullownr_proxy,"between transfer events; residency from 2026 fullownr proxy applied after first transfer; historical owner addresses not in sales extract; active TMKs: 239004082, 239004143, 239004144"
collective,,2024/02/21,2024/02/25,316,15.0316,84.6519,0.3165,0,0.0000,316,100.0000,47,267,1,1,fullownr_proxy,"between transfer events; residency from 2026 fullownr proxy applied after first transfer; historical owner addresses not in sales extract; active TMKs: 239004082, 239004143, 239004144"
collective,,2024/02/26,2024/03/03,316,15.0316,84.6519,0.3165,0,0.0000,316,100.0000,47,267,1,1,fullownr_proxy,"between transfer events; residency from 2026 fullownr proxy applied after first transfer; historical owner addresses not in sales extract; active TMKs: 239004082, 239004143, 239004144"
collective,,2024/03/04,2024/03/04,316,15.0316,84.6519,0.3165,0,0.0000,316,100.0000,47,267,1,1,fullownr_proxy,"between transfer events; residency from 2026 fullownr proxy applied after first transfer; historical owner addresses not in sales extract; active TMKs: 239004082, 239004143, 239004144"
collective,,2024/03/05,2024/03/07,316,15.0316,84.6519,0.3165,0,0.0000,316,100.0000,47,267,1,1,fullownr_proxy,"between transfer events; residency from 2026 fullownr proxy applied after first transfer; historical owner addresses not in sales extract; active TMKs: 239004082, 239004143, 239004144"
collective,,2024/03/08,2024/03/14,316,15.0316,84.6519,0.3165,0,0.0000,316,100.0000,47,267,1,1,fullownr_proxy,"between transfer events; residency from 2026 fullownr proxy applied after first transfer; historical owner addresses not in sales extract; active TMKs: 239004082, 239004143, 239004144"
collective,,2024/03/15,2024/03/26,316,15.0316,84.6519,0.3165,0,0.0000,316,100.0000,47,267,1,1,fullownr_proxy,"between transfer events; residency from 2026 fullownr proxy applied after first transfer; historical owner addresses not in sales extract; active TMKs: 239004082, 239004143, 239004144"
collective,,2024/03/27,2024/04/01,316,15.0316,84.6519,0.3165,0,0.0000,316,100.0000,47,267,1,1,fullownr_proxy,"between transfer events; residency from 2026 fullownr proxy applied after first transfer; historical owner addresses not in sales extract; active TMKs: 239004082, 239004143, 239004144"
collective,,2024/04/02,2024/04/02,316,15.0316,84.6519,0.3165,0,0.0000,316,100.0000,47,267,1,1,fullownr_proxy,"between transfer events; residency from 2026 fullownr proxy applied after first transfer; historical owner addresses not in sales extract; active TMKs: 239004082, 239004143, 239004144"
collective,,2024/04/03,2024/04/03,316,15.0316,84.6519,0.3165,0,0.0000,316,100.0000,47,267,1,1,fullownr_proxy,"between transfer events; residency from 2026 fullownr proxy applied after first transfer; historical owner addresses not in sales extract; active TMKs: 239004082, 239004143, 239004144"
collective,,2024/04/04,2024/05/09,316,15.0316,84.6519,0.3165,0,0.0000,316,100.0000,47,267,1,1,fullownr_proxy,"between transfer events; residency from 2026 fullownr proxy applied after first transfer; historical owner addresses not in sales extract; active TMKs: 239004082, 239004143, 239004144"
collective,,2024/05/10,2024/05/13,316,15.0316,84.6519,0.3165,0,0.0000,316,100.0000,47,267,1,1,fullownr_proxy,"between transfer events; residency from 2026 fullownr proxy applied after first transfer; historical owner addresses not in sales extract; active TMKs: 239004082, 239004143, 239004144"
collective,,2024/05/14,2024/06/20,316,15.0316,84.6519,0.3165,0,0.0000,316,100.0000,47,267,1,1,fullownr_proxy,"between transfer events; residency from 2026 fullownr proxy applied after first transfer; historical owner addresses not in sales extract; active TMKs: 239004082, 239004143, 239004144"
collective,,2024/06/21,2024/06/23,316,15.0316,84.6519,0.3165,0,0.0000,316,100.0000,47,267,1,1,fullownr_proxy,"between transfer events; residency from 2026 fullownr proxy applied after first transfer; historical owner addresses not in sales extract; active TMKs: 239004082, 239004143, 239004144"
collective,,2024/06/24,2024/07/25,316,15.0316,84.6519,0.3165,0,0.0000,316,100.0000,47,267,1,1,fullownr_proxy,"between transfer events; residency from 2026 fullownr proxy applied after first transfer; historical owner addresses not in sales extract; active TMKs: 239004082, 239004143, 239004144"
collective,,2024/07/26,2024/09/29,316,15.0316,84.6519,0.3165,0,0.0000,316,100.0000,47,267,1,1,fullownr_proxy,"between transfer events; residency from 2026 fullownr proxy applied after first transfer; historical owner addresses not in sales extract; active TMKs: 239004082, 239004143, 239004144"
collective,,2024/09/30,2024/10/09,316,15.0316,84.6519,0.3165,0,0.0000,316,100.0000,47,267,1,1,fullownr_proxy,"between transfer events; residency from 2026 fullownr proxy applied after first transfer; historical owner addresses not in sales extract; active TMKs: 239004082, 239004143, 239004144"
collective,,2024/10/10,2024/10/14,316,15.0316,84.6519,0.3165,0,0.0000,316,100.0000,47,267,1,1,fullownr_proxy,"between transfer events; residency from 2026 fullownr proxy applied after first transfer; historical owner addresses not in sales extract; active TMKs: 239004082, 239004143, 239004144"
collective,,2024/10/15,2024/10/17,316,15.0316,84.6519,0.3165,0,0.0000,316,100.0000,47,267,1,1,fullownr_proxy,"between transfer events; residency from 2026 fullownr proxy applied after first transfer; historical owner addresses not in sales extract; active TMKs: 239004082, 239004143, 239004144"
collective,,2024/10/18,2024/11/12,316,15.0316,84.6519,0.3165,0,0.0000,316,100.0000,47,267,1,1,fullownr_proxy,"between transfer events; residency from 2026 fullownr proxy applied after first transfer; historical owner addresses not in sales extract; active TMKs: 239004082, 239004143, 239004144"
collective,,2024/11/13,2024/11/14,316,15.0316,84.6519,0.3165,0,0.0000,316,100.0000,47,267,1,1,fullownr_proxy,"between transfer events; residency from 2026 fullownr proxy applied after first transfer; historical owner addresses not in sales extract; active TMKs: 239004082, 239004143, 239004144"
collective,,2024/11/15,2024/12/26,316,15.0316,84.6519,0.3165,0,0.0000,316,100.0000,47,267,1,1,fullownr_proxy,"between transfer events; residency from 2026 fullownr proxy applied after first transfer; historical owner addresses not in sales extract; active TMKs: 239004082, 239004143, 239004144"
collective,,2024/12/27,2025/02/11,316,15.0316,84.6519,0.3165,0,0.0000,316,100.0000,47,267,1,1,fullownr_proxy,"between transfer events; residency from 2026 fullownr proxy applied after first transfer; historical owner addresses not in sales extract; active TMKs: 239004082, 239004143, 239004144"
collective,,2025/02/12,2025/03/13,316,15.0316,84.6519,0.3165,0,0.0000,316,100.0000,47,267,1,1,fullownr_proxy,"between transfer events; residency from 2026 fullownr proxy applied after first transfer; historical owner addresses not in sales extract; active TMKs: 239004082, 239004143, 239004144"
collective,,2025/03/14,2025/03/17,316,15.0316,84.6519,0.3165,0,0.0000,316,100.0000,47,267,1,1,fullownr_proxy,"between transfer events; residency from 2026 fullownr proxy applied after first transfer; historical owner addresses not in sales extract; active TMKs: 239004082, 239004143, 239004144"
collective,,2025/03/18,2025/03/26,316,15.0316,84.6519,0.3165,0,0.0000,316,100.0000,47,267,1,1,fullownr_proxy,"between transfer events; residency from 2026 fullownr proxy applied after first transfer; historical owner addresses not in sales extract; active TMKs: 239004082, 239004143, 239004144"
collective,,2025/03/27,2025/03/27,316,15.0316,84.6519,0.3165,0,0.0000,316,100.0000,47,267,1,1,fullownr_proxy,"between transfer events; residency from 2026 fullownr proxy applied after first transfer; historical owner addresses not in sales extract; active TMKs: 239004082, 239004143, 239004144"
collective,,2025/03/28,2025/04/13,316,15.0316,84.6519,0.3165,0,0.0000,316,100.0000,47,267,1,1,fullownr_proxy,"between transfer events; residency from 2026 fullownr proxy applied after first transfer; historical owner addresses not in sales extract; active TMKs: 239004082, 239004143, 239004144"
collective,,2025/04/14,2025/04/17,316,15.0316,84.6519,0.3165,0,0.0000,316,100.0000,47,267,1,1,fullownr_proxy,"between transfer events; residency from 2026 fullownr proxy applied after first transfer; historical owner addresses not in sales extract; active TMKs: 239004082, 239004143, 239004144"
collective,,2025/04/18,2025/05/04,316,15.0316,84.6519,0.3165,0,0.0000,316,100.0000,47,267,1,1,fullownr_proxy,"between transfer events; residency from 2026 fullownr proxy applied after first transfer; historical owner addresses not in sales extract; active TMKs: 239004082, 239004143, 239004144"
collective,,2025/05/05,2025/05/21,316,15.0316,84.6519,0.3165,0,0.0000,316,100.0000,47,267,1,1,fullownr_proxy,"between transfer events; residency from 2026 fullownr proxy applied after first transfer; historical owner addresses not in sales extract; active TMKs: 239004082, 239004143, 239004144"
collective,,2025/05/22,2025/08/11,316,15.0316,84.6519,0.3165,0,0.0000,316,100.0000,47,267,1,1,fullownr_proxy,"between transfer events; residency from 2026 fullownr proxy applied after first transfer; historical owner addresses not in sales extract; active TMKs: 239004082, 239004143, 239004144"
collective,,2025/08/12,2025/08/17,316,15.0316,84.6519,0.3165,0,0.0000,316,100.0000,47,267,1,1,fullownr_proxy,"between transfer events; residency from 2026 fullownr proxy applied after first transfer; historical owner addresses not in sales extract; active TMKs: 239004082, 239004143, 239004144"
collective,,2025/08/18,2025/10/20,316,15.0316,84.6519,0.3165,0,0.0000,316,100.0000,47,267,1,1,fullownr_proxy,"between transfer events; residency from 2026 fullownr proxy applied after first transfer; historical owner addresses not in sales extract; active TMKs: 239004082, 239004143, 239004144"
collective,,2025/10/21,2025/11/21,316,15.0316,84.6519,0.3165,0,0.0000,316,100.0000,47,267,1,1,fullownr_proxy,"between transfer events; residency from 2026 fullownr proxy applied after first transfer; historical owner addresses not in sales extract; active TMKs: 239004082, 239004143, 239004144"
collective,,2025/11/22,2025/11/23,316,15.0316,84.6519,0.3165,0,0.0000,316,100.0000,47,267,1,1,fullownr_proxy,"between transfer events; residency from 2026 fullownr proxy applied after first transfer; historical owner addresses not in sales extract; active TMKs: 239004082, 239004143, 239004144"
collective,,2025/11/24,2025/12/04,316,15.0316,84.6519,0.3165,0,0.0000,316,100.0000,47,267,1,1,fullownr_proxy,"between transfer events; residency from 2026 fullownr proxy applied after first transfer; historical owner addresses not in sales extract; active TMKs: 239004082, 239004143, 239004144"
collective,,2025/12/05,2025/12/14,316,15.0316,84.6519,0.3165,0,0.0000,316,100.0000,47,267,1,1,fullownr_proxy,"between transfer events; residency from 2026 fullownr proxy applied after first transfer; historical owner addresses not in sales extract; active TMKs: 239004082, 239004143, 239004144"
collective,,2025/12/15,2026/01/05,316,15.0316,84.6519,0.3165,0,0.0000,316,100.0000,47,267,1,1,fullownr_proxy,"between transfer events; residency from 2026 fullownr proxy applied after first transfer; historical owner addresses not in sales extract; active TMKs: 239004082, 239004143, 239004144"
collective,,2026/01/06,2026/03/02,316,15.0316,84.6519,0.3165,0,0.0000,316,100.0000,47,267,1,1,fullownr_proxy,"between transfer events; residency from 2026 fullownr proxy applied after first transfer; historical owner addresses not in sales extract; active TMKs: 239004082, 239004143, 239004144"
collective,,2026/03/03,2026/03/11,316,15.0316,84.6519,0.3165,0,0.0000,316,100.0000,47,267,1,1,fullownr_proxy,"between transfer events; residency from 2026 fullownr proxy applied after first transfer; historical owner addresses not in sales extract; active TMKs: 239004082, 239004143, 239004144"
collective,,2026/03/12,2026/03/24,316,15.0316,84.6519,0.3165,0,0.0000,316,100.0000,47,267,1,1,fullownr_proxy,"between transfer events; residency from 2026 fullownr proxy applied after first transfer; historical owner addresses not in sales extract; active TMKs: 239004082, 239004143, 239004144"
collective,,2026/03/25,2026/04/01,316,15.0316,84.6519,0.3165,0,0.0000,316,100.0000,47,267,1,1,fullownr_proxy,"between transfer events; residency from 2026 fullownr proxy applied after first transfer; historical owner addresses not in sales extract; active TMKs: 239004082, 239004143, 239004144"
collective,,2026/04/02,2026/05/14,316,15.0316,84.6519,0.3165,0,0.0000,316,100.0000,47,267,1,1,fullownr_proxy,"between transfer events; residency from 2026 fullownr proxy applied after first transfer; historical owner addresses not in sales extract; active TMKs: 239004082, 239004143, 239004144"
collective,,2026/05/15,2026/05/20,316,15.0316,84.6519,0.3165,0,0.0000,316,100.0000,47,267,1,1,fullownr_proxy,"between transfer events; residency from 2026 fullownr proxy applied after first transfer; historical owner addresses not in sales extract; active TMKs: 239004082, 239004143, 239004144"
collective,,2026/05/21,2026/05/22,316,15.0316,84.6519,0.3165,0,0.0000,316,100.0000,47,267,1,1,fullownr_proxy,"between transfer events; residency from 2026 fullownr proxy applied after first transfer; historical owner addresses not in sales extract; active TMKs: 239004082, 239004143, 239004144"
collective,,2026/05/23,2026/05/28,316,15.0316,84.6519,0.3165,0,0.0000,316,100.0000,47,267,1,1,fullownr_proxy,"between transfer events; residency from 2026 fullownr proxy applied after first transfer; historical owner addresses not in sales extract; active TMKs: 239004082, 239004143, 239004144"
collective,,2026/05/29,,316,15.0316,84.6519,0.3165,0,0.0000,316,100.0000,47,267,1,1,fullownr_snapshot,"current ownership from 2026 fullownr extract; active TMKs: 239004082, 239004143, 239004144"
tmk,239004082,,1990/05/27,240,0.0000,0.0000,100.0000,240,100.0000,0,0.0000,0,0,0,240,unresolved,before first recorded transfer; residency unresolved
tmk,239004082,1990/05/28,1990/11/27,240,0.0000,0.4167,99.5833,239,99.5833,1,0.4167,0,1,0,239,fullownr_proxy,between transfer events; residency from 2026 fullownr proxy applied after first transfer; historical owner addresses not in sales extract
tmk,239004082,1990/11/28,1990/11/28,240,1.6667,9.5833,88.7500,213,88.7500,27,11.2500,4,23,0,213,fullownr_proxy,between transfer events; residency from 2026 fullownr proxy applied after first transfer; historical owner addresses not in sales extract
tmk,239004082,1990/11/29,1990/11/30,240,1.6667,9.5833,88.7500,213,88.7500,27,11.2500,4,23,0,213,fullownr_proxy,between transfer events; residency from 2026 fullownr proxy applied after first transfer; historical owner addresses not in sales extract
tmk,239004082,1990/12/01,1990/12/02,240,1.6667,9.5833,88.7500,213,88.7500,27,11.2500,4,23,0,213,fullownr_proxy,between transfer events; residency from 2026 fullownr proxy applied after first transfer; historical owner addresses not in sales extract
tmk,239004082,1990/12/03,1990/12/12,240,2.9167,15.4167,81.6667,196,81.6667,44,18.3333,7,37,0,196,fullownr_proxy,between transfer events; residency from 2026 fullownr proxy applied after first transfer; historical owner addresses not in sales extract
tmk,239004082,1990/12/13,1990/12/18,240,2.9167,15.8333,81.2500,195,81.2500,45,18.7500,7,38,0,195,fullownr_proxy,between transfer events; residency from 2026 fullownr proxy applied after first transfer; historical owner addresses not in sales extract
tmk,239004082,1990/12/19,1990/12/31,240,2.9167,15.8333,81.2500,195,81.2500,45,18.7500,7,38,0,195,fullownr_proxy,between transfer events; residency from 2026 fullownr proxy applied after first transfer; historical owner addresses not in sales extract
tmk,239004082,1991/01/01,1991/01/13,240,2.9167,15.8333,81.2500,195,81.2500,45,18.7500,7,38,0,195,fullownr_proxy,between transfer events; residency from 2026 fullownr proxy applied after first transfer; historical owner addresses not in sales extract
tmk,239004082,1991/01/14,1991/01/16,240,2.9167,16.2500,80.8333,194,80.8333,46,19.1667,7,39,0,194,fullownr_proxy,between transfer events; residency from 2026 fullownr proxy applied after first transfer; historical owner addresses not in sales extract
tmk,239004082,1991/01/17,1991/01/31,240,2.9167,16.2500,80.8333,194,80.8333,46,19.1667,7,39,0,194,fullownr_proxy,between transfer events; residency from 2026 fullownr proxy applied after first transfer; historical owner addresses not in sales extract
tmk,239004082,1991/02/01,1991/02/25,240,2.9167,16.2500,80.8333,194,80.8333,46,19.1667,7,39,0,194,fullownr_proxy,between transfer events; residency from 2026 fullownr proxy applied after first transfer; historical owner addresses not in sales extract
tmk,239004082,1991/02/26,1991/02/28,240,4.5833,20.8333,74.5833,179,74.5833,61,25.4167,11,50,0,179,fullownr_proxy,between transfer events; residency from 2026 fullownr proxy applied after first transfer; historical owner addresses not in sales extract
tmk,239004082,1991/03/01,1991/03/17,240,4.5833,20.8333,74.5833,179,74.5833,61,25.4167,11,50,0,179,fullownr_proxy,between transfer events; residency from 2026 fullownr proxy applied after first transfer; historical owner addresses not in sales extract
tmk,239004082,1991/03/18,1991/03/31,240,4.5833,20.8333,74.5833,179,74.5833,61,25.4167,11,50,0,179,fullownr_proxy,between transfer events; residency from 2026 fullownr proxy applied after first transfer; historical owner addresses not in sales extract
tmk,239004082,1991/04/01,1991/06/11,240,4.5833,20.8333,74.5833,179,74.5833,61,25.4167,11,50,0,179,fullownr_proxy,between transfer events; residency from 2026 fullownr proxy applied after first transfer; historical owner addresses not in sales extract
tmk,239004082,1991/06/12,1991/08/20,240,4.5833,20.8333,74.5833,179,74.5833,61,25.4167,11,50,0,179,fullownr_proxy,between transfer events; residency from 2026 fullownr proxy applied after first transfer; historical owner addresses not in sales extract
tmk,239004082,1991/08/21,1992/01/21,240,4.5833,20.8333,74.5833,179,74.5833,61,25.4167,11,50,0,179,fullownr_proxy,between transfer events; residency from 2026 fullownr proxy applied after first transfer; historical owner addresses not in sales extract
tmk,239004082,1992/01/22,1992/03/05,240,4.5833,20.8333,74.5833,179,74.5833,61,25.4167,11,50,0,179,fullownr_proxy,between transfer events; residency from 2026 fullownr proxy applied after first transfer; historical owner addresses not in sales extract
tmk,239004082,1992/03/06,1992/04/05,240,4.5833,20.8333,74.5833,179,74.5833,61,25.4167,11,50,0,179,fullownr_proxy,between transfer events; residency from 2026 fullownr proxy applied after first transfer; historical owner addresses not in sales extract
tmk,239004082,1992/04/06,1992/04/12,240,4.5833,21.2500,74.1667,178,74.1667,62,25.8333,11,51,0,178,fullownr_proxy,between transfer events; residency from 2026 fullownr proxy applied after first transfer; historical owner addresses not in sales extract
tmk,239004082,1992/04/13,1992/04/16,240,4.5833,21.2500,74.1667,178,74.1667,62,25.8333,11,51,0,178,fullownr_proxy,between transfer events; residency from 2026 fullownr proxy applied after first transfer; historical owner addresses not in sales extract
tmk,239004082,1992/04/17,1992/05/18,240,4.5833,21.6667,73.7500,177,73.7500,63,26.2500,11,52,0,177,fullownr_proxy,between transfer events; residency from 2026 fullownr proxy applied after first transfer; historical owner addresses not in sales extract
tmk,239004082,1992/05/19,1992/05/19,240,4.5833,22.0833,73.3333,176,73.3333,64,26.6667,11,53,0,176,fullownr_proxy,between transfer events; residency from 2026 fullownr proxy applied after first transfer; historical owner addresses not in sales extract
tmk,239004082,1992/05/20,1992/05/31,240,4.5833,22.0833,73.3333,176,73.3333,64,26.6667,11,53,0,176,fullownr_proxy,between transfer events; residency from 2026 fullownr proxy applied after first transfer; historical owner addresses not in sales extract
tmk,239004082,1992/06/01,1992/06/22,240,4.5833,22.0833,73.3333,176,73.3333,64,26.6667,11,53,0,176,fullownr_proxy,between transfer events; residency from 2026 fullownr proxy applied after first transfer; historical owner addresses not in sales extract
tmk,239004082,1992/06/23,1992/08/06,240,5.0000,22.0833,72.9167,175,72.9167,65,27.0833,12,53,0,175,fullownr_proxy,between transfer events; residency from 2026 fullownr proxy applied after first transfer; historical owner addresses not in sales extract
tmk,239004082,1992/08/07,1992/08/12,240,5.0000,22.0833,72.9167,175,72.9167,65,27.0833,12,53,0,175,fullownr_proxy,between transfer events; residency from 2026 fullownr proxy applied after first transfer; historical owner addresses not in sales extract
tmk,239004082,1992/08/13,1992/10/08,240,5.0000,22.0833,72.9167,175,72.9167,65,27.0833,12,53,0,175,fullownr_proxy,between transfer events; residency from 2026 fullownr proxy applied after first transfer; historical owner addresses not in sales extract
tmk,239004082,1992/10/09,1992/10/31,240,5.0000,22.0833,72.9167,175,72.9167,65,27.0833,12,53,0,175,fullownr_proxy,between transfer events; residency from 2026 fullownr proxy applied after first transfer; historical owner addresses not in sales extract
tmk,239004082,1992/11/01,1993/02/10,240,5.0000,22.0833,72.9167,175,72.9167,65,27.0833,12,53,0,175,fullownr_proxy,between transfer events; residency from 2026 fullownr proxy applied after first transfer; historical owner addresses not in sales extract
tmk,239004082,1993/02/11,1993/02/11,240,5.4167,22.0833,72.5000,174,72.5000,66,27.5000,13,53,0,174,fullownr_proxy,between transfer events; residency from 2026 fullownr proxy applied after first transfer; historical owner addresses not in sales extract
tmk,239004082,1993/02/12,1993/03/14,240,5.4167,22.0833,72.5000,174,72.5000,66,27.5000,13,53,0,174,fullownr_proxy,between transfer events; residency from 2026 fullownr proxy applied after first transfer; historical owner addresses not in sales extract
tmk,239004082,1993/03/15,1993/03/17,240,5.4167,22.5000,72.0833,173,72.0833,67,27.9167,13,54,0,173,fullownr_proxy,between transfer events; residency from 2026 fullownr proxy applied after first transfer; historical owner addresses not in sales extract
tmk,239004082,1993/03/18,1993/03/22,240,5.4167,22.9167,71.6667,172,71.6667,68,28.3333,13,55,0,172,fullownr_proxy,between transfer events; residency from 2026 fullownr proxy applied after first transfer; historical owner addresses not in sales extract
tmk,239004082,1993/03/23,1993/03/25,240,5.4167,23.3333,71.2500,171,71.2500,69,28.7500,13,56,0,171,fullownr_proxy,between transfer events; residency from 2026 fullownr proxy applied after first transfer; historical owner addresses not in sales extract
tmk,239004082,1993/03/26,1993/05/20,240,5.4167,23.3333,71.2500,171,71.2500,69,28.7500,13,56,0,171,fullownr_proxy,between transfer events; residency from 2026 fullownr proxy applied after first transfer; historical owner addresses not in sales extract
tmk,239004082,1993/05/21,1993/05/31,240,5.4167,23.3333,71.2500,171,71.2500,69,28.7500,13,56,0,171,fullownr_proxy,between transfer events; residency from 2026 fullownr proxy applied after first transfer; historical owner addresses not in sales extract
tmk,239004082,1993/06/01,1993/06/14,240,5.4167,23.7500,70.8333,170,70.8333,70,29.1667,13,57,0,170,fullownr_proxy,between transfer events; residency from 2026 fullownr proxy applied after first transfer; historical owner addresses not in sales extract
tmk,239004082,1993/06/15,1993/06/27,240,5.4167,24.5833,70.0000,168,70.0000,72,30.0000,13,59,0,168,fullownr_proxy,between transfer events; residency from 2026 fullownr proxy applied after first transfer; historical owner addresses not in sales extract
tmk,239004082,1993/06/28,1993/07/11,240,5.4167,24.5833,70.0000,168,70.0000,72,30.0000,13,59,0,168,fullownr_proxy,between transfer events; residency from 2026 fullownr proxy applied after first transfer; historical owner addresses not in sales extract
tmk,239004082,1993/07/12,1993/07/21,240,5.4167,25.0000,69.5833,167,69.5833,73,30.4167,13,60,0,167,fullownr_proxy,between transfer events; residency from 2026 fullownr proxy applied after first transfer; historical owner addresses not in sales extract
tmk,239004082,1993/07/22,1993/08/31,240,5.4167,25.4167,69.1667,166,69.1667,74,30.8333,13,61,0,166,fullownr_proxy,between transfer events; residency from 2026 fullownr proxy applied after first transfer; historical owner addresses not in sales extract
tmk,239004082,1993/09/01,1993/09/23,240,5.4167,25.4167,69.1667,166,69.1667,74,30.8333,13,61,0,166,fullownr_proxy,between transfer events; residency from 2026 fullownr proxy applied after first transfer; historical owner addresses not in sales extract
tmk,239004082,1993/09/24,1993/10/24,240,5.4167,25.8333,68.7500,165,68.7500,75,31.2500,13,62,0,165,fullownr_proxy,between transfer events; residency from 2026 fullownr proxy applied after first transfer; historical owner addresses not in sales extract
tmk,239004082,1993/10/25,1993/11/09,240,5.4167,25.8333,68.7500,165,68.7500,75,31.2500,13,62,0,165,fullownr_proxy,between transfer events; residency from 2026 fullownr proxy applied after first transfer; historical owner addresses not in sales extract
tmk,239004082,1993/11/10,1993/12/07,240,5.4167,25.8333,68.7500,165,68.7500,75,31.2500,13,62,0,165,fullownr_proxy,between transfer events; residency from 2026 fullownr proxy applied after first transfer; historical owner addresses not in sales extract
tmk,239004082,1993/12/08,1993/12/09,240,5.8333,25.8333,68.3333,164,68.3333,76,31.6667,14,62,0,164,fullownr_proxy,between transfer events; residency from 2026 fullownr proxy applied after first transfer; historical owner addresses not in sales extract
tmk,239004082,1993/12/10,1993/12/31,240,5.8333,26.2500,67.9167,163,67.9167,77,32.0833,14,63,0,163,fullownr_proxy,between transfer events; residency from 2026 fullownr proxy applied after first transfer; historical owner addresses not in sales extract
tmk,239004082,1994/01/01,1994/01/10,240,5.8333,26.2500,67.9167,163,67.9167,77,32.0833,14,63,0,163,fullownr_proxy,between transfer events; residency from 2026 fullownr proxy applied after first transfer; historical owner addresses not in sales extract
tmk,239004082,1994/01/11,1994/01/16,240,5.8333,26.2500,67.9167,163,67.9167,77,32.0833,14,63,0,163,fullownr_proxy,between transfer events; residency from 2026 fullownr proxy applied after first transfer; historical owner addresses not in sales extract
tmk,239004082,1994/01/17,1994/02/16,240,5.8333,26.6667,67.5000,162,67.5000,78,32.5000,14,64,0,162,fullownr_proxy,between transfer events; residency from 2026 fullownr proxy applied after first transfer; historical owner addresses not in sales extract
tmk,239004082,1994/02/17,1994/02/24,240,5.8333,26.6667,67.5000,162,67.5000,78,32.5000,14,64,0,162,fullownr_proxy,between transfer events; residency from 2026 fullownr proxy applied after first transfer; historical owner addresses not in sales extract
tmk,239004082,1994/02/25,1994/02/28,240,5.8333,27.0833,67.0833,161,67.0833,79,32.9167,14,65,0,161,fullownr_proxy,between transfer events; residency from 2026 fullownr proxy applied after first transfer; historical owner addresses not in sales extract
tmk,239004082,1994/03/01,1994/03/06,240,5.8333,27.0833,67.0833,161,67.0833,79,32.9167,14,65,0,161,fullownr_proxy,between transfer events; residency from 2026 fullownr proxy applied after first transfer; historical owner addresses not in sales extract
tmk,239004082,1994/03/07,1994/03/24,240,5.8333,27.5000,66.6667,160,66.6667,80,33.3333,14,66,0,160,fullownr_proxy,between transfer events; residency from 2026 fullownr proxy applied after first transfer; historical owner addresses not in sales extract
tmk,239004082,1994/03/25,1994/03/31,240,5.8333,27.9167,66.2500,159,66.2500,81,33.7500,14,67,0,159,fullownr_proxy,between transfer events; residency from 2026 fullownr proxy applied after first transfer; historical owner addresses not in sales extract
tmk,239004082,1994/04/01,1994/05/23,240,5.8333,27.9167,66.2500,159,66.2500,81,33.7500,14,67,0,159,fullownr_proxy,between transfer events; residency from 2026 fullownr proxy applied after first transfer; historical owner addresses not in sales extract
tmk,239004082,1994/05/24,1994/06/27,240,5.8333,27.9167,66.2500,159,66.2500,81,33.7500,14,67,0,159,fullownr_proxy,between transfer events; residency from 2026 fullownr proxy applied after first transfer; historical owner addresses not in sales extract
tmk,239004082,1994/06/28,1994/08/04,240,5.8333,27.9167,66.2500,159,66.2500,81,33.7500,14,67,0,159,fullownr_proxy,between transfer events; residency from 2026 fullownr proxy applied after first transfer; historical owner addresses not in sales extract
tmk,239004082,1994/08/05,1994/11/24,240,5.8333,28.3333,65.8333,158,65.8333,82,34.1667,14,68,0,158,fullownr_proxy,between transfer events; residency from 2026 fullownr proxy applied after first transfer; historical owner addresses not in sales extract
tmk,239004082,1994/11/25,1994/12/04,240,6.2500,28.3333,65.4167,157,65.4167,83,34.5833,15,68,0,157,fullownr_proxy,between transfer events; residency from 2026 fullownr proxy applied after first transfer; historical owner addresses not in sales extract
tmk,239004082,1994/12/05,1994/12/08,240,6.2500,28.3333,65.4167,157,65.4167,83,34.5833,15,68,0,157,fullownr_proxy,between transfer events; residency from 2026 fullownr proxy applied after first transfer; historical owner addresses not in sales extract
tmk,239004082,1994/12/09,1995/01/16,240,6.2500,28.7500,65.0000,156,65.0000,84,35.0000,15,69,0,156,fullownr_proxy,between transfer events; residency from 2026 fullownr proxy applied after first transfer; historical owner addresses not in sales extract
tmk,239004082,1995/01/17,1995/02/12,240,6.2500,28.7500,65.0000,156,65.0000,84,35.0000,15,69,0,156,fullownr_proxy,between transfer events; residency from 2026 fullownr proxy applied after first transfer; historical owner addresses not in sales extract
tmk,239004082,1995/02/13,1995/02/28,240,6.2500,28.7500,65.0000,156,65.0000,84,35.0000,15,69,0,156,fullownr_proxy,between transfer events; residency from 2026 fullownr proxy applied after first transfer; historical owner addresses not in sales extract
tmk,239004082,1995/03/01,1995/03/06,240,6.2500,29.5833,64.1667,154,64.1667,86,35.8333,15,71,0,154,fullownr_proxy,between transfer events; residency from 2026 fullownr proxy applied after first transfer; historical owner addresses not in sales extract
tmk,239004082,1995/03/07,1995/03/19,240,6.2500,30.0000,63.7500,153,63.7500,87,36.2500,15,72,0,153,fullownr_proxy,between transfer events; residency from 2026 fullownr proxy applied after first transfer; historical owner addresses not in sales extract
tmk,239004082,1995/03/20,1995/04/04,240,6.2500,30.0000,63.7500,153,63.7500,87,36.2500,15,72,0,153,fullownr_proxy,between transfer events; residency from 2026 fullownr proxy applied after first transfer; historical owner addresses not in sales extract
tmk,239004082,1995/04/05,1995/05/21,240,6.2500,30.0000,63.7500,153,63.7500,87,36.2500,15,72,0,153,fullownr_proxy,between transfer events; residency from 2026 fullownr proxy applied after first transfer; historical owner addresses not in sales extract
tmk,239004082,1995/05/22,1995/05/23,240,6.2500,30.4167,63.3333,152,63.3333,88,36.6667,15,73,0,152,fullownr_proxy,between transfer events; residency from 2026 fullownr proxy applied after first transfer; historical owner addresses not in sales extract
tmk,239004082,1995/05/24,1995/05/25,240,6.2500,30.8333,62.9167,151,62.9167,89,37.0833,15,74,0,151,fullownr_proxy,between transfer events; residency from 2026 fullownr proxy applied after first transfer; historical owner addresses not in sales extract
tmk,239004082,1995/05/26,1995/05/31,240,6.2500,30.8333,62.9167,151,62.9167,89,37.0833,15,74,0,151,fullownr_proxy,between transfer events; residency from 2026 fullownr proxy applied after first transfer; historical owner addresses not in sales extract
tmk,239004082,1995/06/01,1995/06/04,240,6.2500,30.8333,62.9167,151,62.9167,89,37.0833,15,74,0,151,fullownr_proxy,between transfer events; residency from 2026 fullownr proxy applied after first transfer; historical owner addresses not in sales extract
tmk,239004082,1995/06/05,1995/06/08,240,6.2500,31.2500,62.5000,150,62.5000,90,37.5000,15,75,0,150,fullownr_proxy,between transfer events; residency from 2026 fullownr proxy applied after first transfer; historical owner addresses not in sales extract
tmk,239004082,1995/06/09,1995/07/27,240,6.6667,31.2500,62.0833,149,62.0833,91,37.9167,16,75,0,149,fullownr_proxy,between transfer events; residency from 2026 fullownr proxy applied after first transfer; historical owner addresses not in sales extract
tmk,239004082,1995/07/28,1995/08/28,240,6.6667,31.2500,62.0833,149,62.0833,91,37.9167,16,75,0,149,fullownr_proxy,between transfer events; residency from 2026 fullownr proxy applied after first transfer; historical owner addresses not in sales extract
tmk,239004082,1995/08/29,1995/09/10,240,6.6667,31.2500,62.0833,149,62.0833,91,37.9167,16,75,0,149,fullownr_proxy,between transfer events; residency from 2026 fullownr proxy applied after first transfer; historical owner addresses not in sales extract
tmk,239004082,1995/09/11,1995/09/19,240,6.6667,31.2500,62.0833,149,62.0833,91,37.9167,16,75,0,149,fullownr_proxy,between transfer events; residency from 2026 fullownr proxy applied after first transfer; historical owner addresses not in sales extract
tmk,239004082,1995/09/20,1995/09/21,240,6.6667,31.2500,62.0833,149,62.0833,91,37.9167,16,75,0,149,fullownr_proxy,between transfer events; residency from 2026 fullownr proxy applied after first transfer; historical owner addresses not in sales extract
tmk,239004082,1995/09/22,1995/09/30,240,6.6667,31.6667,61.6667,148,61.6667,92,38.3333,16,76,0,148,fullownr_proxy,between transfer events; residency from 2026 fullownr proxy applied after first transfer; historical owner addresses not in sales extract
tmk,239004082,1995/10/01,1995/10/09,240,6.6667,31.6667,61.6667,148,61.6667,92,38.3333,16,76,0,148,fullownr_proxy,between transfer events; residency from 2026 fullownr proxy applied after first transfer; historical owner addresses not in sales extract
tmk,239004082,1995/10/10,1995/10/19,240,6.6667,32.0833,61.2500,147,61.2500,93,38.7500,16,77,0,147,fullownr_proxy,between transfer events; residency from 2026 fullownr proxy applied after first transfer; historical owner addresses not in sales extract
tmk,239004082,1995/10/20,1995/12/07,240,6.6667,32.0833,61.2500,147,61.2500,93,38.7500,16,77,0,147,fullownr_proxy,between transfer events; residency from 2026 fullownr proxy applied after first transfer; historical owner addresses not in sales extract
tmk,239004082,1995/12/08,1996/02/01,240,6.6667,32.0833,61.2500,147,61.2500,93,38.7500,16,77,0,147,fullownr_proxy,between transfer events; residency from 2026 fullownr proxy applied after first transfer; historical owner addresses not in sales extract
tmk,239004082,1996/02/02,1996/02/19,240,6.6667,32.0833,61.2500,147,61.2500,93,38.7500,16,77,0,147,fullownr_proxy,between transfer events; residency from 2026 fullownr proxy applied after first transfer; historical owner addresses not in sales extract
tmk,239004082,1996/02/20,1996/03/12,240,6.6667,32.0833,61.2500,147,61.2500,93,38.7500,16,77,0,147,fullownr_proxy,between transfer events; residency from 2026 fullownr proxy applied after first transfer; historical owner addresses not in sales extract
tmk,239004082,1996/03/13,1996/05/05,240,6.6667,32.0833,61.2500,147,61.2500,93,38.7500,16,77,0,147,fullownr_proxy,between transfer events; residency from 2026 fullownr proxy applied after first transfer; historical owner addresses not in sales extract
tmk,239004082,1996/05/06,1996/06/30,240,7.0833,32.0833,60.8333,146,60.8333,94,39.1667,17,77,0,146,fullownr_proxy,between transfer events; residency from 2026 fullownr proxy applied after first transfer; historical owner addresses not in sales extract
tmk,239004082,1996/07/01,1996/07/09,240,7.0833,32.0833,60.8333,146,60.8333,94,39.1667,17,77,0,146,fullownr_proxy,between transfer events; residency from 2026 fullownr proxy applied after first transfer; historical owner addresses not in sales extract
tmk,239004082,1996/07/10,1996/11/15,240,7.0833,32.0833,60.8333,146,60.8333,94,39.1667,17,77,0,146,fullownr_proxy,between transfer events; residency from 2026 fullownr proxy applied after first transfer; historical owner addresses not in sales extract
tmk,239004082,1996/11/16,1996/11/30,240,7.0833,32.5000,60.4167,145,60.4167,95,39.5833,17,78,0,145,fullownr_proxy,between transfer events; residency from 2026 fullownr proxy applied after first transfer; historical owner addresses not in sales extract
tmk,239004082,1996/12/01,1996/12/12,240,7.0833,32.5000,60.4167,145,60.4167,95,39.5833,17,78,0,145,fullownr_proxy,between transfer events; residency from 2026 fullownr proxy applied after first transfer; historical owner addresses not in sales extract
tmk,239004082,1996/12/13,1996/12/15,240,7.0833,32.9167,60.0000,144,60.0000,96,40.0000,17,79,0,144,fullownr_proxy,between transfer events; residency from 2026 fullownr proxy applied after first transfer; historical owner addresses not in sales extract
tmk,239004082,1996/12/16,1996/12/30,240,7.0833,33.7500,59.1667,142,59.1667,98,40.8333,17,81,0,142,fullownr_proxy,between transfer events; residency from 2026 fullownr proxy applied after first transfer; historical owner addresses not in sales extract
tmk,239004082,1996/12/31,1997/01/08,240,7.0833,33.7500,59.1667,142,59.1667,98,40.8333,17,81,0,142,fullownr_proxy,between transfer events; residency from 2026 fullownr proxy applied after first transfer; historical owner addresses not in sales extract
tmk,239004082,1997/01/09,1997/01/23,240,7.5000,33.7500,58.7500,141,58.7500,99,41.2500,18,81,0,141,fullownr_proxy,between transfer events; residency from 2026 fullownr proxy applied after first transfer; historical owner addresses not in sales extract
tmk,239004082,1997/01/24,1997/02/04,240,7.5000,34.1667,58.3333,140,58.3333,100,41.6667,18,82,0,140,fullownr_proxy,between transfer events; residency from 2026 fullownr proxy applied after first transfer; historical owner addresses not in sales extract
tmk,239004082,1997/02/05,1997/02/09,240,7.5000,34.5833,57.9167,139,57.9167,101,42.0833,18,83,0,139,fullownr_proxy,between transfer events; residency from 2026 fullownr proxy applied after first transfer; historical owner addresses not in sales extract
tmk,239004082,1997/02/10,1997/02/27,240,7.5000,34.5833,57.9167,139,57.9167,101,42.0833,18,83,0,139,fullownr_proxy,between transfer events; residency from 2026 fullownr proxy applied after first transfer; historical owner addresses not in sales extract
tmk,239004082,1997/02/28,1997/03/19,240,7.5000,34.5833,57.9167,139,57.9167,101,42.0833,18,83,0,139,fullownr_proxy,between transfer events; residency from 2026 fullownr proxy applied after first transfer; historical owner addresses not in sales extract
tmk,239004082,1997/03/20,1997/04/01,240,7.5000,34.5833,57.9167,139,57.9167,101,42.0833,18,83,0,139,fullownr_proxy,between transfer events; residency from 2026 fullownr proxy applied after first transfer; historical owner addresses not in sales extract
tmk,239004082,1997/04/02,1997/04/06,240,7.5000,35.0000,57.5000,138,57.5000,102,42.5000,18,84,0,138,fullownr_proxy,between transfer events; residency from 2026 fullownr proxy applied after first transfer; historical owner addresses not in sales extract
tmk,239004082,1997/04/07,1997/05/14,240,7.5000,35.4167,57.0833,137,57.0833,103,42.9167,18,85,0,137,fullownr_proxy,between transfer events; residency from 2026 fullownr proxy applied after first transfer; historical owner addresses not in sales extract
tmk,239004082,1997/05/15,1997/05/28,240,7.5000,35.4167,57.0833,137,57.0833,103,42.9167,18,85,0,137,fullownr_proxy,between transfer events; residency from 2026 fullownr proxy applied after first transfer; historical owner addresses not in sales extract
tmk,239004082,1997/05/29,1997/07/31,240,7.5000,35.4167,57.0833,137,57.0833,103,42.9167,18,85,0,137,fullownr_proxy,between transfer events; residency from 2026 fullownr proxy applied after first transfer; historical owner addresses not in sales extract
tmk,239004082,1997/08/01,1997/08/17,240,7.5000,35.8333,56.6667,136,56.6667,104,43.3333,18,86,0,136,fullownr_proxy,between transfer events; residency from 2026 fullownr proxy applied after first transfer; historical owner addresses not in sales extract
tmk,239004082,1997/08/18,1997/08/20,240,7.5000,36.2500,56.2500,135,56.2500,105,43.7500,18,87,0,135,fullownr_proxy,between transfer events; residency from 2026 fullownr proxy applied after first transfer; historical owner addresses not in sales extract
tmk,239004082,1997/08/21,1997/09/09,240,7.5000,36.6667,55.8333,134,55.8333,106,44.1667,18,88,0,134,fullownr_proxy,between transfer events; residency from 2026 fullownr proxy applied after first transfer; historical owner addresses not in sales extract
tmk,239004082,1997/09/10,1997/10/26,240,7.5000,36.6667,55.8333,134,55.8333,106,44.1667,18,88,0,134,fullownr_proxy,between transfer events; residency from 2026 fullownr proxy applied after first transfer; historical owner addresses not in sales extract
tmk,239004082,1997/10/27,1997/12/01,240,7.5000,36.6667,55.8333,134,55.8333,106,44.1667,18,88,0,134,fullownr_proxy,between transfer events; residency from 2026 fullownr proxy applied after first transfer; historical owner addresses not in sales extract
tmk,239004082,1997/12/02,1997/12/04,240,7.5000,37.0833,55.4167,133,55.4167,107,44.5833,18,89,0,133,fullownr_proxy,between transfer events; residency from 2026 fullownr proxy applied after first transfer; historical owner addresses not in sales extract
tmk,239004082,1997/12/05,1998/01/13,240,7.5000,37.5000,55.0000,132,55.0000,108,45.0000,18,90,0,132,fullownr_proxy,between transfer events; residency from 2026 fullownr proxy applied after first transfer; historical owner addresses not in sales extract
tmk,239004082,1998/01/14,1998/02/10,240,7.5000,37.9167,54.5833,131,54.5833,109,45.4167,18,91,0,131,fullownr_proxy,between transfer events; residency from 2026 fullownr proxy applied after first transfer; historical owner addresses not in sales extract
tmk,239004082,1998/02/11,1998/02/19,240,7.5000,37.9167,54.5833,131,54.5833,109,45.4167,18,91,0,131,fullownr_proxy,between transfer events; residency from 2026 fullownr proxy applied after first transfer; historical owner addresses not in sales extract
tmk,239004082,1998/02/20,1998/03/22,240,7.5000,37.9167,54.5833,131,54.5833,109,45.4167,18,91,0,131,fullownr_proxy,between transfer events; residency from 2026 fullownr proxy applied after first transfer; historical owner addresses not in sales extract
tmk,239004082,1998/03/23,1998/03/24,240,7.5000,37.9167,54.5833,131,54.5833,109,45.4167,18,91,0,131,fullownr_proxy,between transfer events; residency from 2026 fullownr proxy applied after first transfer; historical owner addresses not in sales extract
tmk,239004082,1998/03/25,1998/04/12,240,7.5000,38.3333,54.1667,130,54.1667,110,45.8333,18,92,0,130,fullownr_proxy,between transfer events; residency from 2026 fullownr proxy applied after first transfer; historical owner addresses not in sales extract
tmk,239004082,1998/04/13,1998/04/21,240,7.9167,38.3333,53.7500,129,53.7500,111,46.2500,19,92,0,129,fullownr_proxy,between transfer events; residency from 2026 fullownr proxy applied after first transfer; historical owner addresses not in sales extract
tmk,239004082,1998/04/22,1998/05/05,240,7.9167,38.3333,53.7500,129,53.7500,111,46.2500,19,92,0,129,fullownr_proxy,between transfer events; residency from 2026 fullownr proxy applied after first transfer; historical owner addresses not in sales extract
tmk,239004082,1998/05/06,1998/05/29,240,7.9167,38.3333,53.7500,129,53.7500,111,46.2500,19,92,0,129,fullownr_proxy,between transfer events; residency from 2026 fullownr proxy applied after first transfer; historical owner addresses not in sales extract
tmk,239004082,1998/05/30,1998/06/22,240,7.9167,38.7500,53.3333,128,53.3333,112,46.6667,19,93,0,128,fullownr_proxy,between transfer events; residency from 2026 fullownr proxy applied after first transfer; historical owner addresses not in sales extract
tmk,239004082,1998/06/23,1998/07/26,240,7.9167,39.1667,52.9167,127,52.9167,113,47.0833,19,94,0,127,fullownr_proxy,between transfer events; residency from 2026 fullownr proxy applied after first transfer; historical owner addresses not in sales extract
tmk,239004082,1998/07/27,1998/08/25,240,7.9167,39.1667,52.9167,127,52.9167,113,47.0833,19,94,0,127,fullownr_proxy,between transfer events; residency from 2026 fullownr proxy applied after first transfer; historical owner addresses not in sales extract
tmk,239004082,1998/08/26,1998/09/08,240,7.9167,39.5833,52.5000,126,52.5000,114,47.5000,19,95,0,126,fullownr_proxy,between transfer events; residency from 2026 fullownr proxy applied after first transfer; historical owner addresses not in sales extract
tmk,239004082,1998/09/09,1998/10/21,240,7.9167,39.5833,52.5000,126,52.5000,114,47.5000,19,95,0,126,fullownr_proxy,between transfer events; residency from 2026 fullownr proxy applied after first transfer; historical owner addresses not in sales extract
tmk,239004082,1998/10/22,1998/11/11,240,7.9167,40.0000,52.0833,125,52.0833,115,47.9167,19,96,0,125,fullownr_proxy,between transfer events; residency from 2026 fullownr proxy applied after first transfer; historical owner addresses not in sales extract
tmk,239004082,1998/11/12,1998/12/15,240,7.9167,40.0000,52.0833,125,52.0833,115,47.9167,19,96,0,125,fullownr_proxy,between transfer events; residency from 2026 fullownr proxy applied after first transfer; historical owner addresses not in sales extract
tmk,239004082,1998/12/16,1999/01/07,240,7.9167,40.0000,52.0833,125,52.0833,115,47.9167,19,96,0,125,fullownr_proxy,between transfer events; residency from 2026 fullownr proxy applied after first transfer; historical owner addresses not in sales extract
tmk,239004082,1999/01/08,1999/03/02,240,7.9167,40.4167,51.6667,124,51.6667,116,48.3333,19,97,0,124,fullownr_proxy,between transfer events; residency from 2026 fullownr proxy applied after first transfer; historical owner addresses not in sales extract
tmk,239004082,1999/03/03,1999/03/16,240,7.9167,40.4167,51.6667,124,51.6667,116,48.3333,19,97,0,124,fullownr_proxy,between transfer events; residency from 2026 fullownr proxy applied after first transfer; historical owner addresses not in sales extract
tmk,239004082,1999/03/17,1999/03/18,240,8.3333,40.4167,51.2500,123,51.2500,117,48.7500,20,97,0,123,fullownr_proxy,between transfer events; residency from 2026 fullownr proxy applied after first transfer; historical owner addresses not in sales extract
tmk,239004082,1999/03/19,1999/03/22,240,8.7500,40.4167,50.8333,122,50.8333,118,49.1667,21,97,0,122,fullownr_proxy,between transfer events; residency from 2026 fullownr proxy applied after first transfer; historical owner addresses not in sales extract
tmk,239004082,1999/03/23,1999/03/23,240,8.7500,40.8333,50.4167,121,50.4167,119,49.5833,21,98,0,121,fullownr_proxy,between transfer events; residency from 2026 fullownr proxy applied after first transfer; historical owner addresses not in sales extract
tmk,239004082,1999/03/24,1999/03/24,240,8.7500,42.0833,49.1667,118,49.1667,122,50.8333,21,101,0,118,fullownr_proxy,between transfer events; residency from 2026 fullownr proxy applied after first transfer; historical owner addresses not in sales extract
tmk,239004082,1999/03/25,1999/03/25,240,8.7500,42.5000,48.7500,117,48.7500,123,51.2500,21,102,0,117,fullownr_proxy,between transfer events; residency from 2026 fullownr proxy applied after first transfer; historical owner addresses not in sales extract
tmk,239004082,1999/03/26,1999/04/01,240,8.7500,42.9167,48.3333,116,48.3333,124,51.6667,21,103,0,116,fullownr_proxy,between transfer events; residency from 2026 fullownr proxy applied after first transfer; historical owner addresses not in sales extract
tmk,239004082,1999/04/02,1999/04/04,240,8.7500,43.3333,47.9167,115,47.9167,125,52.0833,21,104,0,115,fullownr_proxy,between transfer events; residency from 2026 fullownr proxy applied after first transfer; historical owner addresses not in sales extract
tmk,239004082,1999/04/05,1999/04/05,240,9.1667,43.3333,47.5000,114,47.5000,126,52.5000,22,104,0,114,fullownr_proxy,between transfer events; residency from 2026 fullownr proxy applied after first transfer; historical owner addresses not in sales extract
tmk,239004082,1999/04/06,1999/04/06,240,9.1667,43.3333,47.5000,114,47.5000,126,52.5000,22,104,0,114,fullownr_proxy,between transfer events; residency from 2026 fullownr proxy applied after first transfer; historical owner addresses not in sales extract
tmk,239004082,1999/04/07,1999/04/11,240,9.1667,43.3333,47.5000,113,47.0833,127,52.9167,22,104,0,114,fullownr_proxy,between transfer events; residency from 2026 fullownr proxy applied after first transfer; historical owner addresses not in sales extract
tmk,239004082,1999/04/12,1999/04/22,240,9.1667,43.7500,47.0833,112,46.6667,128,53.3333,22,105,0,113,fullownr_proxy,between transfer events; residency from 2026 fullownr proxy applied after first transfer; historical owner addresses not in sales extract
tmk,239004082,1999/04/23,1999/04/26,240,9.1667,44.1667,46.6667,111,46.2500,129,53.7500,22,106,0,112,fullownr_proxy,between transfer events; residency from 2026 fullownr proxy applied after first transfer; historical owner addresses not in sales extract
tmk,239004082,1999/04/27,1999/04/27,240,9.1667,44.5833,46.2500,110,45.8333,130,54.1667,22,107,0,111,fullownr_proxy,between transfer events; residency from 2026 fullownr proxy applied after first transfer; historical owner addresses not in sales extract
tmk,239004082,1999/04/28,1999/05/11,240,9.1667,44.5833,46.2500,110,45.8333,130,54.1667,22,107,0,111,fullownr_proxy,between transfer events; residency from 2026 fullownr proxy applied after first transfer; historical owner addresses not in sales extract
tmk,239004082,1999/05/12,1999/05/31,240,9.1667,45.0000,45.8333,109,45.4167,131,54.5833,22,108,0,110,fullownr_proxy,between transfer events; residency from 2026 fullownr proxy applied after first transfer; historical owner addresses not in sales extract
tmk,239004082,1999/06/01,1999/06/16,240,9.1667,45.0000,45.8333,109,45.4167,131,54.5833,22,108,0,110,fullownr_proxy,between transfer events; residency from 2026 fullownr proxy applied after first transfer; historical owner addresses not in sales extract
tmk,239004082,1999/06/17,1999/06/22,240,9.1667,45.0000,45.8333,109,45.4167,131,54.5833,22,108,0,110,fullownr_proxy,between transfer events; residency from 2026 fullownr proxy applied after first transfer; historical owner addresses not in sales extract
tmk,239004082,1999/06/23,1999/06/25,240,9.1667,45.0000,45.8333,109,45.4167,131,54.5833,22,108,0,110,fullownr_proxy,between transfer events; residency from 2026 fullownr proxy applied after first transfer; historical owner addresses not in sales extract
tmk,239004082,1999/06/26,1999/07/16,240,9.1667,45.0000,45.8333,109,45.4167,131,54.5833,22,108,0,110,fullownr_proxy,between transfer events; residency from 2026 fullownr proxy applied after first transfer; historical owner addresses not in sales extract
tmk,239004082,1999/07/17,1999/07/31,240,9.1667,45.0000,45.8333,109,45.4167,131,54.5833,22,108,0,110,fullownr_proxy,between transfer events; residency from 2026 fullownr proxy applied after first transfer; historical owner addresses not in sales extract
tmk,239004082,1999/08/01,1999/08/01,240,9.1667,45.0000,45.8333,109,45.4167,131,54.5833,22,108,0,110,fullownr_proxy,between transfer events; residency from 2026 fullownr proxy applied after first transfer; historical owner addresses not in sales extract
tmk,239004082,1999/08/02,1999/08/02,240,9.1667,45.0000,45.8333,109,45.4167,131,54.5833,22,108,0,110,fullownr_proxy,between transfer events; residency from 2026 fullownr proxy applied after first transfer; historical owner addresses not in sales extract
tmk,239004082,1999/08/03,1999/08/08,240,9.1667,45.0000,45.8333,109,45.4167,131,54.5833,22,108,0,110,fullownr_proxy,between transfer events; residency from 2026 fullownr proxy applied after first transfer; historical owner addresses not in sales extract
tmk,239004082,1999/08/09,1999/08/12,240,9.1667,45.0000,45.8333,109,45.4167,131,54.5833,22,108,0,110,fullownr_proxy,between transfer events; residency from 2026 fullownr proxy applied after first transfer; historical owner addresses not in sales extract
tmk,239004082,1999/08/13,1999/08/22,240,9.1667,45.0000,45.8333,109,45.4167,131,54.5833,22,108,0,110,fullownr_proxy,between transfer events; residency from 2026 fullownr proxy applied after first transfer; historical owner addresses not in sales extract
tmk,239004082,1999/08/23,1999/08/26,240,9.1667,45.0000,45.8333,109,45.4167,131,54.5833,22,108,0,110,fullownr_proxy,between transfer events; residency from 2026 fullownr proxy applied after first transfer; historical owner addresses not in sales extract
tmk,239004082,1999/08/27,1999/09/02,240,9.1667,45.4167,45.4167,108,45.0000,132,55.0000,22,109,0,109,fullownr_proxy,between transfer events; residency from 2026 fullownr proxy applied after first transfer; historical owner addresses not in sales extract
tmk,239004082,1999/09/03,1999/09/09,240,9.1667,45.8333,45.0000,107,44.5833,133,55.4167,22,110,0,108,fullownr_proxy,between transfer events; residency from 2026 fullownr proxy applied after first transfer; historical owner addresses not in sales extract
tmk,239004082,1999/09/10,1999/09/14,240,9.1667,46.2500,44.5833,106,44.1667,134,55.8333,22,111,0,107,fullownr_proxy,between transfer events; residency from 2026 fullownr proxy applied after first transfer; historical owner addresses not in sales extract
tmk,239004082,1999/09/15,1999/09/15,240,9.1667,46.2500,44.5833,106,44.1667,134,55.8333,22,111,0,107,fullownr_proxy,between transfer events; residency from 2026 fullownr proxy applied after first transfer; historical owner addresses not in sales extract
tmk,239004082,1999/09/16,1999/09/29,240,9.1667,46.2500,44.5833,106,44.1667,134,55.8333,22,111,0,107,fullownr_proxy,between transfer events; residency from 2026 fullownr proxy applied after first transfer; historical owner addresses not in sales extract
tmk,239004082,1999/09/30,1999/10/01,240,9.1667,46.6667,44.1667,105,43.7500,135,56.2500,22,112,0,106,fullownr_proxy,between transfer events; residency from 2026 fullownr proxy applied after first transfer; historical owner addresses not in sales extract
tmk,239004082,1999/10/02,1999/10/05,240,9.1667,47.0833,43.7500,104,43.3333,136,56.6667,22,113,0,105,fullownr_proxy,between transfer events; residency from 2026 fullownr proxy applied after first transfer; historical owner addresses not in sales extract
tmk,239004082,1999/10/06,1999/10/17,240,9.1667,47.5000,43.3333,103,42.9167,137,57.0833,22,114,0,104,fullownr_proxy,between transfer events; residency from 2026 fullownr proxy applied after first transfer; historical owner addresses not in sales extract
tmk,239004082,1999/10/18,1999/10/31,240,9.1667,47.5000,43.3333,103,42.9167,137,57.0833,22,114,0,104,fullownr_proxy,between transfer events; residency from 2026 fullownr proxy applied after first transfer; historical owner addresses not in sales extract
tmk,239004082,1999/11/01,1999/12/02,240,9.1667,47.5000,43.3333,103,42.9167,137,57.0833,22,114,0,104,fullownr_proxy,between transfer events; residency from 2026 fullownr proxy applied after first transfer; historical owner addresses not in sales extract
tmk,239004082,1999/12/03,1999/12/05,240,10.0000,47.5000,42.5000,101,42.0833,139,57.9167,24,114,0,102,fullownr_proxy,between transfer events; residency from 2026 fullownr proxy applied after first transfer; historical owner addresses not in sales extract
tmk,239004082,1999/12/06,1999/12/06,240,10.0000,47.5000,42.5000,101,42.0833,139,57.9167,24,114,0,102,fullownr_proxy,between transfer events; residency from 2026 fullownr proxy applied after first transfer; historical owner addresses not in sales extract
tmk,239004082,1999/12/07,1999/12/09,240,10.0000,47.9167,42.0833,100,41.6667,140,58.3333,24,115,0,101,fullownr_proxy,between transfer events; residency from 2026 fullownr proxy applied after first transfer; historical owner addresses not in sales extract
tmk,239004082,1999/12/10,1999/12/12,240,10.0000,49.1667,40.8333,97,40.4167,143,59.5833,24,118,0,98,fullownr_proxy,between transfer events; residency from 2026 fullownr proxy applied after first transfer; historical owner addresses not in sales extract
tmk,239004082,1999/12/13,1999/12/13,240,10.4167,50.0000,39.5833,94,39.1667,146,60.8333,25,120,0,95,fullownr_proxy,between transfer events; residency from 2026 fullownr proxy applied after first transfer; historical owner addresses not in sales extract
tmk,239004082,1999/12/14,1999/12/21,240,10.4167,50.4167,39.1667,93,38.7500,147,61.2500,25,121,0,94,fullownr_proxy,between transfer events; residency from 2026 fullownr proxy applied after first transfer; historical owner addresses not in sales extract
tmk,239004082,1999/12/22,1999/12/29,240,10.4167,50.8333,38.7500,92,38.3333,148,61.6667,25,122,0,93,fullownr_proxy,between transfer events; residency from 2026 fullownr proxy applied after first transfer; historical owner addresses not in sales extract
tmk,239004082,1999/12/30,2000/01/05,240,10.4167,51.2500,38.3333,91,37.9167,149,62.0833,25,123,0,92,fullownr_proxy,between transfer events; residency from 2026 fullownr proxy applied after first transfer; historical owner addresses not in sales extract
tmk,239004082,2000/01/06,2000/01/18,240,10.4167,51.2500,38.3333,91,37.9167,149,62.0833,25,123,0,92,fullownr_proxy,between transfer events; residency from 2026 fullownr proxy applied after first transfer; historical owner addresses not in sales extract
tmk,239004082,2000/01/19,2000/01/20,240,10.4167,51.6667,37.9167,90,37.5000,150,62.5000,25,124,0,91,fullownr_proxy,between transfer events; residency from 2026 fullownr proxy applied after first transfer; historical owner addresses not in sales extract
tmk,239004082,2000/01/21,2000/01/30,240,10.4167,52.0833,37.5000,89,37.0833,151,62.9167,25,125,0,90,fullownr_proxy,between transfer events; residency from 2026 fullownr proxy applied after first transfer; historical owner addresses not in sales extract
tmk,239004082,2000/01/31,2000/02/09,240,10.4167,52.0833,37.5000,89,37.0833,151,62.9167,25,125,0,90,fullownr_proxy,between transfer events; residency from 2026 fullownr proxy applied after first transfer; historical owner addresses not in sales extract
tmk,239004082,2000/02/10,2000/02/11,240,10.8333,52.0833,37.0833,88,36.6667,152,63.3333,26,125,0,89,fullownr_proxy,between transfer events; residency from 2026 fullownr proxy applied after first transfer; historical owner addresses not in sales extract
tmk,239004082,2000/02/12,2000/02/21,240,10.8333,52.0833,37.0833,88,36.6667,152,63.3333,26,125,0,89,fullownr_proxy,between transfer events; residency from 2026 fullownr proxy applied after first transfer; historical owner addresses not in sales extract
tmk,239004082,2000/02/22,2000/03/02,240,10.8333,52.5000,36.6667,87,36.2500,153,63.7500,26,126,0,88,fullownr_proxy,between transfer events; residency from 2026 fullownr proxy applied after first transfer; historical owner addresses not in sales extract
tmk,239004082,2000/03/03,2000/03/07,240,10.8333,52.5000,36.6667,87,36.2500,153,63.7500,26,126,0,88,fullownr_proxy,between transfer events; residency from 2026 fullownr proxy applied after first transfer; historical owner addresses not in sales extract
tmk,239004082,2000/03/08,2000/03/08,240,10.8333,52.5000,36.6667,87,36.2500,153,63.7500,26,126,0,88,fullownr_proxy,between transfer events; residency from 2026 fullownr proxy applied after first transfer; historical owner addresses not in sales extract
tmk,239004082,2000/03/09,2000/03/09,240,10.8333,52.5000,36.6667,87,36.2500,153,63.7500,26,126,0,88,fullownr_proxy,between transfer events; residency from 2026 fullownr proxy applied after first transfer; historical owner addresses not in sales extract
tmk,239004082,2000/03/10,2000/03/14,240,10.8333,52.5000,36.6667,87,36.2500,153,63.7500,26,126,0,88,fullownr_proxy,between transfer events; residency from 2026 fullownr proxy applied after first transfer; historical owner addresses not in sales extract
tmk,239004082,2000/03/15,2000/03/15,240,10.8333,52.9167,36.2500,86,35.8333,154,64.1667,26,127,0,87,fullownr_proxy,between transfer events; residency from 2026 fullownr proxy applied after first transfer; historical owner addresses not in sales extract
tmk,239004082,2000/03/16,2000/03/23,240,10.8333,53.3333,35.8333,85,35.4167,155,64.5833,26,128,0,86,fullownr_proxy,between transfer events; residency from 2026 fullownr proxy applied after first transfer; historical owner addresses not in sales extract
tmk,239004082,2000/03/24,2000/03/30,240,10.8333,53.3333,35.8333,85,35.4167,155,64.5833,26,128,0,86,fullownr_proxy,between transfer events; residency from 2026 fullownr proxy applied after first transfer; historical owner addresses not in sales extract
tmk,239004082,2000/03/31,2000/04/19,240,10.8333,53.3333,35.8333,85,35.4167,155,64.5833,26,128,0,86,fullownr_proxy,between transfer events; residency from 2026 fullownr proxy applied after first transfer; historical owner addresses not in sales extract
tmk,239004082,2000/04/20,2000/04/25,240,10.8333,53.7500,35.4167,84,35.0000,156,65.0000,26,129,0,85,fullownr_proxy,between transfer events; residency from 2026 fullownr proxy applied after first transfer; historical owner addresses not in sales extract
tmk,239004082,2000/04/26,2000/05/08,240,10.8333,53.7500,35.4167,84,35.0000,156,65.0000,26,129,0,85,fullownr_proxy,between transfer events; residency from 2026 fullownr proxy applied after first transfer; historical owner addresses not in sales extract
tmk,239004082,2000/05/09,2000/05/15,240,10.8333,54.1667,35.0000,83,34.5833,157,65.4167,26,130,0,84,fullownr_proxy,between transfer events; residency from 2026 fullownr proxy applied after first transfer; historical owner addresses not in sales extract
tmk,239004082,2000/05/16,2000/05/23,240,10.8333,54.1667,35.0000,83,34.5833,157,65.4167,26,130,0,84,fullownr_proxy,between transfer events; residency from 2026 fullownr proxy applied after first transfer; historical owner addresses not in sales extract
tmk,239004082,2000/05/24,2000/05/30,240,10.8333,54.1667,35.0000,83,34.5833,157,65.4167,26,130,0,84,fullownr_proxy,between transfer events; residency from 2026 fullownr proxy applied after first transfer; historical owner addresses not in sales extract
tmk,239004082,2000/05/31,2000/05/31,240,10.8333,54.5833,34.5833,82,34.1667,158,65.8333,26,131,0,83,fullownr_proxy,between transfer events; residency from 2026 fullownr proxy applied after first transfer; historical owner addresses not in sales extract
tmk,239004082,2000/06/01,2000/06/11,240,10.8333,54.5833,34.5833,82,34.1667,158,65.8333,26,131,0,83,fullownr_proxy,between transfer events; residency from 2026 fullownr proxy applied after first transfer; historical owner addresses not in sales extract
tmk,239004082,2000/06/12,2000/06/18,240,10.8333,54.5833,34.5833,82,34.1667,158,65.8333,26,131,0,83,fullownr_proxy,between transfer events; residency from 2026 fullownr proxy applied after first transfer; historical owner addresses not in sales extract
tmk,239004082,2000/06/19,2000/07/25,240,10.8333,54.5833,34.5833,82,34.1667,158,65.8333,26,131,0,83,fullownr_proxy,between transfer events; residency from 2026 fullownr proxy applied after first transfer; historical owner addresses not in sales extract
tmk,239004082,2000/07/26,2000/08/10,240,10.8333,54.5833,34.5833,82,34.1667,158,65.8333,26,131,0,83,fullownr_proxy,between transfer events; residency from 2026 fullownr proxy applied after first transfer; historical owner addresses not in sales extract
tmk,239004082,2000/08/11,2000/08/13,240,10.8333,54.5833,34.5833,82,34.1667,158,65.8333,26,131,0,83,fullownr_proxy,between transfer events; residency from 2026 fullownr proxy applied after first transfer; historical owner addresses not in sales extract
tmk,239004082,2000/08/14,2000/08/17,240,10.8333,54.5833,34.5833,82,34.1667,158,65.8333,26,131,0,83,fullownr_proxy,between transfer events; residency from 2026 fullownr proxy applied after first transfer; historical owner addresses not in sales extract
tmk,239004082,2000/08/18,2000/08/18,240,10.8333,55.0000,34.1667,81,33.7500,159,66.2500,26,132,0,82,fullownr_proxy,between transfer events; residency from 2026 fullownr proxy applied after first transfer; historical owner addresses not in sales extract
tmk,239004082,2000/08/19,2000/08/20,240,10.8333,55.4167,33.7500,80,33.3333,160,66.6667,26,133,0,81,fullownr_proxy,between transfer events; residency from 2026 fullownr proxy applied after first transfer; historical owner addresses not in sales extract
tmk,239004082,2000/08/21,2000/08/21,240,10.8333,56.6667,32.5000,77,32.0833,163,67.9167,26,136,0,78,fullownr_proxy,between transfer events; residency from 2026 fullownr proxy applied after first transfer; historical owner addresses not in sales extract
tmk,239004082,2000/08/22,2000/08/22,240,11.4583,58.1250,30.4167,72,30.0000,168,70.0000,27,139,1,73,fullownr_proxy,between transfer events; residency from 2026 fullownr proxy applied after first transfer; historical owner addresses not in sales extract
tmk,239004082,2000/08/23,2000/08/24,240,11.8750,58.5417,29.5833,70,29.1667,170,70.8333,28,140,1,71,fullownr_proxy,between transfer events; residency from 2026 fullownr proxy applied after first transfer; historical owner addresses not in sales extract
tmk,239004082,2000/08/25,2000/08/25,240,11.8750,58.9583,29.1667,69,28.7500,171,71.2500,28,141,1,70,fullownr_proxy,between transfer events; residency from 2026 fullownr proxy applied after first transfer; historical owner addresses not in sales extract
tmk,239004082,2000/08/26,2000/08/28,240,11.8750,59.3750,28.7500,68,28.3333,172,71.6667,28,142,1,69,fullownr_proxy,between transfer events; residency from 2026 fullownr proxy applied after first transfer; historical owner addresses not in sales extract
tmk,239004082,2000/08/29,2000/08/31,240,12.2917,59.3750,28.3333,67,27.9167,173,72.0833,29,142,1,68,fullownr_proxy,between transfer events; residency from 2026 fullownr proxy applied after first transfer; historical owner addresses not in sales extract
tmk,239004082,2000/09/01,2000/09/01,240,12.7083,60.6250,26.6667,63,26.2500,177,73.7500,30,145,1,64,fullownr_proxy,between transfer events; residency from 2026 fullownr proxy applied after first transfer; historical owner addresses not in sales extract
tmk,239004082,2000/09/02,2000/09/06,240,12.7083,61.0417,26.2500,62,25.8333,178,74.1667,30,146,1,63,fullownr_proxy,between transfer events; residency from 2026 fullownr proxy applied after first transfer; historical owner addresses not in sales extract
tmk,239004082,2000/09/07,2000/09/07,240,13.1250,61.0417,25.8333,61,25.4167,179,74.5833,31,146,1,62,fullownr_proxy,between transfer events; residency from 2026 fullownr proxy applied after first transfer; historical owner addresses not in sales extract
tmk,239004082,2000/09/08,2000/09/11,240,13.1250,61.4583,25.4167,60,25.0000,180,75.0000,31,147,1,61,fullownr_proxy,between transfer events; residency from 2026 fullownr proxy applied after first transfer; historical owner addresses not in sales extract
tmk,239004082,2000/09/12,2000/09/12,240,13.1250,61.8750,25.0000,59,24.5833,181,75.4167,31,148,1,60,fullownr_proxy,between transfer events; residency from 2026 fullownr proxy applied after first transfer; historical owner addresses not in sales extract
tmk,239004082,2000/09/13,2000/09/13,240,13.1250,62.2917,24.5833,58,24.1667,182,75.8333,31,149,1,59,fullownr_proxy,between transfer events; residency from 2026 fullownr proxy applied after first transfer; historical owner addresses not in sales extract
tmk,239004082,2000/09/14,2000/09/22,240,13.1250,63.1250,23.7500,56,23.3333,184,76.6667,31,151,1,57,fullownr_proxy,between transfer events; residency from 2026 fullownr proxy applied after first transfer; historical owner addresses not in sales extract
tmk,239004082,2000/09/23,2000/09/25,240,13.1250,63.1250,23.7500,56,23.3333,184,76.6667,31,151,1,57,fullownr_proxy,between transfer events; residency from 2026 fullownr proxy applied after first transfer; historical owner addresses not in sales extract
tmk,239004082,2000/09/26,2000/09/28,240,13.1250,63.5417,23.3333,55,22.9167,185,77.0833,31,152,1,56,fullownr_proxy,between transfer events; residency from 2026 fullownr proxy applied after first transfer; historical owner addresses not in sales extract
tmk,239004082,2000/09/29,2000/10/09,240,13.1250,63.9583,22.9167,54,22.5000,186,77.5000,31,153,1,55,fullownr_proxy,between transfer events; residency from 2026 fullownr proxy applied after first transfer; historical owner addresses not in sales extract
tmk,239004082,2000/10/10,2000/10/17,240,13.1250,63.9583,22.9167,54,22.5000,186,77.5000,31,153,1,55,fullownr_proxy,between transfer events; residency from 2026 fullownr proxy applied after first transfer; historical owner addresses not in sales extract
tmk,239004082,2000/10/18,2000/10/23,240,13.1250,64.3750,22.5000,53,22.0833,187,77.9167,31,154,1,54,fullownr_proxy,between transfer events; residency from 2026 fullownr proxy applied after first transfer; historical owner addresses not in sales extract
tmk,239004082,2000/10/24,2000/10/29,240,13.1250,64.3750,22.5000,53,22.0833,187,77.9167,31,154,1,54,fullownr_proxy,between transfer events; residency from 2026 fullownr proxy applied after first transfer; historical owner addresses not in sales extract
tmk,239004082,2000/10/30,2000/11/09,240,13.1250,64.7917,22.0833,52,21.6667,188,78.3333,31,155,1,53,fullownr_proxy,between transfer events; residency from 2026 fullownr proxy applied after first transfer; historical owner addresses not in sales extract
tmk,239004082,2000/11/10,2000/11/19,240,13.1250,64.7917,22.0833,52,21.6667,188,78.3333,31,155,1,53,fullownr_proxy,between transfer events; residency from 2026 fullownr proxy applied after first transfer; historical owner addresses not in sales extract
tmk,239004082,2000/11/20,2000/12/02,240,13.1250,64.7917,22.0833,52,21.6667,188,78.3333,31,155,1,53,fullownr_proxy,between transfer events; residency from 2026 fullownr proxy applied after first transfer; historical owner addresses not in sales extract
tmk,239004082,2000/12/03,2000/12/03,240,13.1250,65.2083,21.6667,51,21.2500,189,78.7500,31,156,1,52,fullownr_proxy,between transfer events; residency from 2026 fullownr proxy applied after first transfer; historical owner addresses not in sales extract
tmk,239004082,2000/12/04,2000/12/04,240,13.1250,65.6250,21.2500,50,20.8333,190,79.1667,31,157,1,51,fullownr_proxy,between transfer events; residency from 2026 fullownr proxy applied after first transfer; historical owner addresses not in sales extract
tmk,239004082,2000/12/05,2000/12/05,240,13.9583,66.4583,19.5833,46,19.1667,194,80.8333,33,159,1,47,fullownr_proxy,between transfer events; residency from 2026 fullownr proxy applied after first transfer; historical owner addresses not in sales extract
tmk,239004082,2000/12/06,2000/12/06,240,14.3750,68.5417,17.0833,40,16.6667,200,83.3333,34,164,1,41,fullownr_proxy,between transfer events; residency from 2026 fullownr proxy applied after first transfer; historical owner addresses not in sales extract
tmk,239004082,2000/12/07,2000/12/07,240,14.7917,68.5417,16.6667,39,16.2500,201,83.7500,35,164,1,40,fullownr_proxy,between transfer events; residency from 2026 fullownr proxy applied after first transfer; historical owner addresses not in sales extract
tmk,239004082,2000/12/08,2000/12/15,240,14.7917,69.3750,15.8333,37,15.4167,203,84.5833,35,166,1,38,fullownr_proxy,between transfer events; residency from 2026 fullownr proxy applied after first transfer; historical owner addresses not in sales extract
tmk,239004082,2000/12/16,2000/12/21,240,14.7917,69.7917,15.4167,36,15.0000,204,85.0000,35,167,1,37,fullownr_proxy,between transfer events; residency from 2026 fullownr proxy applied after first transfer; historical owner addresses not in sales extract
tmk,239004082,2000/12/22,2000/12/26,240,14.7917,69.7917,15.4167,36,15.0000,204,85.0000,35,167,1,37,fullownr_proxy,between transfer events; residency from 2026 fullownr proxy applied after first transfer; historical owner addresses not in sales extract
tmk,239004082,2000/12/27,2000/12/27,240,14.7917,69.7917,15.4167,36,15.0000,204,85.0000,35,167,1,37,fullownr_proxy,between transfer events; residency from 2026 fullownr proxy applied after first transfer; historical owner addresses not in sales extract
tmk,239004082,2000/12/28,2001/01/01,240,14.7917,70.2083,15.0000,35,14.5833,205,85.4167,35,168,1,36,fullownr_proxy,between transfer events; residency from 2026 fullownr proxy applied after first transfer; historical owner addresses not in sales extract
tmk,239004082,2001/01/02,2001/01/08,240,14.7917,70.6250,14.5833,34,14.1667,206,85.8333,35,169,1,35,fullownr_proxy,between transfer events; residency from 2026 fullownr proxy applied after first transfer; historical owner addresses not in sales extract
tmk,239004082,2001/01/09,2001/01/17,240,14.7917,71.4583,13.7500,32,13.3333,208,86.6667,35,171,1,33,fullownr_proxy,between transfer events; residency from 2026 fullownr proxy applied after first transfer; historical owner addresses not in sales extract
tmk,239004082,2001/01/18,2001/01/21,240,14.7917,71.8750,13.3333,31,12.9167,209,87.0833,35,172,1,32,fullownr_proxy,between transfer events; residency from 2026 fullownr proxy applied after first transfer; historical owner addresses not in sales extract
tmk,239004082,2001/01/22,2001/01/24,240,15.2083,71.8750,12.9167,30,12.5000,210,87.5000,36,172,1,31,fullownr_proxy,between transfer events; residency from 2026 fullownr proxy applied after first transfer; historical owner addresses not in sales extract
tmk,239004082,2001/01/25,2001/02/04,240,15.2083,72.2917,12.5000,29,12.0833,211,87.9167,36,173,1,30,fullownr_proxy,between transfer events; residency from 2026 fullownr proxy applied after first transfer; historical owner addresses not in sales extract
tmk,239004082,2001/02/05,2001/02/06,240,15.2083,72.2917,12.5000,29,12.0833,211,87.9167,36,173,1,30,fullownr_proxy,between transfer events; residency from 2026 fullownr proxy applied after first transfer; historical owner addresses not in sales extract
tmk,239004082,2001/02/07,2001/02/07,240,15.2083,72.2917,12.5000,29,12.0833,211,87.9167,36,173,1,30,fullownr_proxy,between transfer events; residency from 2026 fullownr proxy applied after first transfer; historical owner addresses not in sales extract
tmk,239004082,2001/02/08,2001/02/08,240,15.2083,72.2917,12.5000,29,12.0833,211,87.9167,36,173,1,30,fullownr_proxy,between transfer events; residency from 2026 fullownr proxy applied after first transfer; historical owner addresses not in sales extract
tmk,239004082,2001/02/09,2001/02/22,240,15.2083,72.7083,12.0833,28,11.6667,212,88.3333,36,174,1,29,fullownr_proxy,between transfer events; residency from 2026 fullownr proxy applied after first transfer; historical owner addresses not in sales extract
tmk,239004082,2001/02/23,2001/03/01,240,15.2083,72.7083,12.0833,28,11.6667,212,88.3333,36,174,1,29,fullownr_proxy,between transfer events; residency from 2026 fullownr proxy applied after first transfer; historical owner addresses not in sales extract
tmk,239004082,2001/03/02,2001/03/02,240,15.2083,72.7083,12.0833,28,11.6667,212,88.3333,36,174,1,29,fullownr_proxy,between transfer events; residency from 2026 fullownr proxy applied after first transfer; historical owner addresses not in sales extract
tmk,239004082,2001/03/03,2001/03/13,240,15.2083,73.1250,11.6667,27,11.2500,213,88.7500,36,175,1,28,fullownr_proxy,between transfer events; residency from 2026 fullownr proxy applied after first transfer; historical owner addresses not in sales extract
tmk,239004082,2001/03/14,2001/03/20,240,15.6250,73.5417,10.8333,25,10.4167,215,89.5833,37,176,1,26,fullownr_proxy,between transfer events; residency from 2026 fullownr proxy applied after first transfer; historical owner addresses not in sales extract
tmk,239004082,2001/03/21,2001/03/21,240,15.6250,73.9583,10.4167,24,10.0000,216,90.0000,37,177,1,25,fullownr_proxy,between transfer events; residency from 2026 fullownr proxy applied after first transfer; historical owner addresses not in sales extract
tmk,239004082,2001/03/22,2001/03/25,240,15.6250,73.9583,10.4167,24,10.0000,216,90.0000,37,177,1,25,fullownr_proxy,between transfer events; residency from 2026 fullownr proxy applied after first transfer; historical owner addresses not in sales extract
tmk,239004082,2001/03/26,2001/03/26,240,15.6250,74.3750,10.0000,23,9.5833,217,90.4167,37,178,1,24,fullownr_proxy,between transfer events; residency from 2026 fullownr proxy applied after first transfer; historical owner addresses not in sales extract
tmk,239004082,2001/03/27,2001/03/27,240,16.0417,74.3750,9.5833,22,9.1667,218,90.8333,38,178,1,23,fullownr_proxy,between transfer events; residency from 2026 fullownr proxy applied after first transfer; historical owner addresses not in sales extract
tmk,239004082,2001/03/28,2001/03/31,240,16.0417,74.3750,9.5833,22,9.1667,218,90.8333,38,178,1,23,fullownr_proxy,between transfer events; residency from 2026 fullownr proxy applied after first transfer; historical owner addresses not in sales extract
tmk,239004082,2001/04/01,2001/04/09,240,16.0417,74.3750,9.5833,22,9.1667,218,90.8333,38,178,1,23,fullownr_proxy,between transfer events; residency from 2026 fullownr proxy applied after first transfer; historical owner addresses not in sales extract
tmk,239004082,2001/04/10,2001/04/11,240,16.0417,74.7917,9.1667,21,8.7500,219,91.2500,38,179,1,22,fullownr_proxy,between transfer events; residency from 2026 fullownr proxy applied after first transfer; historical owner addresses not in sales extract
tmk,239004082,2001/04/12,2001/04/24,240,16.0417,75.2083,8.7500,20,8.3333,220,91.6667,38,180,1,21,fullownr_proxy,between transfer events; residency from 2026 fullownr proxy applied after first transfer; historical owner addresses not in sales extract
tmk,239004082,2001/04/25,2001/04/25,240,16.0417,75.2083,8.7500,20,8.3333,220,91.6667,38,180,1,21,fullownr_proxy,between transfer events; residency from 2026 fullownr proxy applied after first transfer; historical owner addresses not in sales extract
tmk,239004082,2001/04/26,2001/04/26,240,16.0417,75.2083,8.7500,20,8.3333,220,91.6667,38,180,1,21,fullownr_proxy,between transfer events; residency from 2026 fullownr proxy applied after first transfer; historical owner addresses not in sales extract
tmk,239004082,2001/04/27,2001/05/13,240,16.0417,75.6250,8.3333,19,7.9167,221,92.0833,38,181,1,20,fullownr_proxy,between transfer events; residency from 2026 fullownr proxy applied after first transfer; historical owner addresses not in sales extract
tmk,239004082,2001/05/14,2001/05/28,240,16.0417,75.6250,8.3333,19,7.9167,221,92.0833,38,181,1,20,fullownr_proxy,between transfer events; residency from 2026 fullownr proxy applied after first transfer; historical owner addresses not in sales extract
tmk,239004082,2001/05/29,2001/06/01,240,16.0417,76.0417,7.9167,18,7.5000,222,92.5000,38,182,1,19,fullownr_proxy,between transfer events; residency from 2026 fullownr proxy applied after first transfer; historical owner addresses not in sales extract
tmk,239004082,2001/06/02,2001/06/06,240,16.0417,76.4583,7.5000,17,7.0833,223,92.9167,38,183,1,18,fullownr_proxy,between transfer events; residency from 2026 fullownr proxy applied after first transfer; historical owner addresses not in sales extract
tmk,239004082,2001/06/07,2001/06/07,240,16.0417,76.8750,7.0833,16,6.6667,224,93.3333,38,184,1,17,fullownr_proxy,between transfer events; residency from 2026 fullownr proxy applied after first transfer; historical owner addresses not in sales extract
tmk,239004082,2001/06/08,2001/06/12,240,16.0417,77.2917,6.6667,15,6.2500,225,93.7500,38,185,1,16,fullownr_proxy,between transfer events; residency from 2026 fullownr proxy applied after first transfer; historical owner addresses not in sales extract
tmk,239004082,2001/06/13,2001/06/14,240,16.0417,77.7083,6.2500,14,5.8333,226,94.1667,38,186,1,15,fullownr_proxy,between transfer events; residency from 2026 fullownr proxy applied after first transfer; historical owner addresses not in sales extract
tmk,239004082,2001/06/15,2001/06/18,240,16.0417,78.1250,5.8333,13,5.4167,227,94.5833,38,187,1,14,fullownr_proxy,between transfer events; residency from 2026 fullownr proxy applied after first transfer; historical owner addresses not in sales extract
tmk,239004082,2001/06/19,2001/06/20,240,16.0417,78.9583,5.0000,11,4.5833,229,95.4167,38,189,1,12,fullownr_proxy,between transfer events; residency from 2026 fullownr proxy applied after first transfer; historical owner addresses not in sales extract
tmk,239004082,2001/06/21,2001/06/27,240,16.0417,78.9583,5.0000,11,4.5833,229,95.4167,38,189,1,12,fullownr_proxy,between transfer events; residency from 2026 fullownr proxy applied after first transfer; historical owner addresses not in sales extract
tmk,239004082,2001/06/28,2001/07/08,240,16.4583,78.9583,4.5833,10,4.1667,230,95.8333,39,189,1,11,fullownr_proxy,between transfer events; residency from 2026 fullownr proxy applied after first transfer; historical owner addresses not in sales extract
tmk,239004082,2001/07/09,2001/07/22,240,16.4583,78.9583,4.5833,10,4.1667,230,95.8333,39,189,1,11,fullownr_proxy,between transfer events; residency from 2026 fullownr proxy applied after first transfer; historical owner addresses not in sales extract
tmk,239004082,2001/07/23,2001/08/02,240,16.4583,79.3750,4.1667,9,3.7500,231,96.2500,39,190,1,10,fullownr_proxy,between transfer events; residency from 2026 fullownr proxy applied after first transfer; historical owner addresses not in sales extract
tmk,239004082,2001/08/03,2001/08/07,240,16.4583,79.3750,4.1667,9,3.7500,231,96.2500,39,190,1,10,fullownr_proxy,between transfer events; residency from 2026 fullownr proxy applied after first transfer; historical owner addresses not in sales extract
tmk,239004082,2001/08/08,2001/08/15,240,16.4583,79.3750,4.1667,9,3.7500,231,96.2500,39,190,1,10,fullownr_proxy,between transfer events; residency from 2026 fullownr proxy applied after first transfer; historical owner addresses not in sales extract
tmk,239004082,2001/08/16,2001/08/28,240,16.4583,79.3750,4.1667,9,3.7500,231,96.2500,39,190,1,10,fullownr_proxy,between transfer events; residency from 2026 fullownr proxy applied after first transfer; historical owner addresses not in sales extract
tmk,239004082,2001/08/29,2001/09/17,240,16.4583,79.3750,4.1667,9,3.7500,231,96.2500,39,190,1,10,fullownr_proxy,between transfer events; residency from 2026 fullownr proxy applied after first transfer; historical owner addresses not in sales extract
tmk,239004082,2001/09/18,2001/09/24,240,16.4583,79.7917,3.7500,8,3.3333,232,96.6667,39,191,1,9,fullownr_proxy,between transfer events; residency from 2026 fullownr proxy applied after first transfer; historical owner addresses not in sales extract
tmk,239004082,2001/09/25,2001/09/27,240,16.4583,79.7917,3.7500,8,3.3333,232,96.6667,39,191,1,9,fullownr_proxy,between transfer events; residency from 2026 fullownr proxy applied after first transfer; historical owner addresses not in sales extract
tmk,239004082,2001/09/28,2001/10/11,240,16.4583,79.7917,3.7500,8,3.3333,232,96.6667,39,191,1,9,fullownr_proxy,between transfer events; residency from 2026 fullownr proxy applied after first transfer; historical owner addresses not in sales extract
tmk,239004082,2001/10/12,2001/12/03,240,16.4583,80.2083,3.3333,7,2.9167,233,97.0833,39,192,1,8,fullownr_proxy,between transfer events; residency from 2026 fullownr proxy applied after first transfer; historical owner addresses not in sales extract
tmk,239004082,2001/12/04,2001/12/11,240,16.4583,80.2083,3.3333,7,2.9167,233,97.0833,39,192,1,8,fullownr_proxy,between transfer events; residency from 2026 fullownr proxy applied after first transfer; historical owner addresses not in sales extract
tmk,239004082,2001/12/12,2002/01/03,240,16.4583,80.2083,3.3333,7,2.9167,233,97.0833,39,192,1,8,fullownr_proxy,between transfer events; residency from 2026 fullownr proxy applied after first transfer; historical owner addresses not in sales extract
tmk,239004082,2002/01/04,2002/01/09,240,16.4583,80.2083,3.3333,7,2.9167,233,97.0833,39,192,1,8,fullownr_proxy,between transfer events; residency from 2026 fullownr proxy applied after first transfer; historical owner addresses not in sales extract
tmk,239004082,2002/01/10,2002/02/27,240,16.4583,80.2083,3.3333,7,2.9167,233,97.0833,39,192,1,8,fullownr_proxy,between transfer events; residency from 2026 fullownr proxy applied after first transfer; historical owner addresses not in sales extract
tmk,239004082,2002/02/28,2002/02/28,240,16.4583,80.6250,2.9167,6,2.5000,234,97.5000,39,193,1,7,fullownr_proxy,between transfer events; residency from 2026 fullownr proxy applied after first transfer; historical owner addresses not in sales extract
tmk,239004082,2002/03/01,2002/03/06,240,16.4583,80.6250,2.9167,6,2.5000,234,97.5000,39,193,1,7,fullownr_proxy,between transfer events; residency from 2026 fullownr proxy applied after first transfer; historical owner addresses not in sales extract
tmk,239004082,2002/03/07,2002/03/07,240,16.4583,80.6250,2.9167,6,2.5000,234,97.5000,39,193,1,7,fullownr_proxy,between transfer events; residency from 2026 fullownr proxy applied after first transfer; historical owner addresses not in sales extract
tmk,239004082,2002/03/08,2002/03/10,240,16.4583,80.6250,2.9167,6,2.5000,234,97.5000,39,193,1,7,fullownr_proxy,between transfer events; residency from 2026 fullownr proxy applied after first transfer; historical owner addresses not in sales extract
tmk,239004082,2002/03/11,2002/03/11,240,16.4583,80.6250,2.9167,6,2.5000,234,97.5000,39,193,1,7,fullownr_proxy,between transfer events; residency from 2026 fullownr proxy applied after first transfer; historical owner addresses not in sales extract
tmk,239004082,2002/03/12,2002/03/17,240,16.4583,80.6250,2.9167,6,2.5000,234,97.5000,39,193,1,7,fullownr_proxy,between transfer events; residency from 2026 fullownr proxy applied after first transfer; historical owner addresses not in sales extract
tmk,239004082,2002/03/18,2002/04/03,240,16.4583,81.0417,2.5000,5,2.0833,235,97.9167,39,194,1,6,fullownr_proxy,between transfer events; residency from 2026 fullownr proxy applied after first transfer; historical owner addresses not in sales extract
tmk,239004082,2002/04/04,2002/04/29,240,16.4583,81.0417,2.5000,5,2.0833,235,97.9167,39,194,1,6,fullownr_proxy,between transfer events; residency from 2026 fullownr proxy applied after first transfer; historical owner addresses not in sales extract
tmk,239004082,2002/04/30,2002/04/30,240,16.4583,81.0417,2.5000,5,2.0833,235,97.9167,39,194,1,6,fullownr_proxy,between transfer events; residency from 2026 fullownr proxy applied after first transfer; historical owner addresses not in sales extract
tmk,239004082,2002/05/01,2002/05/05,240,16.4583,81.0417,2.5000,5,2.0833,235,97.9167,39,194,1,6,fullownr_proxy,between transfer events; residency from 2026 fullownr proxy applied after first transfer; historical owner addresses not in sales extract
tmk,239004082,2002/05/06,2002/05/10,240,16.4583,81.0417,2.5000,5,2.0833,235,97.9167,39,194,1,6,fullownr_proxy,between transfer events; residency from 2026 fullownr proxy applied after first transfer; historical owner addresses not in sales extract
tmk,239004082,2002/05/11,2002/05/13,240,16.4583,81.0417,2.5000,5,2.0833,235,97.9167,39,194,1,6,fullownr_proxy,between transfer events; residency from 2026 fullownr proxy applied after first transfer; historical owner addresses not in sales extract
tmk,239004082,2002/05/14,2002/05/24,240,16.4583,81.0417,2.5000,5,2.0833,235,97.9167,39,194,1,6,fullownr_proxy,between transfer events; residency from 2026 fullownr proxy applied after first transfer; historical owner addresses not in sales extract
tmk,239004082,2002/05/25,2002/06/13,240,16.4583,81.0417,2.5000,5,2.0833,235,97.9167,39,194,1,6,fullownr_proxy,between transfer events; residency from 2026 fullownr proxy applied after first transfer; historical owner addresses not in sales extract
tmk,239004082,2002/06/14,2002/06/18,240,16.4583,81.0417,2.5000,5,2.0833,235,97.9167,39,194,1,6,fullownr_proxy,between transfer events; residency from 2026 fullownr proxy applied after first transfer; historical owner addresses not in sales extract
tmk,239004082,2002/06/19,2002/06/19,240,16.4583,81.0417,2.5000,5,2.0833,235,97.9167,39,194,1,6,fullownr_proxy,between transfer events; residency from 2026 fullownr proxy applied after first transfer; historical owner addresses not in sales extract
tmk,239004082,2002/06/20,2002/06/25,240,16.4583,81.4583,2.0833,4,1.6667,236,98.3333,39,195,1,5,fullownr_proxy,between transfer events; residency from 2026 fullownr proxy applied after first transfer; historical owner addresses not in sales extract
tmk,239004082,2002/06/26,2002/07/21,240,16.4583,81.4583,2.0833,4,1.6667,236,98.3333,39,195,1,5,fullownr_proxy,between transfer events; residency from 2026 fullownr proxy applied after first transfer; historical owner addresses not in sales extract
tmk,239004082,2002/07/22,2002/07/24,240,16.4583,81.4583,2.0833,4,1.6667,236,98.3333,39,195,1,5,fullownr_proxy,between transfer events; residency from 2026 fullownr proxy applied after first transfer; historical owner addresses not in sales extract
tmk,239004082,2002/07/25,2002/08/01,240,16.4583,81.4583,2.0833,4,1.6667,236,98.3333,39,195,1,5,fullownr_proxy,between transfer events; residency from 2026 fullownr proxy applied after first transfer; historical owner addresses not in sales extract
tmk,239004082,2002/08/02,2002/08/08,240,16.4583,81.8750,1.6667,3,1.2500,237,98.7500,39,196,1,4,fullownr_proxy,between transfer events; residency from 2026 fullownr proxy applied after first transfer; historical owner addresses not in sales extract
tmk,239004082,2002/08/09,2002/08/11,240,16.4583,81.8750,1.6667,3,1.2500,237,98.7500,39,196,1,4,fullownr_proxy,between transfer events; residency from 2026 fullownr proxy applied after first transfer; historical owner addresses not in sales extract
tmk,239004082,2002/08/12,2002/08/19,240,16.4583,82.2917,1.2500,2,0.8333,238,99.1667,39,197,1,3,fullownr_proxy,between transfer events; residency from 2026 fullownr proxy applied after first transfer; historical owner addresses not in sales extract
tmk,239004082,2002/08/20,2002/08/25,240,16.4583,82.2917,1.2500,2,0.8333,238,99.1667,39,197,1,3,fullownr_proxy,between transfer events; residency from 2026 fullownr proxy applied after first transfer; historical owner addresses not in sales extract
tmk,239004082,2002/08/26,2002/08/28,240,16.4583,82.2917,1.2500,2,0.8333,238,99.1667,39,197,1,3,fullownr_proxy,between transfer events; residency from 2026 fullownr proxy applied after first transfer; historical owner addresses not in sales extract
tmk,239004082,2002/08/29,2002/09/02,240,16.4583,82.2917,1.2500,2,0.8333,238,99.1667,39,197,1,3,fullownr_proxy,between transfer events; residency from 2026 fullownr proxy applied after first transfer; historical owner addresses not in sales extract
tmk,239004082,2002/09/03,2002/10/14,240,16.4583,82.2917,1.2500,2,0.8333,238,99.1667,39,197,1,3,fullownr_proxy,between transfer events; residency from 2026 fullownr proxy applied after first transfer; historical owner addresses not in sales extract
tmk,239004082,2002/10/15,2002/10/21,240,16.4583,82.2917,1.2500,2,0.8333,238,99.1667,39,197,1,3,fullownr_proxy,between transfer events; residency from 2026 fullownr proxy applied after first transfer; historical owner addresses not in sales extract
tmk,239004082,2002/10/22,2002/10/27,240,16.4583,82.2917,1.2500,2,0.8333,238,99.1667,39,197,1,3,fullownr_proxy,between transfer events; residency from 2026 fullownr proxy applied after first transfer; historical owner addresses not in sales extract
tmk,239004082,2002/10/28,2002/11/03,240,16.4583,82.2917,1.2500,2,0.8333,238,99.1667,39,197,1,3,fullownr_proxy,between transfer events; residency from 2026 fullownr proxy applied after first transfer; historical owner addresses not in sales extract
tmk,239004082,2002/11/04,2002/11/04,240,16.4583,82.2917,1.2500,2,0.8333,238,99.1667,39,197,1,3,fullownr_proxy,between transfer events; residency from 2026 fullownr proxy applied after first transfer; historical owner addresses not in sales extract
tmk,239004082,2002/11/05,2002/11/06,240,16.4583,82.2917,1.2500,2,0.8333,238,99.1667,39,197,1,3,fullownr_proxy,between transfer events; residency from 2026 fullownr proxy applied after first transfer; historical owner addresses not in sales extract
tmk,239004082,2002/11/07,2002/11/18,240,16.4583,82.2917,1.2500,2,0.8333,238,99.1667,39,197,1,3,fullownr_proxy,between transfer events; residency from 2026 fullownr proxy applied after first transfer; historical owner addresses not in sales extract
tmk,239004082,2002/11/19,2002/11/26,240,16.4583,82.2917,1.2500,2,0.8333,238,99.1667,39,197,1,3,fullownr_proxy,between transfer events; residency from 2026 fullownr proxy applied after first transfer; historical owner addresses not in sales extract
tmk,239004082,2002/11/27,2002/12/02,240,16.4583,82.2917,1.2500,2,0.8333,238,99.1667,39,197,1,3,fullownr_proxy,between transfer events; residency from 2026 fullownr proxy applied after first transfer; historical owner addresses not in sales extract
tmk,239004082,2002/12/03,2002/12/09,240,16.4583,82.2917,1.2500,2,0.8333,238,99.1667,39,197,1,3,fullownr_proxy,between transfer events; residency from 2026 fullownr proxy applied after first transfer; historical owner addresses not in sales extract
tmk,239004082,2002/12/10,2002/12/16,240,16.4583,82.2917,1.2500,2,0.8333,238,99.1667,39,197,1,3,fullownr_proxy,between transfer events; residency from 2026 fullownr proxy applied after first transfer; historical owner addresses not in sales extract
tmk,239004082,2002/12/17,2002/12/25,240,16.4583,82.2917,1.2500,2,0.8333,238,99.1667,39,197,1,3,fullownr_proxy,between transfer events; residency from 2026 fullownr proxy applied after first transfer; historical owner addresses not in sales extract
tmk,239004082,2002/12/26,2002/12/26,240,16.4583,82.2917,1.2500,2,0.8333,238,99.1667,39,197,1,3,fullownr_proxy,between transfer events; residency from 2026 fullownr proxy applied after first transfer; historical owner addresses not in sales extract
tmk,239004082,2002/12/27,2003/01/06,240,16.4583,82.2917,1.2500,2,0.8333,238,99.1667,39,197,1,3,fullownr_proxy,between transfer events; residency from 2026 fullownr proxy applied after first transfer; historical owner addresses not in sales extract
tmk,239004082,2003/01/07,2003/01/12,240,16.4583,82.2917,1.2500,2,0.8333,238,99.1667,39,197,1,3,fullownr_proxy,between transfer events; residency from 2026 fullownr proxy applied after first transfer; historical owner addresses not in sales extract
tmk,239004082,2003/01/13,2003/01/23,240,16.4583,82.2917,1.2500,2,0.8333,238,99.1667,39,197,1,3,fullownr_proxy,between transfer events; residency from 2026 fullownr proxy applied after first transfer; historical owner addresses not in sales extract
tmk,239004082,2003/01/24,2003/01/27,240,16.4583,82.2917,1.2500,2,0.8333,238,99.1667,39,197,1,3,fullownr_proxy,between transfer events; residency from 2026 fullownr proxy applied after first transfer; historical owner addresses not in sales extract
tmk,239004082,2003/01/28,2003/02/02,240,16.4583,82.2917,1.2500,2,0.8333,238,99.1667,39,197,1,3,fullownr_proxy,between transfer events; residency from 2026 fullownr proxy applied after first transfer; historical owner addresses not in sales extract
tmk,239004082,2003/02/03,2003/02/09,240,16.4583,82.2917,1.2500,2,0.8333,238,99.1667,39,197,1,3,fullownr_proxy,between transfer events; residency from 2026 fullownr proxy applied after first transfer; historical owner addresses not in sales extract
tmk,239004082,2003/02/10,2003/02/11,240,16.4583,82.2917,1.2500,2,0.8333,238,99.1667,39,197,1,3,fullownr_proxy,between transfer events; residency from 2026 fullownr proxy applied after first transfer; historical owner addresses not in sales extract
tmk,239004082,2003/02/12,2003/02/23,240,16.4583,82.2917,1.2500,2,0.8333,238,99.1667,39,197,1,3,fullownr_proxy,between transfer events; residency from 2026 fullownr proxy applied after first transfer; historical owner addresses not in sales extract
tmk,239004082,2003/02/24,2003/02/27,240,16.4583,82.2917,1.2500,2,0.8333,238,99.1667,39,197,1,3,fullownr_proxy,between transfer events; residency from 2026 fullownr proxy applied after first transfer; historical owner addresses not in sales extract
tmk,239004082,2003/02/28,2003/03/03,240,16.4583,82.2917,1.2500,2,0.8333,238,99.1667,39,197,1,3,fullownr_proxy,between transfer events; residency from 2026 fullownr proxy applied after first transfer; historical owner addresses not in sales extract
tmk,239004082,2003/03/04,2003/03/04,240,16.4583,82.2917,1.2500,2,0.8333,238,99.1667,39,197,1,3,fullownr_proxy,between transfer events; residency from 2026 fullownr proxy applied after first transfer; historical owner addresses not in sales extract
tmk,239004082,2003/03/05,2003/03/05,240,16.4583,82.2917,1.2500,2,0.8333,238,99.1667,39,197,1,3,fullownr_proxy,between transfer events; residency from 2026 fullownr proxy applied after first transfer; historical owner addresses not in sales extract
tmk,239004082,2003/03/06,2003/03/09,240,16.4583,82.2917,1.2500,2,0.8333,238,99.1667,39,197,1,3,fullownr_proxy,between transfer events; residency from 2026 fullownr proxy applied after first transfer; historical owner addresses not in sales extract
tmk,239004082,2003/03/10,2003/03/25,240,16.4583,82.2917,1.2500,2,0.8333,238,99.1667,39,197,1,3,fullownr_proxy,between transfer events; residency from 2026 fullownr proxy applied after first transfer; historical owner addresses not in sales extract
tmk,239004082,2003/03/26,2003/03/26,240,16.4583,82.2917,1.2500,2,0.8333,238,99.1667,39,197,1,3,fullownr_proxy,between transfer events; residency from 2026 fullownr proxy applied after first transfer; historical owner addresses not in sales extract
tmk,239004082,2003/03/27,2003/04/09,240,16.4583,82.2917,1.2500,2,0.8333,238,99.1667,39,197,1,3,fullownr_proxy,between transfer events; residency from 2026 fullownr proxy applied after first transfer; historical owner addresses not in sales extract
tmk,239004082,2003/04/10,2003/04/14,240,16.4583,82.2917,1.2500,2,0.8333,238,99.1667,39,197,1,3,fullownr_proxy,between transfer events; residency from 2026 fullownr proxy applied after first transfer; historical owner addresses not in sales extract
tmk,239004082,2003/04/15,2003/06/09,240,16.4583,82.2917,1.2500,2,0.8333,238,99.1667,39,197,1,3,fullownr_proxy,between transfer events; residency from 2026 fullownr proxy applied after first transfer; historical owner addresses not in sales extract
tmk,239004082,2003/06/10,2003/06/11,240,16.4583,82.2917,1.2500,2,0.8333,238,99.1667,39,197,1,3,fullownr_proxy,between transfer events; residency from 2026 fullownr proxy applied after first transfer; historical owner addresses not in sales extract
tmk,239004082,2003/06/12,2003/06/18,240,16.4583,82.2917,1.2500,2,0.8333,238,99.1667,39,197,1,3,fullownr_proxy,between transfer events; residency from 2026 fullownr proxy applied after first transfer; historical owner addresses not in sales extract
tmk,239004082,2003/06/19,2003/06/22,240,16.4583,82.2917,1.2500,2,0.8333,238,99.1667,39,197,1,3,fullownr_proxy,between transfer events; residency from 2026 fullownr proxy applied after first transfer; historical owner addresses not in sales extract
tmk,239004082,2003/06/23,2003/06/23,240,16.4583,82.2917,1.2500,2,0.8333,238,99.1667,39,197,1,3,fullownr_proxy,between transfer events; residency from 2026 fullownr proxy applied after first transfer; historical owner addresses not in sales extract
tmk,239004082,2003/06/24,2003/07/06,240,16.4583,82.2917,1.2500,2,0.8333,238,99.1667,39,197,1,3,fullownr_proxy,between transfer events; residency from 2026 fullownr proxy applied after first transfer; historical owner addresses not in sales extract
tmk,239004082,2003/07/07,2003/07/08,240,16.4583,82.2917,1.2500,2,0.8333,238,99.1667,39,197,1,3,fullownr_proxy,between transfer events; residency from 2026 fullownr proxy applied after first transfer; historical owner addresses not in sales extract
tmk,239004082,2003/07/09,2003/07/14,240,16.4583,82.2917,1.2500,2,0.8333,238,99.1667,39,197,1,3,fullownr_proxy,between transfer events; residency from 2026 fullownr proxy applied after first transfer; historical owner addresses not in sales extract
tmk,239004082,2003/07/15,2003/07/16,240,16.4583,82.2917,1.2500,2,0.8333,238,99.1667,39,197,1,3,fullownr_proxy,between transfer events; residency from 2026 fullownr proxy applied after first transfer; historical owner addresses not in sales extract
tmk,239004082,2003/07/17,2003/07/23,240,16.4583,82.2917,1.2500,2,0.8333,238,99.1667,39,197,1,3,fullownr_proxy,between transfer events; residency from 2026 fullownr proxy applied after first transfer; historical owner addresses not in sales extract
tmk,239004082,2003/07/24,2003/08/21,240,16.4583,82.2917,1.2500,2,0.8333,238,99.1667,39,197,1,3,fullownr_proxy,between transfer events; residency from 2026 fullownr proxy applied after first transfer; historical owner addresses not in sales extract
tmk,239004082,2003/08/22,2003/08/25,240,16.4583,82.2917,1.2500,2,0.8333,238,99.1667,39,197,1,3,fullownr_proxy,between transfer events; residency from 2026 fullownr proxy applied after first transfer; historical owner addresses not in sales extract
tmk,239004082,2003/08/26,2003/08/28,240,16.4583,82.2917,1.2500,2,0.8333,238,99.1667,39,197,1,3,fullownr_proxy,between transfer events; residency from 2026 fullownr proxy applied after first transfer; historical owner addresses not in sales extract
tmk,239004082,2003/08/29,2003/09/03,240,16.4583,82.2917,1.2500,2,0.8333,238,99.1667,39,197,1,3,fullownr_proxy,between transfer events; residency from 2026 fullownr proxy applied after first transfer; historical owner addresses not in sales extract
tmk,239004082,2003/09/04,2003/09/04,240,16.4583,82.2917,1.2500,2,0.8333,238,99.1667,39,197,1,3,fullownr_proxy,between transfer events; residency from 2026 fullownr proxy applied after first transfer; historical owner addresses not in sales extract
tmk,239004082,2003/09/05,2003/09/08,240,16.4583,82.2917,1.2500,2,0.8333,238,99.1667,39,197,1,3,fullownr_proxy,between transfer events; residency from 2026 fullownr proxy applied after first transfer; historical owner addresses not in sales extract
tmk,239004082,2003/09/09,2003/09/10,240,16.4583,82.2917,1.2500,2,0.8333,238,99.1667,39,197,1,3,fullownr_proxy,between transfer events; residency from 2026 fullownr proxy applied after first transfer; historical owner addresses not in sales extract
tmk,239004082,2003/09/11,2003/09/16,240,16.4583,82.2917,1.2500,2,0.8333,238,99.1667,39,197,1,3,fullownr_proxy,between transfer events; residency from 2026 fullownr proxy applied after first transfer; historical owner addresses not in sales extract
tmk,239004082,2003/09/17,2003/09/17,240,16.4583,82.2917,1.2500,2,0.8333,238,99.1667,39,197,1,3,fullownr_proxy,between transfer events; residency from 2026 fullownr proxy applied after first transfer; historical owner addresses not in sales extract
tmk,239004082,2003/09/18,2003/09/28,240,16.4583,82.2917,1.2500,2,0.8333,238,99.1667,39,197,1,3,fullownr_proxy,between transfer events; residency from 2026 fullownr proxy applied after first transfer; historical owner addresses not in sales extract
tmk,239004082,2003/09/29,2003/10/13,240,16.4583,82.2917,1.2500,2,0.8333,238,99.1667,39,197,1,3,fullownr_proxy,between transfer events; residency from 2026 fullownr proxy applied after first transfer; historical owner addresses not in sales extract
tmk,239004082,2003/10/14,2003/10/20,240,16.4583,82.2917,1.2500,2,0.8333,238,99.1667,39,197,1,3,fullownr_proxy,between transfer events; residency from 2026 fullownr proxy applied after first transfer; historical owner addresses not in sales extract
tmk,239004082,2003/10/21,2003/10/27,240,16.4583,82.2917,1.2500,2,0.8333,238,99.1667,39,197,1,3,fullownr_proxy,between transfer events; residency from 2026 fullownr proxy applied after first transfer; historical owner addresses not in sales extract
tmk,239004082,2003/10/28,2003/11/02,240,16.4583,82.2917,1.2500,2,0.8333,238,99.1667,39,197,1,3,fullownr_proxy,between transfer events; residency from 2026 fullownr proxy applied after first transfer; historical owner addresses not in sales extract
tmk,239004082,2003/11/03,2003/11/09,240,16.4583,82.2917,1.2500,2,0.8333,238,99.1667,39,197,1,3,fullownr_proxy,between transfer events; residency from 2026 fullownr proxy applied after first transfer; historical owner addresses not in sales extract
tmk,239004082,2003/11/10,2003/11/27,240,16.4583,82.2917,1.2500,2,0.8333,238,99.1667,39,197,1,3,fullownr_proxy,between transfer events; residency from 2026 fullownr proxy applied after first transfer; historical owner addresses not in sales extract
tmk,239004082,2003/11/28,2003/12/10,240,16.4583,82.2917,1.2500,2,0.8333,238,99.1667,39,197,1,3,fullownr_proxy,between transfer events; residency from 2026 fullownr proxy applied after first transfer; historical owner addresses not in sales extract
tmk,239004082,2003/12/11,2003/12/18,240,16.4583,82.2917,1.2500,2,0.8333,238,99.1667,39,197,1,3,fullownr_proxy,between transfer events; residency from 2026 fullownr proxy applied after first transfer; historical owner addresses not in sales extract
tmk,239004082,2003/12/19,2004/01/13,240,16.4583,82.2917,1.2500,2,0.8333,238,99.1667,39,197,1,3,fullownr_proxy,between transfer events; residency from 2026 fullownr proxy applied after first transfer; historical owner addresses not in sales extract
tmk,239004082,2004/01/14,2004/02/04,240,16.4583,82.2917,1.2500,2,0.8333,238,99.1667,39,197,1,3,fullownr_proxy,between transfer events; residency from 2026 fullownr proxy applied after first transfer; historical owner addresses not in sales extract
tmk,239004082,2004/02/05,2004/02/05,240,16.4583,82.2917,1.2500,2,0.8333,238,99.1667,39,197,1,3,fullownr_proxy,between transfer events; residency from 2026 fullownr proxy applied after first transfer; historical owner addresses not in sales extract
tmk,239004082,2004/02/06,2004/02/12,240,16.4583,82.2917,1.2500,2,0.8333,238,99.1667,39,197,1,3,fullownr_proxy,between transfer events; residency from 2026 fullownr proxy applied after first transfer; historical owner addresses not in sales extract
tmk,239004082,2004/02/13,2004/02/24,240,16.4583,82.2917,1.2500,2,0.8333,238,99.1667,39,197,1,3,fullownr_proxy,between transfer events; residency from 2026 fullownr proxy applied after first transfer; historical owner addresses not in sales extract
tmk,239004082,2004/02/25,2004/03/11,240,16.4583,82.2917,1.2500,2,0.8333,238,99.1667,39,197,1,3,fullownr_proxy,between transfer events; residency from 2026 fullownr proxy applied after first transfer; historical owner addresses not in sales extract
tmk,239004082,2004/03/12,2004/03/17,240,16.4583,82.2917,1.2500,2,0.8333,238,99.1667,39,197,1,3,fullownr_proxy,between transfer events; residency from 2026 fullownr proxy applied after first transfer; historical owner addresses not in sales extract
tmk,239004082,2004/03/18,2004/04/05,240,16.4583,82.2917,1.2500,2,0.8333,238,99.1667,39,197,1,3,fullownr_proxy,between transfer events; residency from 2026 fullownr proxy applied after first transfer; historical owner addresses not in sales extract
tmk,239004082,2004/04/06,2004/04/06,240,16.4583,82.2917,1.2500,2,0.8333,238,99.1667,39,197,1,3,fullownr_proxy,between transfer events; residency from 2026 fullownr proxy applied after first transfer; historical owner addresses not in sales extract
tmk,239004082,2004/04/07,2004/04/18,240,16.4583,82.2917,1.2500,2,0.8333,238,99.1667,39,197,1,3,fullownr_proxy,between transfer events; residency from 2026 fullownr proxy applied after first transfer; historical owner addresses not in sales extract
tmk,239004082,2004/04/19,2004/05/04,240,16.4583,82.2917,1.2500,2,0.8333,238,99.1667,39,197,1,3,fullownr_proxy,between transfer events; residency from 2026 fullownr proxy applied after first transfer; historical owner addresses not in sales extract
tmk,239004082,2004/05/05,2004/05/11,240,16.4583,82.2917,1.2500,2,0.8333,238,99.1667,39,197,1,3,fullownr_proxy,between transfer events; residency from 2026 fullownr proxy applied after first transfer; historical owner addresses not in sales extract
tmk,239004082,2004/05/12,2004/05/18,240,16.4583,82.2917,1.2500,2,0.8333,238,99.1667,39,197,1,3,fullownr_proxy,between transfer events; residency from 2026 fullownr proxy applied after first transfer; historical owner addresses not in sales extract
tmk,239004082,2004/05/19,2004/05/19,240,16.4583,82.2917,1.2500,2,0.8333,238,99.1667,39,197,1,3,fullownr_proxy,between transfer events; residency from 2026 fullownr proxy applied after first transfer; historical owner addresses not in sales extract
tmk,239004082,2004/05/20,2004/05/20,240,16.4583,82.2917,1.2500,2,0.8333,238,99.1667,39,197,1,3,fullownr_proxy,between transfer events; residency from 2026 fullownr proxy applied after first transfer; historical owner addresses not in sales extract
tmk,239004082,2004/05/21,2004/05/23,240,16.4583,82.2917,1.2500,2,0.8333,238,99.1667,39,197,1,3,fullownr_proxy,between transfer events; residency from 2026 fullownr proxy applied after first transfer; historical owner addresses not in sales extract
tmk,239004082,2004/05/24,2004/05/28,240,16.4583,82.2917,1.2500,2,0.8333,238,99.1667,39,197,1,3,fullownr_proxy,between transfer events; residency from 2026 fullownr proxy applied after first transfer; historical owner addresses not in sales extract
tmk,239004082,2004/05/29,2004/05/31,240,16.4583,82.2917,1.2500,2,0.8333,238,99.1667,39,197,1,3,fullownr_proxy,between transfer events; residency from 2026 fullownr proxy applied after first transfer; historical owner addresses not in sales extract
tmk,239004082,2004/06/01,2004/06/07,240,16.4583,82.2917,1.2500,2,0.8333,238,99.1667,39,197,1,3,fullownr_proxy,between transfer events; residency from 2026 fullownr proxy applied after first transfer; historical owner addresses not in sales extract
tmk,239004082,2004/06/08,2004/06/14,240,16.4583,82.2917,1.2500,2,0.8333,238,99.1667,39,197,1,3,fullownr_proxy,between transfer events; residency from 2026 fullownr proxy applied after first transfer; historical owner addresses not in sales extract
tmk,239004082,2004/06/15,2004/06/24,240,16.4583,82.2917,1.2500,2,0.8333,238,99.1667,39,197,1,3,fullownr_proxy,between transfer events; residency from 2026 fullownr proxy applied after first transfer; historical owner addresses not in sales extract
tmk,239004082,2004/06/25,2004/07/05,240,16.4583,82.2917,1.2500,2,0.8333,238,99.1667,39,197,1,3,fullownr_proxy,between transfer events; residency from 2026 fullownr proxy applied after first transfer; historical owner addresses not in sales extract
tmk,239004082,2004/07/06,2004/08/11,240,16.4583,82.2917,1.2500,2,0.8333,238,99.1667,39,197,1,3,fullownr_proxy,between transfer events; residency from 2026 fullownr proxy applied after first transfer; historical owner addresses not in sales extract
tmk,239004082,2004/08/12,2004/08/12,240,16.4583,82.2917,1.2500,2,0.8333,238,99.1667,39,197,1,3,fullownr_proxy,between transfer events; residency from 2026 fullownr proxy applied after first transfer; historical owner addresses not in sales extract
tmk,239004082,2004/08/13,2004/09/17,240,16.4583,82.2917,1.2500,2,0.8333,238,99.1667,39,197,1,3,fullownr_proxy,between transfer events; residency from 2026 fullownr proxy applied after first transfer; historical owner addresses not in sales extract
tmk,239004082,2004/09/18,2004/10/05,240,16.4583,82.2917,1.2500,2,0.8333,238,99.1667,39,197,1,3,fullownr_proxy,between transfer events; residency from 2026 fullownr proxy applied after first transfer; historical owner addresses not in sales extract
tmk,239004082,2004/10/06,2004/10/20,240,16.4583,82.2917,1.2500,2,0.8333,238,99.1667,39,197,1,3,fullownr_proxy,between transfer events; residency from 2026 fullownr proxy applied after first transfer; historical owner addresses not in sales extract
tmk,239004082,2004/10/21,2004/10/21,240,16.4583,82.2917,1.2500,2,0.8333,238,99.1667,39,197,1,3,fullownr_proxy,between transfer events; residency from 2026 fullownr proxy applied after first transfer; historical owner addresses not in sales extract
tmk,239004082,2004/10/22,2004/10/25,240,16.4583,82.2917,1.2500,2,0.8333,238,99.1667,39,197,1,3,fullownr_proxy,between transfer events; residency from 2026 fullownr proxy applied after first transfer; historical owner addresses not in sales extract
tmk,239004082,2004/10/26,2004/11/11,240,16.8750,82.2917,0.8333,1,0.4167,239,99.5833,40,197,1,2,fullownr_proxy,between transfer events; residency from 2026 fullownr proxy applied after first transfer; historical owner addresses not in sales extract
tmk,239004082,2004/11/12,2004/11/18,240,16.8750,82.2917,0.8333,1,0.4167,239,99.5833,40,197,1,2,fullownr_proxy,between transfer events; residency from 2026 fullownr proxy applied after first transfer; historical owner addresses not in sales extract
tmk,239004082,2004/11/19,2004/12/05,240,16.8750,82.2917,0.8333,1,0.4167,239,99.5833,40,197,1,2,fullownr_proxy,between transfer events; residency from 2026 fullownr proxy applied after first transfer; historical owner addresses not in sales extract
tmk,239004082,2004/12/06,2004/12/09,240,16.8750,82.2917,0.8333,1,0.4167,239,99.5833,40,197,1,2,fullownr_proxy,between transfer events; residency from 2026 fullownr proxy applied after first transfer; historical owner addresses not in sales extract
tmk,239004082,2004/12/10,2004/12/14,240,16.8750,82.2917,0.8333,1,0.4167,239,99.5833,40,197,1,2,fullownr_proxy,between transfer events; residency from 2026 fullownr proxy applied after first transfer; historical owner addresses not in sales extract
tmk,239004082,2004/12/15,2004/12/30,240,16.8750,82.2917,0.8333,1,0.4167,239,99.5833,40,197,1,2,fullownr_proxy,between transfer events; residency from 2026 fullownr proxy applied after first transfer; historical owner addresses not in sales extract
tmk,239004082,2004/12/31,2005/01/20,240,16.8750,82.2917,0.8333,1,0.4167,239,99.5833,40,197,1,2,fullownr_proxy,between transfer events; residency from 2026 fullownr proxy applied after first transfer; historical owner addresses not in sales extract
tmk,239004082,2005/01/21,2005/02/06,240,16.8750,82.2917,0.8333,1,0.4167,239,99.5833,40,197,1,2,fullownr_proxy,between transfer events; residency from 2026 fullownr proxy applied after first transfer; historical owner addresses not in sales extract
tmk,239004082,2005/02/07,2005/02/16,240,16.8750,82.2917,0.8333,1,0.4167,239,99.5833,40,197,1,2,fullownr_proxy,between transfer events; residency from 2026 fullownr proxy applied after first transfer; historical owner addresses not in sales extract
tmk,239004082,2005/02/17,2005/02/17,240,16.8750,82.2917,0.8333,1,0.4167,239,99.5833,40,197,1,2,fullownr_proxy,between transfer events; residency from 2026 fullownr proxy applied after first transfer; historical owner addresses not in sales extract
tmk,239004082,2005/02/18,2005/03/01,240,16.8750,82.2917,0.8333,1,0.4167,239,99.5833,40,197,1,2,fullownr_proxy,between transfer events; residency from 2026 fullownr proxy applied after first transfer; historical owner addresses not in sales extract
tmk,239004082,2005/03/02,2005/03/03,240,16.8750,82.2917,0.8333,1,0.4167,239,99.5833,40,197,1,2,fullownr_proxy,between transfer events; residency from 2026 fullownr proxy applied after first transfer; historical owner addresses not in sales extract
tmk,239004082,2005/03/04,2005/03/06,240,16.8750,82.2917,0.8333,1,0.4167,239,99.5833,40,197,1,2,fullownr_proxy,between transfer events; residency from 2026 fullownr proxy applied after first transfer; historical owner addresses not in sales extract
tmk,239004082,2005/03/07,2005/03/07,240,16.8750,82.2917,0.8333,1,0.4167,239,99.5833,40,197,1,2,fullownr_proxy,between transfer events; residency from 2026 fullownr proxy applied after first transfer; historical owner addresses not in sales extract
tmk,239004082,2005/03/08,2005/03/10,240,16.8750,82.2917,0.8333,1,0.4167,239,99.5833,40,197,1,2,fullownr_proxy,between transfer events; residency from 2026 fullownr proxy applied after first transfer; historical owner addresses not in sales extract
tmk,239004082,2005/03/11,2005/03/14,240,16.8750,82.2917,0.8333,1,0.4167,239,99.5833,40,197,1,2,fullownr_proxy,between transfer events; residency from 2026 fullownr proxy applied after first transfer; historical owner addresses not in sales extract
tmk,239004082,2005/03/15,2005/03/17,240,16.8750,82.2917,0.8333,1,0.4167,239,99.5833,40,197,1,2,fullownr_proxy,between transfer events; residency from 2026 fullownr proxy applied after first transfer; historical owner addresses not in sales extract
tmk,239004082,2005/03/18,2005/03/24,240,16.8750,82.2917,0.8333,1,0.4167,239,99.5833,40,197,1,2,fullownr_proxy,between transfer events; residency from 2026 fullownr proxy applied after first transfer; historical owner addresses not in sales extract
tmk,239004082,2005/03/25,2005/03/28,240,16.8750,82.2917,0.8333,1,0.4167,239,99.5833,40,197,1,2,fullownr_proxy,between transfer events; residency from 2026 fullownr proxy applied after first transfer; historical owner addresses not in sales extract
tmk,239004082,2005/03/29,2005/04/12,240,16.8750,82.2917,0.8333,1,0.4167,239,99.5833,40,197,1,2,fullownr_proxy,between transfer events; residency from 2026 fullownr proxy applied after first transfer; historical owner addresses not in sales extract
tmk,239004082,2005/04/13,2005/04/24,240,16.8750,82.2917,0.8333,1,0.4167,239,99.5833,40,197,1,2,fullownr_proxy,between transfer events; residency from 2026 fullownr proxy applied after first transfer; historical owner addresses not in sales extract
tmk,239004082,2005/04/25,2005/04/27,240,16.8750,82.2917,0.8333,1,0.4167,239,99.5833,40,197,1,2,fullownr_proxy,between transfer events; residency from 2026 fullownr proxy applied after first transfer; historical owner addresses not in sales extract
tmk,239004082,2005/04/28,2005/05/17,240,16.8750,82.2917,0.8333,1,0.4167,239,99.5833,40,197,1,2,fullownr_proxy,between transfer events; residency from 2026 fullownr proxy applied after first transfer; historical owner addresses not in sales extract
tmk,239004082,2005/05/18,2005/05/19,240,16.8750,82.2917,0.8333,1,0.4167,239,99.5833,40,197,1,2,fullownr_proxy,between transfer events; residency from 2026 fullownr proxy applied after first transfer; historical owner addresses not in sales extract
tmk,239004082,2005/05/20,2005/05/30,240,16.8750,82.2917,0.8333,1,0.4167,239,99.5833,40,197,1,2,fullownr_proxy,between transfer events; residency from 2026 fullownr proxy applied after first transfer; historical owner addresses not in sales extract
tmk,239004082,2005/05/31,2005/06/01,240,16.8750,82.2917,0.8333,1,0.4167,239,99.5833,40,197,1,2,fullownr_proxy,between transfer events; residency from 2026 fullownr proxy applied after first transfer; historical owner addresses not in sales extract
tmk,239004082,2005/06/02,2005/06/07,240,16.8750,82.2917,0.8333,1,0.4167,239,99.5833,40,197,1,2,fullownr_proxy,between transfer events; residency from 2026 fullownr proxy applied after first transfer; historical owner addresses not in sales extract
tmk,239004082,2005/06/08,2005/07/18,240,16.8750,82.2917,0.8333,1,0.4167,239,99.5833,40,197,1,2,fullownr_proxy,between transfer events; residency from 2026 fullownr proxy applied after first transfer; historical owner addresses not in sales extract
tmk,239004082,2005/07/19,2005/07/28,240,16.8750,82.2917,0.8333,1,0.4167,239,99.5833,40,197,1,2,fullownr_proxy,between transfer events; residency from 2026 fullownr proxy applied after first transfer; historical owner addresses not in sales extract
tmk,239004082,2005/07/29,2005/08/04,240,16.8750,82.2917,0.8333,1,0.4167,239,99.5833,40,197,1,2,fullownr_proxy,between transfer events; residency from 2026 fullownr proxy applied after first transfer; historical owner addresses not in sales extract
tmk,239004082,2005/08/05,2005/08/22,240,16.8750,82.2917,0.8333,1,0.4167,239,99.5833,40,197,1,2,fullownr_proxy,between transfer events; residency from 2026 fullownr proxy applied after first transfer; historical owner addresses not in sales extract
tmk,239004082,2005/08/23,2005/08/23,240,16.8750,82.2917,0.8333,1,0.4167,239,99.5833,40,197,1,2,fullownr_proxy,between transfer events; residency from 2026 fullownr proxy applied after first transfer; historical owner addresses not in sales extract
tmk,239004082,2005/08/24,2005/09/07,240,16.8750,82.2917,0.8333,1,0.4167,239,99.5833,40,197,1,2,fullownr_proxy,between transfer events; residency from 2026 fullownr proxy applied after first transfer; historical owner addresses not in sales extract
tmk,239004082,2005/09/08,2005/09/08,240,16.8750,82.2917,0.8333,1,0.4167,239,99.5833,40,197,1,2,fullownr_proxy,between transfer events; residency from 2026 fullownr proxy applied after first transfer; historical owner addresses not in sales extract
tmk,239004082,2005/09/09,2005/09/12,240,16.8750,82.2917,0.8333,1,0.4167,239,99.5833,40,197,1,2,fullownr_proxy,between transfer events; residency from 2026 fullownr proxy applied after first transfer; historical owner addresses not in sales extract
tmk,239004082,2005/09/13,2005/09/30,240,16.8750,82.2917,0.8333,1,0.4167,239,99.5833,40,197,1,2,fullownr_proxy,between transfer events; residency from 2026 fullownr proxy applied after first transfer; historical owner addresses not in sales extract
tmk,239004082,2005/10/01,2005/10/09,240,16.8750,82.2917,0.8333,1,0.4167,239,99.5833,40,197,1,2,fullownr_proxy,between transfer events; residency from 2026 fullownr proxy applied after first transfer; historical owner addresses not in sales extract
tmk,239004082,2005/10/10,2005/10/17,240,16.8750,82.2917,0.8333,1,0.4167,239,99.5833,40,197,1,2,fullownr_proxy,between transfer events; residency from 2026 fullownr proxy applied after first transfer; historical owner addresses not in sales extract
tmk,239004082,2005/10/18,2005/10/25,240,16.8750,82.2917,0.8333,1,0.4167,239,99.5833,40,197,1,2,fullownr_proxy,between transfer events; residency from 2026 fullownr proxy applied after first transfer; historical owner addresses not in sales extract
tmk,239004082,2005/10/26,2006/01/24,240,16.8750,82.2917,0.8333,1,0.4167,239,99.5833,40,197,1,2,fullownr_proxy,between transfer events; residency from 2026 fullownr proxy applied after first transfer; historical owner addresses not in sales extract
tmk,239004082,2006/01/25,2006/02/14,240,16.8750,82.2917,0.8333,1,0.4167,239,99.5833,40,197,1,2,fullownr_proxy,between transfer events; residency from 2026 fullownr proxy applied after first transfer; historical owner addresses not in sales extract
tmk,239004082,2006/02/15,2006/02/21,240,16.8750,82.2917,0.8333,1,0.4167,239,99.5833,40,197,1,2,fullownr_proxy,between transfer events; residency from 2026 fullownr proxy applied after first transfer; historical owner addresses not in sales extract
tmk,239004082,2006/02/22,2006/03/02,240,16.8750,82.2917,0.8333,1,0.4167,239,99.5833,40,197,1,2,fullownr_proxy,between transfer events; residency from 2026 fullownr proxy applied after first transfer; historical owner addresses not in sales extract
tmk,239004082,2006/03/03,2006/04/09,240,16.8750,82.2917,0.8333,1,0.4167,239,99.5833,40,197,1,2,fullownr_proxy,between transfer events; residency from 2026 fullownr proxy applied after first transfer; historical owner addresses not in sales extract
tmk,239004082,2006/04/10,2006/04/13,240,16.8750,82.2917,0.8333,1,0.4167,239,99.5833,40,197,1,2,fullownr_proxy,between transfer events; residency from 2026 fullownr proxy applied after first transfer; historical owner addresses not in sales extract
tmk,239004082,2006/04/14,2006/04/16,240,16.8750,82.2917,0.8333,1,0.4167,239,99.5833,40,197,1,2,fullownr_proxy,between transfer events; residency from 2026 fullownr proxy applied after first transfer; historical owner addresses not in sales extract
tmk,239004082,2006/04/17,2006/04/30,240,16.8750,82.2917,0.8333,1,0.4167,239,99.5833,40,197,1,2,fullownr_proxy,between transfer events; residency from 2026 fullownr proxy applied after first transfer; historical owner addresses not in sales extract
tmk,239004082,2006/05/01,2006/05/04,240,16.8750,82.2917,0.8333,1,0.4167,239,99.5833,40,197,1,2,fullownr_proxy,between transfer events; residency from 2026 fullownr proxy applied after first transfer; historical owner addresses not in sales extract
tmk,239004082,2006/05/05,2006/05/16,240,16.8750,82.2917,0.8333,1,0.4167,239,99.5833,40,197,1,2,fullownr_proxy,between transfer events; residency from 2026 fullownr proxy applied after first transfer; historical owner addresses not in sales extract
tmk,239004082,2006/05/17,2006/05/24,240,16.8750,82.2917,0.8333,1,0.4167,239,99.5833,40,197,1,2,fullownr_proxy,between transfer events; residency from 2026 fullownr proxy applied after first transfer; historical owner addresses not in sales extract
tmk,239004082,2006/05/25,2006/05/25,240,16.8750,82.2917,0.8333,1,0.4167,239,99.5833,40,197,1,2,fullownr_proxy,between transfer events; residency from 2026 fullownr proxy applied after first transfer; historical owner addresses not in sales extract
tmk,239004082,2006/05/26,2006/05/29,240,16.8750,82.2917,0.8333,1,0.4167,239,99.5833,40,197,1,2,fullownr_proxy,between transfer events; residency from 2026 fullownr proxy applied after first transfer; historical owner addresses not in sales extract
tmk,239004082,2006/05/30,2006/06/22,240,16.8750,82.2917,0.8333,1,0.4167,239,99.5833,40,197,1,2,fullownr_proxy,between transfer events; residency from 2026 fullownr proxy applied after first transfer; historical owner addresses not in sales extract
tmk,239004082,2006/06/23,2006/06/25,240,16.8750,82.2917,0.8333,1,0.4167,239,99.5833,40,197,1,2,fullownr_proxy,between transfer events; residency from 2026 fullownr proxy applied after first transfer; historical owner addresses not in sales extract
tmk,239004082,2006/06/26,2006/08/27,240,16.8750,82.2917,0.8333,1,0.4167,239,99.5833,40,197,1,2,fullownr_proxy,between transfer events; residency from 2026 fullownr proxy applied after first transfer; historical owner addresses not in sales extract
tmk,239004082,2006/08/28,2006/09/13,240,16.8750,82.2917,0.8333,1,0.4167,239,99.5833,40,197,1,2,fullownr_proxy,between transfer events; residency from 2026 fullownr proxy applied after first transfer; historical owner addresses not in sales extract
tmk,239004082,2006/09/14,2006/10/15,240,16.8750,82.2917,0.8333,1,0.4167,239,99.5833,40,197,1,2,fullownr_proxy,between transfer events; residency from 2026 fullownr proxy applied after first transfer; historical owner addresses not in sales extract
tmk,239004082,2006/10/16,2006/10/18,240,16.8750,82.2917,0.8333,1,0.4167,239,99.5833,40,197,1,2,fullownr_proxy,between transfer events; residency from 2026 fullownr proxy applied after first transfer; historical owner addresses not in sales extract
tmk,239004082,2006/10/19,2006/12/26,240,16.8750,82.2917,0.8333,1,0.4167,239,99.5833,40,197,1,2,fullownr_proxy,between transfer events; residency from 2026 fullownr proxy applied after first transfer; historical owner addresses not in sales extract
tmk,239004082,2006/12/27,2007/02/13,240,16.8750,82.2917,0.8333,1,0.4167,239,99.5833,40,197,1,2,fullownr_proxy,between transfer events; residency from 2026 fullownr proxy applied after first transfer; historical owner addresses not in sales extract
tmk,239004082,2007/02/14,2007/02/14,240,16.8750,82.2917,0.8333,1,0.4167,239,99.5833,40,197,1,2,fullownr_proxy,between transfer events; residency from 2026 fullownr proxy applied after first transfer; historical owner addresses not in sales extract
tmk,239004082,2007/02/15,2007/02/15,240,16.8750,82.2917,0.8333,1,0.4167,239,99.5833,40,197,1,2,fullownr_proxy,between transfer events; residency from 2026 fullownr proxy applied after first transfer; historical owner addresses not in sales extract
tmk,239004082,2007/02/16,2007/03/27,240,16.8750,82.2917,0.8333,1,0.4167,239,99.5833,40,197,1,2,fullownr_proxy,between transfer events; residency from 2026 fullownr proxy applied after first transfer; historical owner addresses not in sales extract
tmk,239004082,2007/03/28,2007/03/28,240,16.8750,82.2917,0.8333,1,0.4167,239,99.5833,40,197,1,2,fullownr_proxy,between transfer events; residency from 2026 fullownr proxy applied after first transfer; historical owner addresses not in sales extract
tmk,239004082,2007/03/29,2007/03/29,240,16.8750,82.2917,0.8333,1,0.4167,239,99.5833,40,197,1,2,fullownr_proxy,between transfer events; residency from 2026 fullownr proxy applied after first transfer; historical owner addresses not in sales extract
tmk,239004082,2007/03/30,2007/04/11,240,16.8750,82.2917,0.8333,1,0.4167,239,99.5833,40,197,1,2,fullownr_proxy,between transfer events; residency from 2026 fullownr proxy applied after first transfer; historical owner addresses not in sales extract
tmk,239004082,2007/04/12,2007/04/18,240,16.8750,82.2917,0.8333,1,0.4167,239,99.5833,40,197,1,2,fullownr_proxy,between transfer events; residency from 2026 fullownr proxy applied after first transfer; historical owner addresses not in sales extract
tmk,239004082,2007/04/19,2007/05/03,240,16.8750,82.2917,0.8333,1,0.4167,239,99.5833,40,197,1,2,fullownr_proxy,between transfer events; residency from 2026 fullownr proxy applied after first transfer; historical owner addresses not in sales extract
tmk,239004082,2007/05/04,2007/05/08,240,16.8750,82.2917,0.8333,1,0.4167,239,99.5833,40,197,1,2,fullownr_proxy,between transfer events; residency from 2026 fullownr proxy applied after first transfer; historical owner addresses not in sales extract
tmk,239004082,2007/05/09,2007/05/15,240,16.8750,82.2917,0.8333,1,0.4167,239,99.5833,40,197,1,2,fullownr_proxy,between transfer events; residency from 2026 fullownr proxy applied after first transfer; historical owner addresses not in sales extract
tmk,239004082,2007/05/16,2007/05/17,240,16.8750,82.2917,0.8333,1,0.4167,239,99.5833,40,197,1,2,fullownr_proxy,between transfer events; residency from 2026 fullownr proxy applied after first transfer; historical owner addresses not in sales extract
tmk,239004082,2007/05/18,2007/05/21,240,16.8750,82.2917,0.8333,1,0.4167,239,99.5833,40,197,1,2,fullownr_proxy,between transfer events; residency from 2026 fullownr proxy applied after first transfer; historical owner addresses not in sales extract
tmk,239004082,2007/05/22,2007/05/23,240,16.8750,82.2917,0.8333,1,0.4167,239,99.5833,40,197,1,2,fullownr_proxy,between transfer events; residency from 2026 fullownr proxy applied after first transfer; historical owner addresses not in sales extract
tmk,239004082,2007/05/24,2007/06/06,240,16.8750,82.2917,0.8333,1,0.4167,239,99.5833,40,197,1,2,fullownr_proxy,between transfer events; residency from 2026 fullownr proxy applied after first transfer; historical owner addresses not in sales extract
tmk,239004082,2007/06/07,2007/07/08,240,16.8750,82.2917,0.8333,1,0.4167,239,99.5833,40,197,1,2,fullownr_proxy,between transfer events; residency from 2026 fullownr proxy applied after first transfer; historical owner addresses not in sales extract
tmk,239004082,2007/07/09,2007/07/12,240,16.8750,82.2917,0.8333,1,0.4167,239,99.5833,40,197,1,2,fullownr_proxy,between transfer events; residency from 2026 fullownr proxy applied after first transfer; historical owner addresses not in sales extract
tmk,239004082,2007/07/13,2007/07/25,240,16.8750,82.2917,0.8333,1,0.4167,239,99.5833,40,197,1,2,fullownr_proxy,between transfer events; residency from 2026 fullownr proxy applied after first transfer; historical owner addresses not in sales extract
tmk,239004082,2007/07/26,2007/08/02,240,16.8750,82.2917,0.8333,1,0.4167,239,99.5833,40,197,1,2,fullownr_proxy,between transfer events; residency from 2026 fullownr proxy applied after first transfer; historical owner addresses not in sales extract
tmk,239004082,2007/08/03,2007/08/06,240,16.8750,82.2917,0.8333,1,0.4167,239,99.5833,40,197,1,2,fullownr_proxy,between transfer events; residency from 2026 fullownr proxy applied after first transfer; historical owner addresses not in sales extract
tmk,239004082,2007/08/07,2007/08/20,240,16.8750,82.2917,0.8333,1,0.4167,239,99.5833,40,197,1,2,fullownr_proxy,between transfer events; residency from 2026 fullownr proxy applied after first transfer; historical owner addresses not in sales extract
tmk,239004082,2007/08/21,2007/08/26,240,16.8750,82.2917,0.8333,1,0.4167,239,99.5833,40,197,1,2,fullownr_proxy,between transfer events; residency from 2026 fullownr proxy applied after first transfer; historical owner addresses not in sales extract
tmk,239004082,2007/08/27,2007/09/03,240,16.8750,82.2917,0.8333,1,0.4167,239,99.5833,40,197,1,2,fullownr_proxy,between transfer events; residency from 2026 fullownr proxy applied after first transfer; historical owner addresses not in sales extract
tmk,239004082,2007/09/04,2007/09/16,240,16.8750,82.2917,0.8333,1,0.4167,239,99.5833,40,197,1,2,fullownr_proxy,between transfer events; residency from 2026 fullownr proxy applied after first transfer; historical owner addresses not in sales extract
tmk,239004082,2007/09/17,2007/09/26,240,16.8750,82.2917,0.8333,1,0.4167,239,99.5833,40,197,1,2,fullownr_proxy,between transfer events; residency from 2026 fullownr proxy applied after first transfer; historical owner addresses not in sales extract
tmk,239004082,2007/09/27,2007/10/09,240,16.8750,82.2917,0.8333,1,0.4167,239,99.5833,40,197,1,2,fullownr_proxy,between transfer events; residency from 2026 fullownr proxy applied after first transfer; historical owner addresses not in sales extract
tmk,239004082,2007/10/10,2007/10/21,240,16.8750,82.2917,0.8333,1,0.4167,239,99.5833,40,197,1,2,fullownr_proxy,between transfer events; residency from 2026 fullownr proxy applied after first transfer; historical owner addresses not in sales extract
tmk,239004082,2007/10/22,2007/12/09,240,16.8750,82.2917,0.8333,1,0.4167,239,99.5833,40,197,1,2,fullownr_proxy,between transfer events; residency from 2026 fullownr proxy applied after first transfer; historical owner addresses not in sales extract
tmk,239004082,2007/12/10,2007/12/30,240,16.8750,82.2917,0.8333,1,0.4167,239,99.5833,40,197,1,2,fullownr_proxy,between transfer events; residency from 2026 fullownr proxy applied after first transfer; historical owner addresses not in sales extract
tmk,239004082,2007/12/31,2008/01/07,240,16.8750,82.2917,0.8333,1,0.4167,239,99.5833,40,197,1,2,fullownr_proxy,between transfer events; residency from 2026 fullownr proxy applied after first transfer; historical owner addresses not in sales extract
tmk,239004082,2008/01/08,2008/01/21,240,16.8750,82.2917,0.8333,1,0.4167,239,99.5833,40,197,1,2,fullownr_proxy,between transfer events; residency from 2026 fullownr proxy applied after first transfer; historical owner addresses not in sales extract
tmk,239004082,2008/01/22,2008/02/03,240,16.8750,82.2917,0.8333,1,0.4167,239,99.5833,40,197,1,2,fullownr_proxy,between transfer events; residency from 2026 fullownr proxy applied after first transfer; historical owner addresses not in sales extract
tmk,239004082,2008/02/04,2008/02/05,240,16.8750,82.2917,0.8333,1,0.4167,239,99.5833,40,197,1,2,fullownr_proxy,between transfer events; residency from 2026 fullownr proxy applied after first transfer; historical owner addresses not in sales extract
tmk,239004082,2008/02/06,2008/02/09,240,16.8750,82.2917,0.8333,1,0.4167,239,99.5833,40,197,1,2,fullownr_proxy,between transfer events; residency from 2026 fullownr proxy applied after first transfer; historical owner addresses not in sales extract
tmk,239004082,2008/02/10,2008/03/05,240,16.8750,82.2917,0.8333,1,0.4167,239,99.5833,40,197,1,2,fullownr_proxy,between transfer events; residency from 2026 fullownr proxy applied after first transfer; historical owner addresses not in sales extract
tmk,239004082,2008/03/06,2008/04/02,240,16.8750,82.2917,0.8333,1,0.4167,239,99.5833,40,197,1,2,fullownr_proxy,between transfer events; residency from 2026 fullownr proxy applied after first transfer; historical owner addresses not in sales extract
tmk,239004082,2008/04/03,2008/04/07,240,16.8750,82.2917,0.8333,1,0.4167,239,99.5833,40,197,1,2,fullownr_proxy,between transfer events; residency from 2026 fullownr proxy applied after first transfer; historical owner addresses not in sales extract
tmk,239004082,2008/04/08,2008/07/16,240,16.8750,82.2917,0.8333,1,0.4167,239,99.5833,40,197,1,2,fullownr_proxy,between transfer events; residency from 2026 fullownr proxy applied after first transfer; historical owner addresses not in sales extract
tmk,239004082,2008/07/17,2008/09/25,240,16.8750,82.2917,0.8333,1,0.4167,239,99.5833,40,197,1,2,fullownr_proxy,between transfer events; residency from 2026 fullownr proxy applied after first transfer; historical owner addresses not in sales extract
tmk,239004082,2008/09/26,2008/10/15,240,16.8750,82.2917,0.8333,1,0.4167,239,99.5833,40,197,1,2,fullownr_proxy,between transfer events; residency from 2026 fullownr proxy applied after first transfer; historical owner addresses not in sales extract
tmk,239004082,2008/10/16,2008/10/28,240,16.8750,82.2917,0.8333,1,0.4167,239,99.5833,40,197,1,2,fullownr_proxy,between transfer events; residency from 2026 fullownr proxy applied after first transfer; historical owner addresses not in sales extract
tmk,239004082,2008/10/29,2009/02/02,240,16.8750,82.2917,0.8333,1,0.4167,239,99.5833,40,197,1,2,fullownr_proxy,between transfer events; residency from 2026 fullownr proxy applied after first transfer; historical owner addresses not in sales extract
tmk,239004082,2009/02/03,2009/02/11,240,16.8750,82.2917,0.8333,1,0.4167,239,99.5833,40,197,1,2,fullownr_proxy,between transfer events; residency from 2026 fullownr proxy applied after first transfer; historical owner addresses not in sales extract
tmk,239004082,2009/02/12,2009/04/19,240,16.8750,82.2917,0.8333,1,0.4167,239,99.5833,40,197,1,2,fullownr_proxy,between transfer events; residency from 2026 fullownr proxy applied after first transfer; historical owner addresses not in sales extract
tmk,239004082,2009/04/20,2009/06/04,240,16.8750,82.2917,0.8333,1,0.4167,239,99.5833,40,197,1,2,fullownr_proxy,between transfer events; residency from 2026 fullownr proxy applied after first transfer; historical owner addresses not in sales extract
tmk,239004082,2009/06/05,2009/06/23,240,16.8750,82.2917,0.8333,1,0.4167,239,99.5833,40,197,1,2,fullownr_proxy,between transfer events; residency from 2026 fullownr proxy applied after first transfer; historical owner addresses not in sales extract
tmk,239004082,2009/06/24,2009/07/01,240,16.8750,82.2917,0.8333,1,0.4167,239,99.5833,40,197,1,2,fullownr_proxy,between transfer events; residency from 2026 fullownr proxy applied after first transfer; historical owner addresses not in sales extract
tmk,239004082,2009/07/02,2009/10/12,240,16.8750,82.2917,0.8333,1,0.4167,239,99.5833,40,197,1,2,fullownr_proxy,between transfer events; residency from 2026 fullownr proxy applied after first transfer; historical owner addresses not in sales extract
tmk,239004082,2009/10/13,2009/11/02,240,16.8750,82.2917,0.8333,1,0.4167,239,99.5833,40,197,1,2,fullownr_proxy,between transfer events; residency from 2026 fullownr proxy applied after first transfer; historical owner addresses not in sales extract
tmk,239004082,2009/11/03,2009/12/16,240,16.8750,82.2917,0.8333,1,0.4167,239,99.5833,40,197,1,2,fullownr_proxy,between transfer events; residency from 2026 fullownr proxy applied after first transfer; historical owner addresses not in sales extract
tmk,239004082,2009/12/17,2010/01/18,240,16.8750,82.2917,0.8333,1,0.4167,239,99.5833,40,197,1,2,fullownr_proxy,between transfer events; residency from 2026 fullownr proxy applied after first transfer; historical owner addresses not in sales extract
tmk,239004082,2010/01/19,2010/02/10,240,16.8750,82.2917,0.8333,1,0.4167,239,99.5833,40,197,1,2,fullownr_proxy,between transfer events; residency from 2026 fullownr proxy applied after first transfer; historical owner addresses not in sales extract
tmk,239004082,2010/02/11,2010/02/14,240,16.8750,82.2917,0.8333,1,0.4167,239,99.5833,40,197,1,2,fullownr_proxy,between transfer events; residency from 2026 fullownr proxy applied after first transfer; historical owner addresses not in sales extract
tmk,239004082,2010/02/15,2010/03/16,240,16.8750,82.2917,0.8333,1,0.4167,239,99.5833,40,197,1,2,fullownr_proxy,between transfer events; residency from 2026 fullownr proxy applied after first transfer; historical owner addresses not in sales extract
tmk,239004082,2010/03/17,2010/04/07,240,16.8750,82.2917,0.8333,1,0.4167,239,99.5833,40,197,1,2,fullownr_proxy,between transfer events; residency from 2026 fullownr proxy applied after first transfer; historical owner addresses not in sales extract
tmk,239004082,2010/04/08,2010/04/08,240,16.8750,82.2917,0.8333,1,0.4167,239,99.5833,40,197,1,2,fullownr_proxy,between transfer events; residency from 2026 fullownr proxy applied after first transfer; historical owner addresses not in sales extract
tmk,239004082,2010/04/09,2010/04/13,240,16.8750,82.2917,0.8333,1,0.4167,239,99.5833,40,197,1,2,fullownr_proxy,between transfer events; residency from 2026 fullownr proxy applied after first transfer; historical owner addresses not in sales extract
tmk,239004082,2010/04/14,2010/05/05,240,16.8750,82.2917,0.8333,1,0.4167,239,99.5833,40,197,1,2,fullownr_proxy,between transfer events; residency from 2026 fullownr proxy applied after first transfer; historical owner addresses not in sales extract
tmk,239004082,2010/05/06,2010/06/03,240,16.8750,82.2917,0.8333,1,0.4167,239,99.5833,40,197,1,2,fullownr_proxy,between transfer events; residency from 2026 fullownr proxy applied after first transfer; historical owner addresses not in sales extract
tmk,239004082,2010/06/04,2010/06/27,240,16.8750,82.2917,0.8333,1,0.4167,239,99.5833,40,197,1,2,fullownr_proxy,between transfer events; residency from 2026 fullownr proxy applied after first transfer; historical owner addresses not in sales extract
tmk,239004082,2010/06/28,2010/06/28,240,16.8750,82.2917,0.8333,1,0.4167,239,99.5833,40,197,1,2,fullownr_proxy,between transfer events; residency from 2026 fullownr proxy applied after first transfer; historical owner addresses not in sales extract
tmk,239004082,2010/06/29,2010/07/15,240,16.8750,82.2917,0.8333,1,0.4167,239,99.5833,40,197,1,2,fullownr_proxy,between transfer events; residency from 2026 fullownr proxy applied after first transfer; historical owner addresses not in sales extract
tmk,239004082,2010/07/16,2010/08/05,240,16.8750,82.2917,0.8333,1,0.4167,239,99.5833,40,197,1,2,fullownr_proxy,between transfer events; residency from 2026 fullownr proxy applied after first transfer; historical owner addresses not in sales extract
tmk,239004082,2010/08/06,2010/08/15,240,16.8750,82.2917,0.8333,1,0.4167,239,99.5833,40,197,1,2,fullownr_proxy,between transfer events; residency from 2026 fullownr proxy applied after first transfer; historical owner addresses not in sales extract
tmk,239004082,2010/08/16,2010/08/16,240,16.8750,82.2917,0.8333,1,0.4167,239,99.5833,40,197,1,2,fullownr_proxy,between transfer events; residency from 2026 fullownr proxy applied after first transfer; historical owner addresses not in sales extract
tmk,239004082,2010/08/17,2010/08/17,240,16.8750,82.2917,0.8333,1,0.4167,239,99.5833,40,197,1,2,fullownr_proxy,between transfer events; residency from 2026 fullownr proxy applied after first transfer; historical owner addresses not in sales extract
tmk,239004082,2010/08/18,2010/08/23,240,16.8750,82.2917,0.8333,1,0.4167,239,99.5833,40,197,1,2,fullownr_proxy,between transfer events; residency from 2026 fullownr proxy applied after first transfer; historical owner addresses not in sales extract
tmk,239004082,2010/08/24,2010/10/05,240,16.8750,82.2917,0.8333,1,0.4167,239,99.5833,40,197,1,2,fullownr_proxy,between transfer events; residency from 2026 fullownr proxy applied after first transfer; historical owner addresses not in sales extract
tmk,239004082,2010/10/06,2010/10/10,240,16.8750,82.2917,0.8333,1,0.4167,239,99.5833,40,197,1,2,fullownr_proxy,between transfer events; residency from 2026 fullownr proxy applied after first transfer; historical owner addresses not in sales extract
tmk,239004082,2010/10/11,2010/10/13,240,16.8750,82.2917,0.8333,1,0.4167,239,99.5833,40,197,1,2,fullownr_proxy,between transfer events; residency from 2026 fullownr proxy applied after first transfer; historical owner addresses not in sales extract
tmk,239004082,2010/10/14,2010/10/25,240,16.8750,82.2917,0.8333,1,0.4167,239,99.5833,40,197,1,2,fullownr_proxy,between transfer events; residency from 2026 fullownr proxy applied after first transfer; historical owner addresses not in sales extract
tmk,239004082,2010/10/26,2010/12/02,240,16.8750,82.2917,0.8333,1,0.4167,239,99.5833,40,197,1,2,fullownr_proxy,between transfer events; residency from 2026 fullownr proxy applied after first transfer; historical owner addresses not in sales extract
tmk,239004082,2010/12/03,2011/01/06,240,16.8750,82.2917,0.8333,1,0.4167,239,99.5833,40,197,1,2,fullownr_proxy,between transfer events; residency from 2026 fullownr proxy applied after first transfer; historical owner addresses not in sales extract
tmk,239004082,2011/01/07,2011/01/19,240,16.8750,82.2917,0.8333,1,0.4167,239,99.5833,40,197,1,2,fullownr_proxy,between transfer events; residency from 2026 fullownr proxy applied after first transfer; historical owner addresses not in sales extract
tmk,239004082,2011/01/20,2011/02/03,240,16.8750,82.2917,0.8333,1,0.4167,239,99.5833,40,197,1,2,fullownr_proxy,between transfer events; residency from 2026 fullownr proxy applied after first transfer; historical owner addresses not in sales extract
tmk,239004082,2011/02/04,2011/02/21,240,16.8750,82.2917,0.8333,1,0.4167,239,99.5833,40,197,1,2,fullownr_proxy,between transfer events; residency from 2026 fullownr proxy applied after first transfer; historical owner addresses not in sales extract
tmk,239004082,2011/02/22,2011/03/20,240,16.8750,82.2917,0.8333,1,0.4167,239,99.5833,40,197,1,2,fullownr_proxy,between transfer events; residency from 2026 fullownr proxy applied after first transfer; historical owner addresses not in sales extract
tmk,239004082,2011/03/21,2011/04/13,240,16.8750,82.2917,0.8333,1,0.4167,239,99.5833,40,197,1,2,fullownr_proxy,between transfer events; residency from 2026 fullownr proxy applied after first transfer; historical owner addresses not in sales extract
tmk,239004082,2011/04/14,2011/05/31,240,16.8750,82.2917,0.8333,1,0.4167,239,99.5833,40,197,1,2,fullownr_proxy,between transfer events; residency from 2026 fullownr proxy applied after first transfer; historical owner addresses not in sales extract
tmk,239004082,2011/06/01,2011/06/09,240,16.8750,82.2917,0.8333,1,0.4167,239,99.5833,40,197,1,2,fullownr_proxy,between transfer events; residency from 2026 fullownr proxy applied after first transfer; historical owner addresses not in sales extract
tmk,239004082,2011/06/10,2011/06/12,240,16.8750,82.2917,0.8333,1,0.4167,239,99.5833,40,197,1,2,fullownr_proxy,between transfer events; residency from 2026 fullownr proxy applied after first transfer; historical owner addresses not in sales extract
tmk,239004082,2011/06/13,2011/06/19,240,16.8750,82.2917,0.8333,1,0.4167,239,99.5833,40,197,1,2,fullownr_proxy,between transfer events; residency from 2026 fullownr proxy applied after first transfer; historical owner addresses not in sales extract
tmk,239004082,2011/06/20,2011/07/04,240,16.8750,82.2917,0.8333,1,0.4167,239,99.5833,40,197,1,2,fullownr_proxy,between transfer events; residency from 2026 fullownr proxy applied after first transfer; historical owner addresses not in sales extract
tmk,239004082,2011/07/05,2011/07/11,240,16.8750,82.2917,0.8333,1,0.4167,239,99.5833,40,197,1,2,fullownr_proxy,between transfer events; residency from 2026 fullownr proxy applied after first transfer; historical owner addresses not in sales extract
tmk,239004082,2011/07/12,2011/07/20,240,16.8750,82.2917,0.8333,1,0.4167,239,99.5833,40,197,1,2,fullownr_proxy,between transfer events; residency from 2026 fullownr proxy applied after first transfer; historical owner addresses not in sales extract
tmk,239004082,2011/07/21,2011/08/07,240,16.8750,82.2917,0.8333,1,0.4167,239,99.5833,40,197,1,2,fullownr_proxy,between transfer events; residency from 2026 fullownr proxy applied after first transfer; historical owner addresses not in sales extract
tmk,239004082,2011/08/08,2011/08/08,240,16.8750,82.2917,0.8333,1,0.4167,239,99.5833,40,197,1,2,fullownr_proxy,between transfer events; residency from 2026 fullownr proxy applied after first transfer; historical owner addresses not in sales extract
tmk,239004082,2011/08/09,2011/09/13,240,16.8750,82.2917,0.8333,1,0.4167,239,99.5833,40,197,1,2,fullownr_proxy,between transfer events; residency from 2026 fullownr proxy applied after first transfer; historical owner addresses not in sales extract
tmk,239004082,2011/09/14,2011/11/21,240,16.8750,82.2917,0.8333,1,0.4167,239,99.5833,40,197,1,2,fullownr_proxy,between transfer events; residency from 2026 fullownr proxy applied after first transfer; historical owner addresses not in sales extract
tmk,239004082,2011/11/22,2011/12/05,240,16.8750,82.2917,0.8333,1,0.4167,239,99.5833,40,197,1,2,fullownr_proxy,between transfer events; residency from 2026 fullownr proxy applied after first transfer; historical owner addresses not in sales extract
tmk,239004082,2011/12/06,2011/12/12,240,16.8750,82.2917,0.8333,1,0.4167,239,99.5833,40,197,1,2,fullownr_proxy,between transfer events; residency from 2026 fullownr proxy applied after first transfer; historical owner addresses not in sales extract
tmk,239004082,2011/12/13,2012/01/06,240,16.8750,82.2917,0.8333,1,0.4167,239,99.5833,40,197,1,2,fullownr_proxy,between transfer events; residency from 2026 fullownr proxy applied after first transfer; historical owner addresses not in sales extract
tmk,239004082,2012/01/07,2012/01/17,240,16.8750,82.2917,0.8333,1,0.4167,239,99.5833,40,197,1,2,fullownr_proxy,between transfer events; residency from 2026 fullownr proxy applied after first transfer; historical owner addresses not in sales extract
tmk,239004082,2012/01/18,2012/01/18,240,16.8750,82.2917,0.8333,1,0.4167,239,99.5833,40,197,1,2,fullownr_proxy,between transfer events; residency from 2026 fullownr proxy applied after first transfer; historical owner addresses not in sales extract
tmk,239004082,2012/01/19,2012/02/15,240,16.8750,82.2917,0.8333,1,0.4167,239,99.5833,40,197,1,2,fullownr_proxy,between transfer events; residency from 2026 fullownr proxy applied after first transfer; historical owner addresses not in sales extract
tmk,239004082,2012/02/16,2012/03/13,240,16.8750,82.2917,0.8333,1,0.4167,239,99.5833,40,197,1,2,fullownr_proxy,between transfer events; residency from 2026 fullownr proxy applied after first transfer; historical owner addresses not in sales extract
tmk,239004082,2012/03/14,2012/05/07,240,16.8750,82.2917,0.8333,1,0.4167,239,99.5833,40,197,1,2,fullownr_proxy,between transfer events; residency from 2026 fullownr proxy applied after first transfer; historical owner addresses not in sales extract
tmk,239004082,2012/05/08,2012/06/22,240,16.8750,82.2917,0.8333,1,0.4167,239,99.5833,40,197,1,2,fullownr_proxy,between transfer events; residency from 2026 fullownr proxy applied after first transfer; historical owner addresses not in sales extract
tmk,239004082,2012/06/23,2012/08/21,240,16.8750,82.2917,0.8333,1,0.4167,239,99.5833,40,197,1,2,fullownr_proxy,between transfer events; residency from 2026 fullownr proxy applied after first transfer; historical owner addresses not in sales extract
tmk,239004082,2012/08/22,2012/10/22,240,16.8750,82.2917,0.8333,1,0.4167,239,99.5833,40,197,1,2,fullownr_proxy,between transfer events; residency from 2026 fullownr proxy applied after first transfer; historical owner addresses not in sales extract
tmk,239004082,2012/10/23,2012/10/24,240,16.8750,82.2917,0.8333,1,0.4167,239,99.5833,40,197,1,2,fullownr_proxy,between transfer events; residency from 2026 fullownr proxy applied after first transfer; historical owner addresses not in sales extract
tmk,239004082,2012/10/25,2012/11/24,240,16.8750,82.2917,0.8333,1,0.4167,239,99.5833,40,197,1,2,fullownr_proxy,between transfer events; residency from 2026 fullownr proxy applied after first transfer; historical owner addresses not in sales extract
tmk,239004082,2012/11/25,2013/02/03,240,16.8750,82.2917,0.8333,1,0.4167,239,99.5833,40,197,1,2,fullownr_proxy,between transfer events; residency from 2026 fullownr proxy applied after first transfer; historical owner addresses not in sales extract
tmk,239004082,2013/02/04,2013/02/05,240,16.8750,82.2917,0.8333,1,0.4167,239,99.5833,40,197,1,2,fullownr_proxy,between transfer events; residency from 2026 fullownr proxy applied after first transfer; historical owner addresses not in sales extract
tmk,239004082,2013/02/06,2013/02/06,240,16.8750,82.2917,0.8333,1,0.4167,239,99.5833,40,197,1,2,fullownr_proxy,between transfer events; residency from 2026 fullownr proxy applied after first transfer; historical owner addresses not in sales extract
tmk,239004082,2013/02/07,2013/03/14,240,16.8750,82.2917,0.8333,1,0.4167,239,99.5833,40,197,1,2,fullownr_proxy,between transfer events; residency from 2026 fullownr proxy applied after first transfer; historical owner addresses not in sales extract
tmk,239004082,2013/03/15,2013/03/21,240,16.8750,82.2917,0.8333,1,0.4167,239,99.5833,40,197,1,2,fullownr_proxy,between transfer events; residency from 2026 fullownr proxy applied after first transfer; historical owner addresses not in sales extract
tmk,239004082,2013/03/22,2013/03/24,240,16.8750,82.2917,0.8333,1,0.4167,239,99.5833,40,197,1,2,fullownr_proxy,between transfer events; residency from 2026 fullownr proxy applied after first transfer; historical owner addresses not in sales extract
tmk,239004082,2013/03/25,2013/04/01,240,16.8750,82.2917,0.8333,1,0.4167,239,99.5833,40,197,1,2,fullownr_proxy,between transfer events; residency from 2026 fullownr proxy applied after first transfer; historical owner addresses not in sales extract
tmk,239004082,2013/04/02,2013/04/08,240,16.8750,82.2917,0.8333,1,0.4167,239,99.5833,40,197,1,2,fullownr_proxy,between transfer events; residency from 2026 fullownr proxy applied after first transfer; historical owner addresses not in sales extract
tmk,239004082,2013/04/09,2013/04/25,240,16.8750,82.2917,0.8333,1,0.4167,239,99.5833,40,197,1,2,fullownr_proxy,between transfer events; residency from 2026 fullownr proxy applied after first transfer; historical owner addresses not in sales extract
tmk,239004082,2013/04/26,2013/04/29,240,16.8750,82.2917,0.8333,1,0.4167,239,99.5833,40,197,1,2,fullownr_proxy,between transfer events; residency from 2026 fullownr proxy applied after first transfer; historical owner addresses not in sales extract
tmk,239004082,2013/04/30,2013/05/07,240,16.8750,82.2917,0.8333,1,0.4167,239,99.5833,40,197,1,2,fullownr_proxy,between transfer events; residency from 2026 fullownr proxy applied after first transfer; historical owner addresses not in sales extract
tmk,239004082,2013/05/08,2013/05/21,240,16.8750,82.2917,0.8333,1,0.4167,239,99.5833,40,197,1,2,fullownr_proxy,between transfer events; residency from 2026 fullownr proxy applied after first transfer; historical owner addresses not in sales extract
tmk,239004082,2013/05/22,2013/06/09,240,16.8750,82.2917,0.8333,1,0.4167,239,99.5833,40,197,1,2,fullownr_proxy,between transfer events; residency from 2026 fullownr proxy applied after first transfer; historical owner addresses not in sales extract
tmk,239004082,2013/06/10,2013/06/11,240,16.8750,82.2917,0.8333,1,0.4167,239,99.5833,40,197,1,2,fullownr_proxy,between transfer events; residency from 2026 fullownr proxy applied after first transfer; historical owner addresses not in sales extract
tmk,239004082,2013/06/12,2013/06/23,240,16.8750,82.2917,0.8333,1,0.4167,239,99.5833,40,197,1,2,fullownr_proxy,between transfer events; residency from 2026 fullownr proxy applied after first transfer; historical owner addresses not in sales extract
tmk,239004082,2013/06/24,2013/06/25,240,16.8750,82.2917,0.8333,1,0.4167,239,99.5833,40,197,1,2,fullownr_proxy,between transfer events; residency from 2026 fullownr proxy applied after first transfer; historical owner addresses not in sales extract
tmk,239004082,2013/06/26,2013/07/18,240,16.8750,82.2917,0.8333,1,0.4167,239,99.5833,40,197,1,2,fullownr_proxy,between transfer events; residency from 2026 fullownr proxy applied after first transfer; historical owner addresses not in sales extract
tmk,239004082,2013/07/19,2013/07/22,240,16.8750,82.2917,0.8333,1,0.4167,239,99.5833,40,197,1,2,fullownr_proxy,between transfer events; residency from 2026 fullownr proxy applied after first transfer; historical owner addresses not in sales extract
tmk,239004082,2013/07/23,2013/07/23,240,16.8750,82.2917,0.8333,1,0.4167,239,99.5833,40,197,1,2,fullownr_proxy,between transfer events; residency from 2026 fullownr proxy applied after first transfer; historical owner addresses not in sales extract
tmk,239004082,2013/07/24,2013/07/24,240,16.8750,82.2917,0.8333,1,0.4167,239,99.5833,40,197,1,2,fullownr_proxy,between transfer events; residency from 2026 fullownr proxy applied after first transfer; historical owner addresses not in sales extract
tmk,239004082,2013/07/25,2013/08/01,240,16.8750,82.2917,0.8333,1,0.4167,239,99.5833,40,197,1,2,fullownr_proxy,between transfer events; residency from 2026 fullownr proxy applied after first transfer; historical owner addresses not in sales extract
tmk,239004082,2013/08/02,2013/08/11,240,16.8750,82.2917,0.8333,1,0.4167,239,99.5833,40,197,1,2,fullownr_proxy,between transfer events; residency from 2026 fullownr proxy applied after first transfer; historical owner addresses not in sales extract
tmk,239004082,2013/08/12,2013/08/29,240,16.8750,82.2917,0.8333,1,0.4167,239,99.5833,40,197,1,2,fullownr_proxy,between transfer events; residency from 2026 fullownr proxy applied after first transfer; historical owner addresses not in sales extract
tmk,239004082,2013/08/30,2013/09/16,240,16.8750,82.2917,0.8333,1,0.4167,239,99.5833,40,197,1,2,fullownr_proxy,between transfer events; residency from 2026 fullownr proxy applied after first transfer; historical owner addresses not in sales extract
tmk,239004082,2013/09/17,2013/10/25,240,16.8750,82.2917,0.8333,1,0.4167,239,99.5833,40,197,1,2,fullownr_proxy,between transfer events; residency from 2026 fullownr proxy applied after first transfer; historical owner addresses not in sales extract
tmk,239004082,2013/10/26,2013/11/21,240,16.8750,82.2917,0.8333,1,0.4167,239,99.5833,40,197,1,2,fullownr_proxy,between transfer events; residency from 2026 fullownr proxy applied after first transfer; historical owner addresses not in sales extract
tmk,239004082,2013/11/22,2013/12/10,240,16.8750,82.2917,0.8333,1,0.4167,239,99.5833,40,197,1,2,fullownr_proxy,between transfer events; residency from 2026 fullownr proxy applied after first transfer; historical owner addresses not in sales extract
tmk,239004082,2013/12/11,2014/01/07,240,16.8750,82.2917,0.8333,1,0.4167,239,99.5833,40,197,1,2,fullownr_proxy,between transfer events; residency from 2026 fullownr proxy applied after first transfer; historical owner addresses not in sales extract
tmk,239004082,2014/01/08,2014/01/15,240,16.8750,82.2917,0.8333,1,0.4167,239,99.5833,40,197,1,2,fullownr_proxy,between transfer events; residency from 2026 fullownr proxy applied after first transfer; historical owner addresses not in sales extract
tmk,239004082,2014/01/16,2014/02/26,240,16.8750,82.2917,0.8333,1,0.4167,239,99.5833,40,197,1,2,fullownr_proxy,between transfer events; residency from 2026 fullownr proxy applied after first transfer; historical owner addresses not in sales extract
tmk,239004082,2014/02/27,2014/03/13,240,16.8750,82.2917,0.8333,1,0.4167,239,99.5833,40,197,1,2,fullownr_proxy,between transfer events; residency from 2026 fullownr proxy applied after first transfer; historical owner addresses not in sales extract
tmk,239004082,2014/03/14,2014/03/17,240,16.8750,82.2917,0.8333,1,0.4167,239,99.5833,40,197,1,2,fullownr_proxy,between transfer events; residency from 2026 fullownr proxy applied after first transfer; historical owner addresses not in sales extract
tmk,239004082,2014/03/18,2014/04/28,240,16.8750,82.2917,0.8333,1,0.4167,239,99.5833,40,197,1,2,fullownr_proxy,between transfer events; residency from 2026 fullownr proxy applied after first transfer; historical owner addresses not in sales extract
tmk,239004082,2014/04/29,2014/05/01,240,16.8750,82.2917,0.8333,1,0.4167,239,99.5833,40,197,1,2,fullownr_proxy,between transfer events; residency from 2026 fullownr proxy applied after first transfer; historical owner addresses not in sales extract
tmk,239004082,2014/05/02,2014/06/01,240,16.8750,82.2917,0.8333,1,0.4167,239,99.5833,40,197,1,2,fullownr_proxy,between transfer events; residency from 2026 fullownr proxy applied after first transfer; historical owner addresses not in sales extract
tmk,239004082,2014/06/02,2014/06/04,240,16.8750,82.2917,0.8333,1,0.4167,239,99.5833,40,197,1,2,fullownr_proxy,between transfer events; residency from 2026 fullownr proxy applied after first transfer; historical owner addresses not in sales extract
tmk,239004082,2014/06/05,2014/06/05,240,16.8750,82.2917,0.8333,1,0.4167,239,99.5833,40,197,1,2,fullownr_proxy,between transfer events; residency from 2026 fullownr proxy applied after first transfer; historical owner addresses not in sales extract
tmk,239004082,2014/06/06,2014/06/23,240,16.8750,82.2917,0.8333,1,0.4167,239,99.5833,40,197,1,2,fullownr_proxy,between transfer events; residency from 2026 fullownr proxy applied after first transfer; historical owner addresses not in sales extract
tmk,239004082,2014/06/24,2014/06/25,240,16.8750,82.2917,0.8333,1,0.4167,239,99.5833,40,197,1,2,fullownr_proxy,between transfer events; residency from 2026 fullownr proxy applied after first transfer; historical owner addresses not in sales extract
tmk,239004082,2014/06/26,2014/09/14,240,16.8750,82.2917,0.8333,1,0.4167,239,99.5833,40,197,1,2,fullownr_proxy,between transfer events; residency from 2026 fullownr proxy applied after first transfer; historical owner addresses not in sales extract
tmk,239004082,2014/09/15,2014/09/18,240,16.8750,82.2917,0.8333,1,0.4167,239,99.5833,40,197,1,2,fullownr_proxy,between transfer events; residency from 2026 fullownr proxy applied after first transfer; historical owner addresses not in sales extract
tmk,239004082,2014/09/19,2014/10/05,240,16.8750,82.2917,0.8333,1,0.4167,239,99.5833,40,197,1,2,fullownr_proxy,between transfer events; residency from 2026 fullownr proxy applied after first transfer; historical owner addresses not in sales extract
tmk,239004082,2014/10/06,2014/10/20,240,16.8750,82.2917,0.8333,1,0.4167,239,99.5833,40,197,1,2,fullownr_proxy,between transfer events; residency from 2026 fullownr proxy applied after first transfer; historical owner addresses not in sales extract
tmk,239004082,2014/10/21,2014/10/23,240,16.8750,82.2917,0.8333,1,0.4167,239,99.5833,40,197,1,2,fullownr_proxy,between transfer events; residency from 2026 fullownr proxy applied after first transfer; historical owner addresses not in sales extract
tmk,239004082,2014/10/24,2014/11/19,240,16.8750,82.2917,0.8333,1,0.4167,239,99.5833,40,197,1,2,fullownr_proxy,between transfer events; residency from 2026 fullownr proxy applied after first transfer; historical owner addresses not in sales extract
tmk,239004082,2014/11/20,2014/12/10,240,16.8750,82.2917,0.8333,1,0.4167,239,99.5833,40,197,1,2,fullownr_proxy,between transfer events; residency from 2026 fullownr proxy applied after first transfer; historical owner addresses not in sales extract
tmk,239004082,2014/12/11,2015/01/12,240,16.8750,82.2917,0.8333,1,0.4167,239,99.5833,40,197,1,2,fullownr_proxy,between transfer events; residency from 2026 fullownr proxy applied after first transfer; historical owner addresses not in sales extract
tmk,239004082,2015/01/13,2015/01/26,240,16.8750,82.2917,0.8333,1,0.4167,239,99.5833,40,197,1,2,fullownr_proxy,between transfer events; residency from 2026 fullownr proxy applied after first transfer; historical owner addresses not in sales extract
tmk,239004082,2015/01/27,2015/02/02,240,16.8750,82.2917,0.8333,1,0.4167,239,99.5833,40,197,1,2,fullownr_proxy,between transfer events; residency from 2026 fullownr proxy applied after first transfer; historical owner addresses not in sales extract
tmk,239004082,2015/02/03,2015/03/03,240,16.8750,82.2917,0.8333,1,0.4167,239,99.5833,40,197,1,2,fullownr_proxy,between transfer events; residency from 2026 fullownr proxy applied after first transfer; historical owner addresses not in sales extract
tmk,239004082,2015/03/04,2015/03/24,240,16.8750,82.2917,0.8333,1,0.4167,239,99.5833,40,197,1,2,fullownr_proxy,between transfer events; residency from 2026 fullownr proxy applied after first transfer; historical owner addresses not in sales extract
tmk,239004082,2015/03/25,2015/04/08,240,16.8750,82.2917,0.8333,1,0.4167,239,99.5833,40,197,1,2,fullownr_proxy,between transfer events; residency from 2026 fullownr proxy applied after first transfer; historical owner addresses not in sales extract
tmk,239004082,2015/04/09,2015/04/15,240,16.8750,82.2917,0.8333,1,0.4167,239,99.5833,40,197,1,2,fullownr_proxy,between transfer events; residency from 2026 fullownr proxy applied after first transfer; historical owner addresses not in sales extract
tmk,239004082,2015/04/16,2015/06/08,240,16.8750,82.2917,0.8333,1,0.4167,239,99.5833,40,197,1,2,fullownr_proxy,between transfer events; residency from 2026 fullownr proxy applied after first transfer; historical owner addresses not in sales extract
tmk,239004082,2015/06/09,2015/06/17,240,16.8750,82.2917,0.8333,1,0.4167,239,99.5833,40,197,1,2,fullownr_proxy,between transfer events; residency from 2026 fullownr proxy applied after first transfer; historical owner addresses not in sales extract
tmk,239004082,2015/06/18,2015/06/24,240,16.8750,82.2917,0.8333,1,0.4167,239,99.5833,40,197,1,2,fullownr_proxy,between transfer events; residency from 2026 fullownr proxy applied after first transfer; historical owner addresses not in sales extract
tmk,239004082,2015/06/25,2015/06/25,240,16.8750,82.2917,0.8333,1,0.4167,239,99.5833,40,197,1,2,fullownr_proxy,between transfer events; residency from 2026 fullownr proxy applied after first transfer; historical owner addresses not in sales extract
tmk,239004082,2015/06/26,2015/08/09,240,16.8750,82.2917,0.8333,1,0.4167,239,99.5833,40,197,1,2,fullownr_proxy,between transfer events; residency from 2026 fullownr proxy applied after first transfer; historical owner addresses not in sales extract
tmk,239004082,2015/08/10,2015/09/14,240,16.8750,82.2917,0.8333,1,0.4167,239,99.5833,40,197,1,2,fullownr_proxy,between transfer events; residency from 2026 fullownr proxy applied after first transfer; historical owner addresses not in sales extract
tmk,239004082,2015/09/15,2015/10/02,240,16.8750,82.2917,0.8333,1,0.4167,239,99.5833,40,197,1,2,fullownr_proxy,between transfer events; residency from 2026 fullownr proxy applied after first transfer; historical owner addresses not in sales extract
tmk,239004082,2015/10/03,2015/11/05,240,16.8750,82.2917,0.8333,1,0.4167,239,99.5833,40,197,1,2,fullownr_proxy,between transfer events; residency from 2026 fullownr proxy applied after first transfer; historical owner addresses not in sales extract
tmk,239004082,2015/11/06,2015/11/11,240,16.8750,82.2917,0.8333,1,0.4167,239,99.5833,40,197,1,2,fullownr_proxy,between transfer events; residency from 2026 fullownr proxy applied after first transfer; historical owner addresses not in sales extract
tmk,239004082,2015/11/12,2015/12/09,240,16.8750,82.2917,0.8333,1,0.4167,239,99.5833,40,197,1,2,fullownr_proxy,between transfer events; residency from 2026 fullownr proxy applied after first transfer; historical owner addresses not in sales extract
tmk,239004082,2015/12/10,2016/01/26,240,16.8750,82.2917,0.8333,1,0.4167,239,99.5833,40,197,1,2,fullownr_proxy,between transfer events; residency from 2026 fullownr proxy applied after first transfer; historical owner addresses not in sales extract
tmk,239004082,2016/01/27,2016/07/06,240,16.8750,82.2917,0.8333,1,0.4167,239,99.5833,40,197,1,2,fullownr_proxy,between transfer events; residency from 2026 fullownr proxy applied after first transfer; historical owner addresses not in sales extract
tmk,239004082,2016/07/07,2016/07/26,240,16.8750,82.2917,0.8333,1,0.4167,239,99.5833,40,197,1,2,fullownr_proxy,between transfer events; residency from 2026 fullownr proxy applied after first transfer; historical owner addresses not in sales extract
tmk,239004082,2016/07/27,2016/07/27,240,16.8750,82.2917,0.8333,1,0.4167,239,99.5833,40,197,1,2,fullownr_proxy,between transfer events; residency from 2026 fullownr proxy applied after first transfer; historical owner addresses not in sales extract
tmk,239004082,2016/07/28,2016/08/03,240,16.8750,82.2917,0.8333,1,0.4167,239,99.5833,40,197,1,2,fullownr_proxy,between transfer events; residency from 2026 fullownr proxy applied after first transfer; historical owner addresses not in sales extract
tmk,239004082,2016/08/04,2016/10/23,240,16.8750,82.2917,0.8333,1,0.4167,239,99.5833,40,197,1,2,fullownr_proxy,between transfer events; residency from 2026 fullownr proxy applied after first transfer; historical owner addresses not in sales extract
tmk,239004082,2016/10/24,2016/10/30,240,16.8750,82.2917,0.8333,1,0.4167,239,99.5833,40,197,1,2,fullownr_proxy,between transfer events; residency from 2026 fullownr proxy applied after first transfer; historical owner addresses not in sales extract
tmk,239004082,2016/10/31,2016/11/10,240,16.8750,82.2917,0.8333,1,0.4167,239,99.5833,40,197,1,2,fullownr_proxy,between transfer events; residency from 2026 fullownr proxy applied after first transfer; historical owner addresses not in sales extract
tmk,239004082,2016/11/11,2016/11/16,240,16.8750,82.2917,0.8333,1,0.4167,239,99.5833,40,197,1,2,fullownr_proxy,between transfer events; residency from 2026 fullownr proxy applied after first transfer; historical owner addresses not in sales extract
tmk,239004082,2016/11/17,2016/11/27,240,16.8750,82.2917,0.8333,1,0.4167,239,99.5833,40,197,1,2,fullownr_proxy,between transfer events; residency from 2026 fullownr proxy applied after first transfer; historical owner addresses not in sales extract
tmk,239004082,2016/11/28,2016/12/18,240,16.8750,82.2917,0.8333,1,0.4167,239,99.5833,40,197,1,2,fullownr_proxy,between transfer events; residency from 2026 fullownr proxy applied after first transfer; historical owner addresses not in sales extract
tmk,239004082,2016/12/19,2017/01/05,240,16.8750,82.2917,0.8333,1,0.4167,239,99.5833,40,197,1,2,fullownr_proxy,between transfer events; residency from 2026 fullownr proxy applied after first transfer; historical owner addresses not in sales extract
tmk,239004082,2017/01/06,2017/01/17,240,16.8750,82.2917,0.8333,1,0.4167,239,99.5833,40,197,1,2,fullownr_proxy,between transfer events; residency from 2026 fullownr proxy applied after first transfer; historical owner addresses not in sales extract
tmk,239004082,2017/01/18,2017/02/13,240,16.8750,82.2917,0.8333,1,0.4167,239,99.5833,40,197,1,2,fullownr_proxy,between transfer events; residency from 2026 fullownr proxy applied after first transfer; historical owner addresses not in sales extract
tmk,239004082,2017/02/14,2017/03/10,240,16.8750,82.2917,0.8333,1,0.4167,239,99.5833,40,197,1,2,fullownr_proxy,between transfer events; residency from 2026 fullownr proxy applied after first transfer; historical owner addresses not in sales extract
tmk,239004082,2017/03/11,2017/04/22,240,16.8750,82.2917,0.8333,1,0.4167,239,99.5833,40,197,1,2,fullownr_proxy,between transfer events; residency from 2026 fullownr proxy applied after first transfer; historical owner addresses not in sales extract
tmk,239004082,2017/04/23,2017/04/27,240,16.8750,82.2917,0.8333,1,0.4167,239,99.5833,40,197,1,2,fullownr_proxy,between transfer events; residency from 2026 fullownr proxy applied after first transfer; historical owner addresses not in sales extract
tmk,239004082,2017/04/28,2017/05/15,240,16.8750,82.2917,0.8333,1,0.4167,239,99.5833,40,197,1,2,fullownr_proxy,between transfer events; residency from 2026 fullownr proxy applied after first transfer; historical owner addresses not in sales extract
tmk,239004082,2017/05/16,2017/05/17,240,16.8750,82.2917,0.8333,1,0.4167,239,99.5833,40,197,1,2,fullownr_proxy,between transfer events; residency from 2026 fullownr proxy applied after first transfer; historical owner addresses not in sales extract
tmk,239004082,2017/05/18,2017/07/09,240,16.8750,82.2917,0.8333,1,0.4167,239,99.5833,40,197,1,2,fullownr_proxy,between transfer events; residency from 2026 fullownr proxy applied after first transfer; historical owner addresses not in sales extract
tmk,239004082,2017/07/10,2017/07/31,240,16.8750,82.2917,0.8333,1,0.4167,239,99.5833,40,197,1,2,fullownr_proxy,between transfer events; residency from 2026 fullownr proxy applied after first transfer; historical owner addresses not in sales extract
tmk,239004082,2017/08/01,2017/08/06,240,16.8750,82.2917,0.8333,1,0.4167,239,99.5833,40,197,1,2,fullownr_proxy,between transfer events; residency from 2026 fullownr proxy applied after first transfer; historical owner addresses not in sales extract
tmk,239004082,2017/08/07,2017/08/14,240,16.8750,82.2917,0.8333,1,0.4167,239,99.5833,40,197,1,2,fullownr_proxy,between transfer events; residency from 2026 fullownr proxy applied after first transfer; historical owner addresses not in sales extract
tmk,239004082,2017/08/15,2017/09/17,240,16.8750,82.2917,0.8333,1,0.4167,239,99.5833,40,197,1,2,fullownr_proxy,between transfer events; residency from 2026 fullownr proxy applied after first transfer; historical owner addresses not in sales extract
tmk,239004082,2017/09/18,2017/09/19,240,16.8750,82.2917,0.8333,1,0.4167,239,99.5833,40,197,1,2,fullownr_proxy,between transfer events; residency from 2026 fullownr proxy applied after first transfer; historical owner addresses not in sales extract
tmk,239004082,2017/09/20,2017/10/02,240,16.8750,82.2917,0.8333,1,0.4167,239,99.5833,40,197,1,2,fullownr_proxy,between transfer events; residency from 2026 fullownr proxy applied after first transfer; historical owner addresses not in sales extract
tmk,239004082,2017/10/03,2017/10/03,240,16.8750,82.2917,0.8333,1,0.4167,239,99.5833,40,197,1,2,fullownr_proxy,between transfer events; residency from 2026 fullownr proxy applied after first transfer; historical owner addresses not in sales extract
tmk,239004082,2017/10/04,2017/10/04,240,16.8750,82.2917,0.8333,1,0.4167,239,99.5833,40,197,1,2,fullownr_proxy,between transfer events; residency from 2026 fullownr proxy applied after first transfer; historical owner addresses not in sales extract
tmk,239004082,2017/10/05,2017/10/22,240,16.8750,82.2917,0.8333,1,0.4167,239,99.5833,40,197,1,2,fullownr_proxy,between transfer events; residency from 2026 fullownr proxy applied after first transfer; historical owner addresses not in sales extract
tmk,239004082,2017/10/23,2017/11/02,240,16.8750,82.2917,0.8333,1,0.4167,239,99.5833,40,197,1,2,fullownr_proxy,between transfer events; residency from 2026 fullownr proxy applied after first transfer; historical owner addresses not in sales extract
tmk,239004082,2017/11/03,2017/11/08,240,16.8750,82.2917,0.8333,1,0.4167,239,99.5833,40,197,1,2,fullownr_proxy,between transfer events; residency from 2026 fullownr proxy applied after first transfer; historical owner addresses not in sales extract
tmk,239004082,2017/11/09,2017/11/14,240,16.8750,82.2917,0.8333,1,0.4167,239,99.5833,40,197,1,2,fullownr_proxy,between transfer events; residency from 2026 fullownr proxy applied after first transfer; historical owner addresses not in sales extract
tmk,239004082,2017/11/15,2017/11/19,240,16.8750,82.2917,0.8333,1,0.4167,239,99.5833,40,197,1,2,fullownr_proxy,between transfer events; residency from 2026 fullownr proxy applied after first transfer; historical owner addresses not in sales extract
tmk,239004082,2017/11/20,2017/11/21,240,16.8750,82.2917,0.8333,1,0.4167,239,99.5833,40,197,1,2,fullownr_proxy,between transfer events; residency from 2026 fullownr proxy applied after first transfer; historical owner addresses not in sales extract
tmk,239004082,2017/11/22,2017/12/19,240,16.8750,82.2917,0.8333,1,0.4167,239,99.5833,40,197,1,2,fullownr_proxy,between transfer events; residency from 2026 fullownr proxy applied after first transfer; historical owner addresses not in sales extract
tmk,239004082,2017/12/20,2017/12/20,240,16.8750,82.2917,0.8333,1,0.4167,239,99.5833,40,197,1,2,fullownr_proxy,between transfer events; residency from 2026 fullownr proxy applied after first transfer; historical owner addresses not in sales extract
tmk,239004082,2017/12/21,2017/12/21,240,16.8750,82.2917,0.8333,1,0.4167,239,99.5833,40,197,1,2,fullownr_proxy,between transfer events; residency from 2026 fullownr proxy applied after first transfer; historical owner addresses not in sales extract
tmk,239004082,2017/12/22,2017/12/25,240,16.8750,82.2917,0.8333,1,0.4167,239,99.5833,40,197,1,2,fullownr_proxy,between transfer events; residency from 2026 fullownr proxy applied after first transfer; historical owner addresses not in sales extract
tmk,239004082,2017/12/26,2018/01/03,240,16.8750,82.2917,0.8333,1,0.4167,239,99.5833,40,197,1,2,fullownr_proxy,between transfer events; residency from 2026 fullownr proxy applied after first transfer; historical owner addresses not in sales extract
tmk,239004082,2018/01/04,2018/01/11,240,16.8750,82.2917,0.8333,1,0.4167,239,99.5833,40,197,1,2,fullownr_proxy,between transfer events; residency from 2026 fullownr proxy applied after first transfer; historical owner addresses not in sales extract
tmk,239004082,2018/01/12,2018/01/25,240,16.8750,82.2917,0.8333,1,0.4167,239,99.5833,40,197,1,2,fullownr_proxy,between transfer events; residency from 2026 fullownr proxy applied after first transfer; historical owner addresses not in sales extract
tmk,239004082,2018/01/26,2018/02/11,240,16.8750,82.2917,0.8333,1,0.4167,239,99.5833,40,197,1,2,fullownr_proxy,between transfer events; residency from 2026 fullownr proxy applied after first transfer; historical owner addresses not in sales extract
tmk,239004082,2018/02/12,2018/03/01,240,16.8750,82.2917,0.8333,1,0.4167,239,99.5833,40,197,1,2,fullownr_proxy,between transfer events; residency from 2026 fullownr proxy applied after first transfer; historical owner addresses not in sales extract
tmk,239004082,2018/03/02,2018/03/11,240,16.8750,82.2917,0.8333,1,0.4167,239,99.5833,40,197,1,2,fullownr_proxy,between transfer events; residency from 2026 fullownr proxy applied after first transfer; historical owner addresses not in sales extract
tmk,239004082,2018/03/12,2018/03/18,240,16.8750,82.2917,0.8333,1,0.4167,239,99.5833,40,197,1,2,fullownr_proxy,between transfer events; residency from 2026 fullownr proxy applied after first transfer; historical owner addresses not in sales extract
tmk,239004082,2018/03/19,2018/03/29,240,16.8750,82.2917,0.8333,1,0.4167,239,99.5833,40,197,1,2,fullownr_proxy,between transfer events; residency from 2026 fullownr proxy applied after first transfer; historical owner addresses not in sales extract
tmk,239004082,2018/03/30,2018/03/30,240,16.8750,82.2917,0.8333,1,0.4167,239,99.5833,40,197,1,2,fullownr_proxy,between transfer events; residency from 2026 fullownr proxy applied after first transfer; historical owner addresses not in sales extract
tmk,239004082,2018/03/31,2018/05/03,240,16.8750,82.2917,0.8333,1,0.4167,239,99.5833,40,197,1,2,fullownr_proxy,between transfer events; residency from 2026 fullownr proxy applied after first transfer; historical owner addresses not in sales extract
tmk,239004082,2018/05/04,2018/05/10,240,16.8750,82.2917,0.8333,1,0.4167,239,99.5833,40,197,1,2,fullownr_proxy,between transfer events; residency from 2026 fullownr proxy applied after first transfer; historical owner addresses not in sales extract
tmk,239004082,2018/05/11,2018/05/21,240,16.8750,82.2917,0.8333,1,0.4167,239,99.5833,40,197,1,2,fullownr_proxy,between transfer events; residency from 2026 fullownr proxy applied after first transfer; historical owner addresses not in sales extract
tmk,239004082,2018/05/22,2018/06/03,240,16.8750,82.2917,0.8333,1,0.4167,239,99.5833,40,197,1,2,fullownr_proxy,between transfer events; residency from 2026 fullownr proxy applied after first transfer; historical owner addresses not in sales extract
tmk,239004082,2018/06/04,2018/06/05,240,16.8750,82.2917,0.8333,1,0.4167,239,99.5833,40,197,1,2,fullownr_proxy,between transfer events; residency from 2026 fullownr proxy applied after first transfer; historical owner addresses not in sales extract
tmk,239004082,2018/06/06,2018/06/14,240,16.8750,82.2917,0.8333,1,0.4167,239,99.5833,40,197,1,2,fullownr_proxy,between transfer events; residency from 2026 fullownr proxy applied after first transfer; historical owner addresses not in sales extract
tmk,239004082,2018/06/15,2018/06/15,240,16.8750,82.2917,0.8333,1,0.4167,239,99.5833,40,197,1,2,fullownr_proxy,between transfer events; residency from 2026 fullownr proxy applied after first transfer; historical owner addresses not in sales extract
tmk,239004082,2018/06/16,2018/07/23,240,16.8750,82.2917,0.8333,1,0.4167,239,99.5833,40,197,1,2,fullownr_proxy,between transfer events; residency from 2026 fullownr proxy applied after first transfer; historical owner addresses not in sales extract
tmk,239004082,2018/07/24,2018/07/26,240,16.8750,82.2917,0.8333,1,0.4167,239,99.5833,40,197,1,2,fullownr_proxy,between transfer events; residency from 2026 fullownr proxy applied after first transfer; historical owner addresses not in sales extract
tmk,239004082,2018/07/27,2018/07/29,240,16.8750,82.2917,0.8333,1,0.4167,239,99.5833,40,197,1,2,fullownr_proxy,between transfer events; residency from 2026 fullownr proxy applied after first transfer; historical owner addresses not in sales extract
tmk,239004082,2018/07/30,2018/08/02,240,16.8750,82.2917,0.8333,1,0.4167,239,99.5833,40,197,1,2,fullownr_proxy,between transfer events; residency from 2026 fullownr proxy applied after first transfer; historical owner addresses not in sales extract
tmk,239004082,2018/08/03,2018/08/13,240,16.8750,82.2917,0.8333,1,0.4167,239,99.5833,40,197,1,2,fullownr_proxy,between transfer events; residency from 2026 fullownr proxy applied after first transfer; historical owner addresses not in sales extract
tmk,239004082,2018/08/14,2018/08/20,240,16.8750,82.2917,0.8333,1,0.4167,239,99.5833,40,197,1,2,fullownr_proxy,between transfer events; residency from 2026 fullownr proxy applied after first transfer; historical owner addresses not in sales extract
tmk,239004082,2018/08/21,2018/08/21,240,16.8750,82.2917,0.8333,1,0.4167,239,99.5833,40,197,1,2,fullownr_proxy,between transfer events; residency from 2026 fullownr proxy applied after first transfer; historical owner addresses not in sales extract
tmk,239004082,2018/08/22,2018/09/20,240,16.8750,82.2917,0.8333,1,0.4167,239,99.5833,40,197,1,2,fullownr_proxy,between transfer events; residency from 2026 fullownr proxy applied after first transfer; historical owner addresses not in sales extract
tmk,239004082,2018/09/21,2018/10/01,240,16.8750,82.2917,0.8333,1,0.4167,239,99.5833,40,197,1,2,fullownr_proxy,between transfer events; residency from 2026 fullownr proxy applied after first transfer; historical owner addresses not in sales extract
tmk,239004082,2018/10/02,2018/10/31,240,16.8750,82.2917,0.8333,1,0.4167,239,99.5833,40,197,1,2,fullownr_proxy,between transfer events; residency from 2026 fullownr proxy applied after first transfer; historical owner addresses not in sales extract
tmk,239004082,2018/11/01,2018/11/20,240,16.8750,82.2917,0.8333,1,0.4167,239,99.5833,40,197,1,2,fullownr_proxy,between transfer events; residency from 2026 fullownr proxy applied after first transfer; historical owner addresses not in sales extract
tmk,239004082,2018/11/21,2018/11/26,240,16.8750,82.2917,0.8333,1,0.4167,239,99.5833,40,197,1,2,fullownr_proxy,between transfer events; residency from 2026 fullownr proxy applied after first transfer; historical owner addresses not in sales extract
tmk,239004082,2018/11/27,2019/01/18,240,16.8750,82.2917,0.8333,1,0.4167,239,99.5833,40,197,1,2,fullownr_proxy,between transfer events; residency from 2026 fullownr proxy applied after first transfer; historical owner addresses not in sales extract
tmk,239004082,2019/01/19,2019/01/20,240,16.8750,82.2917,0.8333,1,0.4167,239,99.5833,40,197,1,2,fullownr_proxy,between transfer events; residency from 2026 fullownr proxy applied after first transfer; historical owner addresses not in sales extract
tmk,239004082,2019/01/21,2019/02/20,240,16.8750,82.2917,0.8333,1,0.4167,239,99.5833,40,197,1,2,fullownr_proxy,between transfer events; residency from 2026 fullownr proxy applied after first transfer; historical owner addresses not in sales extract
tmk,239004082,2019/02/21,2019/03/01,240,16.8750,82.2917,0.8333,1,0.4167,239,99.5833,40,197,1,2,fullownr_proxy,between transfer events; residency from 2026 fullownr proxy applied after first transfer; historical owner addresses not in sales extract
tmk,239004082,2019/03/02,2019/03/08,240,16.8750,82.2917,0.8333,1,0.4167,239,99.5833,40,197,1,2,fullownr_proxy,between transfer events; residency from 2026 fullownr proxy applied after first transfer; historical owner addresses not in sales extract
tmk,239004082,2019/03/09,2019/03/12,240,16.8750,82.2917,0.8333,1,0.4167,239,99.5833,40,197,1,2,fullownr_proxy,between transfer events; residency from 2026 fullownr proxy applied after first transfer; historical owner addresses not in sales extract
tmk,239004082,2019/03/13,2019/03/17,240,16.8750,82.2917,0.8333,1,0.4167,239,99.5833,40,197,1,2,fullownr_proxy,between transfer events; residency from 2026 fullownr proxy applied after first transfer; historical owner addresses not in sales extract
tmk,239004082,2019/03/18,2019/04/04,240,16.8750,82.2917,0.8333,1,0.4167,239,99.5833,40,197,1,2,fullownr_proxy,between transfer events; residency from 2026 fullownr proxy applied after first transfer; historical owner addresses not in sales extract
tmk,239004082,2019/04/05,2019/04/14,240,16.8750,82.2917,0.8333,1,0.4167,239,99.5833,40,197,1,2,fullownr_proxy,between transfer events; residency from 2026 fullownr proxy applied after first transfer; historical owner addresses not in sales extract
tmk,239004082,2019/04/15,2019/04/22,240,16.8750,82.2917,0.8333,1,0.4167,239,99.5833,40,197,1,2,fullownr_proxy,between transfer events; residency from 2026 fullownr proxy applied after first transfer; historical owner addresses not in sales extract
tmk,239004082,2019/04/23,2019/05/03,240,16.8750,82.2917,0.8333,1,0.4167,239,99.5833,40,197,1,2,fullownr_proxy,between transfer events; residency from 2026 fullownr proxy applied after first transfer; historical owner addresses not in sales extract
tmk,239004082,2019/05/04,2019/05/07,240,16.8750,82.2917,0.8333,1,0.4167,239,99.5833,40,197,1,2,fullownr_proxy,between transfer events; residency from 2026 fullownr proxy applied after first transfer; historical owner addresses not in sales extract
tmk,239004082,2019/05/08,2019/05/13,240,16.8750,82.2917,0.8333,1,0.4167,239,99.5833,40,197,1,2,fullownr_proxy,between transfer events; residency from 2026 fullownr proxy applied after first transfer; historical owner addresses not in sales extract
tmk,239004082,2019/05/14,2019/06/12,240,16.8750,82.2917,0.8333,1,0.4167,239,99.5833,40,197,1,2,fullownr_proxy,between transfer events; residency from 2026 fullownr proxy applied after first transfer; historical owner addresses not in sales extract
tmk,239004082,2019/06/13,2019/06/17,240,16.8750,82.2917,0.8333,1,0.4167,239,99.5833,40,197,1,2,fullownr_proxy,between transfer events; residency from 2026 fullownr proxy applied after first transfer; historical owner addresses not in sales extract
tmk,239004082,2019/06/18,2019/06/20,240,16.8750,82.2917,0.8333,1,0.4167,239,99.5833,40,197,1,2,fullownr_proxy,between transfer events; residency from 2026 fullownr proxy applied after first transfer; historical owner addresses not in sales extract
tmk,239004082,2019/06/21,2019/06/23,240,16.8750,82.2917,0.8333,1,0.4167,239,99.5833,40,197,1,2,fullownr_proxy,between transfer events; residency from 2026 fullownr proxy applied after first transfer; historical owner addresses not in sales extract
tmk,239004082,2019/06/24,2019/06/30,240,16.8750,82.2917,0.8333,1,0.4167,239,99.5833,40,197,1,2,fullownr_proxy,between transfer events; residency from 2026 fullownr proxy applied after first transfer; historical owner addresses not in sales extract
tmk,239004082,2019/07/01,2019/07/14,240,16.8750,82.2917,0.8333,1,0.4167,239,99.5833,40,197,1,2,fullownr_proxy,between transfer events; residency from 2026 fullownr proxy applied after first transfer; historical owner addresses not in sales extract
tmk,239004082,2019/07/15,2019/08/07,240,16.8750,82.2917,0.8333,1,0.4167,239,99.5833,40,197,1,2,fullownr_proxy,between transfer events; residency from 2026 fullownr proxy applied after first transfer; historical owner addresses not in sales extract
tmk,239004082,2019/08/08,2019/08/08,240,16.8750,82.2917,0.8333,1,0.4167,239,99.5833,40,197,1,2,fullownr_proxy,between transfer events; residency from 2026 fullownr proxy applied after first transfer; historical owner addresses not in sales extract
tmk,239004082,2019/08/09,2019/08/25,240,16.8750,82.2917,0.8333,1,0.4167,239,99.5833,40,197,1,2,fullownr_proxy,between transfer events; residency from 2026 fullownr proxy applied after first transfer; historical owner addresses not in sales extract
tmk,239004082,2019/08/26,2019/10/30,240,16.8750,82.2917,0.8333,1,0.4167,239,99.5833,40,197,1,2,fullownr_proxy,between transfer events; residency from 2026 fullownr proxy applied after first transfer; historical owner addresses not in sales extract
tmk,239004082,2019/10/31,2019/12/02,240,16.8750,82.2917,0.8333,1,0.4167,239,99.5833,40,197,1,2,fullownr_proxy,between transfer events; residency from 2026 fullownr proxy applied after first transfer; historical owner addresses not in sales extract
tmk,239004082,2019/12/03,2019/12/04,240,16.8750,82.2917,0.8333,1,0.4167,239,99.5833,40,197,1,2,fullownr_proxy,between transfer events; residency from 2026 fullownr proxy applied after first transfer; historical owner addresses not in sales extract
tmk,239004082,2019/12/05,2019/12/29,240,16.8750,82.2917,0.8333,1,0.4167,239,99.5833,40,197,1,2,fullownr_proxy,between transfer events; residency from 2026 fullownr proxy applied after first transfer; historical owner addresses not in sales extract
tmk,239004082,2019/12/30,2020/01/20,240,16.8750,82.2917,0.8333,1,0.4167,239,99.5833,40,197,1,2,fullownr_proxy,between transfer events; residency from 2026 fullownr proxy applied after first transfer; historical owner addresses not in sales extract
tmk,239004082,2020/01/21,2020/02/04,240,16.8750,82.2917,0.8333,1,0.4167,239,99.5833,40,197,1,2,fullownr_proxy,between transfer events; residency from 2026 fullownr proxy applied after first transfer; historical owner addresses not in sales extract
tmk,239004082,2020/02/05,2020/02/05,240,16.8750,82.2917,0.8333,1,0.4167,239,99.5833,40,197,1,2,fullownr_proxy,between transfer events; residency from 2026 fullownr proxy applied after first transfer; historical owner addresses not in sales extract
tmk,239004082,2020/02/06,2020/02/12,240,16.8750,82.2917,0.8333,1,0.4167,239,99.5833,40,197,1,2,fullownr_proxy,between transfer events; residency from 2026 fullownr proxy applied after first transfer; historical owner addresses not in sales extract
tmk,239004082,2020/02/13,2020/03/09,240,16.8750,82.2917,0.8333,1,0.4167,239,99.5833,40,197,1,2,fullownr_proxy,between transfer events; residency from 2026 fullownr proxy applied after first transfer; historical owner addresses not in sales extract
tmk,239004082,2020/03/10,2020/03/16,240,16.8750,82.2917,0.8333,1,0.4167,239,99.5833,40,197,1,2,fullownr_proxy,between transfer events; residency from 2026 fullownr proxy applied after first transfer; historical owner addresses not in sales extract
tmk,239004082,2020/03/17,2020/03/18,240,16.8750,82.2917,0.8333,1,0.4167,239,99.5833,40,197,1,2,fullownr_proxy,between transfer events; residency from 2026 fullownr proxy applied after first transfer; historical owner addresses not in sales extract
tmk,239004082,2020/03/19,2020/04/14,240,16.8750,82.2917,0.8333,1,0.4167,239,99.5833,40,197,1,2,fullownr_proxy,between transfer events; residency from 2026 fullownr proxy applied after first transfer; historical owner addresses not in sales extract
tmk,239004082,2020/04/15,2020/05/13,240,16.8750,82.2917,0.8333,1,0.4167,239,99.5833,40,197,1,2,fullownr_proxy,between transfer events; residency from 2026 fullownr proxy applied after first transfer; historical owner addresses not in sales extract
tmk,239004082,2020/05/14,2020/06/02,240,16.8750,82.2917,0.8333,1,0.4167,239,99.5833,40,197,1,2,fullownr_proxy,between transfer events; residency from 2026 fullownr proxy applied after first transfer; historical owner addresses not in sales extract
tmk,239004082,2020/06/03,2020/06/23,240,16.8750,82.2917,0.8333,1,0.4167,239,99.5833,40,197,1,2,fullownr_proxy,between transfer events; residency from 2026 fullownr proxy applied after first transfer; historical owner addresses not in sales extract
tmk,239004082,2020/06/24,2020/07/01,240,16.8750,82.2917,0.8333,1,0.4167,239,99.5833,40,197,1,2,fullownr_proxy,between transfer events; residency from 2026 fullownr proxy applied after first transfer; historical owner addresses not in sales extract
tmk,239004082,2020/07/02,2020/08/24,240,16.8750,82.2917,0.8333,1,0.4167,239,99.5833,40,197,1,2,fullownr_proxy,between transfer events; residency from 2026 fullownr proxy applied after first transfer; historical owner addresses not in sales extract
tmk,239004082,2020/08/25,2020/09/01,240,16.8750,82.2917,0.8333,1,0.4167,239,99.5833,40,197,1,2,fullownr_proxy,between transfer events; residency from 2026 fullownr proxy applied after first transfer; historical owner addresses not in sales extract
tmk,239004082,2020/09/02,2020/09/20,240,16.8750,82.2917,0.8333,1,0.4167,239,99.5833,40,197,1,2,fullownr_proxy,between transfer events; residency from 2026 fullownr proxy applied after first transfer; historical owner addresses not in sales extract
tmk,239004082,2020/09/21,2020/10/22,240,16.8750,82.2917,0.8333,1,0.4167,239,99.5833,40,197,1,2,fullownr_proxy,between transfer events; residency from 2026 fullownr proxy applied after first transfer; historical owner addresses not in sales extract
tmk,239004082,2020/10/23,2020/12/13,240,16.8750,82.2917,0.8333,1,0.4167,239,99.5833,40,197,1,2,fullownr_proxy,between transfer events; residency from 2026 fullownr proxy applied after first transfer; historical owner addresses not in sales extract
tmk,239004082,2020/12/14,2021/01/05,240,16.8750,82.2917,0.8333,1,0.4167,239,99.5833,40,197,1,2,fullownr_proxy,between transfer events; residency from 2026 fullownr proxy applied after first transfer; historical owner addresses not in sales extract
tmk,239004082,2021/01/06,2021/02/07,240,16.8750,82.2917,0.8333,1,0.4167,239,99.5833,40,197,1,2,fullownr_proxy,between transfer events; residency from 2026 fullownr proxy applied after first transfer; historical owner addresses not in sales extract
tmk,239004082,2021/02/08,2021/02/09,240,16.8750,82.2917,0.8333,1,0.4167,239,99.5833,40,197,1,2,fullownr_proxy,between transfer events; residency from 2026 fullownr proxy applied after first transfer; historical owner addresses not in sales extract
tmk,239004082,2021/02/10,2021/02/15,240,16.8750,82.2917,0.8333,1,0.4167,239,99.5833,40,197,1,2,fullownr_proxy,between transfer events; residency from 2026 fullownr proxy applied after first transfer; historical owner addresses not in sales extract
tmk,239004082,2021/02/16,2021/03/11,240,16.8750,82.2917,0.8333,1,0.4167,239,99.5833,40,197,1,2,fullownr_proxy,between transfer events; residency from 2026 fullownr proxy applied after first transfer; historical owner addresses not in sales extract
tmk,239004082,2021/03/12,2021/03/24,240,16.8750,82.2917,0.8333,1,0.4167,239,99.5833,40,197,1,2,fullownr_proxy,between transfer events; residency from 2026 fullownr proxy applied after first transfer; historical owner addresses not in sales extract
tmk,239004082,2021/03/25,2021/04/04,240,16.8750,82.2917,0.8333,1,0.4167,239,99.5833,40,197,1,2,fullownr_proxy,between transfer events; residency from 2026 fullownr proxy applied after first transfer; historical owner addresses not in sales extract
tmk,239004082,2021/04/05,2021/04/15,240,16.8750,82.2917,0.8333,1,0.4167,239,99.5833,40,197,1,2,fullownr_proxy,between transfer events; residency from 2026 fullownr proxy applied after first transfer; historical owner addresses not in sales extract
tmk,239004082,2021/04/16,2021/04/19,240,16.8750,82.2917,0.8333,1,0.4167,239,99.5833,40,197,1,2,fullownr_proxy,between transfer events; residency from 2026 fullownr proxy applied after first transfer; historical owner addresses not in sales extract
tmk,239004082,2021/04/20,2021/04/25,240,16.8750,82.2917,0.8333,1,0.4167,239,99.5833,40,197,1,2,fullownr_proxy,between transfer events; residency from 2026 fullownr proxy applied after first transfer; historical owner addresses not in sales extract
tmk,239004082,2021/04/26,2021/04/27,240,16.8750,82.7083,0.4167,0,0.0000,240,100.0000,40,198,1,1,fullownr_proxy,between transfer events; residency from 2026 fullownr proxy applied after first transfer; historical owner addresses not in sales extract
tmk,239004082,2021/04/28,2021/05/05,240,16.8750,82.7083,0.4167,0,0.0000,240,100.0000,40,198,1,1,fullownr_proxy,between transfer events; residency from 2026 fullownr proxy applied after first transfer; historical owner addresses not in sales extract
tmk,239004082,2021/05/06,2021/05/12,240,16.8750,82.7083,0.4167,0,0.0000,240,100.0000,40,198,1,1,fullownr_proxy,between transfer events; residency from 2026 fullownr proxy applied after first transfer; historical owner addresses not in sales extract
tmk,239004082,2021/05/13,2021/05/19,240,16.8750,82.7083,0.4167,0,0.0000,240,100.0000,40,198,1,1,fullownr_proxy,between transfer events; residency from 2026 fullownr proxy applied after first transfer; historical owner addresses not in sales extract
tmk,239004082,2021/05/20,2021/05/25,240,16.8750,82.7083,0.4167,0,0.0000,240,100.0000,40,198,1,1,fullownr_proxy,between transfer events; residency from 2026 fullownr proxy applied after first transfer; historical owner addresses not in sales extract
tmk,239004082,2021/05/26,2021/05/27,240,16.8750,82.7083,0.4167,0,0.0000,240,100.0000,40,198,1,1,fullownr_proxy,between transfer events; residency from 2026 fullownr proxy applied after first transfer; historical owner addresses not in sales extract
tmk,239004082,2021/05/28,2021/06/17,240,16.8750,82.7083,0.4167,0,0.0000,240,100.0000,40,198,1,1,fullownr_proxy,between transfer events; residency from 2026 fullownr proxy applied after first transfer; historical owner addresses not in sales extract
tmk,239004082,2021/06/18,2021/06/24,240,16.8750,82.7083,0.4167,0,0.0000,240,100.0000,40,198,1,1,fullownr_proxy,between transfer events; residency from 2026 fullownr proxy applied after first transfer; historical owner addresses not in sales extract
tmk,239004082,2021/06/25,2021/06/30,240,16.8750,82.7083,0.4167,0,0.0000,240,100.0000,40,198,1,1,fullownr_proxy,between transfer events; residency from 2026 fullownr proxy applied after first transfer; historical owner addresses not in sales extract
tmk,239004082,2021/07/01,2021/07/16,240,16.8750,82.7083,0.4167,0,0.0000,240,100.0000,40,198,1,1,fullownr_proxy,between transfer events; residency from 2026 fullownr proxy applied after first transfer; historical owner addresses not in sales extract
tmk,239004082,2021/07/17,2021/07/28,240,16.8750,82.7083,0.4167,0,0.0000,240,100.0000,40,198,1,1,fullownr_proxy,between transfer events; residency from 2026 fullownr proxy applied after first transfer; historical owner addresses not in sales extract
tmk,239004082,2021/07/29,2021/07/29,240,16.8750,82.7083,0.4167,0,0.0000,240,100.0000,40,198,1,1,fullownr_proxy,between transfer events; residency from 2026 fullownr proxy applied after first transfer; historical owner addresses not in sales extract
tmk,239004082,2021/07/30,2021/08/16,240,16.8750,82.7083,0.4167,0,0.0000,240,100.0000,40,198,1,1,fullownr_proxy,between transfer events; residency from 2026 fullownr proxy applied after first transfer; historical owner addresses not in sales extract
tmk,239004082,2021/08/17,2021/08/26,240,16.8750,82.7083,0.4167,0,0.0000,240,100.0000,40,198,1,1,fullownr_proxy,between transfer events; residency from 2026 fullownr proxy applied after first transfer; historical owner addresses not in sales extract
tmk,239004082,2021/08/27,2021/10/05,240,16.8750,82.7083,0.4167,0,0.0000,240,100.0000,40,198,1,1,fullownr_proxy,between transfer events; residency from 2026 fullownr proxy applied after first transfer; historical owner addresses not in sales extract
tmk,239004082,2021/10/06,2021/11/01,240,16.8750,82.7083,0.4167,0,0.0000,240,100.0000,40,198,1,1,fullownr_proxy,between transfer events; residency from 2026 fullownr proxy applied after first transfer; historical owner addresses not in sales extract
tmk,239004082,2021/11/02,2021/11/15,240,16.8750,82.7083,0.4167,0,0.0000,240,100.0000,40,198,1,1,fullownr_proxy,between transfer events; residency from 2026 fullownr proxy applied after first transfer; historical owner addresses not in sales extract
tmk,239004082,2021/11/16,2021/11/16,240,16.8750,82.7083,0.4167,0,0.0000,240,100.0000,40,198,1,1,fullownr_proxy,between transfer events; residency from 2026 fullownr proxy applied after first transfer; historical owner addresses not in sales extract
tmk,239004082,2021/11/17,2021/11/19,240,16.8750,82.7083,0.4167,0,0.0000,240,100.0000,40,198,1,1,fullownr_proxy,between transfer events; residency from 2026 fullownr proxy applied after first transfer; historical owner addresses not in sales extract
tmk,239004082,2021/11/20,2021/11/21,240,16.8750,82.7083,0.4167,0,0.0000,240,100.0000,40,198,1,1,fullownr_proxy,between transfer events; residency from 2026 fullownr proxy applied after first transfer; historical owner addresses not in sales extract
tmk,239004082,2021/11/22,2021/12/01,240,16.8750,82.7083,0.4167,0,0.0000,240,100.0000,40,198,1,1,fullownr_proxy,between transfer events; residency from 2026 fullownr proxy applied after first transfer; historical owner addresses not in sales extract
tmk,239004082,2021/12/02,2021/12/02,240,16.8750,82.7083,0.4167,0,0.0000,240,100.0000,40,198,1,1,fullownr_proxy,between transfer events; residency from 2026 fullownr proxy applied after first transfer; historical owner addresses not in sales extract
tmk,239004082,2021/12/03,2021/12/05,240,16.8750,82.7083,0.4167,0,0.0000,240,100.0000,40,198,1,1,fullownr_proxy,between transfer events; residency from 2026 fullownr proxy applied after first transfer; historical owner addresses not in sales extract
tmk,239004082,2021/12/06,2021/12/20,240,16.8750,82.7083,0.4167,0,0.0000,240,100.0000,40,198,1,1,fullownr_proxy,between transfer events; residency from 2026 fullownr proxy applied after first transfer; historical owner addresses not in sales extract
tmk,239004082,2021/12/21,2022/01/04,240,16.8750,82.7083,0.4167,0,0.0000,240,100.0000,40,198,1,1,fullownr_proxy,between transfer events; residency from 2026 fullownr proxy applied after first transfer; historical owner addresses not in sales extract
tmk,239004082,2022/01/05,2022/02/08,240,16.8750,82.7083,0.4167,0,0.0000,240,100.0000,40,198,1,1,fullownr_proxy,between transfer events; residency from 2026 fullownr proxy applied after first transfer; historical owner addresses not in sales extract
tmk,239004082,2022/02/09,2022/02/09,240,16.8750,82.7083,0.4167,0,0.0000,240,100.0000,40,198,1,1,fullownr_proxy,between transfer events; residency from 2026 fullownr proxy applied after first transfer; historical owner addresses not in sales extract
tmk,239004082,2022/02/10,2022/02/13,240,16.8750,82.7083,0.4167,0,0.0000,240,100.0000,40,198,1,1,fullownr_proxy,between transfer events; residency from 2026 fullownr proxy applied after first transfer; historical owner addresses not in sales extract
tmk,239004082,2022/02/14,2022/02/15,240,16.8750,82.7083,0.4167,0,0.0000,240,100.0000,40,198,1,1,fullownr_proxy,between transfer events; residency from 2026 fullownr proxy applied after first transfer; historical owner addresses not in sales extract
tmk,239004082,2022/02/16,2022/03/25,240,16.8750,82.7083,0.4167,0,0.0000,240,100.0000,40,198,1,1,fullownr_proxy,between transfer events; residency from 2026 fullownr proxy applied after first transfer; historical owner addresses not in sales extract
tmk,239004082,2022/03/26,2022/04/12,240,16.8750,82.7083,0.4167,0,0.0000,240,100.0000,40,198,1,1,fullownr_proxy,between transfer events; residency from 2026 fullownr proxy applied after first transfer; historical owner addresses not in sales extract
tmk,239004082,2022/04/13,2022/06/08,240,16.8750,82.7083,0.4167,0,0.0000,240,100.0000,40,198,1,1,fullownr_proxy,between transfer events; residency from 2026 fullownr proxy applied after first transfer; historical owner addresses not in sales extract
tmk,239004082,2022/06/09,2022/06/22,240,16.8750,82.7083,0.4167,0,0.0000,240,100.0000,40,198,1,1,fullownr_proxy,between transfer events; residency from 2026 fullownr proxy applied after first transfer; historical owner addresses not in sales extract
tmk,239004082,2022/06/23,2022/07/21,240,16.8750,82.7083,0.4167,0,0.0000,240,100.0000,40,198,1,1,fullownr_proxy,between transfer events; residency from 2026 fullownr proxy applied after first transfer; historical owner addresses not in sales extract
tmk,239004082,2022/07/22,2022/08/04,240,16.8750,82.7083,0.4167,0,0.0000,240,100.0000,40,198,1,1,fullownr_proxy,between transfer events; residency from 2026 fullownr proxy applied after first transfer; historical owner addresses not in sales extract
tmk,239004082,2022/08/05,2022/09/19,240,16.8750,82.7083,0.4167,0,0.0000,240,100.0000,40,198,1,1,fullownr_proxy,between transfer events; residency from 2026 fullownr proxy applied after first transfer; historical owner addresses not in sales extract
tmk,239004082,2022/09/20,2022/10/16,240,16.8750,82.7083,0.4167,0,0.0000,240,100.0000,40,198,1,1,fullownr_proxy,between transfer events; residency from 2026 fullownr proxy applied after first transfer; historical owner addresses not in sales extract
tmk,239004082,2022/10/17,2022/10/20,240,16.8750,82.7083,0.4167,0,0.0000,240,100.0000,40,198,1,1,fullownr_proxy,between transfer events; residency from 2026 fullownr proxy applied after first transfer; historical owner addresses not in sales extract
tmk,239004082,2022/10/21,2022/11/08,240,16.8750,82.7083,0.4167,0,0.0000,240,100.0000,40,198,1,1,fullownr_proxy,between transfer events; residency from 2026 fullownr proxy applied after first transfer; historical owner addresses not in sales extract
tmk,239004082,2022/11/09,2022/11/20,240,16.8750,82.7083,0.4167,0,0.0000,240,100.0000,40,198,1,1,fullownr_proxy,between transfer events; residency from 2026 fullownr proxy applied after first transfer; historical owner addresses not in sales extract
tmk,239004082,2022/11/21,2022/12/02,240,16.8750,82.7083,0.4167,0,0.0000,240,100.0000,40,198,1,1,fullownr_proxy,between transfer events; residency from 2026 fullownr proxy applied after first transfer; historical owner addresses not in sales extract
tmk,239004082,2022/12/03,2023/01/03,240,16.8750,82.7083,0.4167,0,0.0000,240,100.0000,40,198,1,1,fullownr_proxy,between transfer events; residency from 2026 fullownr proxy applied after first transfer; historical owner addresses not in sales extract
tmk,239004082,2023/01/04,2023/01/25,240,16.8750,82.7083,0.4167,0,0.0000,240,100.0000,40,198,1,1,fullownr_proxy,between transfer events; residency from 2026 fullownr proxy applied after first transfer; historical owner addresses not in sales extract
tmk,239004082,2023/01/26,2023/02/23,240,16.8750,82.7083,0.4167,0,0.0000,240,100.0000,40,198,1,1,fullownr_proxy,between transfer events; residency from 2026 fullownr proxy applied after first transfer; historical owner addresses not in sales extract
tmk,239004082,2023/02/24,2023/05/03,240,16.8750,82.7083,0.4167,0,0.0000,240,100.0000,40,198,1,1,fullownr_proxy,between transfer events; residency from 2026 fullownr proxy applied after first transfer; historical owner addresses not in sales extract
tmk,239004082,2023/05/04,2023/06/19,240,16.8750,82.7083,0.4167,0,0.0000,240,100.0000,40,198,1,1,fullownr_proxy,between transfer events; residency from 2026 fullownr proxy applied after first transfer; historical owner addresses not in sales extract
tmk,239004082,2023/06/20,2023/07/16,240,16.8750,82.7083,0.4167,0,0.0000,240,100.0000,40,198,1,1,fullownr_proxy,between transfer events; residency from 2026 fullownr proxy applied after first transfer; historical owner addresses not in sales extract
tmk,239004082,2023/07/17,2023/07/18,240,16.8750,82.7083,0.4167,0,0.0000,240,100.0000,40,198,1,1,fullownr_proxy,between transfer events; residency from 2026 fullownr proxy applied after first transfer; historical owner addresses not in sales extract
tmk,239004082,2023/07/19,2023/07/23,240,16.8750,82.7083,0.4167,0,0.0000,240,100.0000,40,198,1,1,fullownr_proxy,between transfer events; residency from 2026 fullownr proxy applied after first transfer; historical owner addresses not in sales extract
tmk,239004082,2023/07/24,2023/08/10,240,16.8750,82.7083,0.4167,0,0.0000,240,100.0000,40,198,1,1,fullownr_proxy,between transfer events; residency from 2026 fullownr proxy applied after first transfer; historical owner addresses not in sales extract
tmk,239004082,2023/08/11,2023/09/12,240,16.8750,82.7083,0.4167,0,0.0000,240,100.0000,40,198,1,1,fullownr_proxy,between transfer events; residency from 2026 fullownr proxy applied after first transfer; historical owner addresses not in sales extract
tmk,239004082,2023/09/13,2023/09/24,240,16.8750,82.7083,0.4167,0,0.0000,240,100.0000,40,198,1,1,fullownr_proxy,between transfer events; residency from 2026 fullownr proxy applied after first transfer; historical owner addresses not in sales extract
tmk,239004082,2023/09/25,2023/09/27,240,16.8750,82.7083,0.4167,0,0.0000,240,100.0000,40,198,1,1,fullownr_proxy,between transfer events; residency from 2026 fullownr proxy applied after first transfer; historical owner addresses not in sales extract
tmk,239004082,2023/09/28,2023/09/28,240,16.8750,82.7083,0.4167,0,0.0000,240,100.0000,40,198,1,1,fullownr_proxy,between transfer events; residency from 2026 fullownr proxy applied after first transfer; historical owner addresses not in sales extract
tmk,239004082,2023/09/29,2023/10/24,240,16.8750,82.7083,0.4167,0,0.0000,240,100.0000,40,198,1,1,fullownr_proxy,between transfer events; residency from 2026 fullownr proxy applied after first transfer; historical owner addresses not in sales extract
tmk,239004082,2023/10/25,2023/11/16,240,16.8750,82.7083,0.4167,0,0.0000,240,100.0000,40,198,1,1,fullownr_proxy,between transfer events; residency from 2026 fullownr proxy applied after first transfer; historical owner addresses not in sales extract
tmk,239004082,2023/11/17,2024/01/24,240,16.8750,82.7083,0.4167,0,0.0000,240,100.0000,40,198,1,1,fullownr_proxy,between transfer events; residency from 2026 fullownr proxy applied after first transfer; historical owner addresses not in sales extract
tmk,239004082,2024/01/25,2024/02/20,240,16.8750,82.7083,0.4167,0,0.0000,240,100.0000,40,198,1,1,fullownr_proxy,between transfer events; residency from 2026 fullownr proxy applied after first transfer; historical owner addresses not in sales extract
tmk,239004082,2024/02/21,2024/02/25,240,16.8750,82.7083,0.4167,0,0.0000,240,100.0000,40,198,1,1,fullownr_proxy,between transfer events; residency from 2026 fullownr proxy applied after first transfer; historical owner addresses not in sales extract
tmk,239004082,2024/02/26,2024/03/03,240,16.8750,82.7083,0.4167,0,0.0000,240,100.0000,40,198,1,1,fullownr_proxy,between transfer events; residency from 2026 fullownr proxy applied after first transfer; historical owner addresses not in sales extract
tmk,239004082,2024/03/04,2024/03/04,240,16.8750,82.7083,0.4167,0,0.0000,240,100.0000,40,198,1,1,fullownr_proxy,between transfer events; residency from 2026 fullownr proxy applied after first transfer; historical owner addresses not in sales extract
tmk,239004082,2024/03/05,2024/03/07,240,16.8750,82.7083,0.4167,0,0.0000,240,100.0000,40,198,1,1,fullownr_proxy,between transfer events; residency from 2026 fullownr proxy applied after first transfer; historical owner addresses not in sales extract
tmk,239004082,2024/03/08,2024/03/14,240,16.8750,82.7083,0.4167,0,0.0000,240,100.0000,40,198,1,1,fullownr_proxy,between transfer events; residency from 2026 fullownr proxy applied after first transfer; historical owner addresses not in sales extract
tmk,239004082,2024/03/15,2024/03/26,240,16.8750,82.7083,0.4167,0,0.0000,240,100.0000,40,198,1,1,fullownr_proxy,between transfer events; residency from 2026 fullownr proxy applied after first transfer; historical owner addresses not in sales extract
tmk,239004082,2024/03/27,2024/04/02,240,16.8750,82.7083,0.4167,0,0.0000,240,100.0000,40,198,1,1,fullownr_proxy,between transfer events; residency from 2026 fullownr proxy applied after first transfer; historical owner addresses not in sales extract
tmk,239004082,2024/04/03,2024/04/03,240,16.8750,82.7083,0.4167,0,0.0000,240,100.0000,40,198,1,1,fullownr_proxy,between transfer events; residency from 2026 fullownr proxy applied after first transfer; historical owner addresses not in sales extract
tmk,239004082,2024/04/04,2024/05/09,240,16.8750,82.7083,0.4167,0,0.0000,240,100.0000,40,198,1,1,fullownr_proxy,between transfer events; residency from 2026 fullownr proxy applied after first transfer; historical owner addresses not in sales extract
tmk,239004082,2024/05/10,2024/05/13,240,16.8750,82.7083,0.4167,0,0.0000,240,100.0000,40,198,1,1,fullownr_proxy,between transfer events; residency from 2026 fullownr proxy applied after first transfer; historical owner addresses not in sales extract
tmk,239004082,2024/05/14,2024/06/20,240,16.8750,82.7083,0.4167,0,0.0000,240,100.0000,40,198,1,1,fullownr_proxy,between transfer events; residency from 2026 fullownr proxy applied after first transfer; historical owner addresses not in sales extract
tmk,239004082,2024/06/21,2024/07/25,240,16.8750,82.7083,0.4167,0,0.0000,240,100.0000,40,198,1,1,fullownr_proxy,between transfer events; residency from 2026 fullownr proxy applied after first transfer; historical owner addresses not in sales extract
tmk,239004082,2024/07/26,2024/09/29,240,16.8750,82.7083,0.4167,0,0.0000,240,100.0000,40,198,1,1,fullownr_proxy,between transfer events; residency from 2026 fullownr proxy applied after first transfer; historical owner addresses not in sales extract
tmk,239004082,2024/09/30,2024/10/14,240,16.8750,82.7083,0.4167,0,0.0000,240,100.0000,40,198,1,1,fullownr_proxy,between transfer events; residency from 2026 fullownr proxy applied after first transfer; historical owner addresses not in sales extract
tmk,239004082,2024/10/15,2024/10/17,240,16.8750,82.7083,0.4167,0,0.0000,240,100.0000,40,198,1,1,fullownr_proxy,between transfer events; residency from 2026 fullownr proxy applied after first transfer; historical owner addresses not in sales extract
tmk,239004082,2024/10/18,2024/11/12,240,16.8750,82.7083,0.4167,0,0.0000,240,100.0000,40,198,1,1,fullownr_proxy,between transfer events; residency from 2026 fullownr proxy applied after first transfer; historical owner addresses not in sales extract
tmk,239004082,2024/11/13,2024/11/14,240,16.8750,82.7083,0.4167,0,0.0000,240,100.0000,40,198,1,1,fullownr_proxy,between transfer events; residency from 2026 fullownr proxy applied after first transfer; historical owner addresses not in sales extract
tmk,239004082,2024/11/15,2024/12/26,240,16.8750,82.7083,0.4167,0,0.0000,240,100.0000,40,198,1,1,fullownr_proxy,between transfer events; residency from 2026 fullownr proxy applied after first transfer; historical owner addresses not in sales extract
tmk,239004082,2024/12/27,2025/02/11,240,16.8750,82.7083,0.4167,0,0.0000,240,100.0000,40,198,1,1,fullownr_proxy,between transfer events; residency from 2026 fullownr proxy applied after first transfer; historical owner addresses not in sales extract
tmk,239004082,2025/02/12,2025/03/13,240,16.8750,82.7083,0.4167,0,0.0000,240,100.0000,40,198,1,1,fullownr_proxy,between transfer events; residency from 2026 fullownr proxy applied after first transfer; historical owner addresses not in sales extract
tmk,239004082,2025/03/14,2025/03/17,240,16.8750,82.7083,0.4167,0,0.0000,240,100.0000,40,198,1,1,fullownr_proxy,between transfer events; residency from 2026 fullownr proxy applied after first transfer; historical owner addresses not in sales extract
tmk,239004082,2025/03/18,2025/03/27,240,16.8750,82.7083,0.4167,0,0.0000,240,100.0000,40,198,1,1,fullownr_proxy,between transfer events; residency from 2026 fullownr proxy applied after first transfer; historical owner addresses not in sales extract
tmk,239004082,2025/03/28,2025/04/17,240,16.8750,82.7083,0.4167,0,0.0000,240,100.0000,40,198,1,1,fullownr_proxy,between transfer events; residency from 2026 fullownr proxy applied after first transfer; historical owner addresses not in sales extract
tmk,239004082,2025/04/18,2025/05/04,240,16.8750,82.7083,0.4167,0,0.0000,240,100.0000,40,198,1,1,fullownr_proxy,between transfer events; residency from 2026 fullownr proxy applied after first transfer; historical owner addresses not in sales extract
tmk,239004082,2025/05/05,2025/05/21,240,16.8750,82.7083,0.4167,0,0.0000,240,100.0000,40,198,1,1,fullownr_proxy,between transfer events; residency from 2026 fullownr proxy applied after first transfer; historical owner addresses not in sales extract
tmk,239004082,2025/05/22,2025/08/11,240,16.8750,82.7083,0.4167,0,0.0000,240,100.0000,40,198,1,1,fullownr_proxy,between transfer events; residency from 2026 fullownr proxy applied after first transfer; historical owner addresses not in sales extract
tmk,239004082,2025/08/12,2025/08/17,240,16.8750,82.7083,0.4167,0,0.0000,240,100.0000,40,198,1,1,fullownr_proxy,between transfer events; residency from 2026 fullownr proxy applied after first transfer; historical owner addresses not in sales extract
tmk,239004082,2025/08/18,2025/10/20,240,16.8750,82.7083,0.4167,0,0.0000,240,100.0000,40,198,1,1,fullownr_proxy,between transfer events; residency from 2026 fullownr proxy applied after first transfer; historical owner addresses not in sales extract
tmk,239004082,2025/10/21,2025/11/21,240,16.8750,82.7083,0.4167,0,0.0000,240,100.0000,40,198,1,1,fullownr_proxy,between transfer events; residency from 2026 fullownr proxy applied after first transfer; historical owner addresses not in sales extract
tmk,239004082,2025/11/22,2025/11/23,240,16.8750,82.7083,0.4167,0,0.0000,240,100.0000,40,198,1,1,fullownr_proxy,between transfer events; residency from 2026 fullownr proxy applied after first transfer; historical owner addresses not in sales extract
tmk,239004082,2025/11/24,2025/12/04,240,16.8750,82.7083,0.4167,0,0.0000,240,100.0000,40,198,1,1,fullownr_proxy,between transfer events; residency from 2026 fullownr proxy applied after first transfer; historical owner addresses not in sales extract
tmk,239004082,2025/12/05,2025/12/14,240,16.8750,82.7083,0.4167,0,0.0000,240,100.0000,40,198,1,1,fullownr_proxy,between transfer events; residency from 2026 fullownr proxy applied after first transfer; historical owner addresses not in sales extract
tmk,239004082,2025/12/15,2026/01/05,240,16.8750,82.7083,0.4167,0,0.0000,240,100.0000,40,198,1,1,fullownr_proxy,between transfer events; residency from 2026 fullownr proxy applied after first transfer; historical owner addresses not in sales extract
tmk,239004082,2026/01/06,2026/03/02,240,16.8750,82.7083,0.4167,0,0.0000,240,100.0000,40,198,1,1,fullownr_proxy,between transfer events; residency from 2026 fullownr proxy applied after first transfer; historical owner addresses not in sales extract
tmk,239004082,2026/03/03,2026/03/11,240,16.8750,82.7083,0.4167,0,0.0000,240,100.0000,40,198,1,1,fullownr_proxy,between transfer events; residency from 2026 fullownr proxy applied after first transfer; historical owner addresses not in sales extract
tmk,239004082,2026/03/12,2026/03/24,240,16.8750,82.7083,0.4167,0,0.0000,240,100.0000,40,198,1,1,fullownr_proxy,between transfer events; residency from 2026 fullownr proxy applied after first transfer; historical owner addresses not in sales extract
tmk,239004082,2026/03/25,2026/04/01,240,16.8750,82.7083,0.4167,0,0.0000,240,100.0000,40,198,1,1,fullownr_proxy,between transfer events; residency from 2026 fullownr proxy applied after first transfer; historical owner addresses not in sales extract
tmk,239004082,2026/04/02,2026/05/14,240,16.8750,82.7083,0.4167,0,0.0000,240,100.0000,40,198,1,1,fullownr_proxy,between transfer events; residency from 2026 fullownr proxy applied after first transfer; historical owner addresses not in sales extract
tmk,239004082,2026/05/15,2026/05/20,240,16.8750,82.7083,0.4167,0,0.0000,240,100.0000,40,198,1,1,fullownr_proxy,between transfer events; residency from 2026 fullownr proxy applied after first transfer; historical owner addresses not in sales extract
tmk,239004082,2026/05/21,2026/05/22,240,16.8750,82.7083,0.4167,0,0.0000,240,100.0000,40,198,1,1,fullownr_proxy,between transfer events; residency from 2026 fullownr proxy applied after first transfer; historical owner addresses not in sales extract
tmk,239004082,2026/05/23,2026/05/28,240,16.8750,82.7083,0.4167,0,0.0000,240,100.0000,40,198,1,1,fullownr_proxy,between transfer events; residency from 2026 fullownr proxy applied after first transfer; historical owner addresses not in sales extract
tmk,239004082,2026/05/29,,240,16.8750,82.7083,0.4167,0,0.0000,240,100.0000,40,198,1,1,fullownr_snapshot,current ownership from 2026 fullownr extract
tmk,239004143,,1988/12/01,28,0.0000,0.0000,100.0000,28,100.0000,0,0.0000,0,0,0,28,unresolved,before first recorded transfer; residency unresolved
tmk,239004143,1988/12/02,1988/12/07,28,0.0000,3.5714,96.4286,27,96.4286,1,3.5714,0,1,0,27,fullownr_proxy,between transfer events; residency from 2026 fullownr proxy applied after first transfer; historical owner addresses not in sales extract
tmk,239004143,1988/12/08,1988/12/11,28,0.0000,7.1429,92.8571,26,92.8571,2,7.1429,0,2,0,26,fullownr_proxy,between transfer events; residency from 2026 fullownr proxy applied after first transfer; historical owner addresses not in sales extract
tmk,239004143,1988/12/12,1988/12/12,28,0.0000,17.8571,82.1429,23,82.1429,5,17.8571,0,5,0,23,fullownr_proxy,between transfer events; residency from 2026 fullownr proxy applied after first transfer; historical owner addresses not in sales extract
tmk,239004143,1988/12/13,1988/12/13,28,0.0000,25.0000,75.0000,21,75.0000,7,25.0000,0,7,0,21,fullownr_proxy,between transfer events; residency from 2026 fullownr proxy applied after first transfer; historical owner addresses not in sales extract
tmk,239004143,1988/12/14,1988/12/14,28,0.0000,28.5714,71.4286,20,71.4286,8,28.5714,0,8,0,20,fullownr_proxy,between transfer events; residency from 2026 fullownr proxy applied after first transfer; historical owner addresses not in sales extract
tmk,239004143,1988/12/15,1988/12/15,28,0.0000,32.1429,67.8571,19,67.8571,9,32.1429,0,9,0,19,fullownr_proxy,between transfer events; residency from 2026 fullownr proxy applied after first transfer; historical owner addresses not in sales extract
tmk,239004143,1988/12/16,1988/12/18,28,0.0000,35.7143,64.2857,18,64.2857,10,35.7143,0,10,0,18,fullownr_proxy,between transfer events; residency from 2026 fullownr proxy applied after first transfer; historical owner addresses not in sales extract
tmk,239004143,1988/12/19,1988/12/19,28,0.0000,39.2857,60.7143,17,60.7143,11,39.2857,0,11,0,17,fullownr_proxy,between transfer events; residency from 2026 fullownr proxy applied after first transfer; historical owner addresses not in sales extract
tmk,239004143,1988/12/20,1988/12/20,28,0.0000,42.8571,57.1429,16,57.1429,12,42.8571,0,12,0,16,fullownr_proxy,between transfer events; residency from 2026 fullownr proxy applied after first transfer; historical owner addresses not in sales extract
tmk,239004143,1988/12/21,1988/12/21,28,0.0000,46.4286,53.5714,15,53.5714,13,46.4286,0,13,0,15,fullownr_proxy,between transfer events; residency from 2026 fullownr proxy applied after first transfer; historical owner addresses not in sales extract
tmk,239004143,1988/12/22,1988/12/29,28,0.0000,50.0000,50.0000,14,50.0000,14,50.0000,0,14,0,14,fullownr_proxy,between transfer events; residency from 2026 fullownr proxy applied after first transfer; historical owner addresses not in sales extract
tmk,239004143,1988/12/30,1988/12/31,28,3.5714,50.0000,46.4286,13,46.4286,15,53.5714,1,14,0,13,fullownr_proxy,between transfer events; residency from 2026 fullownr proxy applied after first transfer; historical owner addresses not in sales extract
tmk,239004143,1989/01/01,1989/01/05,28,3.5714,50.0000,46.4286,13,46.4286,15,53.5714,1,14,0,13,fullownr_proxy,between transfer events; residency from 2026 fullownr proxy applied after first transfer; historical owner addresses not in sales extract
tmk,239004143,1989/01/06,1989/01/08,28,3.5714,53.5714,42.8571,12,42.8571,16,57.1429,1,15,0,12,fullownr_proxy,between transfer events; residency from 2026 fullownr proxy applied after first transfer; historical owner addresses not in sales extract
tmk,239004143,1989/01/09,1989/01/11,28,3.5714,57.1429,39.2857,11,39.2857,17,60.7143,1,16,0,11,fullownr_proxy,between transfer events; residency from 2026 fullownr proxy applied after first transfer; historical owner addresses not in sales extract
tmk,239004143,1989/01/12,1989/01/12,28,3.5714,60.7143,35.7143,10,35.7143,18,64.2857,1,17,0,10,fullownr_proxy,between transfer events; residency from 2026 fullownr proxy applied after first transfer; historical owner addresses not in sales extract
tmk,239004143,1989/01/13,1989/01/15,28,3.5714,64.2857,32.1429,9,32.1429,19,67.8571,1,18,0,9,fullownr_proxy,between transfer events; residency from 2026 fullownr proxy applied after first transfer; historical owner addresses not in sales extract
tmk,239004143,1989/01/16,1989/01/16,28,3.5714,67.8571,28.5714,8,28.5714,20,71.4286,1,19,0,8,fullownr_proxy,between transfer events; residency from 2026 fullownr proxy applied after first transfer; historical owner addresses not in sales extract
tmk,239004143,1989/01/17,1989/01/22,28,3.5714,78.5714,17.8571,5,17.8571,23,82.1429,1,22,0,5,fullownr_proxy,between transfer events; residency from 2026 fullownr proxy applied after first transfer; historical owner addresses not in sales extract
tmk,239004143,1989/01/23,1989/01/25,28,3.5714,78.5714,17.8571,5,17.8571,23,82.1429,1,22,0,5,fullownr_proxy,between transfer events; residency from 2026 fullownr proxy applied after first transfer; historical owner addresses not in sales extract
tmk,239004143,1989/01/26,1989/01/30,28,3.5714,82.1429,14.2857,4,14.2857,24,85.7143,1,23,0,4,fullownr_proxy,between transfer events; residency from 2026 fullownr proxy applied after first transfer; historical owner addresses not in sales extract
tmk,239004143,1989/01/31,1989/01/31,28,3.5714,85.7143,10.7143,3,10.7143,25,89.2857,1,24,0,3,fullownr_proxy,between transfer events; residency from 2026 fullownr proxy applied after first transfer; historical owner addresses not in sales extract
tmk,239004143,1989/02/01,1989/02/27,28,3.5714,85.7143,10.7143,3,10.7143,25,89.2857,1,24,0,3,fullownr_proxy,between transfer events; residency from 2026 fullownr proxy applied after first transfer; historical owner addresses not in sales extract
tmk,239004143,1989/02/28,1989/03/20,28,3.5714,89.2857,7.1429,2,7.1429,26,92.8571,1,25,0,2,fullownr_proxy,between transfer events; residency from 2026 fullownr proxy applied after first transfer; historical owner addresses not in sales extract
tmk,239004143,1989/03/21,1989/03/31,28,3.5714,96.4286,0.0000,0,0.0000,28,100.0000,1,27,0,0,fullownr_proxy,between transfer events; residency from 2026 fullownr proxy applied after first transfer; historical owner addresses not in sales extract
tmk,239004143,1989/04/01,1989/04/06,28,3.5714,96.4286,0.0000,0,0.0000,28,100.0000,1,27,0,0,fullownr_proxy,between transfer events; residency from 2026 fullownr proxy applied after first transfer; historical owner addresses not in sales extract
tmk,239004143,1989/04/07,1989/04/16,28,3.5714,96.4286,0.0000,0,0.0000,28,100.0000,1,27,0,0,fullownr_proxy,between transfer events; residency from 2026 fullownr proxy applied after first transfer; historical owner addresses not in sales extract
tmk,239004143,1989/04/17,1989/07/14,28,3.5714,96.4286,0.0000,0,0.0000,28,100.0000,1,27,0,0,fullownr_proxy,between transfer events; residency from 2026 fullownr proxy applied after first transfer; historical owner addresses not in sales extract
tmk,239004143,1989/07/15,1989/07/25,28,3.5714,96.4286,0.0000,0,0.0000,28,100.0000,1,27,0,0,fullownr_proxy,between transfer events; residency from 2026 fullownr proxy applied after first transfer; historical owner addresses not in sales extract
tmk,239004143,1989/07/26,1989/11/05,28,3.5714,96.4286,0.0000,0,0.0000,28,100.0000,1,27,0,0,fullownr_proxy,between transfer events; residency from 2026 fullownr proxy applied after first transfer; historical owner addresses not in sales extract
tmk,239004143,1989/11/06,1990/02/27,28,3.5714,96.4286,0.0000,0,0.0000,28,100.0000,1,27,0,0,fullownr_proxy,between transfer events; residency from 2026 fullownr proxy applied after first transfer; historical owner addresses not in sales extract
tmk,239004143,1990/02/28,1990/03/08,28,3.5714,96.4286,0.0000,0,0.0000,28,100.0000,1,27,0,0,fullownr_proxy,between transfer events; residency from 2026 fullownr proxy applied after first transfer; historical owner addresses not in sales extract
tmk,239004143,1990/03/09,1990/03/25,28,3.5714,96.4286,0.0000,0,0.0000,28,100.0000,1,27,0,0,fullownr_proxy,between transfer events; residency from 2026 fullownr proxy applied after first transfer; historical owner addresses not in sales extract
tmk,239004143,1990/03/26,1990/12/19,28,3.5714,96.4286,0.0000,0,0.0000,28,100.0000,1,27,0,0,fullownr_proxy,between transfer events; residency from 2026 fullownr proxy applied after first transfer; historical owner addresses not in sales extract
tmk,239004143,1990/12/20,1991/06/11,28,3.5714,96.4286,0.0000,0,0.0000,28,100.0000,1,27,0,0,fullownr_proxy,between transfer events; residency from 2026 fullownr proxy applied after first transfer; historical owner addresses not in sales extract
tmk,239004143,1991/06/12,1991/12/01,28,3.5714,96.4286,0.0000,0,0.0000,28,100.0000,1,27,0,0,fullownr_proxy,between transfer events; residency from 2026 fullownr proxy applied after first transfer; historical owner addresses not in sales extract
tmk,239004143,1991/12/02,1992/06/06,28,3.5714,96.4286,0.0000,0,0.0000,28,100.0000,1,27,0,0,fullownr_proxy,between transfer events; residency from 2026 fullownr proxy applied after first transfer; historical owner addresses not in sales extract
tmk,239004143,1992/06/07,1992/10/15,28,3.5714,96.4286,0.0000,0,0.0000,28,100.0000,1,27,0,0,fullownr_proxy,between transfer events; residency from 2026 fullownr proxy applied after first transfer; historical owner addresses not in sales extract
tmk,239004143,1992/10/16,1992/10/31,28,3.5714,96.4286,0.0000,0,0.0000,28,100.0000,1,27,0,0,fullownr_proxy,between transfer events; residency from 2026 fullownr proxy applied after first transfer; historical owner addresses not in sales extract
tmk,239004143,1992/11/01,1993/03/11,28,3.5714,96.4286,0.0000,0,0.0000,28,100.0000,1,27,0,0,fullownr_proxy,between transfer events; residency from 2026 fullownr proxy applied after first transfer; historical owner addresses not in sales extract
tmk,239004143,1993/03/12,1993/05/20,28,3.5714,96.4286,0.0000,0,0.0000,28,100.0000,1,27,0,0,fullownr_proxy,between transfer events; residency from 2026 fullownr proxy applied after first transfer; historical owner addresses not in sales extract
tmk,239004143,1993/05/21,1993/06/20,28,3.5714,96.4286,0.0000,0,0.0000,28,100.0000,1,27,0,0,fullownr_proxy,between transfer events; residency from 2026 fullownr proxy applied after first transfer; historical owner addresses not in sales extract
tmk,239004143,1993/06/21,1994/05/24,28,3.5714,96.4286,0.0000,0,0.0000,28,100.0000,1,27,0,0,fullownr_proxy,between transfer events; residency from 2026 fullownr proxy applied after first transfer; historical owner addresses not in sales extract
tmk,239004143,1994/05/25,1995/02/26,28,3.5714,96.4286,0.0000,0,0.0000,28,100.0000,1,27,0,0,fullownr_proxy,between transfer events; residency from 2026 fullownr proxy applied after first transfer; historical owner addresses not in sales extract
tmk,239004143,1995/02/27,1995/05/31,28,3.5714,96.4286,0.0000,0,0.0000,28,100.0000,1,27,0,0,fullownr_proxy,between transfer events; residency from 2026 fullownr proxy applied after first transfer; historical owner addresses not in sales extract
tmk,239004143,1995/06/01,1995/06/29,28,3.5714,96.4286,0.0000,0,0.0000,28,100.0000,1,27,0,0,fullownr_proxy,between transfer events; residency from 2026 fullownr proxy applied after first transfer; historical owner addresses not in sales extract
tmk,239004143,1995/06/30,1995/08/21,28,3.5714,96.4286,0.0000,0,0.0000,28,100.0000,1,27,0,0,fullownr_proxy,between transfer events; residency from 2026 fullownr proxy applied after first transfer; historical owner addresses not in sales extract
tmk,239004143,1995/08/22,1996/04/09,28,3.5714,96.4286,0.0000,0,0.0000,28,100.0000,1,27,0,0,fullownr_proxy,between transfer events; residency from 2026 fullownr proxy applied after first transfer; historical owner addresses not in sales extract
tmk,239004143,1996/04/10,1996/04/14,28,3.5714,96.4286,0.0000,0,0.0000,28,100.0000,1,27,0,0,fullownr_proxy,between transfer events; residency from 2026 fullownr proxy applied after first transfer; historical owner addresses not in sales extract
tmk,239004143,1996/04/15,1996/05/24,28,3.5714,96.4286,0.0000,0,0.0000,28,100.0000,1,27,0,0,fullownr_proxy,between transfer events; residency from 2026 fullownr proxy applied after first transfer; historical owner addresses not in sales extract
tmk,239004143,1996/05/25,1996/12/30,28,3.5714,96.4286,0.0000,0,0.0000,28,100.0000,1,27,0,0,fullownr_proxy,between transfer events; residency from 2026 fullownr proxy applied after first transfer; historical owner addresses not in sales extract
tmk,239004143,1996/12/31,1997/06/18,28,3.5714,96.4286,0.0000,0,0.0000,28,100.0000,1,27,0,0,fullownr_proxy,between transfer events; residency from 2026 fullownr proxy applied after first transfer; historical owner addresses not in sales extract
tmk,239004143,1997/06/19,1997/09/24,28,3.5714,96.4286,0.0000,0,0.0000,28,100.0000,1,27,0,0,fullownr_proxy,between transfer events; residency from 2026 fullownr proxy applied after first transfer; historical owner addresses not in sales extract
tmk,239004143,1997/09/25,1997/11/10,28,3.5714,96.4286,0.0000,0,0.0000,28,100.0000,1,27,0,0,fullownr_proxy,between transfer events; residency from 2026 fullownr proxy applied after first transfer; historical owner addresses not in sales extract
tmk,239004143,1997/11/11,1997/12/08,28,3.5714,96.4286,0.0000,0,0.0000,28,100.0000,1,27,0,0,fullownr_proxy,between transfer events; residency from 2026 fullownr proxy applied after first transfer; historical owner addresses not in sales extract
tmk,239004143,1997/12/09,1998/12/21,28,3.5714,96.4286,0.0000,0,0.0000,28,100.0000,1,27,0,0,fullownr_proxy,between transfer events; residency from 2026 fullownr proxy applied after first transfer; historical owner addresses not in sales extract
tmk,239004143,1998/12/22,1999/04/06,28,3.5714,96.4286,0.0000,0,0.0000,28,100.0000,1,27,0,0,fullownr_proxy,between transfer events; residency from 2026 fullownr proxy applied after first transfer; historical owner addresses not in sales extract
tmk,239004143,1999/04/07,1999/08/01,28,3.5714,96.4286,0.0000,0,0.0000,28,100.0000,1,27,0,0,fullownr_proxy,between transfer events; residency from 2026 fullownr proxy applied after first transfer; historical owner addresses not in sales extract
tmk,239004143,1999/08/02,1999/08/09,28,3.5714,96.4286,0.0000,0,0.0000,28,100.0000,1,27,0,0,fullownr_proxy,between transfer events; residency from 2026 fullownr proxy applied after first transfer; historical owner addresses not in sales extract
tmk,239004143,1999/08/10,1999/08/26,28,3.5714,96.4286,0.0000,0,0.0000,28,100.0000,1,27,0,0,fullownr_proxy,between transfer events; residency from 2026 fullownr proxy applied after first transfer; historical owner addresses not in sales extract
tmk,239004143,1999/08/27,1999/11/01,28,3.5714,96.4286,0.0000,0,0.0000,28,100.0000,1,27,0,0,fullownr_proxy,between transfer events; residency from 2026 fullownr proxy applied after first transfer; historical owner addresses not in sales extract
tmk,239004143,1999/11/02,1999/11/14,28,3.5714,96.4286,0.0000,0,0.0000,28,100.0000,1,27,0,0,fullownr_proxy,between transfer events; residency from 2026 fullownr proxy applied after first transfer; historical owner addresses not in sales extract
tmk,239004143,1999/11/15,2000/04/13,28,3.5714,96.4286,0.0000,0,0.0000,28,100.0000,1,27,0,0,fullownr_proxy,between transfer events; residency from 2026 fullownr proxy applied after first transfer; historical owner addresses not in sales extract
tmk,239004143,2000/04/14,2000/08/08,28,3.5714,96.4286,0.0000,0,0.0000,28,100.0000,1,27,0,0,fullownr_proxy,between transfer events; residency from 2026 fullownr proxy applied after first transfer; historical owner addresses not in sales extract
tmk,239004143,2000/08/09,2000/10/25,28,3.5714,96.4286,0.0000,0,0.0000,28,100.0000,1,27,0,0,fullownr_proxy,between transfer events; residency from 2026 fullownr proxy applied after first transfer; historical owner addresses not in sales extract
tmk,239004143,2000/10/26,2000/12/08,28,3.5714,96.4286,0.0000,0,0.0000,28,100.0000,1,27,0,0,fullownr_proxy,between transfer events; residency from 2026 fullownr proxy applied after first transfer; historical owner addresses not in sales extract
tmk,239004143,2000/12/09,2000/12/27,28,3.5714,96.4286,0.0000,0,0.0000,28,100.0000,1,27,0,0,fullownr_proxy,between transfer events; residency from 2026 fullownr proxy applied after first transfer; historical owner addresses not in sales extract
tmk,239004143,2000/12/28,2001/01/01,28,3.5714,96.4286,0.0000,0,0.0000,28,100.0000,1,27,0,0,fullownr_proxy,between transfer events; residency from 2026 fullownr proxy applied after first transfer; historical owner addresses not in sales extract
tmk,239004143,2001/01/02,2001/01/27,28,3.5714,96.4286,0.0000,0,0.0000,28,100.0000,1,27,0,0,fullownr_proxy,between transfer events; residency from 2026 fullownr proxy applied after first transfer; historical owner addresses not in sales extract
tmk,239004143,2001/01/28,2001/04/03,28,3.5714,96.4286,0.0000,0,0.0000,28,100.0000,1,27,0,0,fullownr_proxy,between transfer events; residency from 2026 fullownr proxy applied after first transfer; historical owner addresses not in sales extract
tmk,239004143,2001/04/04,2001/07/19,28,3.5714,96.4286,0.0000,0,0.0000,28,100.0000,1,27,0,0,fullownr_proxy,between transfer events; residency from 2026 fullownr proxy applied after first transfer; historical owner addresses not in sales extract
tmk,239004143,2001/07/20,2001/08/08,28,3.5714,96.4286,0.0000,0,0.0000,28,100.0000,1,27,0,0,fullownr_proxy,between transfer events; residency from 2026 fullownr proxy applied after first transfer; historical owner addresses not in sales extract
tmk,239004143,2001/08/09,2002/04/24,28,3.5714,96.4286,0.0000,0,0.0000,28,100.0000,1,27,0,0,fullownr_proxy,between transfer events; residency from 2026 fullownr proxy applied after first transfer; historical owner addresses not in sales extract
tmk,239004143,2002/04/25,2002/05/13,28,3.5714,96.4286,0.0000,0,0.0000,28,100.0000,1,27,0,0,fullownr_proxy,between transfer events; residency from 2026 fullownr proxy applied after first transfer; historical owner addresses not in sales extract
tmk,239004143,2002/05/14,2003/04/13,28,3.5714,96.4286,0.0000,0,0.0000,28,100.0000,1,27,0,0,fullownr_proxy,between transfer events; residency from 2026 fullownr proxy applied after first transfer; historical owner addresses not in sales extract
tmk,239004143,2003/04/14,2003/09/22,28,3.5714,96.4286,0.0000,0,0.0000,28,100.0000,1,27,0,0,fullownr_proxy,between transfer events; residency from 2026 fullownr proxy applied after first transfer; historical owner addresses not in sales extract
tmk,239004143,2003/09/23,2004/02/26,28,3.5714,96.4286,0.0000,0,0.0000,28,100.0000,1,27,0,0,fullownr_proxy,between transfer events; residency from 2026 fullownr proxy applied after first transfer; historical owner addresses not in sales extract
tmk,239004143,2004/02/27,2004/04/12,28,3.5714,96.4286,0.0000,0,0.0000,28,100.0000,1,27,0,0,fullownr_proxy,between transfer events; residency from 2026 fullownr proxy applied after first transfer; historical owner addresses not in sales extract
tmk,239004143,2004/04/13,2004/07/01,28,3.5714,96.4286,0.0000,0,0.0000,28,100.0000,1,27,0,0,fullownr_proxy,between transfer events; residency from 2026 fullownr proxy applied after first transfer; historical owner addresses not in sales extract
tmk,239004143,2004/07/02,2004/10/19,28,3.5714,96.4286,0.0000,0,0.0000,28,100.0000,1,27,0,0,fullownr_proxy,between transfer events; residency from 2026 fullownr proxy applied after first transfer; historical owner addresses not in sales extract
tmk,239004143,2004/10/20,2004/12/27,28,3.5714,96.4286,0.0000,0,0.0000,28,100.0000,1,27,0,0,fullownr_proxy,between transfer events; residency from 2026 fullownr proxy applied after first transfer; historical owner addresses not in sales extract
tmk,239004143,2004/12/28,2005/01/03,28,3.5714,96.4286,0.0000,0,0.0000,28,100.0000,1,27,0,0,fullownr_proxy,between transfer events; residency from 2026 fullownr proxy applied after first transfer; historical owner addresses not in sales extract
tmk,239004143,2005/01/04,2005/01/13,28,3.5714,96.4286,0.0000,0,0.0000,28,100.0000,1,27,0,0,fullownr_proxy,between transfer events; residency from 2026 fullownr proxy applied after first transfer; historical owner addresses not in sales extract
tmk,239004143,2005/01/14,2005/04/18,28,3.5714,96.4286,0.0000,0,0.0000,28,100.0000,1,27,0,0,fullownr_proxy,between transfer events; residency from 2026 fullownr proxy applied after first transfer; historical owner addresses not in sales extract
tmk,239004143,2005/04/19,2005/06/19,28,3.5714,96.4286,0.0000,0,0.0000,28,100.0000,1,27,0,0,fullownr_proxy,between transfer events; residency from 2026 fullownr proxy applied after first transfer; historical owner addresses not in sales extract
tmk,239004143,2005/06/20,2005/08/04,28,3.5714,96.4286,0.0000,0,0.0000,28,100.0000,1,27,0,0,fullownr_proxy,between transfer events; residency from 2026 fullownr proxy applied after first transfer; historical owner addresses not in sales extract
tmk,239004143,2005/08/05,2005/10/03,28,3.5714,96.4286,0.0000,0,0.0000,28,100.0000,1,27,0,0,fullownr_proxy,between transfer events; residency from 2026 fullownr proxy applied after first transfer; historical owner addresses not in sales extract
tmk,239004143,2005/10/04,2005/12/05,28,3.5714,96.4286,0.0000,0,0.0000,28,100.0000,1,27,0,0,fullownr_proxy,between transfer events; residency from 2026 fullownr proxy applied after first transfer; historical owner addresses not in sales extract
tmk,239004143,2005/12/06,2006/01/01,28,3.5714,96.4286,0.0000,0,0.0000,28,100.0000,1,27,0,0,fullownr_proxy,between transfer events; residency from 2026 fullownr proxy applied after first transfer; historical owner addresses not in sales extract
tmk,239004143,2006/01/02,2006/02/15,28,3.5714,96.4286,0.0000,0,0.0000,28,100.0000,1,27,0,0,fullownr_proxy,between transfer events; residency from 2026 fullownr proxy applied after first transfer; historical owner addresses not in sales extract
tmk,239004143,2006/02/16,2006/03/27,28,3.5714,96.4286,0.0000,0,0.0000,28,100.0000,1,27,0,0,fullownr_proxy,between transfer events; residency from 2026 fullownr proxy applied after first transfer; historical owner addresses not in sales extract
tmk,239004143,2006/03/28,2007/04/22,28,3.5714,96.4286,0.0000,0,0.0000,28,100.0000,1,27,0,0,fullownr_proxy,between transfer events; residency from 2026 fullownr proxy applied after first transfer; historical owner addresses not in sales extract
tmk,239004143,2007/04/23,2007/05/14,28,3.5714,96.4286,0.0000,0,0.0000,28,100.0000,1,27,0,0,fullownr_proxy,between transfer events; residency from 2026 fullownr proxy applied after first transfer; historical owner addresses not in sales extract
tmk,239004143,2007/05/15,2007/12/16,28,3.5714,96.4286,0.0000,0,0.0000,28,100.0000,1,27,0,0,fullownr_proxy,between transfer events; residency from 2026 fullownr proxy applied after first transfer; historical owner addresses not in sales extract
tmk,239004143,2007/12/17,2008/05/29,28,3.5714,96.4286,0.0000,0,0.0000,28,100.0000,1,27,0,0,fullownr_proxy,between transfer events; residency from 2026 fullownr proxy applied after first transfer; historical owner addresses not in sales extract
tmk,239004143,2008/05/30,2011/05/12,28,3.5714,96.4286,0.0000,0,0.0000,28,100.0000,1,27,0,0,fullownr_proxy,between transfer events; residency from 2026 fullownr proxy applied after first transfer; historical owner addresses not in sales extract
tmk,239004143,2011/05/13,2011/09/07,28,3.5714,96.4286,0.0000,0,0.0000,28,100.0000,1,27,0,0,fullownr_proxy,between transfer events; residency from 2026 fullownr proxy applied after first transfer; historical owner addresses not in sales extract
tmk,239004143,2011/09/08,2012/03/08,28,3.5714,96.4286,0.0000,0,0.0000,28,100.0000,1,27,0,0,fullownr_proxy,between transfer events; residency from 2026 fullownr proxy applied after first transfer; historical owner addresses not in sales extract
tmk,239004143,2012/03/09,2012/03/20,28,3.5714,96.4286,0.0000,0,0.0000,28,100.0000,1,27,0,0,fullownr_proxy,between transfer events; residency from 2026 fullownr proxy applied after first transfer; historical owner addresses not in sales extract
tmk,239004143,2012/03/21,2012/09/13,28,3.5714,96.4286,0.0000,0,0.0000,28,100.0000,1,27,0,0,fullownr_proxy,between transfer events; residency from 2026 fullownr proxy applied after first transfer; historical owner addresses not in sales extract
tmk,239004143,2012/09/14,2012/10/21,28,3.5714,96.4286,0.0000,0,0.0000,28,100.0000,1,27,0,0,fullownr_proxy,between transfer events; residency from 2026 fullownr proxy applied after first transfer; historical owner addresses not in sales extract
tmk,239004143,2012/10/22,2012/12/19,28,3.5714,96.4286,0.0000,0,0.0000,28,100.0000,1,27,0,0,fullownr_proxy,between transfer events; residency from 2026 fullownr proxy applied after first transfer; historical owner addresses not in sales extract
tmk,239004143,2012/12/20,2013/11/14,28,3.5714,96.4286,0.0000,0,0.0000,28,100.0000,1,27,0,0,fullownr_proxy,between transfer events; residency from 2026 fullownr proxy applied after first transfer; historical owner addresses not in sales extract
tmk,239004143,2013/11/15,2014/05/21,28,3.5714,96.4286,0.0000,0,0.0000,28,100.0000,1,27,0,0,fullownr_proxy,between transfer events; residency from 2026 fullownr proxy applied after first transfer; historical owner addresses not in sales extract
tmk,239004143,2014/05/22,2014/09/01,28,3.5714,96.4286,0.0000,0,0.0000,28,100.0000,1,27,0,0,fullownr_proxy,between transfer events; residency from 2026 fullownr proxy applied after first transfer; historical owner addresses not in sales extract
tmk,239004143,2014/09/02,2015/01/27,28,3.5714,96.4286,0.0000,0,0.0000,28,100.0000,1,27,0,0,fullownr_proxy,between transfer events; residency from 2026 fullownr proxy applied after first transfer; historical owner addresses not in sales extract
tmk,239004143,2015/01/28,2015/09/02,28,3.5714,96.4286,0.0000,0,0.0000,28,100.0000,1,27,0,0,fullownr_proxy,between transfer events; residency from 2026 fullownr proxy applied after first transfer; historical owner addresses not in sales extract
tmk,239004143,2015/09/03,2016/02/03,28,3.5714,96.4286,0.0000,0,0.0000,28,100.0000,1,27,0,0,fullownr_proxy,between transfer events; residency from 2026 fullownr proxy applied after first transfer; historical owner addresses not in sales extract
tmk,239004143,2016/02/04,2016/04/14,28,3.5714,96.4286,0.0000,0,0.0000,28,100.0000,1,27,0,0,fullownr_proxy,between transfer events; residency from 2026 fullownr proxy applied after first transfer; historical owner addresses not in sales extract
tmk,239004143,2016/04/15,2017/06/27,28,3.5714,96.4286,0.0000,0,0.0000,28,100.0000,1,27,0,0,fullownr_proxy,between transfer events; residency from 2026 fullownr proxy applied after first transfer; historical owner addresses not in sales extract
tmk,239004143,2017/06/28,2017/11/27,28,3.5714,96.4286,0.0000,0,0.0000,28,100.0000,1,27,0,0,fullownr_proxy,between transfer events; residency from 2026 fullownr proxy applied after first transfer; historical owner addresses not in sales extract
tmk,239004143,2017/11/28,2018/01/10,28,3.5714,96.4286,0.0000,0,0.0000,28,100.0000,1,27,0,0,fullownr_proxy,between transfer events; residency from 2026 fullownr proxy applied after first transfer; historical owner addresses not in sales extract
tmk,239004143,2018/01/11,2018/07/23,28,3.5714,96.4286,0.0000,0,0.0000,28,100.0000,1,27,0,0,fullownr_proxy,between transfer events; residency from 2026 fullownr proxy applied after first transfer; historical owner addresses not in sales extract
tmk,239004143,2018/07/24,2019/01/03,28,3.5714,96.4286,0.0000,0,0.0000,28,100.0000,1,27,0,0,fullownr_proxy,between transfer events; residency from 2026 fullownr proxy applied after first transfer; historical owner addresses not in sales extract
tmk,239004143,2019/01/04,2019/05/20,28,3.5714,96.4286,0.0000,0,0.0000,28,100.0000,1,27,0,0,fullownr_proxy,between transfer events; residency from 2026 fullownr proxy applied after first transfer; historical owner addresses not in sales extract
tmk,239004143,2019/05/21,2019/07/04,28,3.5714,96.4286,0.0000,0,0.0000,28,100.0000,1,27,0,0,fullownr_proxy,between transfer events; residency from 2026 fullownr proxy applied after first transfer; historical owner addresses not in sales extract
tmk,239004143,2019/07/05,2020/03/16,28,3.5714,96.4286,0.0000,0,0.0000,28,100.0000,1,27,0,0,fullownr_proxy,between transfer events; residency from 2026 fullownr proxy applied after first transfer; historical owner addresses not in sales extract
tmk,239004143,2020/03/17,2020/09/07,28,3.5714,96.4286,0.0000,0,0.0000,28,100.0000,1,27,0,0,fullownr_proxy,between transfer events; residency from 2026 fullownr proxy applied after first transfer; historical owner addresses not in sales extract
tmk,239004143,2020/09/08,2020/12/20,28,3.5714,96.4286,0.0000,0,0.0000,28,100.0000,1,27,0,0,fullownr_proxy,between transfer events; residency from 2026 fullownr proxy applied after first transfer; historical owner addresses not in sales extract
tmk,239004143,2020/12/21,2021/04/06,28,3.5714,96.4286,0.0000,0,0.0000,28,100.0000,1,27,0,0,fullownr_proxy,between transfer events; residency from 2026 fullownr proxy applied after first transfer; historical owner addresses not in sales extract
tmk,239004143,2021/04/07,2021/07/05,28,3.5714,96.4286,0.0000,0,0.0000,28,100.0000,1,27,0,0,fullownr_proxy,between transfer events; residency from 2026 fullownr proxy applied after first transfer; historical owner addresses not in sales extract
tmk,239004143,2021/07/06,2022/01/06,28,3.5714,96.4286,0.0000,0,0.0000,28,100.0000,1,27,0,0,fullownr_proxy,between transfer events; residency from 2026 fullownr proxy applied after first transfer; historical owner addresses not in sales extract
tmk,239004143,2022/01/07,2022/03/23,28,3.5714,96.4286,0.0000,0,0.0000,28,100.0000,1,27,0,0,fullownr_proxy,between transfer events; residency from 2026 fullownr proxy applied after first transfer; historical owner addresses not in sales extract
tmk,239004143,2022/03/24,2022/05/19,28,3.5714,96.4286,0.0000,0,0.0000,28,100.0000,1,27,0,0,fullownr_proxy,between transfer events; residency from 2026 fullownr proxy applied after first transfer; historical owner addresses not in sales extract
tmk,239004143,2022/05/20,2023/05/21,28,3.5714,96.4286,0.0000,0,0.0000,28,100.0000,1,27,0,0,fullownr_proxy,between transfer events; residency from 2026 fullownr proxy applied after first transfer; historical owner addresses not in sales extract
tmk,239004143,2023/05/22,2023/09/12,28,3.5714,96.4286,0.0000,0,0.0000,28,100.0000,1,27,0,0,fullownr_proxy,between transfer events; residency from 2026 fullownr proxy applied after first transfer; historical owner addresses not in sales extract
tmk,239004143,2023/09/13,2024/04/01,28,3.5714,96.4286,0.0000,0,0.0000,28,100.0000,1,27,0,0,fullownr_proxy,between transfer events; residency from 2026 fullownr proxy applied after first transfer; historical owner addresses not in sales extract
tmk,239004143,2024/04/02,2024/10/09,28,3.5714,96.4286,0.0000,0,0.0000,28,100.0000,1,27,0,0,fullownr_proxy,between transfer events; residency from 2026 fullownr proxy applied after first transfer; historical owner addresses not in sales extract
tmk,239004143,2024/10/10,,28,3.5714,96.4286,0.0000,0,0.0000,28,100.0000,1,27,0,0,fullownr_snapshot,current ownership from 2026 fullownr extract
tmk,239004144,,1989/06/05,48,0.0000,0.0000,100.0000,48,100.0000,0,0.0000,0,0,0,48,unresolved,before first recorded transfer; residency unresolved
tmk,239004144,1989/06/06,1989/09/24,48,0.0000,2.0833,97.9167,47,97.9167,1,2.0833,0,1,0,47,fullownr_proxy,between transfer events; residency from 2026 fullownr proxy applied after first transfer; historical owner addresses not in sales extract
tmk,239004144,1989/09/25,1989/10/10,48,2.0833,4.1667,93.7500,45,93.7500,3,6.2500,1,2,0,45,fullownr_proxy,between transfer events; residency from 2026 fullownr proxy applied after first transfer; historical owner addresses not in sales extract
tmk,239004144,1989/10/11,1989/10/16,48,2.0833,6.2500,91.6667,44,91.6667,4,8.3333,1,3,0,44,fullownr_proxy,between transfer events; residency from 2026 fullownr proxy applied after first transfer; historical owner addresses not in sales extract
tmk,239004144,1989/10/17,1989/10/18,48,2.0833,10.4167,87.5000,42,87.5000,6,12.5000,1,5,0,42,fullownr_proxy,between transfer events; residency from 2026 fullownr proxy applied after first transfer; historical owner addresses not in sales extract
tmk,239004144,1989/10/19,1989/10/19,48,2.0833,12.5000,85.4167,41,85.4167,7,14.5833,1,6,0,41,fullownr_proxy,between transfer events; residency from 2026 fullownr proxy applied after first transfer; historical owner addresses not in sales extract
tmk,239004144,1989/10/20,1989/10/22,48,2.0833,31.2500,66.6667,32,66.6667,16,33.3333,1,15,0,32,fullownr_proxy,between transfer events; residency from 2026 fullownr proxy applied after first transfer; historical owner addresses not in sales extract
tmk,239004144,1989/10/23,1989/10/23,48,2.0833,33.3333,64.5833,31,64.5833,17,35.4167,1,16,0,31,fullownr_proxy,between transfer events; residency from 2026 fullownr proxy applied after first transfer; historical owner addresses not in sales extract
tmk,239004144,1989/10/24,1989/10/24,48,2.0833,35.4167,62.5000,30,62.5000,18,37.5000,1,17,0,30,fullownr_proxy,between transfer events; residency from 2026 fullownr proxy applied after first transfer; historical owner addresses not in sales extract
tmk,239004144,1989/10/25,1989/10/25,48,4.1667,35.4167,60.4167,29,60.4167,19,39.5833,2,17,0,29,fullownr_proxy,between transfer events; residency from 2026 fullownr proxy applied after first transfer; historical owner addresses not in sales extract
tmk,239004144,1989/10/26,1989/10/26,48,4.1667,37.5000,58.3333,28,58.3333,20,41.6667,2,18,0,28,fullownr_proxy,between transfer events; residency from 2026 fullownr proxy applied after first transfer; historical owner addresses not in sales extract
tmk,239004144,1989/10/27,1989/10/28,48,4.1667,39.5833,56.2500,27,56.2500,21,43.7500,2,19,0,27,fullownr_proxy,between transfer events; residency from 2026 fullownr proxy applied after first transfer; historical owner addresses not in sales extract
tmk,239004144,1989/10/29,1989/10/30,48,4.1667,41.6667,54.1667,26,54.1667,22,45.8333,2,20,0,26,fullownr_proxy,between transfer events; residency from 2026 fullownr proxy applied after first transfer; historical owner addresses not in sales extract
tmk,239004144,1989/10/31,1989/10/31,48,4.1667,43.7500,52.0833,25,52.0833,23,47.9167,2,21,0,25,fullownr_proxy,between transfer events; residency from 2026 fullownr proxy applied after first transfer; historical owner addresses not in sales extract
tmk,239004144,1989/11/01,1989/11/01,48,4.1667,43.7500,52.0833,25,52.0833,23,47.9167,2,21,0,25,fullownr_proxy,between transfer events; residency from 2026 fullownr proxy applied after first transfer; historical owner addresses not in sales extract
tmk,239004144,1989/11/02,1989/11/13,48,4.1667,45.8333,50.0000,24,50.0000,24,50.0000,2,22,0,24,fullownr_proxy,between transfer events; residency from 2026 fullownr proxy applied after first transfer; historical owner addresses not in sales extract
tmk,239004144,1989/11/14,1989/11/19,48,6.2500,52.0833,41.6667,20,41.6667,28,58.3333,3,25,0,20,fullownr_proxy,between transfer events; residency from 2026 fullownr proxy applied after first transfer; historical owner addresses not in sales extract
tmk,239004144,1989/11/20,1989/11/28,48,6.2500,54.1667,39.5833,19,39.5833,29,60.4167,3,26,0,19,fullownr_proxy,between transfer events; residency from 2026 fullownr proxy applied after first transfer; historical owner addresses not in sales extract
tmk,239004144,1989/11/29,1989/11/29,48,6.2500,58.3333,35.4167,17,35.4167,31,64.5833,3,28,0,17,fullownr_proxy,between transfer events; residency from 2026 fullownr proxy applied after first transfer; historical owner addresses not in sales extract
tmk,239004144,1989/11/30,1989/11/30,48,8.3333,58.3333,33.3333,16,33.3333,32,66.6667,4,28,0,16,fullownr_proxy,between transfer events; residency from 2026 fullownr proxy applied after first transfer; historical owner addresses not in sales extract
tmk,239004144,1989/12/01,1989/12/07,48,8.3333,60.4167,31.2500,15,31.2500,33,68.7500,4,29,0,15,fullownr_proxy,between transfer events; residency from 2026 fullownr proxy applied after first transfer; historical owner addresses not in sales extract
tmk,239004144,1989/12/08,1989/12/10,48,10.4167,60.4167,29.1667,14,29.1667,34,70.8333,5,29,0,14,fullownr_proxy,between transfer events; residency from 2026 fullownr proxy applied after first transfer; historical owner addresses not in sales extract
tmk,239004144,1989/12/11,1989/12/13,48,10.4167,62.5000,27.0833,13,27.0833,35,72.9167,5,30,0,13,fullownr_proxy,between transfer events; residency from 2026 fullownr proxy applied after first transfer; historical owner addresses not in sales extract
tmk,239004144,1989/12/14,1989/12/14,48,10.4167,64.5833,25.0000,12,25.0000,36,75.0000,5,31,0,12,fullownr_proxy,between transfer events; residency from 2026 fullownr proxy applied after first transfer; historical owner addresses not in sales extract
tmk,239004144,1989/12/15,1989/12/18,48,10.4167,66.6667,22.9167,11,22.9167,37,77.0833,5,32,0,11,fullownr_proxy,between transfer events; residency from 2026 fullownr proxy applied after first transfer; historical owner addresses not in sales extract
tmk,239004144,1989/12/19,1989/12/20,48,10.4167,68.7500,20.8333,10,20.8333,38,79.1667,5,33,0,10,fullownr_proxy,between transfer events; residency from 2026 fullownr proxy applied after first transfer; historical owner addresses not in sales extract
tmk,239004144,1989/12/21,1989/12/21,48,10.4167,70.8333,18.7500,9,18.7500,39,81.2500,5,34,0,9,fullownr_proxy,between transfer events; residency from 2026 fullownr proxy applied after first transfer; historical owner addresses not in sales extract
tmk,239004144,1989/12/22,1989/12/23,48,10.4167,75.0000,14.5833,7,14.5833,41,85.4167,5,36,0,7,fullownr_proxy,between transfer events; residency from 2026 fullownr proxy applied after first transfer; historical owner addresses not in sales extract
tmk,239004144,1989/12/24,1989/12/26,48,10.4167,75.0000,14.5833,7,14.5833,41,85.4167,5,36,0,7,fullownr_proxy,between transfer events; residency from 2026 fullownr proxy applied after first transfer; historical owner addresses not in sales extract
tmk,239004144,1989/12/27,1989/12/28,48,10.4167,77.0833,12.5000,6,12.5000,42,87.5000,5,37,0,6,fullownr_proxy,between transfer events; residency from 2026 fullownr proxy applied after first transfer; historical owner addresses not in sales extract
tmk,239004144,1989/12/29,1990/01/10,48,10.4167,79.1667,10.4167,5,10.4167,43,89.5833,5,38,0,5,fullownr_proxy,between transfer events; residency from 2026 fullownr proxy applied after first transfer; historical owner addresses not in sales extract
tmk,239004144,1990/01/11,1990/01/15,48,12.5000,79.1667,8.3333,4,8.3333,44,91.6667,6,38,0,4,fullownr_proxy,between transfer events; residency from 2026 fullownr proxy applied after first transfer; historical owner addresses not in sales extract
tmk,239004144,1990/01/16,1990/01/30,48,12.5000,79.1667,8.3333,4,8.3333,44,91.6667,6,38,0,4,fullownr_proxy,between transfer events; residency from 2026 fullownr proxy applied after first transfer; historical owner addresses not in sales extract
tmk,239004144,1990/01/31,1990/01/31,48,12.5000,81.2500,6.2500,3,6.2500,45,93.7500,6,39,0,3,fullownr_proxy,between transfer events; residency from 2026 fullownr proxy applied after first transfer; historical owner addresses not in sales extract
tmk,239004144,1990/02/01,1990/02/07,48,12.5000,83.3333,4.1667,2,4.1667,46,95.8333,6,40,0,2,fullownr_proxy,between transfer events; residency from 2026 fullownr proxy applied after first transfer; historical owner addresses not in sales extract
tmk,239004144,1990/02/08,1990/03/05,48,12.5000,83.3333,4.1667,2,4.1667,46,95.8333,6,40,0,2,fullownr_proxy,between transfer events; residency from 2026 fullownr proxy applied after first transfer; historical owner addresses not in sales extract
tmk,239004144,1990/03/06,1990/03/14,48,12.5000,83.3333,4.1667,2,4.1667,46,95.8333,6,40,0,2,fullownr_proxy,between transfer events; residency from 2026 fullownr proxy applied after first transfer; historical owner addresses not in sales extract
tmk,239004144,1990/03/15,1990/03/19,48,12.5000,83.3333,4.1667,2,4.1667,46,95.8333,6,40,0,2,fullownr_proxy,between transfer events; residency from 2026 fullownr proxy applied after first transfer; historical owner addresses not in sales extract
tmk,239004144,1990/03/20,1990/03/29,48,12.5000,83.3333,4.1667,2,4.1667,46,95.8333,6,40,0,2,fullownr_proxy,between transfer events; residency from 2026 fullownr proxy applied after first transfer; historical owner addresses not in sales extract
tmk,239004144,1990/03/30,1990/07/01,48,12.5000,85.4167,2.0833,1,2.0833,47,97.9167,6,41,0,1,fullownr_proxy,between transfer events; residency from 2026 fullownr proxy applied after first transfer; historical owner addresses not in sales extract
tmk,239004144,1990/07/02,1990/07/04,48,12.5000,85.4167,2.0833,1,2.0833,47,97.9167,6,41,0,1,fullownr_proxy,between transfer events; residency from 2026 fullownr proxy applied after first transfer; historical owner addresses not in sales extract
tmk,239004144,1990/07/05,1990/07/15,48,12.5000,85.4167,2.0833,1,2.0833,47,97.9167,6,41,0,1,fullownr_proxy,between transfer events; residency from 2026 fullownr proxy applied after first transfer; historical owner addresses not in sales extract
tmk,239004144,1990/07/16,1990/08/15,48,12.5000,85.4167,2.0833,1,2.0833,47,97.9167,6,41,0,1,fullownr_proxy,between transfer events; residency from 2026 fullownr proxy applied after first transfer; historical owner addresses not in sales extract
tmk,239004144,1990/08/16,1990/12/20,48,12.5000,85.4167,2.0833,1,2.0833,47,97.9167,6,41,0,1,fullownr_proxy,between transfer events; residency from 2026 fullownr proxy applied after first transfer; historical owner addresses not in sales extract
tmk,239004144,1990/12/21,1990/12/25,48,12.5000,85.4167,2.0833,1,2.0833,47,97.9167,6,41,0,1,fullownr_proxy,between transfer events; residency from 2026 fullownr proxy applied after first transfer; historical owner addresses not in sales extract
tmk,239004144,1990/12/26,1991/04/01,48,12.5000,85.4167,2.0833,1,2.0833,47,97.9167,6,41,0,1,fullownr_proxy,between transfer events; residency from 2026 fullownr proxy applied after first transfer; historical owner addresses not in sales extract
tmk,239004144,1991/04/02,1991/04/30,48,12.5000,85.4167,2.0833,1,2.0833,47,97.9167,6,41,0,1,fullownr_proxy,between transfer events; residency from 2026 fullownr proxy applied after first transfer; historical owner addresses not in sales extract
tmk,239004144,1991/05/01,1991/07/29,48,12.5000,85.4167,2.0833,1,2.0833,47,97.9167,6,41,0,1,fullownr_proxy,between transfer events; residency from 2026 fullownr proxy applied after first transfer; historical owner addresses not in sales extract
tmk,239004144,1991/07/30,1991/07/31,48,12.5000,85.4167,2.0833,1,2.0833,47,97.9167,6,41,0,1,fullownr_proxy,between transfer events; residency from 2026 fullownr proxy applied after first transfer; historical owner addresses not in sales extract
tmk,239004144,1991/08/01,1991/11/24,48,12.5000,85.4167,2.0833,1,2.0833,47,97.9167,6,41,0,1,fullownr_proxy,between transfer events; residency from 2026 fullownr proxy applied after first transfer; historical owner addresses not in sales extract
tmk,239004144,1991/11/25,1992/01/12,48,12.5000,85.4167,2.0833,1,2.0833,47,97.9167,6,41,0,1,fullownr_proxy,between transfer events; residency from 2026 fullownr proxy applied after first transfer; historical owner addresses not in sales extract
tmk,239004144,1992/01/13,1992/01/21,48,12.5000,85.4167,2.0833,1,2.0833,47,97.9167,6,41,0,1,fullownr_proxy,between transfer events; residency from 2026 fullownr proxy applied after first transfer; historical owner addresses not in sales extract
tmk,239004144,1992/01/22,1992/08/07,48,12.5000,85.4167,2.0833,1,2.0833,47,97.9167,6,41,0,1,fullownr_proxy,between transfer events; residency from 2026 fullownr proxy applied after first transfer; historical owner addresses not in sales extract
tmk,239004144,1992/08/08,1993/02/08,48,12.5000,85.4167,2.0833,1,2.0833,47,97.9167,6,41,0,1,fullownr_proxy,between transfer events; residency from 2026 fullownr proxy applied after first transfer; historical owner addresses not in sales extract
tmk,239004144,1993/02/09,1993/02/11,48,12.5000,85.4167,2.0833,1,2.0833,47,97.9167,6,41,0,1,fullownr_proxy,between transfer events; residency from 2026 fullownr proxy applied after first transfer; historical owner addresses not in sales extract
tmk,239004144,1993/02/12,1993/05/20,48,12.5000,85.4167,2.0833,1,2.0833,47,97.9167,6,41,0,1,fullownr_proxy,between transfer events; residency from 2026 fullownr proxy applied after first transfer; historical owner addresses not in sales extract
tmk,239004144,1993/05/21,1993/05/25,48,12.5000,85.4167,2.0833,1,2.0833,47,97.9167,6,41,0,1,fullownr_proxy,between transfer events; residency from 2026 fullownr proxy applied after first transfer; historical owner addresses not in sales extract
tmk,239004144,1993/05/26,1993/06/16,48,12.5000,85.4167,2.0833,1,2.0833,47,97.9167,6,41,0,1,fullownr_proxy,between transfer events; residency from 2026 fullownr proxy applied after first transfer; historical owner addresses not in sales extract
tmk,239004144,1993/06/17,1994/06/02,48,12.5000,85.4167,2.0833,1,2.0833,47,97.9167,6,41,0,1,fullownr_proxy,between transfer events; residency from 2026 fullownr proxy applied after first transfer; historical owner addresses not in sales extract
tmk,239004144,1994/06/03,1994/07/31,48,12.5000,85.4167,2.0833,1,2.0833,47,97.9167,6,41,0,1,fullownr_proxy,between transfer events; residency from 2026 fullownr proxy applied after first transfer; historical owner addresses not in sales extract
tmk,239004144,1994/08/01,1994/08/16,48,12.5000,85.4167,2.0833,1,2.0833,47,97.9167,6,41,0,1,fullownr_proxy,between transfer events; residency from 2026 fullownr proxy applied after first transfer; historical owner addresses not in sales extract
tmk,239004144,1994/08/17,1995/04/02,48,12.5000,85.4167,2.0833,1,2.0833,47,97.9167,6,41,0,1,fullownr_proxy,between transfer events; residency from 2026 fullownr proxy applied after first transfer; historical owner addresses not in sales extract
tmk,239004144,1995/04/03,1995/04/30,48,12.5000,85.4167,2.0833,1,2.0833,47,97.9167,6,41,0,1,fullownr_proxy,between transfer events; residency from 2026 fullownr proxy applied after first transfer; historical owner addresses not in sales extract
tmk,239004144,1995/05/01,1995/05/22,48,12.5000,85.4167,2.0833,1,2.0833,47,97.9167,6,41,0,1,fullownr_proxy,between transfer events; residency from 2026 fullownr proxy applied after first transfer; historical owner addresses not in sales extract
tmk,239004144,1995/05/23,1995/08/28,48,12.5000,85.4167,2.0833,1,2.0833,47,97.9167,6,41,0,1,fullownr_proxy,between transfer events; residency from 2026 fullownr proxy applied after first transfer; historical owner addresses not in sales extract
tmk,239004144,1995/08/29,1995/09/19,48,12.5000,85.4167,2.0833,1,2.0833,47,97.9167,6,41,0,1,fullownr_proxy,between transfer events; residency from 2026 fullownr proxy applied after first transfer; historical owner addresses not in sales extract
tmk,239004144,1995/09/20,1995/10/23,48,12.5000,85.4167,2.0833,1,2.0833,47,97.9167,6,41,0,1,fullownr_proxy,between transfer events; residency from 2026 fullownr proxy applied after first transfer; historical owner addresses not in sales extract
tmk,239004144,1995/10/24,1996/02/19,48,12.5000,85.4167,2.0833,1,2.0833,47,97.9167,6,41,0,1,fullownr_proxy,between transfer events; residency from 2026 fullownr proxy applied after first transfer; historical owner addresses not in sales extract
tmk,239004144,1996/02/20,1996/06/02,48,12.5000,85.4167,2.0833,1,2.0833,47,97.9167,6,41,0,1,fullownr_proxy,between transfer events; residency from 2026 fullownr proxy applied after first transfer; historical owner addresses not in sales extract
tmk,239004144,1996/06/03,1996/07/21,48,12.5000,85.4167,2.0833,1,2.0833,47,97.9167,6,41,0,1,fullownr_proxy,between transfer events; residency from 2026 fullownr proxy applied after first transfer; historical owner addresses not in sales extract
tmk,239004144,1996/07/22,1996/08/18,48,12.5000,85.4167,2.0833,1,2.0833,47,97.9167,6,41,0,1,fullownr_proxy,between transfer events; residency from 2026 fullownr proxy applied after first transfer; historical owner addresses not in sales extract
tmk,239004144,1996/08/19,1996/09/08,48,12.5000,85.4167,2.0833,1,2.0833,47,97.9167,6,41,0,1,fullownr_proxy,between transfer events; residency from 2026 fullownr proxy applied after first transfer; historical owner addresses not in sales extract
tmk,239004144,1996/09/09,1997/03/06,48,12.5000,85.4167,2.0833,1,2.0833,47,97.9167,6,41,0,1,fullownr_proxy,between transfer events; residency from 2026 fullownr proxy applied after first transfer; historical owner addresses not in sales extract
tmk,239004144,1997/03/07,1997/04/03,48,12.5000,85.4167,2.0833,1,2.0833,47,97.9167,6,41,0,1,fullownr_proxy,between transfer events; residency from 2026 fullownr proxy applied after first transfer; historical owner addresses not in sales extract
tmk,239004144,1997/04/04,1997/04/27,48,12.5000,85.4167,2.0833,1,2.0833,47,97.9167,6,41,0,1,fullownr_proxy,between transfer events; residency from 2026 fullownr proxy applied after first transfer; historical owner addresses not in sales extract
tmk,239004144,1997/04/28,1998/01/15,48,12.5000,85.4167,2.0833,1,2.0833,47,97.9167,6,41,0,1,fullownr_proxy,between transfer events; residency from 2026 fullownr proxy applied after first transfer; historical owner addresses not in sales extract
tmk,239004144,1998/01/16,1998/02/09,48,12.5000,85.4167,2.0833,1,2.0833,47,97.9167,6,41,0,1,fullownr_proxy,between transfer events; residency from 2026 fullownr proxy applied after first transfer; historical owner addresses not in sales extract
tmk,239004144,1998/02/10,1998/02/17,48,12.5000,85.4167,2.0833,1,2.0833,47,97.9167,6,41,0,1,fullownr_proxy,between transfer events; residency from 2026 fullownr proxy applied after first transfer; historical owner addresses not in sales extract
tmk,239004144,1998/02/18,1998/02/27,48,12.5000,85.4167,2.0833,1,2.0833,47,97.9167,6,41,0,1,fullownr_proxy,between transfer events; residency from 2026 fullownr proxy applied after first transfer; historical owner addresses not in sales extract
tmk,239004144,1998/02/28,1998/06/24,48,12.5000,85.4167,2.0833,1,2.0833,47,97.9167,6,41,0,1,fullownr_proxy,between transfer events; residency from 2026 fullownr proxy applied after first transfer; historical owner addresses not in sales extract
tmk,239004144,1998/06/25,1998/07/07,48,12.5000,85.4167,2.0833,1,2.0833,47,97.9167,6,41,0,1,fullownr_proxy,between transfer events; residency from 2026 fullownr proxy applied after first transfer; historical owner addresses not in sales extract
tmk,239004144,1998/07/08,1998/10/29,48,12.5000,85.4167,2.0833,1,2.0833,47,97.9167,6,41,0,1,fullownr_proxy,between transfer events; residency from 2026 fullownr proxy applied after first transfer; historical owner addresses not in sales extract
tmk,239004144,1998/10/30,1999/02/17,48,12.5000,85.4167,2.0833,1,2.0833,47,97.9167,6,41,0,1,fullownr_proxy,between transfer events; residency from 2026 fullownr proxy applied after first transfer; historical owner addresses not in sales extract
tmk,239004144,1999/02/18,1999/03/01,48,12.5000,85.4167,2.0833,1,2.0833,47,97.9167,6,41,0,1,fullownr_proxy,between transfer events; residency from 2026 fullownr proxy applied after first transfer; historical owner addresses not in sales extract
tmk,239004144,1999/03/02,1999/04/18,48,12.5000,85.4167,2.0833,1,2.0833,47,97.9167,6,41,0,1,fullownr_proxy,between transfer events; residency from 2026 fullownr proxy applied after first transfer; historical owner addresses not in sales extract
tmk,239004144,1999/04/19,1999/04/19,48,12.5000,85.4167,2.0833,1,2.0833,47,97.9167,6,41,0,1,fullownr_proxy,between transfer events; residency from 2026 fullownr proxy applied after first transfer; historical owner addresses not in sales extract
tmk,239004144,1999/04/20,1999/04/26,48,12.5000,85.4167,2.0833,1,2.0833,47,97.9167,6,41,0,1,fullownr_proxy,between transfer events; residency from 2026 fullownr proxy applied after first transfer; historical owner addresses not in sales extract
tmk,239004144,1999/04/27,1999/05/02,48,12.5000,85.4167,2.0833,1,2.0833,47,97.9167,6,41,0,1,fullownr_proxy,between transfer events; residency from 2026 fullownr proxy applied after first transfer; historical owner addresses not in sales extract
tmk,239004144,1999/05/03,1999/05/19,48,12.5000,85.4167,2.0833,1,2.0833,47,97.9167,6,41,0,1,fullownr_proxy,between transfer events; residency from 2026 fullownr proxy applied after first transfer; historical owner addresses not in sales extract
tmk,239004144,1999/05/20,1999/06/06,48,12.5000,85.4167,2.0833,1,2.0833,47,97.9167,6,41,0,1,fullownr_proxy,between transfer events; residency from 2026 fullownr proxy applied after first transfer; historical owner addresses not in sales extract
tmk,239004144,1999/06/07,1999/06/28,48,12.5000,85.4167,2.0833,1,2.0833,47,97.9167,6,41,0,1,fullownr_proxy,between transfer events; residency from 2026 fullownr proxy applied after first transfer; historical owner addresses not in sales extract
tmk,239004144,1999/06/29,1999/08/05,48,12.5000,85.4167,2.0833,1,2.0833,47,97.9167,6,41,0,1,fullownr_proxy,between transfer events; residency from 2026 fullownr proxy applied after first transfer; historical owner addresses not in sales extract
tmk,239004144,1999/08/06,1999/09/15,48,12.5000,85.4167,2.0833,1,2.0833,47,97.9167,6,41,0,1,fullownr_proxy,between transfer events; residency from 2026 fullownr proxy applied after first transfer; historical owner addresses not in sales extract
tmk,239004144,1999/09/16,1999/09/23,48,12.5000,85.4167,2.0833,1,2.0833,47,97.9167,6,41,0,1,fullownr_proxy,between transfer events; residency from 2026 fullownr proxy applied after first transfer; historical owner addresses not in sales extract
tmk,239004144,1999/09/24,1999/11/14,48,12.5000,85.4167,2.0833,1,2.0833,47,97.9167,6,41,0,1,fullownr_proxy,between transfer events; residency from 2026 fullownr proxy applied after first transfer; historical owner addresses not in sales extract
tmk,239004144,1999/11/15,1999/11/30,48,12.5000,85.4167,2.0833,1,2.0833,47,97.9167,6,41,0,1,fullownr_proxy,between transfer events; residency from 2026 fullownr proxy applied after first transfer; historical owner addresses not in sales extract
tmk,239004144,1999/12/01,2000/01/20,48,12.5000,85.4167,2.0833,1,2.0833,47,97.9167,6,41,0,1,fullownr_proxy,between transfer events; residency from 2026 fullownr proxy applied after first transfer; historical owner addresses not in sales extract
tmk,239004144,2000/01/21,2000/02/16,48,12.5000,85.4167,2.0833,1,2.0833,47,97.9167,6,41,0,1,fullownr_proxy,between transfer events; residency from 2026 fullownr proxy applied after first transfer; historical owner addresses not in sales extract
tmk,239004144,2000/02/17,2000/02/17,48,12.5000,85.4167,2.0833,1,2.0833,47,97.9167,6,41,0,1,fullownr_proxy,between transfer events; residency from 2026 fullownr proxy applied after first transfer; historical owner addresses not in sales extract
tmk,239004144,2000/02/18,2000/02/27,48,12.5000,85.4167,2.0833,1,2.0833,47,97.9167,6,41,0,1,fullownr_proxy,between transfer events; residency from 2026 fullownr proxy applied after first transfer; historical owner addresses not in sales extract
tmk,239004144,2000/02/28,2000/02/29,48,12.5000,85.4167,2.0833,1,2.0833,47,97.9167,6,41,0,1,fullownr_proxy,between transfer events; residency from 2026 fullownr proxy applied after first transfer; historical owner addresses not in sales extract
tmk,239004144,2000/03/01,2000/03/28,48,12.5000,85.4167,2.0833,1,2.0833,47,97.9167,6,41,0,1,fullownr_proxy,between transfer events; residency from 2026 fullownr proxy applied after first transfer; historical owner addresses not in sales extract
tmk,239004144,2000/03/29,2000/04/11,48,12.5000,85.4167,2.0833,1,2.0833,47,97.9167,6,41,0,1,fullownr_proxy,between transfer events; residency from 2026 fullownr proxy applied after first transfer; historical owner addresses not in sales extract
tmk,239004144,2000/04/12,2000/04/18,48,12.5000,87.5000,0.0000,0,0.0000,48,100.0000,6,42,0,0,fullownr_proxy,between transfer events; residency from 2026 fullownr proxy applied after first transfer; historical owner addresses not in sales extract
tmk,239004144,2000/04/19,2000/05/25,48,12.5000,87.5000,0.0000,0,0.0000,48,100.0000,6,42,0,0,fullownr_proxy,between transfer events; residency from 2026 fullownr proxy applied after first transfer; historical owner addresses not in sales extract
tmk,239004144,2000/05/26,2000/05/30,48,12.5000,87.5000,0.0000,0,0.0000,48,100.0000,6,42,0,0,fullownr_proxy,between transfer events; residency from 2026 fullownr proxy applied after first transfer; historical owner addresses not in sales extract
tmk,239004144,2000/05/31,2000/10/03,48,12.5000,87.5000,0.0000,0,0.0000,48,100.0000,6,42,0,0,fullownr_proxy,between transfer events; residency from 2026 fullownr proxy applied after first transfer; historical owner addresses not in sales extract
tmk,239004144,2000/10/04,2000/10/08,48,12.5000,87.5000,0.0000,0,0.0000,48,100.0000,6,42,0,0,fullownr_proxy,between transfer events; residency from 2026 fullownr proxy applied after first transfer; historical owner addresses not in sales extract
tmk,239004144,2000/10/09,2000/11/05,48,12.5000,87.5000,0.0000,0,0.0000,48,100.0000,6,42,0,0,fullownr_proxy,between transfer events; residency from 2026 fullownr proxy applied after first transfer; historical owner addresses not in sales extract
tmk,239004144,2000/11/06,2000/11/14,48,12.5000,87.5000,0.0000,0,0.0000,48,100.0000,6,42,0,0,fullownr_proxy,between transfer events; residency from 2026 fullownr proxy applied after first transfer; historical owner addresses not in sales extract
tmk,239004144,2000/11/15,2000/12/04,48,12.5000,87.5000,0.0000,0,0.0000,48,100.0000,6,42,0,0,fullownr_proxy,between transfer events; residency from 2026 fullownr proxy applied after first transfer; historical owner addresses not in sales extract
tmk,239004144,2000/12/05,2001/03/01,48,12.5000,87.5000,0.0000,0,0.0000,48,100.0000,6,42,0,0,fullownr_proxy,between transfer events; residency from 2026 fullownr proxy applied after first transfer; historical owner addresses not in sales extract
tmk,239004144,2001/03/02,2001/03/27,48,12.5000,87.5000,0.0000,0,0.0000,48,100.0000,6,42,0,0,fullownr_proxy,between transfer events; residency from 2026 fullownr proxy applied after first transfer; historical owner addresses not in sales extract
tmk,239004144,2001/03/28,2001/05/13,48,12.5000,87.5000,0.0000,0,0.0000,48,100.0000,6,42,0,0,fullownr_proxy,between transfer events; residency from 2026 fullownr proxy applied after first transfer; historical owner addresses not in sales extract
tmk,239004144,2001/05/14,2001/08/16,48,12.5000,87.5000,0.0000,0,0.0000,48,100.0000,6,42,0,0,fullownr_proxy,between transfer events; residency from 2026 fullownr proxy applied after first transfer; historical owner addresses not in sales extract
tmk,239004144,2001/08/17,2002/01/31,48,12.5000,87.5000,0.0000,0,0.0000,48,100.0000,6,42,0,0,fullownr_proxy,between transfer events; residency from 2026 fullownr proxy applied after first transfer; historical owner addresses not in sales extract
tmk,239004144,2002/02/01,2002/02/07,48,12.5000,87.5000,0.0000,0,0.0000,48,100.0000,6,42,0,0,fullownr_proxy,between transfer events; residency from 2026 fullownr proxy applied after first transfer; historical owner addresses not in sales extract
tmk,239004144,2002/02/08,2002/05/08,48,12.5000,87.5000,0.0000,0,0.0000,48,100.0000,6,42,0,0,fullownr_proxy,between transfer events; residency from 2026 fullownr proxy applied after first transfer; historical owner addresses not in sales extract
tmk,239004144,2002/05/09,2002/05/22,48,12.5000,87.5000,0.0000,0,0.0000,48,100.0000,6,42,0,0,fullownr_proxy,between transfer events; residency from 2026 fullownr proxy applied after first transfer; historical owner addresses not in sales extract
tmk,239004144,2002/05/23,2002/05/27,48,12.5000,87.5000,0.0000,0,0.0000,48,100.0000,6,42,0,0,fullownr_proxy,between transfer events; residency from 2026 fullownr proxy applied after first transfer; historical owner addresses not in sales extract
tmk,239004144,2002/05/28,2002/07/23,48,12.5000,87.5000,0.0000,0,0.0000,48,100.0000,6,42,0,0,fullownr_proxy,between transfer events; residency from 2026 fullownr proxy applied after first transfer; historical owner addresses not in sales extract
tmk,239004144,2002/07/24,2002/10/30,48,12.5000,87.5000,0.0000,0,0.0000,48,100.0000,6,42,0,0,fullownr_proxy,between transfer events; residency from 2026 fullownr proxy applied after first transfer; historical owner addresses not in sales extract
tmk,239004144,2002/10/31,2002/11/05,48,12.5000,87.5000,0.0000,0,0.0000,48,100.0000,6,42,0,0,fullownr_proxy,between transfer events; residency from 2026 fullownr proxy applied after first transfer; historical owner addresses not in sales extract
tmk,239004144,2002/11/06,2003/01/07,48,12.5000,87.5000,0.0000,0,0.0000,48,100.0000,6,42,0,0,fullownr_proxy,between transfer events; residency from 2026 fullownr proxy applied after first transfer; historical owner addresses not in sales extract
tmk,239004144,2003/01/08,2003/01/16,48,12.5000,87.5000,0.0000,0,0.0000,48,100.0000,6,42,0,0,fullownr_proxy,between transfer events; residency from 2026 fullownr proxy applied after first transfer; historical owner addresses not in sales extract
tmk,239004144,2003/01/17,2003/03/02,48,12.5000,87.5000,0.0000,0,0.0000,48,100.0000,6,42,0,0,fullownr_proxy,between transfer events; residency from 2026 fullownr proxy applied after first transfer; historical owner addresses not in sales extract
tmk,239004144,2003/03/03,2003/03/26,48,12.5000,87.5000,0.0000,0,0.0000,48,100.0000,6,42,0,0,fullownr_proxy,between transfer events; residency from 2026 fullownr proxy applied after first transfer; historical owner addresses not in sales extract
tmk,239004144,2003/03/27,2003/04/06,48,12.5000,87.5000,0.0000,0,0.0000,48,100.0000,6,42,0,0,fullownr_proxy,between transfer events; residency from 2026 fullownr proxy applied after first transfer; historical owner addresses not in sales extract
tmk,239004144,2003/04/07,2003/04/28,48,12.5000,87.5000,0.0000,0,0.0000,48,100.0000,6,42,0,0,fullownr_proxy,between transfer events; residency from 2026 fullownr proxy applied after first transfer; historical owner addresses not in sales extract
tmk,239004144,2003/04/29,2003/06/12,48,12.5000,87.5000,0.0000,0,0.0000,48,100.0000,6,42,0,0,fullownr_proxy,between transfer events; residency from 2026 fullownr proxy applied after first transfer; historical owner addresses not in sales extract
tmk,239004144,2003/06/13,2003/08/10,48,12.5000,87.5000,0.0000,0,0.0000,48,100.0000,6,42,0,0,fullownr_proxy,between transfer events; residency from 2026 fullownr proxy applied after first transfer; historical owner addresses not in sales extract
tmk,239004144,2003/08/11,2003/09/09,48,12.5000,87.5000,0.0000,0,0.0000,48,100.0000,6,42,0,0,fullownr_proxy,between transfer events; residency from 2026 fullownr proxy applied after first transfer; historical owner addresses not in sales extract
tmk,239004144,2003/09/10,2003/09/14,48,12.5000,87.5000,0.0000,0,0.0000,48,100.0000,6,42,0,0,fullownr_proxy,between transfer events; residency from 2026 fullownr proxy applied after first transfer; historical owner addresses not in sales extract
tmk,239004144,2003/09/15,2003/09/22,48,12.5000,87.5000,0.0000,0,0.0000,48,100.0000,6,42,0,0,fullownr_proxy,between transfer events; residency from 2026 fullownr proxy applied after first transfer; historical owner addresses not in sales extract
tmk,239004144,2003/09/23,2003/12/02,48,12.5000,87.5000,0.0000,0,0.0000,48,100.0000,6,42,0,0,fullownr_proxy,between transfer events; residency from 2026 fullownr proxy applied after first transfer; historical owner addresses not in sales extract
tmk,239004144,2003/12/03,2003/12/04,48,12.5000,87.5000,0.0000,0,0.0000,48,100.0000,6,42,0,0,fullownr_proxy,between transfer events; residency from 2026 fullownr proxy applied after first transfer; historical owner addresses not in sales extract
tmk,239004144,2003/12/05,2004/02/08,48,12.5000,87.5000,0.0000,0,0.0000,48,100.0000,6,42,0,0,fullownr_proxy,between transfer events; residency from 2026 fullownr proxy applied after first transfer; historical owner addresses not in sales extract
tmk,239004144,2004/02/09,2004/03/26,48,12.5000,87.5000,0.0000,0,0.0000,48,100.0000,6,42,0,0,fullownr_proxy,between transfer events; residency from 2026 fullownr proxy applied after first transfer; historical owner addresses not in sales extract
tmk,239004144,2004/03/27,2004/06/01,48,12.5000,87.5000,0.0000,0,0.0000,48,100.0000,6,42,0,0,fullownr_proxy,between transfer events; residency from 2026 fullownr proxy applied after first transfer; historical owner addresses not in sales extract
tmk,239004144,2004/06/02,2004/06/07,48,12.5000,87.5000,0.0000,0,0.0000,48,100.0000,6,42,0,0,fullownr_proxy,between transfer events; residency from 2026 fullownr proxy applied after first transfer; historical owner addresses not in sales extract
tmk,239004144,2004/06/08,2004/06/08,48,12.5000,87.5000,0.0000,0,0.0000,48,100.0000,6,42,0,0,fullownr_proxy,between transfer events; residency from 2026 fullownr proxy applied after first transfer; historical owner addresses not in sales extract
tmk,239004144,2004/06/09,2004/06/09,48,12.5000,87.5000,0.0000,0,0.0000,48,100.0000,6,42,0,0,fullownr_proxy,between transfer events; residency from 2026 fullownr proxy applied after first transfer; historical owner addresses not in sales extract
tmk,239004144,2004/06/10,2004/07/02,48,12.5000,87.5000,0.0000,0,0.0000,48,100.0000,6,42,0,0,fullownr_proxy,between transfer events; residency from 2026 fullownr proxy applied after first transfer; historical owner addresses not in sales extract
tmk,239004144,2004/07/03,2004/07/15,48,12.5000,87.5000,0.0000,0,0.0000,48,100.0000,6,42,0,0,fullownr_proxy,between transfer events; residency from 2026 fullownr proxy applied after first transfer; historical owner addresses not in sales extract
tmk,239004144,2004/07/16,2004/11/08,48,12.5000,87.5000,0.0000,0,0.0000,48,100.0000,6,42,0,0,fullownr_proxy,between transfer events; residency from 2026 fullownr proxy applied after first transfer; historical owner addresses not in sales extract
tmk,239004144,2004/11/09,2004/11/17,48,12.5000,87.5000,0.0000,0,0.0000,48,100.0000,6,42,0,0,fullownr_proxy,between transfer events; residency from 2026 fullownr proxy applied after first transfer; historical owner addresses not in sales extract
tmk,239004144,2004/11/18,2004/12/21,48,12.5000,87.5000,0.0000,0,0.0000,48,100.0000,6,42,0,0,fullownr_proxy,between transfer events; residency from 2026 fullownr proxy applied after first transfer; historical owner addresses not in sales extract
tmk,239004144,2004/12/22,2005/03/16,48,12.5000,87.5000,0.0000,0,0.0000,48,100.0000,6,42,0,0,fullownr_proxy,between transfer events; residency from 2026 fullownr proxy applied after first transfer; historical owner addresses not in sales extract
tmk,239004144,2005/03/17,2005/04/21,48,12.5000,87.5000,0.0000,0,0.0000,48,100.0000,6,42,0,0,fullownr_proxy,between transfer events; residency from 2026 fullownr proxy applied after first transfer; historical owner addresses not in sales extract
tmk,239004144,2005/04/22,2005/08/22,48,12.5000,87.5000,0.0000,0,0.0000,48,100.0000,6,42,0,0,fullownr_proxy,between transfer events; residency from 2026 fullownr proxy applied after first transfer; historical owner addresses not in sales extract
tmk,239004144,2005/08/23,2005/09/13,48,12.5000,87.5000,0.0000,0,0.0000,48,100.0000,6,42,0,0,fullownr_proxy,between transfer events; residency from 2026 fullownr proxy applied after first transfer; historical owner addresses not in sales extract
tmk,239004144,2005/09/14,2005/10/16,48,12.5000,87.5000,0.0000,0,0.0000,48,100.0000,6,42,0,0,fullownr_proxy,between transfer events; residency from 2026 fullownr proxy applied after first transfer; historical owner addresses not in sales extract
tmk,239004144,2005/10/17,2006/02/09,48,12.5000,87.5000,0.0000,0,0.0000,48,100.0000,6,42,0,0,fullownr_proxy,between transfer events; residency from 2026 fullownr proxy applied after first transfer; historical owner addresses not in sales extract
tmk,239004144,2006/02/10,2006/02/21,48,12.5000,87.5000,0.0000,0,0.0000,48,100.0000,6,42,0,0,fullownr_proxy,between transfer events; residency from 2026 fullownr proxy applied after first transfer; historical owner addresses not in sales extract
tmk,239004144,2006/02/22,2006/03/22,48,12.5000,87.5000,0.0000,0,0.0000,48,100.0000,6,42,0,0,fullownr_proxy,between transfer events; residency from 2026 fullownr proxy applied after first transfer; historical owner addresses not in sales extract
tmk,239004144,2006/03/23,2006/05/29,48,12.5000,87.5000,0.0000,0,0.0000,48,100.0000,6,42,0,0,fullownr_proxy,between transfer events; residency from 2026 fullownr proxy applied after first transfer; historical owner addresses not in sales extract
tmk,239004144,2006/05/30,2006/10/22,48,12.5000,87.5000,0.0000,0,0.0000,48,100.0000,6,42,0,0,fullownr_proxy,between transfer events; residency from 2026 fullownr proxy applied after first transfer; historical owner addresses not in sales extract
tmk,239004144,2006/10/23,2006/10/24,48,12.5000,87.5000,0.0000,0,0.0000,48,100.0000,6,42,0,0,fullownr_proxy,between transfer events; residency from 2026 fullownr proxy applied after first transfer; historical owner addresses not in sales extract
tmk,239004144,2006/10/25,2007/01/22,48,12.5000,87.5000,0.0000,0,0.0000,48,100.0000,6,42,0,0,fullownr_proxy,between transfer events; residency from 2026 fullownr proxy applied after first transfer; historical owner addresses not in sales extract
tmk,239004144,2007/01/23,2007/06/03,48,12.5000,87.5000,0.0000,0,0.0000,48,100.0000,6,42,0,0,fullownr_proxy,between transfer events; residency from 2026 fullownr proxy applied after first transfer; historical owner addresses not in sales extract
tmk,239004144,2007/06/04,2007/08/12,48,12.5000,87.5000,0.0000,0,0.0000,48,100.0000,6,42,0,0,fullownr_proxy,between transfer events; residency from 2026 fullownr proxy applied after first transfer; historical owner addresses not in sales extract
tmk,239004144,2007/08/13,2007/08/13,48,12.5000,87.5000,0.0000,0,0.0000,48,100.0000,6,42,0,0,fullownr_proxy,between transfer events; residency from 2026 fullownr proxy applied after first transfer; historical owner addresses not in sales extract
tmk,239004144,2007/08/14,2008/01/03,48,12.5000,87.5000,0.0000,0,0.0000,48,100.0000,6,42,0,0,fullownr_proxy,between transfer events; residency from 2026 fullownr proxy applied after first transfer; historical owner addresses not in sales extract
tmk,239004144,2008/01/04,2008/03/02,48,12.5000,87.5000,0.0000,0,0.0000,48,100.0000,6,42,0,0,fullownr_proxy,between transfer events; residency from 2026 fullownr proxy applied after first transfer; historical owner addresses not in sales extract
tmk,239004144,2008/03/03,2008/04/08,48,12.5000,87.5000,0.0000,0,0.0000,48,100.0000,6,42,0,0,fullownr_proxy,between transfer events; residency from 2026 fullownr proxy applied after first transfer; historical owner addresses not in sales extract
tmk,239004144,2008/04/09,2008/04/20,48,12.5000,87.5000,0.0000,0,0.0000,48,100.0000,6,42,0,0,fullownr_proxy,between transfer events; residency from 2026 fullownr proxy applied after first transfer; historical owner addresses not in sales extract
tmk,239004144,2008/04/21,2008/06/05,48,12.5000,87.5000,0.0000,0,0.0000,48,100.0000,6,42,0,0,fullownr_proxy,between transfer events; residency from 2026 fullownr proxy applied after first transfer; historical owner addresses not in sales extract
tmk,239004144,2008/06/06,2008/06/12,48,12.5000,87.5000,0.0000,0,0.0000,48,100.0000,6,42,0,0,fullownr_proxy,between transfer events; residency from 2026 fullownr proxy applied after first transfer; historical owner addresses not in sales extract
tmk,239004144,2008/06/13,2009/02/16,48,12.5000,87.5000,0.0000,0,0.0000,48,100.0000,6,42,0,0,fullownr_proxy,between transfer events; residency from 2026 fullownr proxy applied after first transfer; historical owner addresses not in sales extract
tmk,239004144,2009/02/17,2009/03/25,48,12.5000,87.5000,0.0000,0,0.0000,48,100.0000,6,42,0,0,fullownr_proxy,between transfer events; residency from 2026 fullownr proxy applied after first transfer; historical owner addresses not in sales extract
tmk,239004144,2009/03/26,2009/12/03,48,12.5000,87.5000,0.0000,0,0.0000,48,100.0000,6,42,0,0,fullownr_proxy,between transfer events; residency from 2026 fullownr proxy applied after first transfer; historical owner addresses not in sales extract
tmk,239004144,2009/12/04,2009/12/11,48,12.5000,87.5000,0.0000,0,0.0000,48,100.0000,6,42,0,0,fullownr_proxy,between transfer events; residency from 2026 fullownr proxy applied after first transfer; historical owner addresses not in sales extract
tmk,239004144,2009/12/12,2010/03/21,48,12.5000,87.5000,0.0000,0,0.0000,48,100.0000,6,42,0,0,fullownr_proxy,between transfer events; residency from 2026 fullownr proxy applied after first transfer; historical owner addresses not in sales extract
tmk,239004144,2010/03/22,2010/03/29,48,12.5000,87.5000,0.0000,0,0.0000,48,100.0000,6,42,0,0,fullownr_proxy,between transfer events; residency from 2026 fullownr proxy applied after first transfer; historical owner addresses not in sales extract
tmk,239004144,2010/03/30,2010/05/12,48,12.5000,87.5000,0.0000,0,0.0000,48,100.0000,6,42,0,0,fullownr_proxy,between transfer events; residency from 2026 fullownr proxy applied after first transfer; historical owner addresses not in sales extract
tmk,239004144,2010/05/13,2011/05/09,48,12.5000,87.5000,0.0000,0,0.0000,48,100.0000,6,42,0,0,fullownr_proxy,between transfer events; residency from 2026 fullownr proxy applied after first transfer; historical owner addresses not in sales extract
tmk,239004144,2011/05/10,2011/05/17,48,12.5000,87.5000,0.0000,0,0.0000,48,100.0000,6,42,0,0,fullownr_proxy,between transfer events; residency from 2026 fullownr proxy applied after first transfer; historical owner addresses not in sales extract
tmk,239004144,2011/05/18,2011/05/23,48,12.5000,87.5000,0.0000,0,0.0000,48,100.0000,6,42,0,0,fullownr_proxy,between transfer events; residency from 2026 fullownr proxy applied after first transfer; historical owner addresses not in sales extract
tmk,239004144,2011/05/24,2011/12/06,48,12.5000,87.5000,0.0000,0,0.0000,48,100.0000,6,42,0,0,fullownr_proxy,between transfer events; residency from 2026 fullownr proxy applied after first transfer; historical owner addresses not in sales extract
tmk,239004144,2011/12/07,2012/01/24,48,12.5000,87.5000,0.0000,0,0.0000,48,100.0000,6,42,0,0,fullownr_proxy,between transfer events; residency from 2026 fullownr proxy applied after first transfer; historical owner addresses not in sales extract
tmk,239004144,2012/01/25,2012/04/05,48,12.5000,87.5000,0.0000,0,0.0000,48,100.0000,6,42,0,0,fullownr_proxy,between transfer events; residency from 2026 fullownr proxy applied after first transfer; historical owner addresses not in sales extract
tmk,239004144,2012/04/06,2012/05/30,48,12.5000,87.5000,0.0000,0,0.0000,48,100.0000,6,42,0,0,fullownr_proxy,between transfer events; residency from 2026 fullownr proxy applied after first transfer; historical owner addresses not in sales extract
tmk,239004144,2012/05/31,2012/06/21,48,12.5000,87.5000,0.0000,0,0.0000,48,100.0000,6,42,0,0,fullownr_proxy,between transfer events; residency from 2026 fullownr proxy applied after first transfer; historical owner addresses not in sales extract
tmk,239004144,2012/06/22,2012/07/01,48,12.5000,87.5000,0.0000,0,0.0000,48,100.0000,6,42,0,0,fullownr_proxy,between transfer events; residency from 2026 fullownr proxy applied after first transfer; historical owner addresses not in sales extract
tmk,239004144,2012/07/02,2012/09/26,48,12.5000,87.5000,0.0000,0,0.0000,48,100.0000,6,42,0,0,fullownr_proxy,between transfer events; residency from 2026 fullownr proxy applied after first transfer; historical owner addresses not in sales extract
tmk,239004144,2012/09/27,2013/01/27,48,12.5000,87.5000,0.0000,0,0.0000,48,100.0000,6,42,0,0,fullownr_proxy,between transfer events; residency from 2026 fullownr proxy applied after first transfer; historical owner addresses not in sales extract
tmk,239004144,2013/01/28,2013/05/08,48,12.5000,87.5000,0.0000,0,0.0000,48,100.0000,6,42,0,0,fullownr_proxy,between transfer events; residency from 2026 fullownr proxy applied after first transfer; historical owner addresses not in sales extract
tmk,239004144,2013/05/09,2013/10/29,48,12.5000,87.5000,0.0000,0,0.0000,48,100.0000,6,42,0,0,fullownr_proxy,between transfer events; residency from 2026 fullownr proxy applied after first transfer; historical owner addresses not in sales extract
tmk,239004144,2013/10/30,2013/11/10,48,12.5000,87.5000,0.0000,0,0.0000,48,100.0000,6,42,0,0,fullownr_proxy,between transfer events; residency from 2026 fullownr proxy applied after first transfer; historical owner addresses not in sales extract
tmk,239004144,2013/11/11,2013/11/22,48,12.5000,87.5000,0.0000,0,0.0000,48,100.0000,6,42,0,0,fullownr_proxy,between transfer events; residency from 2026 fullownr proxy applied after first transfer; historical owner addresses not in sales extract
tmk,239004144,2013/11/23,2014/03/19,48,12.5000,87.5000,0.0000,0,0.0000,48,100.0000,6,42,0,0,fullownr_proxy,between transfer events; residency from 2026 fullownr proxy applied after first transfer; historical owner addresses not in sales extract
tmk,239004144,2014/03/20,2014/04/09,48,12.5000,87.5000,0.0000,0,0.0000,48,100.0000,6,42,0,0,fullownr_proxy,between transfer events; residency from 2026 fullownr proxy applied after first transfer; historical owner addresses not in sales extract
tmk,239004144,2014/04/10,2014/04/21,48,12.5000,87.5000,0.0000,0,0.0000,48,100.0000,6,42,0,0,fullownr_proxy,between transfer events; residency from 2026 fullownr proxy applied after first transfer; historical owner addresses not in sales extract
tmk,239004144,2014/04/22,2014/06/24,48,12.5000,87.5000,0.0000,0,0.0000,48,100.0000,6,42,0,0,fullownr_proxy,between transfer events; residency from 2026 fullownr proxy applied after first transfer; historical owner addresses not in sales extract
tmk,239004144,2014/06/25,2014/08/19,48,12.5000,87.5000,0.0000,0,0.0000,48,100.0000,6,42,0,0,fullownr_proxy,between transfer events; residency from 2026 fullownr proxy applied after first transfer; historical owner addresses not in sales extract
tmk,239004144,2014/08/20,2015/01/05,48,12.5000,87.5000,0.0000,0,0.0000,48,100.0000,6,42,0,0,fullownr_proxy,between transfer events; residency from 2026 fullownr proxy applied after first transfer; historical owner addresses not in sales extract
tmk,239004144,2015/01/06,2015/03/16,48,12.5000,87.5000,0.0000,0,0.0000,48,100.0000,6,42,0,0,fullownr_proxy,between transfer events; residency from 2026 fullownr proxy applied after first transfer; historical owner addresses not in sales extract
tmk,239004144,2015/03/17,2015/07/19,48,12.5000,87.5000,0.0000,0,0.0000,48,100.0000,6,42,0,0,fullownr_proxy,between transfer events; residency from 2026 fullownr proxy applied after first transfer; historical owner addresses not in sales extract
tmk,239004144,2015/07/20,2015/09/10,48,12.5000,87.5000,0.0000,0,0.0000,48,100.0000,6,42,0,0,fullownr_proxy,between transfer events; residency from 2026 fullownr proxy applied after first transfer; historical owner addresses not in sales extract
tmk,239004144,2015/09/11,2016/02/28,48,12.5000,87.5000,0.0000,0,0.0000,48,100.0000,6,42,0,0,fullownr_proxy,between transfer events; residency from 2026 fullownr proxy applied after first transfer; historical owner addresses not in sales extract
tmk,239004144,2016/02/29,2016/04/20,48,12.5000,87.5000,0.0000,0,0.0000,48,100.0000,6,42,0,0,fullownr_proxy,between transfer events; residency from 2026 fullownr proxy applied after first transfer; historical owner addresses not in sales extract
tmk,239004144,2016/04/21,2016/09/21,48,12.5000,87.5000,0.0000,0,0.0000,48,100.0000,6,42,0,0,fullownr_proxy,between transfer events; residency from 2026 fullownr proxy applied after first transfer; historical owner addresses not in sales extract
tmk,239004144,2016/09/22,2016/11/20,48,12.5000,87.5000,0.0000,0,0.0000,48,100.0000,6,42,0,0,fullownr_proxy,between transfer events; residency from 2026 fullownr proxy applied after first transfer; historical owner addresses not in sales extract
tmk,239004144,2016/11/21,2017/04/16,48,12.5000,87.5000,0.0000,0,0.0000,48,100.0000,6,42,0,0,fullownr_proxy,between transfer events; residency from 2026 fullownr proxy applied after first transfer; historical owner addresses not in sales extract
tmk,239004144,2017/04/17,2017/06/23,48,12.5000,87.5000,0.0000,0,0.0000,48,100.0000,6,42,0,0,fullownr_proxy,between transfer events; residency from 2026 fullownr proxy applied after first transfer; historical owner addresses not in sales extract
tmk,239004144,2017/06/24,2017/10/01,48,12.5000,87.5000,0.0000,0,0.0000,48,100.0000,6,42,0,0,fullownr_proxy,between transfer events; residency from 2026 fullownr proxy applied after first transfer; historical owner addresses not in sales extract
tmk,239004144,2017/10/02,2017/11/19,48,12.5000,87.5000,0.0000,0,0.0000,48,100.0000,6,42,0,0,fullownr_proxy,between transfer events; residency from 2026 fullownr proxy applied after first transfer; historical owner addresses not in sales extract
tmk,239004144,2017/11/20,2018/07/10,48,12.5000,87.5000,0.0000,0,0.0000,48,100.0000,6,42,0,0,fullownr_proxy,between transfer events; residency from 2026 fullownr proxy applied after first transfer; historical owner addresses not in sales extract
tmk,239004144,2018/07/11,2018/08/09,48,12.5000,87.5000,0.0000,0,0.0000,48,100.0000,6,42,0,0,fullownr_proxy,between transfer events; residency from 2026 fullownr proxy applied after first transfer; historical owner addresses not in sales extract
tmk,239004144,2018/08/10,2018/08/14,48,12.5000,87.5000,0.0000,0,0.0000,48,100.0000,6,42,0,0,fullownr_proxy,between transfer events; residency from 2026 fullownr proxy applied after first transfer; historical owner addresses not in sales extract
tmk,239004144,2018/08/15,2019/03/26,48,12.5000,87.5000,0.0000,0,0.0000,48,100.0000,6,42,0,0,fullownr_proxy,between transfer events; residency from 2026 fullownr proxy applied after first transfer; historical owner addresses not in sales extract
tmk,239004144,2019/03/27,2019/04/23,48,12.5000,87.5000,0.0000,0,0.0000,48,100.0000,6,42,0,0,fullownr_proxy,between transfer events; residency from 2026 fullownr proxy applied after first transfer; historical owner addresses not in sales extract
tmk,239004144,2019/04/24,2019/05/20,48,12.5000,87.5000,0.0000,0,0.0000,48,100.0000,6,42,0,0,fullownr_proxy,between transfer events; residency from 2026 fullownr proxy applied after first transfer; historical owner addresses not in sales extract
tmk,239004144,2019/05/21,2019/12/04,48,12.5000,87.5000,0.0000,0,0.0000,48,100.0000,6,42,0,0,fullownr_proxy,between transfer events; residency from 2026 fullownr proxy applied after first transfer; historical owner addresses not in sales extract
tmk,239004144,2019/12/05,2020/04/25,48,12.5000,87.5000,0.0000,0,0.0000,48,100.0000,6,42,0,0,fullownr_proxy,between transfer events; residency from 2026 fullownr proxy applied after first transfer; historical owner addresses not in sales extract
tmk,239004144,2020/04/26,2020/05/07,48,12.5000,87.5000,0.0000,0,0.0000,48,100.0000,6,42,0,0,fullownr_proxy,between transfer events; residency from 2026 fullownr proxy applied after first transfer; historical owner addresses not in sales extract
tmk,239004144,2020/05/08,2020/07/26,48,12.5000,87.5000,0.0000,0,0.0000,48,100.0000,6,42,0,0,fullownr_proxy,between transfer events; residency from 2026 fullownr proxy applied after first transfer; historical owner addresses not in sales extract
tmk,239004144,2020/07/27,2020/07/28,48,12.5000,87.5000,0.0000,0,0.0000,48,100.0000,6,42,0,0,fullownr_proxy,between transfer events; residency from 2026 fullownr proxy applied after first transfer; historical owner addresses not in sales extract
tmk,239004144,2020/07/29,2020/08/14,48,12.5000,87.5000,0.0000,0,0.0000,48,100.0000,6,42,0,0,fullownr_proxy,between transfer events; residency from 2026 fullownr proxy applied after first transfer; historical owner addresses not in sales extract
tmk,239004144,2020/08/15,2020/10/23,48,12.5000,87.5000,0.0000,0,0.0000,48,100.0000,6,42,0,0,fullownr_proxy,between transfer events; residency from 2026 fullownr proxy applied after first transfer; historical owner addresses not in sales extract
tmk,239004144,2020/10/24,2020/10/28,48,12.5000,87.5000,0.0000,0,0.0000,48,100.0000,6,42,0,0,fullownr_proxy,between transfer events; residency from 2026 fullownr proxy applied after first transfer; historical owner addresses not in sales extract
tmk,239004144,2020/10/29,2020/12/03,48,12.5000,87.5000,0.0000,0,0.0000,48,100.0000,6,42,0,0,fullownr_proxy,between transfer events; residency from 2026 fullownr proxy applied after first transfer; historical owner addresses not in sales extract
tmk,239004144,2020/12/04,2021/01/06,48,12.5000,87.5000,0.0000,0,0.0000,48,100.0000,6,42,0,0,fullownr_proxy,between transfer events; residency from 2026 fullownr proxy applied after first transfer; historical owner addresses not in sales extract
tmk,239004144,2021/01/07,2021/02/28,48,12.5000,87.5000,0.0000,0,0.0000,48,100.0000,6,42,0,0,fullownr_proxy,between transfer events; residency from 2026 fullownr proxy applied after first transfer; historical owner addresses not in sales extract
tmk,239004144,2021/03/01,2021/03/12,48,12.5000,87.5000,0.0000,0,0.0000,48,100.0000,6,42,0,0,fullownr_proxy,between transfer events; residency from 2026 fullownr proxy applied after first transfer; historical owner addresses not in sales extract
tmk,239004144,2021/03/13,2021/03/22,48,12.5000,87.5000,0.0000,0,0.0000,48,100.0000,6,42,0,0,fullownr_proxy,between transfer events; residency from 2026 fullownr proxy applied after first transfer; historical owner addresses not in sales extract
tmk,239004144,2021/03/23,2021/03/31,48,12.5000,87.5000,0.0000,0,0.0000,48,100.0000,6,42,0,0,fullownr_proxy,between transfer events; residency from 2026 fullownr proxy applied after first transfer; historical owner addresses not in sales extract
tmk,239004144,2021/04/01,2021/08/30,48,12.5000,87.5000,0.0000,0,0.0000,48,100.0000,6,42,0,0,fullownr_proxy,between transfer events; residency from 2026 fullownr proxy applied after first transfer; historical owner addresses not in sales extract
tmk,239004144,2021/08/31,2021/10/17,48,12.5000,87.5000,0.0000,0,0.0000,48,100.0000,6,42,0,0,fullownr_proxy,between transfer events; residency from 2026 fullownr proxy applied after first transfer; historical owner addresses not in sales extract
tmk,239004144,2021/10/18,2021/12/26,48,12.5000,87.5000,0.0000,0,0.0000,48,100.0000,6,42,0,0,fullownr_proxy,between transfer events; residency from 2026 fullownr proxy applied after first transfer; historical owner addresses not in sales extract
tmk,239004144,2021/12/27,2022/02/10,48,12.5000,87.5000,0.0000,0,0.0000,48,100.0000,6,42,0,0,fullownr_proxy,between transfer events; residency from 2026 fullownr proxy applied after first transfer; historical owner addresses not in sales extract
tmk,239004144,2022/02/11,2022/03/18,48,12.5000,87.5000,0.0000,0,0.0000,48,100.0000,6,42,0,0,fullownr_proxy,between transfer events; residency from 2026 fullownr proxy applied after first transfer; historical owner addresses not in sales extract
tmk,239004144,2022/03/19,2022/04/08,48,12.5000,87.5000,0.0000,0,0.0000,48,100.0000,6,42,0,0,fullownr_proxy,between transfer events; residency from 2026 fullownr proxy applied after first transfer; historical owner addresses not in sales extract
tmk,239004144,2022/04/09,2022/05/10,48,12.5000,87.5000,0.0000,0,0.0000,48,100.0000,6,42,0,0,fullownr_proxy,between transfer events; residency from 2026 fullownr proxy applied after first transfer; historical owner addresses not in sales extract
tmk,239004144,2022/05/11,2022/11/07,48,12.5000,87.5000,0.0000,0,0.0000,48,100.0000,6,42,0,0,fullownr_proxy,between transfer events; residency from 2026 fullownr proxy applied after first transfer; historical owner addresses not in sales extract
tmk,239004144,2022/11/08,2022/12/21,48,12.5000,87.5000,0.0000,0,0.0000,48,100.0000,6,42,0,0,fullownr_proxy,between transfer events; residency from 2026 fullownr proxy applied after first transfer; historical owner addresses not in sales extract
tmk,239004144,2022/12/22,2023/02/12,48,12.5000,87.5000,0.0000,0,0.0000,48,100.0000,6,42,0,0,fullownr_proxy,between transfer events; residency from 2026 fullownr proxy applied after first transfer; historical owner addresses not in sales extract
tmk,239004144,2023/02/13,2023/09/27,48,12.5000,87.5000,0.0000,0,0.0000,48,100.0000,6,42,0,0,fullownr_proxy,between transfer events; residency from 2026 fullownr proxy applied after first transfer; historical owner addresses not in sales extract
tmk,239004144,2023/09/28,2023/12/03,48,12.5000,87.5000,0.0000,0,0.0000,48,100.0000,6,42,0,0,fullownr_proxy,between transfer events; residency from 2026 fullownr proxy applied after first transfer; historical owner addresses not in sales extract
tmk,239004144,2023/12/04,2023/12/04,48,12.5000,87.5000,0.0000,0,0.0000,48,100.0000,6,42,0,0,fullownr_proxy,between transfer events; residency from 2026 fullownr proxy applied after first transfer; historical owner addresses not in sales extract
tmk,239004144,2023/12/05,2024/06/23,48,12.5000,87.5000,0.0000,0,0.0000,48,100.0000,6,42,0,0,fullownr_proxy,between transfer events; residency from 2026 fullownr proxy applied after first transfer; historical owner addresses not in sales extract
tmk,239004144,2024/06/24,2025/03/26,48,12.5000,87.5000,0.0000,0,0.0000,48,100.0000,6,42,0,0,fullownr_proxy,between transfer events; residency from 2026 fullownr proxy applied after first transfer; historical owner addresses not in sales extract
tmk,239004144,2025/03/27,2025/04/13,48,12.5000,87.5000,0.0000,0,0.0000,48,100.0000,6,42,0,0,fullownr_proxy,between transfer events; residency from 2026 fullownr proxy applied after first transfer; historical owner addresses not in sales extract
tmk,239004144,2025/04/14,,48,12.5000,87.5000,0.0000,0,0.0000,48,100.0000,6,42,0,0,fullownr_snapshot,current ownership from 2026 fullownr extract
