scope,tmk,period_start,period_end,total_units,hi_pct,non_hi_pct,unknown_pct,unresolved_units,unresolved_pct,proxy_resolved_units,proxy_resolved_pct,hi_units,non_hi_units,mixed_units,unknown_units,source,notes
collective,,1990/02/01,1990/02/28,152,0.0000,0.6579,99.3421,151,99.3421,1,0.6579,0,1,0,151,fullownr_proxy,between transfer events; residency from 2026 fullownr proxy applied after first transfer; historical owner addresses not in sales extract; active TMKs: 221008082
collective,,1990/03/01,1990/11/08,152,0.0000,1.3158,98.6842,150,98.6842,2,1.3158,0,2,0,150,fullownr_proxy,between transfer events; residency from 2026 fullownr proxy applied after first transfer; historical owner addresses not in sales extract; active TMKs: 221008082
collective,,1990/11/09,1990/11/20,152,0.6579,1.3158,98.0263,149,98.0263,3,1.9737,1,2,0,149,fullownr_proxy,between transfer events; residency from 2026 fullownr proxy applied after first transfer; historical owner addresses not in sales extract; active TMKs: 221008082
collective,,1990/11/21,1990/11/28,152,1.3158,1.3158,97.3684,148,97.3684,4,2.6316,2,2,0,148,fullownr_proxy,between transfer events; residency from 2026 fullownr proxy applied after first transfer; historical owner addresses not in sales extract; active TMKs: 221008082
collective,,1990/11/29,1990/11/30,152,1.3158,1.9737,96.7105,147,96.7105,5,3.2895,2,3,0,147,fullownr_proxy,between transfer events; residency from 2026 fullownr proxy applied after first transfer; historical owner addresses not in sales extract; active TMKs: 221008082
collective,,1990/12/01,1990/12/02,152,1.3158,2.6316,96.0526,146,96.0526,6,3.9474,2,4,0,146,fullownr_proxy,between transfer events; residency from 2026 fullownr proxy applied after first transfer; historical owner addresses not in sales extract; active TMKs: 221008082
collective,,1990/12/03,1990/12/11,152,1.3158,3.2895,95.3947,145,95.3947,7,4.6053,2,5,0,145,fullownr_proxy,between transfer events; residency from 2026 fullownr proxy applied after first transfer; historical owner addresses not in sales extract; active TMKs: 221008082
collective,,1990/12/12,1990/12/12,152,1.3158,3.9474,94.7368,144,94.7368,8,5.2632,2,6,0,144,fullownr_proxy,between transfer events; residency from 2026 fullownr proxy applied after first transfer; historical owner addresses not in sales extract; active TMKs: 221008082
collective,,1990/12/13,1990/12/14,152,2.6316,13.1579,84.2105,128,84.2105,24,15.7895,4,20,0,128,fullownr_proxy,between transfer events; residency from 2026 fullownr proxy applied after first transfer; historical owner addresses not in sales extract; active TMKs: 221008082
collective,,1990/12/15,1990/12/30,152,2.6316,13.8158,83.5526,127,83.5526,25,16.4474,4,21,0,127,fullownr_proxy,between transfer events; residency from 2026 fullownr proxy applied after first transfer; historical owner addresses not in sales extract; active TMKs: 221008082
collective,,1990/12/31,1991/01/06,152,2.6316,14.4737,82.8947,126,82.8947,26,17.1053,4,22,0,126,fullownr_proxy,between transfer events; residency from 2026 fullownr proxy applied after first transfer; historical owner addresses not in sales extract; active TMKs: 221008082
collective,,1991/01/07,1991/01/07,152,3.2895,14.4737,82.2368,125,82.2368,27,17.7632,5,22,0,125,fullownr_proxy,between transfer events; residency from 2026 fullownr proxy applied after first transfer; historical owner addresses not in sales extract; active TMKs: 221008082
collective,,1991/01/08,1991/01/30,152,5.2632,23.0263,71.7105,109,71.7105,43,28.2895,8,35,0,109,fullownr_proxy,between transfer events; residency from 2026 fullownr proxy applied after first transfer; historical owner addresses not in sales extract; active TMKs: 221008082
collective,,1991/01/31,1991/02/18,152,5.2632,23.6842,71.0526,108,71.0526,44,28.9474,8,36,0,108,fullownr_proxy,between transfer events; residency from 2026 fullownr proxy applied after first transfer; historical owner addresses not in sales extract; active TMKs: 221008082
collective,,1991/02/19,1991/02/19,152,5.2632,23.6842,71.0526,108,71.0526,44,28.9474,8,36,0,108,fullownr_proxy,between transfer events; residency from 2026 fullownr proxy applied after first transfer; historical owner addresses not in sales extract; active TMKs: 221008082
collective,,1991/02/20,1991/02/25,152,5.9211,42.1053,51.9737,79,51.9737,73,48.0263,9,64,0,79,fullownr_proxy,between transfer events; residency from 2026 fullownr proxy applied after first transfer; historical owner addresses not in sales extract; active TMKs: 221008082
collective,,1991/02/26,1991/02/27,152,5.9211,43.4211,50.6579,77,50.6579,75,49.3421,9,66,0,77,fullownr_proxy,between transfer events; residency from 2026 fullownr proxy applied after first transfer; historical owner addresses not in sales extract; active TMKs: 221008082
collective,,1991/02/28,1991/02/28,152,6.5789,45.3947,48.0263,73,48.0263,79,51.9737,10,69,0,73,fullownr_proxy,between transfer events; residency from 2026 fullownr proxy applied after first transfer; historical owner addresses not in sales extract; active TMKs: 221008082
collective,,1991/03/01,1991/03/04,152,6.5789,46.0526,47.3684,72,47.3684,80,52.6316,10,70,0,72,fullownr_proxy,between transfer events; residency from 2026 fullownr proxy applied after first transfer; historical owner addresses not in sales extract; active TMKs: 221008082
collective,,1991/03/05,1991/03/06,152,6.5789,46.7105,46.7105,71,46.7105,81,53.2895,10,71,0,71,fullownr_proxy,between transfer events; residency from 2026 fullownr proxy applied after first transfer; historical owner addresses not in sales extract; active TMKs: 221008082
collective,,1991/03/07,1991/03/31,152,7.8947,50.0000,42.1053,64,42.1053,88,57.8947,12,76,0,64,fullownr_proxy,between transfer events; residency from 2026 fullownr proxy applied after first transfer; historical owner addresses not in sales extract; active TMKs: 221008082
collective,,1991/04/01,1991/04/10,152,8.5526,51.3158,40.1316,61,40.1316,91,59.8684,13,78,0,61,fullownr_proxy,between transfer events; residency from 2026 fullownr proxy applied after first transfer; historical owner addresses not in sales extract; active TMKs: 221008082
collective,,1991/04/11,1991/04/28,152,12.5000,61.1842,26.3158,40,26.3158,112,73.6842,19,93,0,40,fullownr_proxy,between transfer events; residency from 2026 fullownr proxy applied after first transfer; historical owner addresses not in sales extract; active TMKs: 221008082
collective,,1991/04/29,1991/04/29,152,12.5000,62.5000,25.0000,38,25.0000,114,75.0000,19,95,0,38,fullownr_proxy,between transfer events; residency from 2026 fullownr proxy applied after first transfer; historical owner addresses not in sales extract; active TMKs: 221008082
collective,,1991/04/30,1991/04/30,152,12.5000,63.1579,24.3421,37,24.3421,115,75.6579,19,96,0,37,fullownr_proxy,between transfer events; residency from 2026 fullownr proxy applied after first transfer; historical owner addresses not in sales extract; active TMKs: 221008082
collective,,1991/05/01,1991/05/05,152,12.5000,63.1579,24.3421,37,24.3421,115,75.6579,19,96,0,37,fullownr_proxy,between transfer events; residency from 2026 fullownr proxy applied after first transfer; historical owner addresses not in sales extract; active TMKs: 221008082
collective,,1991/05/06,1991/05/06,152,12.5000,63.8158,23.6842,36,23.6842,116,76.3158,19,97,0,36,fullownr_proxy,between transfer events; residency from 2026 fullownr proxy applied after first transfer; historical owner addresses not in sales extract; active TMKs: 221008082
collective,,1991/05/07,1991/05/07,152,13.1579,65.1316,21.7105,33,21.7105,119,78.2895,20,99,0,33,fullownr_proxy,between transfer events; residency from 2026 fullownr proxy applied after first transfer; historical owner addresses not in sales extract; active TMKs: 221008082
collective,,1991/05/08,1991/05/22,152,13.1579,65.1316,21.7105,33,21.7105,119,78.2895,20,99,0,33,fullownr_proxy,between transfer events; residency from 2026 fullownr proxy applied after first transfer; historical owner addresses not in sales extract; active TMKs: 221008082
collective,,1991/05/23,1991/06/09,152,13.1579,65.7895,21.0526,32,21.0526,120,78.9474,20,100,0,32,fullownr_proxy,between transfer events; residency from 2026 fullownr proxy applied after first transfer; historical owner addresses not in sales extract; active TMKs: 221008082
collective,,1991/06/10,1991/06/25,152,13.8158,68.4211,17.7632,27,17.7632,125,82.2368,21,104,0,27,fullownr_proxy,between transfer events; residency from 2026 fullownr proxy applied after first transfer; historical owner addresses not in sales extract; active TMKs: 221008082
collective,,1991/06/26,1991/07/11,152,14.4737,68.4211,17.1053,26,17.1053,126,82.8947,22,104,0,26,fullownr_proxy,between transfer events; residency from 2026 fullownr proxy applied after first transfer; historical owner addresses not in sales extract; active TMKs: 221008082
collective,,1991/07/12,1991/08/05,152,14.4737,69.0789,16.4474,25,16.4474,127,83.5526,22,105,0,25,fullownr_proxy,between transfer events; residency from 2026 fullownr proxy applied after first transfer; historical owner addresses not in sales extract; active TMKs: 221008082
collective,,1991/08/06,1991/08/18,152,14.4737,69.7368,15.7895,24,15.7895,128,84.2105,22,106,0,24,fullownr_proxy,between transfer events; residency from 2026 fullownr proxy applied after first transfer; historical owner addresses not in sales extract; active TMKs: 221008082
collective,,1991/08/19,1991/09/24,152,14.4737,69.7368,15.7895,24,15.7895,128,84.2105,22,106,0,24,fullownr_proxy,between transfer events; residency from 2026 fullownr proxy applied after first transfer; historical owner addresses not in sales extract; active TMKs: 221008082
collective,,1991/09/25,1991/10/17,152,14.4737,69.7368,15.7895,24,15.7895,128,84.2105,22,106,0,24,fullownr_proxy,between transfer events; residency from 2026 fullownr proxy applied after first transfer; historical owner addresses not in sales extract; active TMKs: 221008082
collective,,1991/10/18,1991/10/21,152,14.4737,70.3947,15.1316,23,15.1316,129,84.8684,22,107,0,23,fullownr_proxy,between transfer events; residency from 2026 fullownr proxy applied after first transfer; historical owner addresses not in sales extract; active TMKs: 221008082
collective,,1991/10/22,1991/10/31,152,15.1316,70.3947,14.4737,22,14.4737,130,85.5263,23,107,0,22,fullownr_proxy,between transfer events; residency from 2026 fullownr proxy applied after first transfer; historical owner addresses not in sales extract; active TMKs: 221008082
collective,,1991/11/01,1991/11/03,152,15.7895,71.0526,13.1579,20,13.1579,132,86.8421,24,108,0,20,fullownr_proxy,between transfer events; residency from 2026 fullownr proxy applied after first transfer; historical owner addresses not in sales extract; active TMKs: 221008082
collective,,1991/11/04,1991/11/05,152,15.7895,71.0526,13.1579,20,13.1579,132,86.8421,24,108,0,20,fullownr_proxy,between transfer events; residency from 2026 fullownr proxy applied after first transfer; historical owner addresses not in sales extract; active TMKs: 221008082
collective,,1991/11/06,1991/11/26,152,15.7895,71.0526,13.1579,20,13.1579,132,86.8421,24,108,0,20,fullownr_proxy,between transfer events; residency from 2026 fullownr proxy applied after first transfer; historical owner addresses not in sales extract; active TMKs: 221008082
collective,,1991/11/27,1991/11/30,152,16.4474,71.7105,11.8421,18,11.8421,134,88.1579,25,109,0,18,fullownr_proxy,between transfer events; residency from 2026 fullownr proxy applied after first transfer; historical owner addresses not in sales extract; active TMKs: 221008082
collective,,1991/12/01,1991/12/12,152,16.4474,72.3684,11.1842,17,11.1842,135,88.8158,25,110,0,17,fullownr_proxy,between transfer events; residency from 2026 fullownr proxy applied after first transfer; historical owner addresses not in sales extract; active TMKs: 221008082
collective,,1991/12/13,1991/12/23,152,16.4474,72.3684,11.1842,17,11.1842,135,88.8158,25,110,0,17,fullownr_proxy,between transfer events; residency from 2026 fullownr proxy applied after first transfer; historical owner addresses not in sales extract; active TMKs: 221008082
collective,,1991/12/24,1992/01/01,152,16.4474,73.0263,10.5263,16,10.5263,136,89.4737,25,111,0,16,fullownr_proxy,between transfer events; residency from 2026 fullownr proxy applied after first transfer; historical owner addresses not in sales extract; active TMKs: 221008082
collective,,1992/01/02,1992/01/31,152,16.4474,73.0263,10.5263,16,10.5263,136,89.4737,25,111,0,16,fullownr_proxy,between transfer events; residency from 2026 fullownr proxy applied after first transfer; historical owner addresses not in sales extract; active TMKs: 221008082
collective,,1992/02/01,1992/02/23,152,16.4474,73.6842,9.8684,15,9.8684,137,90.1316,25,112,0,15,fullownr_proxy,between transfer events; residency from 2026 fullownr proxy applied after first transfer; historical owner addresses not in sales extract; active TMKs: 221008082
collective,,1992/02/24,1992/05/31,152,16.4474,73.6842,9.8684,15,9.8684,137,90.1316,25,112,0,15,fullownr_proxy,between transfer events; residency from 2026 fullownr proxy applied after first transfer; historical owner addresses not in sales extract; active TMKs: 221008082
collective,,1992/06/01,1992/06/23,152,16.4474,73.6842,9.8684,15,9.8684,137,90.1316,25,112,0,15,fullownr_proxy,between transfer events; residency from 2026 fullownr proxy applied after first transfer; historical owner addresses not in sales extract; active TMKs: 221008082
collective,,1992/06/24,1992/06/30,152,16.4474,75.0000,8.5526,13,8.5526,139,91.4474,25,114,0,13,fullownr_proxy,between transfer events; residency from 2026 fullownr proxy applied after first transfer; historical owner addresses not in sales extract; active TMKs: 221008082
collective,,1992/07/01,1992/07/01,152,16.4474,75.6579,7.8947,12,7.8947,140,92.1053,25,115,0,12,fullownr_proxy,between transfer events; residency from 2026 fullownr proxy applied after first transfer; historical owner addresses not in sales extract; active TMKs: 221008082
collective,,1992/07/02,1992/08/09,152,16.4474,75.6579,7.8947,12,7.8947,140,92.1053,25,115,0,12,fullownr_proxy,between transfer events; residency from 2026 fullownr proxy applied after first transfer; historical owner addresses not in sales extract; active TMKs: 221008082
collective,,1992/08/10,1992/08/27,152,16.4474,75.6579,7.8947,12,7.8947,140,92.1053,25,115,0,12,fullownr_proxy,between transfer events; residency from 2026 fullownr proxy applied after first transfer; historical owner addresses not in sales extract; active TMKs: 221008082
collective,,1992/08/28,1992/09/02,152,16.4474,75.6579,7.8947,12,7.8947,140,92.1053,25,115,0,12,fullownr_proxy,between transfer events; residency from 2026 fullownr proxy applied after first transfer; historical owner addresses not in sales extract; active TMKs: 221008082
collective,,1992/09/03,1992/09/24,152,16.4474,75.6579,7.8947,12,7.8947,140,92.1053,25,115,0,12,fullownr_proxy,between transfer events; residency from 2026 fullownr proxy applied after first transfer; historical owner addresses not in sales extract; active TMKs: 221008082
collective,,1992/09/25,1992/10/25,152,16.4474,75.6579,7.8947,12,7.8947,140,92.1053,25,115,0,12,fullownr_proxy,between transfer events; residency from 2026 fullownr proxy applied after first transfer; historical owner addresses not in sales extract; active TMKs: 221008082
collective,,1992/10/26,1992/10/26,152,16.4474,75.6579,7.8947,12,7.8947,140,92.1053,25,115,0,12,fullownr_proxy,between transfer events; residency from 2026 fullownr proxy applied after first transfer; historical owner addresses not in sales extract; active TMKs: 221008082
collective,,1992/10/27,1992/11/24,152,16.4474,75.6579,7.8947,12,7.8947,140,92.1053,25,115,0,12,fullownr_proxy,between transfer events; residency from 2026 fullownr proxy applied after first transfer; historical owner addresses not in sales extract; active TMKs: 221008082
collective,,1992/11/25,1992/11/26,152,16.4474,75.6579,7.8947,12,7.8947,140,92.1053,25,115,0,12,fullownr_proxy,between transfer events; residency from 2026 fullownr proxy applied after first transfer; historical owner addresses not in sales extract; active TMKs: 221008082
collective,,1992/11/27,1992/12/08,152,16.4474,75.6579,7.8947,12,7.8947,140,92.1053,25,115,0,12,fullownr_proxy,between transfer events; residency from 2026 fullownr proxy applied after first transfer; historical owner addresses not in sales extract; active TMKs: 221008082
collective,,1992/12/09,1992/12/09,152,16.4474,75.6579,7.8947,12,7.8947,140,92.1053,25,115,0,12,fullownr_proxy,between transfer events; residency from 2026 fullownr proxy applied after first transfer; historical owner addresses not in sales extract; active TMKs: 221008082
collective,,1992/12/10,1993/01/15,152,16.4474,75.6579,7.8947,12,7.8947,140,92.1053,25,115,0,12,fullownr_proxy,between transfer events; residency from 2026 fullownr proxy applied after first transfer; historical owner addresses not in sales extract; active TMKs: 221008082
collective,,1993/01/16,1993/03/02,152,16.4474,75.6579,7.8947,12,7.8947,140,92.1053,25,115,0,12,fullownr_proxy,between transfer events; residency from 2026 fullownr proxy applied after first transfer; historical owner addresses not in sales extract; active TMKs: 221008082
collective,,1993/03/03,1993/03/07,152,16.4474,75.6579,7.8947,12,7.8947,140,92.1053,25,115,0,12,fullownr_proxy,between transfer events; residency from 2026 fullownr proxy applied after first transfer; historical owner addresses not in sales extract; active TMKs: 221008082
collective,,1993/03/08,1993/03/09,152,16.4474,75.6579,7.8947,12,7.8947,140,92.1053,25,115,0,12,fullownr_proxy,between transfer events; residency from 2026 fullownr proxy applied after first transfer; historical owner addresses not in sales extract; active TMKs: 221008082
collective,,1993/03/10,1993/04/21,152,16.4474,75.6579,7.8947,12,7.8947,140,92.1053,25,115,0,12,fullownr_proxy,between transfer events; residency from 2026 fullownr proxy applied after first transfer; historical owner addresses not in sales extract; active TMKs: 221008082
collective,,1993/04/22,1993/04/30,152,16.4474,75.6579,7.8947,12,7.8947,140,92.1053,25,115,0,12,fullownr_proxy,between transfer events; residency from 2026 fullownr proxy applied after first transfer; historical owner addresses not in sales extract; active TMKs: 221008082
collective,,1993/05/01,1993/05/02,152,16.4474,75.6579,7.8947,12,7.8947,140,92.1053,25,115,0,12,fullownr_proxy,between transfer events; residency from 2026 fullownr proxy applied after first transfer; historical owner addresses not in sales extract; active TMKs: 221008082
collective,,1993/05/03,1993/06/30,152,16.4474,76.3158,7.2368,11,7.2368,141,92.7632,25,116,0,11,fullownr_proxy,between transfer events; residency from 2026 fullownr proxy applied after first transfer; historical owner addresses not in sales extract; active TMKs: 221008082
collective,,1993/07/01,1993/07/15,152,16.4474,76.3158,7.2368,11,7.2368,141,92.7632,25,116,0,11,fullownr_proxy,between transfer events; residency from 2026 fullownr proxy applied after first transfer; historical owner addresses not in sales extract; active TMKs: 221008082
collective,,1993/07/16,1993/07/21,152,16.4474,76.3158,7.2368,11,7.2368,141,92.7632,25,116,0,11,fullownr_proxy,between transfer events; residency from 2026 fullownr proxy applied after first transfer; historical owner addresses not in sales extract; active TMKs: 221008082
collective,,1993/07/22,1993/07/28,152,16.4474,76.3158,7.2368,11,7.2368,141,92.7632,25,116,0,11,fullownr_proxy,between transfer events; residency from 2026 fullownr proxy applied after first transfer; historical owner addresses not in sales extract; active TMKs: 221008082
collective,,1993/07/29,1993/08/09,152,16.4474,76.3158,7.2368,11,7.2368,141,92.7632,25,116,0,11,fullownr_proxy,between transfer events; residency from 2026 fullownr proxy applied after first transfer; historical owner addresses not in sales extract; active TMKs: 221008082
collective,,1993/08/10,1993/08/12,152,16.4474,76.3158,7.2368,11,7.2368,141,92.7632,25,116,0,11,fullownr_proxy,between transfer events; residency from 2026 fullownr proxy applied after first transfer; historical owner addresses not in sales extract; active TMKs: 221008082
collective,,1993/08/13,1993/08/19,152,16.4474,76.3158,7.2368,11,7.2368,141,92.7632,25,116,0,11,fullownr_proxy,between transfer events; residency from 2026 fullownr proxy applied after first transfer; historical owner addresses not in sales extract; active TMKs: 221008082
collective,,1993/08/20,1993/08/31,152,16.4474,76.3158,7.2368,11,7.2368,141,92.7632,25,116,0,11,fullownr_proxy,between transfer events; residency from 2026 fullownr proxy applied after first transfer; historical owner addresses not in sales extract; active TMKs: 221008082
collective,,1993/09/01,1993/09/02,152,16.4474,76.3158,7.2368,11,7.2368,141,92.7632,25,116,0,11,fullownr_proxy,between transfer events; residency from 2026 fullownr proxy applied after first transfer; historical owner addresses not in sales extract; active TMKs: 221008082
collective,,1993/09/03,1993/09/28,152,16.4474,76.3158,7.2368,11,7.2368,141,92.7632,25,116,0,11,fullownr_proxy,between transfer events; residency from 2026 fullownr proxy applied after first transfer; historical owner addresses not in sales extract; active TMKs: 221008082
collective,,1993/09/29,1993/10/07,152,16.4474,76.3158,7.2368,11,7.2368,141,92.7632,25,116,0,11,fullownr_proxy,between transfer events; residency from 2026 fullownr proxy applied after first transfer; historical owner addresses not in sales extract; active TMKs: 221008082
collective,,1993/10/08,1993/12/14,152,16.4474,76.3158,7.2368,11,7.2368,141,92.7632,25,116,0,11,fullownr_proxy,between transfer events; residency from 2026 fullownr proxy applied after first transfer; historical owner addresses not in sales extract; active TMKs: 221008082
collective,,1993/12/15,1994/03/20,152,16.4474,76.3158,7.2368,11,7.2368,141,92.7632,25,116,0,11,fullownr_proxy,between transfer events; residency from 2026 fullownr proxy applied after first transfer; historical owner addresses not in sales extract; active TMKs: 221008082
collective,,1994/03/21,1994/03/24,152,16.4474,76.3158,7.2368,11,7.2368,141,92.7632,25,116,0,11,fullownr_proxy,between transfer events; residency from 2026 fullownr proxy applied after first transfer; historical owner addresses not in sales extract; active TMKs: 221008082
collective,,1994/03/25,1994/03/28,152,16.4474,76.3158,7.2368,11,7.2368,141,92.7632,25,116,0,11,fullownr_proxy,between transfer events; residency from 2026 fullownr proxy applied after first transfer; historical owner addresses not in sales extract; active TMKs: 221008082
collective,,1994/03/29,1994/04/21,152,16.4474,76.3158,7.2368,11,7.2368,141,92.7632,25,116,0,11,fullownr_proxy,between transfer events; residency from 2026 fullownr proxy applied after first transfer; historical owner addresses not in sales extract; active TMKs: 221008082
collective,,1994/04/22,1994/05/16,152,16.4474,76.9737,6.5789,10,6.5789,142,93.4211,25,117,0,10,fullownr_proxy,between transfer events; residency from 2026 fullownr proxy applied after first transfer; historical owner addresses not in sales extract; active TMKs: 221008082
collective,,1994/05/17,1994/05/31,152,16.4474,76.9737,6.5789,10,6.5789,142,93.4211,25,117,0,10,fullownr_proxy,between transfer events; residency from 2026 fullownr proxy applied after first transfer; historical owner addresses not in sales extract; active TMKs: 221008082
collective,,1994/06/01,1994/06/13,152,16.4474,76.9737,6.5789,10,6.5789,142,93.4211,25,117,0,10,fullownr_proxy,between transfer events; residency from 2026 fullownr proxy applied after first transfer; historical owner addresses not in sales extract; active TMKs: 221008082
collective,,1994/06/14,1994/06/21,152,16.4474,76.9737,6.5789,10,6.5789,142,93.4211,25,117,0,10,fullownr_proxy,between transfer events; residency from 2026 fullownr proxy applied after first transfer; historical owner addresses not in sales extract; active TMKs: 221008082
collective,,1994/06/22,1994/06/30,152,16.4474,76.9737,6.5789,10,6.5789,142,93.4211,25,117,0,10,fullownr_proxy,between transfer events; residency from 2026 fullownr proxy applied after first transfer; historical owner addresses not in sales extract; active TMKs: 221008082
collective,,1994/07/01,1994/07/17,152,16.4474,76.9737,6.5789,10,6.5789,142,93.4211,25,117,0,10,fullownr_proxy,between transfer events; residency from 2026 fullownr proxy applied after first transfer; historical owner addresses not in sales extract; active TMKs: 221008082
collective,,1994/07/18,1994/08/31,152,16.4474,76.9737,6.5789,10,6.5789,142,93.4211,25,117,0,10,fullownr_proxy,between transfer events; residency from 2026 fullownr proxy applied after first transfer; historical owner addresses not in sales extract; active TMKs: 221008082
collective,,1994/09/01,1994/10/12,152,16.4474,76.9737,6.5789,10,6.5789,142,93.4211,25,117,0,10,fullownr_proxy,between transfer events; residency from 2026 fullownr proxy applied after first transfer; historical owner addresses not in sales extract; active TMKs: 221008082
collective,,1994/10/13,1994/12/13,152,16.4474,76.9737,6.5789,10,6.5789,142,93.4211,25,117,0,10,fullownr_proxy,between transfer events; residency from 2026 fullownr proxy applied after first transfer; historical owner addresses not in sales extract; active TMKs: 221008082
collective,,1994/12/14,1995/03/22,152,16.4474,76.9737,6.5789,10,6.5789,142,93.4211,25,117,0,10,fullownr_proxy,between transfer events; residency from 2026 fullownr proxy applied after first transfer; historical owner addresses not in sales extract; active TMKs: 221008082
collective,,1995/03/23,1995/04/18,152,16.4474,76.9737,6.5789,10,6.5789,142,93.4211,25,117,0,10,fullownr_proxy,between transfer events; residency from 2026 fullownr proxy applied after first transfer; historical owner addresses not in sales extract; active TMKs: 221008082
collective,,1995/04/19,1995/05/14,152,16.4474,76.9737,6.5789,10,6.5789,142,93.4211,25,117,0,10,fullownr_proxy,between transfer events; residency from 2026 fullownr proxy applied after first transfer; historical owner addresses not in sales extract; active TMKs: 221008082
collective,,1995/05/15,1995/05/30,152,16.4474,76.9737,6.5789,10,6.5789,142,93.4211,25,117,0,10,fullownr_proxy,between transfer events; residency from 2026 fullownr proxy applied after first transfer; historical owner addresses not in sales extract; active TMKs: 221008082
collective,,1995/05/31,1995/06/28,152,16.4474,76.9737,6.5789,10,6.5789,142,93.4211,25,117,0,10,fullownr_proxy,between transfer events; residency from 2026 fullownr proxy applied after first transfer; historical owner addresses not in sales extract; active TMKs: 221008082
collective,,1995/06/29,1995/07/24,152,16.4474,77.6316,5.9211,9,5.9211,143,94.0789,25,118,0,9,fullownr_proxy,between transfer events; residency from 2026 fullownr proxy applied after first transfer; historical owner addresses not in sales extract; active TMKs: 221008082
collective,,1995/07/25,1995/09/27,152,16.4474,77.6316,5.9211,9,5.9211,143,94.0789,25,118,0,9,fullownr_proxy,between transfer events; residency from 2026 fullownr proxy applied after first transfer; historical owner addresses not in sales extract; active TMKs: 221008082
collective,,1995/09/28,1995/10/24,152,16.4474,77.6316,5.9211,9,5.9211,143,94.0789,25,118,0,9,fullownr_proxy,between transfer events; residency from 2026 fullownr proxy applied after first transfer; historical owner addresses not in sales extract; active TMKs: 221008082
collective,,1995/10/25,1995/10/31,152,16.4474,77.6316,5.9211,9,5.9211,143,94.0789,25,118,0,9,fullownr_proxy,between transfer events; residency from 2026 fullownr proxy applied after first transfer; historical owner addresses not in sales extract; active TMKs: 221008082
collective,,1995/11/01,1995/12/06,152,16.4474,77.6316,5.9211,9,5.9211,143,94.0789,25,118,0,9,fullownr_proxy,between transfer events; residency from 2026 fullownr proxy applied after first transfer; historical owner addresses not in sales extract; active TMKs: 221008082
collective,,1995/12/07,1995/12/12,152,16.4474,77.6316,5.9211,9,5.9211,143,94.0789,25,118,0,9,fullownr_proxy,between transfer events; residency from 2026 fullownr proxy applied after first transfer; historical owner addresses not in sales extract; active TMKs: 221008082
collective,,1995/12/13,1996/02/13,152,16.4474,77.6316,5.9211,9,5.9211,143,94.0789,25,118,0,9,fullownr_proxy,between transfer events; residency from 2026 fullownr proxy applied after first transfer; historical owner addresses not in sales extract; active TMKs: 221008082
collective,,1996/02/14,1996/03/19,152,16.4474,77.6316,5.9211,9,5.9211,143,94.0789,25,118,0,9,fullownr_proxy,between transfer events; residency from 2026 fullownr proxy applied after first transfer; historical owner addresses not in sales extract; active TMKs: 221008082
collective,,1996/03/20,1996/04/01,152,16.4474,77.6316,5.9211,9,5.9211,143,94.0789,25,118,0,9,fullownr_proxy,between transfer events; residency from 2026 fullownr proxy applied after first transfer; historical owner addresses not in sales extract; active TMKs: 221008082
collective,,1996/04/02,1996/05/07,152,17.1053,77.6316,5.2632,8,5.2632,144,94.7368,26,118,0,8,fullownr_proxy,between transfer events; residency from 2026 fullownr proxy applied after first transfer; historical owner addresses not in sales extract; active TMKs: 221008082
collective,,1996/05/08,1996/05/28,152,17.1053,77.6316,5.2632,8,5.2632,144,94.7368,26,118,0,8,fullownr_proxy,between transfer events; residency from 2026 fullownr proxy applied after first transfer; historical owner addresses not in sales extract; active TMKs: 221008082
collective,,1996/05/29,1996/06/09,152,17.1053,77.6316,5.2632,8,5.2632,144,94.7368,26,118,0,8,fullownr_proxy,between transfer events; residency from 2026 fullownr proxy applied after first transfer; historical owner addresses not in sales extract; active TMKs: 221008082
collective,,1996/06/10,1996/06/11,152,17.1053,77.6316,5.2632,8,5.2632,144,94.7368,26,118,0,8,fullownr_proxy,between transfer events; residency from 2026 fullownr proxy applied after first transfer; historical owner addresses not in sales extract; active TMKs: 221008082
collective,,1996/06/12,1996/06/12,152,17.1053,77.6316,5.2632,8,5.2632,144,94.7368,26,118,0,8,fullownr_proxy,between transfer events; residency from 2026 fullownr proxy applied after first transfer; historical owner addresses not in sales extract; active TMKs: 221008082
collective,,1996/06/13,1996/06/16,152,17.1053,77.6316,5.2632,8,5.2632,144,94.7368,26,118,0,8,fullownr_proxy,between transfer events; residency from 2026 fullownr proxy applied after first transfer; historical owner addresses not in sales extract; active TMKs: 221008082
collective,,1996/06/17,1996/06/18,152,17.1053,77.6316,5.2632,8,5.2632,144,94.7368,26,118,0,8,fullownr_proxy,between transfer events; residency from 2026 fullownr proxy applied after first transfer; historical owner addresses not in sales extract; active TMKs: 221008082
collective,,1996/06/19,1996/06/23,152,17.1053,77.6316,5.2632,8,5.2632,144,94.7368,26,118,0,8,fullownr_proxy,between transfer events; residency from 2026 fullownr proxy applied after first transfer; historical owner addresses not in sales extract; active TMKs: 221008082
collective,,1996/06/24,1996/07/07,152,17.1053,77.6316,5.2632,8,5.2632,144,94.7368,26,118,0,8,fullownr_proxy,between transfer events; residency from 2026 fullownr proxy applied after first transfer; historical owner addresses not in sales extract; active TMKs: 221008082
collective,,1996/07/08,1996/07/25,152,17.1053,77.6316,5.2632,8,5.2632,144,94.7368,26,118,0,8,fullownr_proxy,between transfer events; residency from 2026 fullownr proxy applied after first transfer; historical owner addresses not in sales extract; active TMKs: 221008082
collective,,1996/07/26,1996/07/31,152,17.1053,77.6316,5.2632,8,5.2632,144,94.7368,26,118,0,8,fullownr_proxy,between transfer events; residency from 2026 fullownr proxy applied after first transfer; historical owner addresses not in sales extract; active TMKs: 221008082
collective,,1996/08/01,1996/08/05,152,17.1053,77.6316,5.2632,8,5.2632,144,94.7368,26,118,0,8,fullownr_proxy,between transfer events; residency from 2026 fullownr proxy applied after first transfer; historical owner addresses not in sales extract; active TMKs: 221008082
collective,,1996/08/06,1996/08/14,152,17.1053,77.6316,5.2632,8,5.2632,144,94.7368,26,118,0,8,fullownr_proxy,between transfer events; residency from 2026 fullownr proxy applied after first transfer; historical owner addresses not in sales extract; active TMKs: 221008082
collective,,1996/08/15,1996/08/20,152,17.7632,77.6316,4.6053,7,4.6053,145,95.3947,27,118,0,7,fullownr_proxy,between transfer events; residency from 2026 fullownr proxy applied after first transfer; historical owner addresses not in sales extract; active TMKs: 221008082
collective,,1996/08/21,1996/08/27,152,17.7632,78.2895,3.9474,6,3.9474,146,96.0526,27,119,0,6,fullownr_proxy,between transfer events; residency from 2026 fullownr proxy applied after first transfer; historical owner addresses not in sales extract; active TMKs: 221008082
collective,,1996/08/28,1996/08/29,152,17.7632,78.2895,3.9474,6,3.9474,146,96.0526,27,119,0,6,fullownr_proxy,between transfer events; residency from 2026 fullownr proxy applied after first transfer; historical owner addresses not in sales extract; active TMKs: 221008082
collective,,1996/08/30,1996/08/31,152,17.7632,78.2895,3.9474,6,3.9474,146,96.0526,27,119,0,6,fullownr_proxy,between transfer events; residency from 2026 fullownr proxy applied after first transfer; historical owner addresses not in sales extract; active TMKs: 221008082
collective,,1996/09/01,1996/09/11,152,17.7632,78.2895,3.9474,6,3.9474,146,96.0526,27,119,0,6,fullownr_proxy,between transfer events; residency from 2026 fullownr proxy applied after first transfer; historical owner addresses not in sales extract; active TMKs: 221008082
collective,,1996/09/12,1996/10/05,152,17.7632,78.2895,3.9474,6,3.9474,146,96.0526,27,119,0,6,fullownr_proxy,between transfer events; residency from 2026 fullownr proxy applied after first transfer; historical owner addresses not in sales extract; active TMKs: 221008082
collective,,1996/10/06,1996/10/14,152,17.7632,78.2895,3.9474,6,3.9474,146,96.0526,27,119,0,6,fullownr_proxy,between transfer events; residency from 2026 fullownr proxy applied after first transfer; historical owner addresses not in sales extract; active TMKs: 221008082
collective,,1996/10/15,1996/11/05,152,17.7632,78.2895,3.9474,6,3.9474,146,96.0526,27,119,0,6,fullownr_proxy,between transfer events; residency from 2026 fullownr proxy applied after first transfer; historical owner addresses not in sales extract; active TMKs: 221008082
collective,,1996/11/06,1996/11/08,152,17.7632,78.2895,3.9474,6,3.9474,146,96.0526,27,119,0,6,fullownr_proxy,between transfer events; residency from 2026 fullownr proxy applied after first transfer; historical owner addresses not in sales extract; active TMKs: 221008082
collective,,1996/11/09,1996/11/11,152,17.7632,78.2895,3.9474,6,3.9474,146,96.0526,27,119,0,6,fullownr_proxy,between transfer events; residency from 2026 fullownr proxy applied after first transfer; historical owner addresses not in sales extract; active TMKs: 221008082
collective,,1996/11/12,1996/11/14,152,18.4211,78.2895,3.2895,5,3.2895,147,96.7105,28,119,0,5,fullownr_proxy,between transfer events; residency from 2026 fullownr proxy applied after first transfer; historical owner addresses not in sales extract; active TMKs: 221008082
collective,,1996/11/15,1996/11/30,152,18.4211,78.2895,3.2895,5,3.2895,147,96.7105,28,119,0,5,fullownr_proxy,between transfer events; residency from 2026 fullownr proxy applied after first transfer; historical owner addresses not in sales extract; active TMKs: 221008082
collective,,1996/12/01,1996/12/09,152,18.4211,78.2895,3.2895,5,3.2895,147,96.7105,28,119,0,5,fullownr_proxy,between transfer events; residency from 2026 fullownr proxy applied after first transfer; historical owner addresses not in sales extract; active TMKs: 221008082
collective,,1996/12/10,1996/12/10,152,18.4211,78.2895,3.2895,5,3.2895,147,96.7105,28,119,0,5,fullownr_proxy,between transfer events; residency from 2026 fullownr proxy applied after first transfer; historical owner addresses not in sales extract; active TMKs: 221008082
collective,,1996/12/11,1996/12/16,152,18.4211,78.2895,3.2895,5,3.2895,147,96.7105,28,119,0,5,fullownr_proxy,between transfer events; residency from 2026 fullownr proxy applied after first transfer; historical owner addresses not in sales extract; active TMKs: 221008082
collective,,1996/12/17,1996/12/25,152,18.4211,78.2895,3.2895,5,3.2895,147,96.7105,28,119,0,5,fullownr_proxy,between transfer events; residency from 2026 fullownr proxy applied after first transfer; historical owner addresses not in sales extract; active TMKs: 221008082
collective,,1996/12/26,1997/01/05,152,18.4211,78.9474,2.6316,4,2.6316,148,97.3684,28,120,0,4,fullownr_proxy,between transfer events; residency from 2026 fullownr proxy applied after first transfer; historical owner addresses not in sales extract; active TMKs: 221008082
collective,,1997/01/06,1997/01/12,152,18.4211,78.9474,2.6316,4,2.6316,148,97.3684,28,120,0,4,fullownr_proxy,between transfer events; residency from 2026 fullownr proxy applied after first transfer; historical owner addresses not in sales extract; active TMKs: 221008082
collective,,1997/01/13,1997/02/06,152,18.4211,78.9474,2.6316,4,2.6316,148,97.3684,28,120,0,4,fullownr_proxy,between transfer events; residency from 2026 fullownr proxy applied after first transfer; historical owner addresses not in sales extract; active TMKs: 221008082
collective,,1997/02/07,1997/02/15,152,18.4211,78.9474,2.6316,4,2.6316,148,97.3684,28,120,0,4,fullownr_proxy,between transfer events; residency from 2026 fullownr proxy applied after first transfer; historical owner addresses not in sales extract; active TMKs: 221008082
collective,,1997/02/16,1997/03/09,152,18.4211,78.9474,2.6316,4,2.6316,148,97.3684,28,120,0,4,fullownr_proxy,between transfer events; residency from 2026 fullownr proxy applied after first transfer; historical owner addresses not in sales extract; active TMKs: 221008082
collective,,1997/03/10,1997/03/18,152,18.4211,78.9474,2.6316,4,2.6316,148,97.3684,28,120,0,4,fullownr_proxy,between transfer events; residency from 2026 fullownr proxy applied after first transfer; historical owner addresses not in sales extract; active TMKs: 221008082
collective,,1997/03/19,1997/03/20,152,18.4211,78.9474,2.6316,4,2.6316,148,97.3684,28,120,0,4,fullownr_proxy,between transfer events; residency from 2026 fullownr proxy applied after first transfer; historical owner addresses not in sales extract; active TMKs: 221008082
collective,,1997/03/21,1997/04/01,152,18.4211,79.6053,1.9737,3,1.9737,149,98.0263,28,121,0,3,fullownr_proxy,between transfer events; residency from 2026 fullownr proxy applied after first transfer; historical owner addresses not in sales extract; active TMKs: 221008082
collective,,1997/04/02,1997/04/10,152,18.4211,80.2632,1.3158,2,1.3158,150,98.6842,28,122,0,2,fullownr_proxy,between transfer events; residency from 2026 fullownr proxy applied after first transfer; historical owner addresses not in sales extract; active TMKs: 221008082
collective,,1997/04/11,1997/04/24,152,18.4211,80.2632,1.3158,2,1.3158,150,98.6842,28,122,0,2,fullownr_proxy,between transfer events; residency from 2026 fullownr proxy applied after first transfer; historical owner addresses not in sales extract; active TMKs: 221008082
collective,,1997/04/25,1997/05/12,152,18.4211,80.2632,1.3158,2,1.3158,150,98.6842,28,122,0,2,fullownr_proxy,between transfer events; residency from 2026 fullownr proxy applied after first transfer; historical owner addresses not in sales extract; active TMKs: 221008082
collective,,1997/05/13,1997/05/18,152,18.4211,80.2632,1.3158,2,1.3158,150,98.6842,28,122,0,2,fullownr_proxy,between transfer events; residency from 2026 fullownr proxy applied after first transfer; historical owner addresses not in sales extract; active TMKs: 221008082
collective,,1997/05/19,1997/06/01,152,18.4211,80.2632,1.3158,2,1.3158,150,98.6842,28,122,0,2,fullownr_proxy,between transfer events; residency from 2026 fullownr proxy applied after first transfer; historical owner addresses not in sales extract; active TMKs: 221008082
collective,,1997/06/02,1997/06/23,152,18.4211,80.2632,1.3158,2,1.3158,150,98.6842,28,122,0,2,fullownr_proxy,between transfer events; residency from 2026 fullownr proxy applied after first transfer; historical owner addresses not in sales extract; active TMKs: 221008082
collective,,1997/06/24,1997/07/01,152,18.4211,80.2632,1.3158,2,1.3158,150,98.6842,28,122,0,2,fullownr_proxy,between transfer events; residency from 2026 fullownr proxy applied after first transfer; historical owner addresses not in sales extract; active TMKs: 221008082
collective,,1997/07/02,1997/07/06,152,18.4211,80.2632,1.3158,2,1.3158,150,98.6842,28,122,0,2,fullownr_proxy,between transfer events; residency from 2026 fullownr proxy applied after first transfer; historical owner addresses not in sales extract; active TMKs: 221008082
collective,,1997/07/07,1997/07/20,152,19.0789,80.2632,0.6579,1,0.6579,151,99.3421,29,122,0,1,fullownr_proxy,between transfer events; residency from 2026 fullownr proxy applied after first transfer; historical owner addresses not in sales extract; active TMKs: 221008082
collective,,1997/07/21,1997/07/22,152,19.0789,80.2632,0.6579,1,0.6579,151,99.3421,29,122,0,1,fullownr_proxy,between transfer events; residency from 2026 fullownr proxy applied after first transfer; historical owner addresses not in sales extract; active TMKs: 221008082
collective,,1997/07/23,1997/07/25,152,19.0789,80.2632,0.6579,1,0.6579,151,99.3421,29,122,0,1,fullownr_proxy,between transfer events; residency from 2026 fullownr proxy applied after first transfer; historical owner addresses not in sales extract; active TMKs: 221008082
collective,,1997/07/26,1997/08/12,152,19.0789,80.2632,0.6579,1,0.6579,151,99.3421,29,122,0,1,fullownr_proxy,between transfer events; residency from 2026 fullownr proxy applied after first transfer; historical owner addresses not in sales extract; active TMKs: 221008082
collective,,1997/08/13,1997/08/31,152,19.0789,80.2632,0.6579,1,0.6579,151,99.3421,29,122,0,1,fullownr_proxy,between transfer events; residency from 2026 fullownr proxy applied after first transfer; historical owner addresses not in sales extract; active TMKs: 221008082
collective,,1997/09/01,1997/09/07,152,19.0789,80.2632,0.6579,1,0.6579,151,99.3421,29,122,0,1,fullownr_proxy,between transfer events; residency from 2026 fullownr proxy applied after first transfer; historical owner addresses not in sales extract; active TMKs: 221008082
collective,,1997/09/08,1997/10/01,152,19.0789,80.2632,0.6579,1,0.6579,151,99.3421,29,122,0,1,fullownr_proxy,between transfer events; residency from 2026 fullownr proxy applied after first transfer; historical owner addresses not in sales extract; active TMKs: 221008082
collective,,1997/10/02,1997/10/07,152,19.0789,80.2632,0.6579,1,0.6579,151,99.3421,29,122,0,1,fullownr_proxy,between transfer events; residency from 2026 fullownr proxy applied after first transfer; historical owner addresses not in sales extract; active TMKs: 221008082
collective,,1997/10/08,1997/10/15,152,19.0789,80.9211,0.0000,0,0.0000,152,100.0000,29,123,0,0,fullownr_proxy,between transfer events; residency from 2026 fullownr proxy applied after first transfer; historical owner addresses not in sales extract; active TMKs: 221008082
collective,,1997/10/16,1997/10/22,152,19.0789,80.9211,0.0000,0,0.0000,152,100.0000,29,123,0,0,fullownr_proxy,between transfer events; residency from 2026 fullownr proxy applied after first transfer; historical owner addresses not in sales extract; active TMKs: 221008082
collective,,1997/10/23,1997/11/07,152,19.0789,80.9211,0.0000,0,0.0000,152,100.0000,29,123,0,0,fullownr_proxy,between transfer events; residency from 2026 fullownr proxy applied after first transfer; historical owner addresses not in sales extract; active TMKs: 221008082
collective,,1997/11/08,1997/11/11,152,19.0789,80.9211,0.0000,0,0.0000,152,100.0000,29,123,0,0,fullownr_proxy,between transfer events; residency from 2026 fullownr proxy applied after first transfer; historical owner addresses not in sales extract; active TMKs: 221008082
collective,,1997/11/12,1997/11/30,152,19.0789,80.9211,0.0000,0,0.0000,152,100.0000,29,123,0,0,fullownr_proxy,between transfer events; residency from 2026 fullownr proxy applied after first transfer; historical owner addresses not in sales extract; active TMKs: 221008082
collective,,1997/12/01,1997/12/02,152,19.0789,80.9211,0.0000,0,0.0000,152,100.0000,29,123,0,0,fullownr_proxy,between transfer events; residency from 2026 fullownr proxy applied after first transfer; historical owner addresses not in sales extract; active TMKs: 221008082
collective,,1997/12/03,1997/12/15,152,19.0789,80.9211,0.0000,0,0.0000,152,100.0000,29,123,0,0,fullownr_proxy,between transfer events; residency from 2026 fullownr proxy applied after first transfer; historical owner addresses not in sales extract; active TMKs: 221008082
collective,,1997/12/16,1998/01/04,152,19.0789,80.9211,0.0000,0,0.0000,152,100.0000,29,123,0,0,fullownr_proxy,between transfer events; residency from 2026 fullownr proxy applied after first transfer; historical owner addresses not in sales extract; active TMKs: 221008082
collective,,1998/01/05,1998/01/11,152,19.0789,80.9211,0.0000,0,0.0000,152,100.0000,29,123,0,0,fullownr_proxy,between transfer events; residency from 2026 fullownr proxy applied after first transfer; historical owner addresses not in sales extract; active TMKs: 221008082
collective,,1998/01/12,1998/01/13,152,19.0789,80.9211,0.0000,0,0.0000,152,100.0000,29,123,0,0,fullownr_proxy,between transfer events; residency from 2026 fullownr proxy applied after first transfer; historical owner addresses not in sales extract; active TMKs: 221008082
collective,,1998/01/14,1998/02/01,152,19.0789,80.9211,0.0000,0,0.0000,152,100.0000,29,123,0,0,fullownr_proxy,between transfer events; residency from 2026 fullownr proxy applied after first transfer; historical owner addresses not in sales extract; active TMKs: 221008082
collective,,1998/02/02,1998/02/19,152,19.0789,80.9211,0.0000,0,0.0000,152,100.0000,29,123,0,0,fullownr_proxy,between transfer events; residency from 2026 fullownr proxy applied after first transfer; historical owner addresses not in sales extract; active TMKs: 221008082
collective,,1998/02/20,1998/02/24,152,19.0789,80.9211,0.0000,0,0.0000,152,100.0000,29,123,0,0,fullownr_proxy,between transfer events; residency from 2026 fullownr proxy applied after first transfer; historical owner addresses not in sales extract; active TMKs: 221008082
collective,,1998/02/25,1998/02/25,152,19.0789,80.9211,0.0000,0,0.0000,152,100.0000,29,123,0,0,fullownr_proxy,between transfer events; residency from 2026 fullownr proxy applied after first transfer; historical owner addresses not in sales extract; active TMKs: 221008082
collective,,1998/02/26,1998/02/28,152,19.0789,80.9211,0.0000,0,0.0000,152,100.0000,29,123,0,0,fullownr_proxy,between transfer events; residency from 2026 fullownr proxy applied after first transfer; historical owner addresses not in sales extract; active TMKs: 221008082
collective,,1998/03/01,1998/03/03,152,19.0789,80.9211,0.0000,0,0.0000,152,100.0000,29,123,0,0,fullownr_proxy,between transfer events; residency from 2026 fullownr proxy applied after first transfer; historical owner addresses not in sales extract; active TMKs: 221008082
collective,,1998/03/04,1998/03/16,152,19.0789,80.9211,0.0000,0,0.0000,152,100.0000,29,123,0,0,fullownr_proxy,between transfer events; residency from 2026 fullownr proxy applied after first transfer; historical owner addresses not in sales extract; active TMKs: 221008082
collective,,1998/03/17,1998/03/31,152,19.0789,80.9211,0.0000,0,0.0000,152,100.0000,29,123,0,0,fullownr_proxy,between transfer events; residency from 2026 fullownr proxy applied after first transfer; historical owner addresses not in sales extract; active TMKs: 221008082
collective,,1998/04/01,1998/04/08,152,19.0789,80.9211,0.0000,0,0.0000,152,100.0000,29,123,0,0,fullownr_proxy,between transfer events; residency from 2026 fullownr proxy applied after first transfer; historical owner addresses not in sales extract; active TMKs: 221008082
collective,,1998/04/09,1998/05/21,152,19.0789,80.9211,0.0000,0,0.0000,152,100.0000,29,123,0,0,fullownr_proxy,between transfer events; residency from 2026 fullownr proxy applied after first transfer; historical owner addresses not in sales extract; active TMKs: 221008082
collective,,1998/05/22,1998/07/31,152,19.0789,80.9211,0.0000,0,0.0000,152,100.0000,29,123,0,0,fullownr_proxy,between transfer events; residency from 2026 fullownr proxy applied after first transfer; historical owner addresses not in sales extract; active TMKs: 221008082
collective,,1998/08/01,1998/08/11,152,19.0789,80.9211,0.0000,0,0.0000,152,100.0000,29,123,0,0,fullownr_proxy,between transfer events; residency from 2026 fullownr proxy applied after first transfer; historical owner addresses not in sales extract; active TMKs: 221008082
collective,,1998/08/12,1998/09/03,152,19.0789,80.9211,0.0000,0,0.0000,152,100.0000,29,123,0,0,fullownr_proxy,between transfer events; residency from 2026 fullownr proxy applied after first transfer; historical owner addresses not in sales extract; active TMKs: 221008082
collective,,1998/09/04,1998/09/14,152,19.0789,80.9211,0.0000,0,0.0000,152,100.0000,29,123,0,0,fullownr_proxy,between transfer events; residency from 2026 fullownr proxy applied after first transfer; historical owner addresses not in sales extract; active TMKs: 221008082
collective,,1998/09/15,1998/10/07,152,19.0789,80.9211,0.0000,0,0.0000,152,100.0000,29,123,0,0,fullownr_proxy,between transfer events; residency from 2026 fullownr proxy applied after first transfer; historical owner addresses not in sales extract; active TMKs: 221008082
collective,,1998/10/08,1998/10/20,152,19.0789,80.9211,0.0000,0,0.0000,152,100.0000,29,123,0,0,fullownr_proxy,between transfer events; residency from 2026 fullownr proxy applied after first transfer; historical owner addresses not in sales extract; active TMKs: 221008082
collective,,1998/10/21,1998/10/25,152,19.0789,80.9211,0.0000,0,0.0000,152,100.0000,29,123,0,0,fullownr_proxy,between transfer events; residency from 2026 fullownr proxy applied after first transfer; historical owner addresses not in sales extract; active TMKs: 221008082
collective,,1998/10/26,1998/11/09,152,19.0789,80.9211,0.0000,0,0.0000,152,100.0000,29,123,0,0,fullownr_proxy,between transfer events; residency from 2026 fullownr proxy applied after first transfer; historical owner addresses not in sales extract; active TMKs: 221008082
collective,,1998/11/10,1998/11/11,152,19.0789,80.9211,0.0000,0,0.0000,152,100.0000,29,123,0,0,fullownr_proxy,between transfer events; residency from 2026 fullownr proxy applied after first transfer; historical owner addresses not in sales extract; active TMKs: 221008082
collective,,1998/11/12,1998/12/01,152,19.0789,80.9211,0.0000,0,0.0000,152,100.0000,29,123,0,0,fullownr_proxy,between transfer events; residency from 2026 fullownr proxy applied after first transfer; historical owner addresses not in sales extract; active TMKs: 221008082
collective,,1998/12/02,1998/12/06,152,19.0789,80.9211,0.0000,0,0.0000,152,100.0000,29,123,0,0,fullownr_proxy,between transfer events; residency from 2026 fullownr proxy applied after first transfer; historical owner addresses not in sales extract; active TMKs: 221008082
collective,,1998/12/07,1998/12/09,152,19.0789,80.9211,0.0000,0,0.0000,152,100.0000,29,123,0,0,fullownr_proxy,between transfer events; residency from 2026 fullownr proxy applied after first transfer; historical owner addresses not in sales extract; active TMKs: 221008082
collective,,1998/12/10,1998/12/11,152,19.0789,80.9211,0.0000,0,0.0000,152,100.0000,29,123,0,0,fullownr_proxy,between transfer events; residency from 2026 fullownr proxy applied after first transfer; historical owner addresses not in sales extract; active TMKs: 221008082
collective,,1998/12/12,1999/01/20,152,19.0789,80.9211,0.0000,0,0.0000,152,100.0000,29,123,0,0,fullownr_proxy,between transfer events; residency from 2026 fullownr proxy applied after first transfer; historical owner addresses not in sales extract; active TMKs: 221008082
collective,,1999/01/21,1999/02/02,152,19.0789,80.9211,0.0000,0,0.0000,152,100.0000,29,123,0,0,fullownr_proxy,between transfer events; residency from 2026 fullownr proxy applied after first transfer; historical owner addresses not in sales extract; active TMKs: 221008082
collective,,1999/02/03,1999/03/09,152,19.0789,80.9211,0.0000,0,0.0000,152,100.0000,29,123,0,0,fullownr_proxy,between transfer events; residency from 2026 fullownr proxy applied after first transfer; historical owner addresses not in sales extract; active TMKs: 221008082
collective,,1999/03/10,1999/03/28,152,19.0789,80.9211,0.0000,0,0.0000,152,100.0000,29,123,0,0,fullownr_proxy,between transfer events; residency from 2026 fullownr proxy applied after first transfer; historical owner addresses not in sales extract; active TMKs: 221008082
collective,,1999/03/29,1999/03/30,152,19.0789,80.9211,0.0000,0,0.0000,152,100.0000,29,123,0,0,fullownr_proxy,between transfer events; residency from 2026 fullownr proxy applied after first transfer; historical owner addresses not in sales extract; active TMKs: 221008082
collective,,1999/03/31,1999/03/31,152,19.0789,80.9211,0.0000,0,0.0000,152,100.0000,29,123,0,0,fullownr_proxy,between transfer events; residency from 2026 fullownr proxy applied after first transfer; historical owner addresses not in sales extract; active TMKs: 221008082
collective,,1999/04/01,1999/04/07,152,19.0789,80.9211,0.0000,0,0.0000,152,100.0000,29,123,0,0,fullownr_proxy,between transfer events; residency from 2026 fullownr proxy applied after first transfer; historical owner addresses not in sales extract; active TMKs: 221008082
collective,,1999/04/08,1999/04/19,152,19.0789,80.9211,0.0000,0,0.0000,152,100.0000,29,123,0,0,fullownr_proxy,between transfer events; residency from 2026 fullownr proxy applied after first transfer; historical owner addresses not in sales extract; active TMKs: 221008082
collective,,1999/04/20,1999/04/21,152,19.0789,80.9211,0.0000,0,0.0000,152,100.0000,29,123,0,0,fullownr_proxy,between transfer events; residency from 2026 fullownr proxy applied after first transfer; historical owner addresses not in sales extract; active TMKs: 221008082
collective,,1999/04/22,1999/04/28,152,19.0789,80.9211,0.0000,0,0.0000,152,100.0000,29,123,0,0,fullownr_proxy,between transfer events; residency from 2026 fullownr proxy applied after first transfer; historical owner addresses not in sales extract; active TMKs: 221008082
collective,,1999/04/29,1999/04/30,152,19.0789,80.9211,0.0000,0,0.0000,152,100.0000,29,123,0,0,fullownr_proxy,between transfer events; residency from 2026 fullownr proxy applied after first transfer; historical owner addresses not in sales extract; active TMKs: 221008082
collective,,1999/05/01,1999/05/06,152,19.0789,80.9211,0.0000,0,0.0000,152,100.0000,29,123,0,0,fullownr_proxy,between transfer events; residency from 2026 fullownr proxy applied after first transfer; historical owner addresses not in sales extract; active TMKs: 221008082
collective,,1999/05/07,1999/05/11,152,19.0789,80.9211,0.0000,0,0.0000,152,100.0000,29,123,0,0,fullownr_proxy,between transfer events; residency from 2026 fullownr proxy applied after first transfer; historical owner addresses not in sales extract; active TMKs: 221008082
collective,,1999/05/12,1999/05/19,152,19.0789,80.9211,0.0000,0,0.0000,152,100.0000,29,123,0,0,fullownr_proxy,between transfer events; residency from 2026 fullownr proxy applied after first transfer; historical owner addresses not in sales extract; active TMKs: 221008082
collective,,1999/05/20,1999/05/31,152,19.0789,80.9211,0.0000,0,0.0000,152,100.0000,29,123,0,0,fullownr_proxy,between transfer events; residency from 2026 fullownr proxy applied after first transfer; historical owner addresses not in sales extract; active TMKs: 221008082
collective,,1999/06/01,1999/06/20,152,19.0789,80.9211,0.0000,0,0.0000,152,100.0000,29,123,0,0,fullownr_proxy,between transfer events; residency from 2026 fullownr proxy applied after first transfer; historical owner addresses not in sales extract; active TMKs: 221008082
collective,,1999/06/21,1999/06/23,152,19.0789,80.9211,0.0000,0,0.0000,152,100.0000,29,123,0,0,fullownr_proxy,between transfer events; residency from 2026 fullownr proxy applied after first transfer; historical owner addresses not in sales extract; active TMKs: 221008082
collective,,1999/06/24,1999/06/30,152,19.0789,80.9211,0.0000,0,0.0000,152,100.0000,29,123,0,0,fullownr_proxy,between transfer events; residency from 2026 fullownr proxy applied after first transfer; historical owner addresses not in sales extract; active TMKs: 221008082
collective,,1999/07/01,1999/07/07,152,19.0789,80.9211,0.0000,0,0.0000,152,100.0000,29,123,0,0,fullownr_proxy,between transfer events; residency from 2026 fullownr proxy applied after first transfer; historical owner addresses not in sales extract; active TMKs: 221008082
collective,,1999/07/08,1999/07/14,152,19.0789,80.9211,0.0000,0,0.0000,152,100.0000,29,123,0,0,fullownr_proxy,between transfer events; residency from 2026 fullownr proxy applied after first transfer; historical owner addresses not in sales extract; active TMKs: 221008082
collective,,1999/07/15,1999/07/26,152,19.0789,80.9211,0.0000,0,0.0000,152,100.0000,29,123,0,0,fullownr_proxy,between transfer events; residency from 2026 fullownr proxy applied after first transfer; historical owner addresses not in sales extract; active TMKs: 221008082
collective,,1999/07/27,1999/07/29,152,19.0789,80.9211,0.0000,0,0.0000,152,100.0000,29,123,0,0,fullownr_proxy,between transfer events; residency from 2026 fullownr proxy applied after first transfer; historical owner addresses not in sales extract; active TMKs: 221008082
collective,,1999/07/30,1999/08/01,152,19.0789,80.9211,0.0000,0,0.0000,152,100.0000,29,123,0,0,fullownr_proxy,between transfer events; residency from 2026 fullownr proxy applied after first transfer; historical owner addresses not in sales extract; active TMKs: 221008082
collective,,1999/08/02,1999/08/05,152,19.0789,80.9211,0.0000,0,0.0000,152,100.0000,29,123,0,0,fullownr_proxy,between transfer events; residency from 2026 fullownr proxy applied after first transfer; historical owner addresses not in sales extract; active TMKs: 221008082
collective,,1999/08/06,1999/08/11,152,19.0789,80.9211,0.0000,0,0.0000,152,100.0000,29,123,0,0,fullownr_proxy,between transfer events; residency from 2026 fullownr proxy applied after first transfer; historical owner addresses not in sales extract; active TMKs: 221008082
collective,,1999/08/12,1999/08/12,152,19.0789,80.9211,0.0000,0,0.0000,152,100.0000,29,123,0,0,fullownr_proxy,between transfer events; residency from 2026 fullownr proxy applied after first transfer; historical owner addresses not in sales extract; active TMKs: 221008082
collective,,1999/08/13,1999/08/13,152,19.0789,80.9211,0.0000,0,0.0000,152,100.0000,29,123,0,0,fullownr_proxy,between transfer events; residency from 2026 fullownr proxy applied after first transfer; historical owner addresses not in sales extract; active TMKs: 221008082
collective,,1999/08/14,1999/08/31,152,19.0789,80.9211,0.0000,0,0.0000,152,100.0000,29,123,0,0,fullownr_proxy,between transfer events; residency from 2026 fullownr proxy applied after first transfer; historical owner addresses not in sales extract; active TMKs: 221008082
collective,,1999/09/01,1999/09/07,152,19.0789,80.9211,0.0000,0,0.0000,152,100.0000,29,123,0,0,fullownr_proxy,between transfer events; residency from 2026 fullownr proxy applied after first transfer; historical owner addresses not in sales extract; active TMKs: 221008082
collective,,1999/09/08,1999/09/08,152,19.0789,80.9211,0.0000,0,0.0000,152,100.0000,29,123,0,0,fullownr_proxy,between transfer events; residency from 2026 fullownr proxy applied after first transfer; historical owner addresses not in sales extract; active TMKs: 221008082
collective,,1999/09/09,1999/09/21,152,19.0789,80.9211,0.0000,0,0.0000,152,100.0000,29,123,0,0,fullownr_proxy,between transfer events; residency from 2026 fullownr proxy applied after first transfer; historical owner addresses not in sales extract; active TMKs: 221008082
collective,,1999/09/22,1999/10/05,152,19.0789,80.9211,0.0000,0,0.0000,152,100.0000,29,123,0,0,fullownr_proxy,between transfer events; residency from 2026 fullownr proxy applied after first transfer; historical owner addresses not in sales extract; active TMKs: 221008082
collective,,1999/10/06,1999/10/31,152,19.0789,80.9211,0.0000,0,0.0000,152,100.0000,29,123,0,0,fullownr_proxy,between transfer events; residency from 2026 fullownr proxy applied after first transfer; historical owner addresses not in sales extract; active TMKs: 221008082
collective,,1999/11/01,1999/11/04,152,19.0789,80.9211,0.0000,0,0.0000,152,100.0000,29,123,0,0,fullownr_proxy,between transfer events; residency from 2026 fullownr proxy applied after first transfer; historical owner addresses not in sales extract; active TMKs: 221008082
collective,,1999/11/05,1999/11/23,152,19.0789,80.9211,0.0000,0,0.0000,152,100.0000,29,123,0,0,fullownr_proxy,between transfer events; residency from 2026 fullownr proxy applied after first transfer; historical owner addresses not in sales extract; active TMKs: 221008082
collective,,1999/11/24,1999/11/30,152,19.0789,80.9211,0.0000,0,0.0000,152,100.0000,29,123,0,0,fullownr_proxy,between transfer events; residency from 2026 fullownr proxy applied after first transfer; historical owner addresses not in sales extract; active TMKs: 221008082
collective,,1999/12/01,1999/12/08,152,19.0789,80.9211,0.0000,0,0.0000,152,100.0000,29,123,0,0,fullownr_proxy,between transfer events; residency from 2026 fullownr proxy applied after first transfer; historical owner addresses not in sales extract; active TMKs: 221008082
collective,,1999/12/09,1999/12/09,152,19.0789,80.9211,0.0000,0,0.0000,152,100.0000,29,123,0,0,fullownr_proxy,between transfer events; residency from 2026 fullownr proxy applied after first transfer; historical owner addresses not in sales extract; active TMKs: 221008082
collective,,1999/12/10,1999/12/12,152,19.0789,80.9211,0.0000,0,0.0000,152,100.0000,29,123,0,0,fullownr_proxy,between transfer events; residency from 2026 fullownr proxy applied after first transfer; historical owner addresses not in sales extract; active TMKs: 221008082
collective,,1999/12/13,1999/12/15,152,19.0789,80.9211,0.0000,0,0.0000,152,100.0000,29,123,0,0,fullownr_proxy,between transfer events; residency from 2026 fullownr proxy applied after first transfer; historical owner addresses not in sales extract; active TMKs: 221008082
collective,,1999/12/16,1999/12/16,152,19.0789,80.9211,0.0000,0,0.0000,152,100.0000,29,123,0,0,fullownr_proxy,between transfer events; residency from 2026 fullownr proxy applied after first transfer; historical owner addresses not in sales extract; active TMKs: 221008082
collective,,1999/12/17,1999/12/22,152,19.0789,80.9211,0.0000,0,0.0000,152,100.0000,29,123,0,0,fullownr_proxy,between transfer events; residency from 2026 fullownr proxy applied after first transfer; historical owner addresses not in sales extract; active TMKs: 221008082
collective,,1999/12/23,1999/12/31,152,19.0789,80.9211,0.0000,0,0.0000,152,100.0000,29,123,0,0,fullownr_proxy,between transfer events; residency from 2026 fullownr proxy applied after first transfer; historical owner addresses not in sales extract; active TMKs: 221008082
collective,,2000/01/01,2000/01/23,152,19.0789,80.9211,0.0000,0,0.0000,152,100.0000,29,123,0,0,fullownr_proxy,between transfer events; residency from 2026 fullownr proxy applied after first transfer; historical owner addresses not in sales extract; active TMKs: 221008082
collective,,2000/01/24,2000/01/26,152,19.0789,80.9211,0.0000,0,0.0000,152,100.0000,29,123,0,0,fullownr_proxy,between transfer events; residency from 2026 fullownr proxy applied after first transfer; historical owner addresses not in sales extract; active TMKs: 221008082
collective,,2000/01/27,2000/01/31,152,19.0789,80.9211,0.0000,0,0.0000,152,100.0000,29,123,0,0,fullownr_proxy,between transfer events; residency from 2026 fullownr proxy applied after first transfer; historical owner addresses not in sales extract; active TMKs: 221008082
collective,,2000/02/01,2000/02/09,152,19.0789,80.9211,0.0000,0,0.0000,152,100.0000,29,123,0,0,fullownr_proxy,between transfer events; residency from 2026 fullownr proxy applied after first transfer; historical owner addresses not in sales extract; active TMKs: 221008082
collective,,2000/02/10,2000/02/14,152,19.0789,80.9211,0.0000,0,0.0000,152,100.0000,29,123,0,0,fullownr_proxy,between transfer events; residency from 2026 fullownr proxy applied after first transfer; historical owner addresses not in sales extract; active TMKs: 221008082
collective,,2000/02/15,2000/02/23,152,19.0789,80.9211,0.0000,0,0.0000,152,100.0000,29,123,0,0,fullownr_proxy,between transfer events; residency from 2026 fullownr proxy applied after first transfer; historical owner addresses not in sales extract; active TMKs: 221008082
collective,,2000/02/24,2000/02/29,152,19.0789,80.9211,0.0000,0,0.0000,152,100.0000,29,123,0,0,fullownr_proxy,between transfer events; residency from 2026 fullownr proxy applied after first transfer; historical owner addresses not in sales extract; active TMKs: 221008082
collective,,2000/03/01,2000/03/23,152,19.0789,80.9211,0.0000,0,0.0000,152,100.0000,29,123,0,0,fullownr_proxy,between transfer events; residency from 2026 fullownr proxy applied after first transfer; historical owner addresses not in sales extract; active TMKs: 221008082
collective,,2000/03/24,2000/03/27,152,19.0789,80.9211,0.0000,0,0.0000,152,100.0000,29,123,0,0,fullownr_proxy,between transfer events; residency from 2026 fullownr proxy applied after first transfer; historical owner addresses not in sales extract; active TMKs: 221008082
collective,,2000/03/28,2000/03/31,152,19.0789,80.9211,0.0000,0,0.0000,152,100.0000,29,123,0,0,fullownr_proxy,between transfer events; residency from 2026 fullownr proxy applied after first transfer; historical owner addresses not in sales extract; active TMKs: 221008082
collective,,2000/04/01,2000/04/02,152,19.0789,80.9211,0.0000,0,0.0000,152,100.0000,29,123,0,0,fullownr_proxy,between transfer events; residency from 2026 fullownr proxy applied after first transfer; historical owner addresses not in sales extract; active TMKs: 221008082
collective,,2000/04/03,2000/05/27,152,19.0789,80.9211,0.0000,0,0.0000,152,100.0000,29,123,0,0,fullownr_proxy,between transfer events; residency from 2026 fullownr proxy applied after first transfer; historical owner addresses not in sales extract; active TMKs: 221008082
collective,,2000/05/28,2000/07/17,152,19.0789,80.9211,0.0000,0,0.0000,152,100.0000,29,123,0,0,fullownr_proxy,between transfer events; residency from 2026 fullownr proxy applied after first transfer; historical owner addresses not in sales extract; active TMKs: 221008082
collective,,2000/07/18,2000/08/24,152,19.0789,80.9211,0.0000,0,0.0000,152,100.0000,29,123,0,0,fullownr_proxy,between transfer events; residency from 2026 fullownr proxy applied after first transfer; historical owner addresses not in sales extract; active TMKs: 221008082
collective,,2000/08/25,2000/08/28,152,19.0789,80.9211,0.0000,0,0.0000,152,100.0000,29,123,0,0,fullownr_proxy,between transfer events; residency from 2026 fullownr proxy applied after first transfer; historical owner addresses not in sales extract; active TMKs: 221008082
collective,,2000/08/29,2000/09/24,152,19.0789,80.9211,0.0000,0,0.0000,152,100.0000,29,123,0,0,fullownr_proxy,between transfer events; residency from 2026 fullownr proxy applied after first transfer; historical owner addresses not in sales extract; active TMKs: 221008082
collective,,2000/09/25,2000/10/11,152,19.0789,80.9211,0.0000,0,0.0000,152,100.0000,29,123,0,0,fullownr_proxy,between transfer events; residency from 2026 fullownr proxy applied after first transfer; historical owner addresses not in sales extract; active TMKs: 221008082
collective,,2000/10/12,2000/11/14,152,19.0789,80.9211,0.0000,0,0.0000,152,100.0000,29,123,0,0,fullownr_proxy,between transfer events; residency from 2026 fullownr proxy applied after first transfer; historical owner addresses not in sales extract; active TMKs: 221008082
collective,,2000/11/15,2000/12/03,152,19.0789,80.9211,0.0000,0,0.0000,152,100.0000,29,123,0,0,fullownr_proxy,between transfer events; residency from 2026 fullownr proxy applied after first transfer; historical owner addresses not in sales extract; active TMKs: 221008082
collective,,2000/12/04,2000/12/04,152,19.0789,80.9211,0.0000,0,0.0000,152,100.0000,29,123,0,0,fullownr_proxy,between transfer events; residency from 2026 fullownr proxy applied after first transfer; historical owner addresses not in sales extract; active TMKs: 221008082
collective,,2000/12/05,2001/01/07,152,19.0789,80.9211,0.0000,0,0.0000,152,100.0000,29,123,0,0,fullownr_proxy,between transfer events; residency from 2026 fullownr proxy applied after first transfer; historical owner addresses not in sales extract; active TMKs: 221008082
collective,,2001/01/08,2001/01/15,152,19.0789,80.9211,0.0000,0,0.0000,152,100.0000,29,123,0,0,fullownr_proxy,between transfer events; residency from 2026 fullownr proxy applied after first transfer; historical owner addresses not in sales extract; active TMKs: 221008082
collective,,2001/01/16,2001/02/06,152,19.0789,80.9211,0.0000,0,0.0000,152,100.0000,29,123,0,0,fullownr_proxy,between transfer events; residency from 2026 fullownr proxy applied after first transfer; historical owner addresses not in sales extract; active TMKs: 221008082
collective,,2001/02/07,2001/02/15,152,19.0789,80.9211,0.0000,0,0.0000,152,100.0000,29,123,0,0,fullownr_proxy,between transfer events; residency from 2026 fullownr proxy applied after first transfer; historical owner addresses not in sales extract; active TMKs: 221008082
collective,,2001/02/16,2001/02/22,152,19.0789,80.9211,0.0000,0,0.0000,152,100.0000,29,123,0,0,fullownr_proxy,between transfer events; residency from 2026 fullownr proxy applied after first transfer; historical owner addresses not in sales extract; active TMKs: 221008082
collective,,2001/02/23,2001/03/11,152,19.0789,80.9211,0.0000,0,0.0000,152,100.0000,29,123,0,0,fullownr_proxy,between transfer events; residency from 2026 fullownr proxy applied after first transfer; historical owner addresses not in sales extract; active TMKs: 221008082
collective,,2001/03/12,2001/03/20,152,19.0789,80.9211,0.0000,0,0.0000,152,100.0000,29,123,0,0,fullownr_proxy,between transfer events; residency from 2026 fullownr proxy applied after first transfer; historical owner addresses not in sales extract; active TMKs: 221008082
collective,,2001/03/21,2001/04/18,152,19.0789,80.9211,0.0000,0,0.0000,152,100.0000,29,123,0,0,fullownr_proxy,between transfer events; residency from 2026 fullownr proxy applied after first transfer; historical owner addresses not in sales extract; active TMKs: 221008082
collective,,2001/04/19,2001/04/19,152,19.0789,80.9211,0.0000,0,0.0000,152,100.0000,29,123,0,0,fullownr_proxy,between transfer events; residency from 2026 fullownr proxy applied after first transfer; historical owner addresses not in sales extract; active TMKs: 221008082
collective,,2001/04/20,2001/06/18,152,19.0789,80.9211,0.0000,0,0.0000,152,100.0000,29,123,0,0,fullownr_proxy,between transfer events; residency from 2026 fullownr proxy applied after first transfer; historical owner addresses not in sales extract; active TMKs: 221008082
collective,,2001/06/19,2001/07/26,152,19.0789,80.9211,0.0000,0,0.0000,152,100.0000,29,123,0,0,fullownr_proxy,between transfer events; residency from 2026 fullownr proxy applied after first transfer; historical owner addresses not in sales extract; active TMKs: 221008082
collective,,2001/07/27,2001/08/04,152,19.0789,80.9211,0.0000,0,0.0000,152,100.0000,29,123,0,0,fullownr_proxy,between transfer events; residency from 2026 fullownr proxy applied after first transfer; historical owner addresses not in sales extract; active TMKs: 221008082
collective,,2001/08/05,2001/08/15,152,19.0789,80.9211,0.0000,0,0.0000,152,100.0000,29,123,0,0,fullownr_proxy,between transfer events; residency from 2026 fullownr proxy applied after first transfer; historical owner addresses not in sales extract; active TMKs: 221008082
collective,,2001/08/16,2001/08/29,152,19.0789,80.9211,0.0000,0,0.0000,152,100.0000,29,123,0,0,fullownr_proxy,between transfer events; residency from 2026 fullownr proxy applied after first transfer; historical owner addresses not in sales extract; active TMKs: 221008082
collective,,2001/08/30,2001/09/06,152,19.0789,80.9211,0.0000,0,0.0000,152,100.0000,29,123,0,0,fullownr_proxy,between transfer events; residency from 2026 fullownr proxy applied after first transfer; historical owner addresses not in sales extract; active TMKs: 221008082
collective,,2001/09/07,2001/09/19,152,19.0789,80.9211,0.0000,0,0.0000,152,100.0000,29,123,0,0,fullownr_proxy,between transfer events; residency from 2026 fullownr proxy applied after first transfer; historical owner addresses not in sales extract; active TMKs: 221008082
collective,,2001/09/20,2001/10/08,152,19.0789,80.9211,0.0000,0,0.0000,152,100.0000,29,123,0,0,fullownr_proxy,between transfer events; residency from 2026 fullownr proxy applied after first transfer; historical owner addresses not in sales extract; active TMKs: 221008082
collective,,2001/10/09,2001/10/09,152,19.0789,80.9211,0.0000,0,0.0000,152,100.0000,29,123,0,0,fullownr_proxy,between transfer events; residency from 2026 fullownr proxy applied after first transfer; historical owner addresses not in sales extract; active TMKs: 221008082
collective,,2001/10/10,2001/10/16,152,19.0789,80.9211,0.0000,0,0.0000,152,100.0000,29,123,0,0,fullownr_proxy,between transfer events; residency from 2026 fullownr proxy applied after first transfer; historical owner addresses not in sales extract; active TMKs: 221008082
collective,,2001/10/17,2001/10/28,152,19.0789,80.9211,0.0000,0,0.0000,152,100.0000,29,123,0,0,fullownr_proxy,between transfer events; residency from 2026 fullownr proxy applied after first transfer; historical owner addresses not in sales extract; active TMKs: 221008082
collective,,2001/10/29,2001/11/04,152,19.0789,80.9211,0.0000,0,0.0000,152,100.0000,29,123,0,0,fullownr_proxy,between transfer events; residency from 2026 fullownr proxy applied after first transfer; historical owner addresses not in sales extract; active TMKs: 221008082
collective,,2001/11/05,2001/11/26,152,19.0789,80.9211,0.0000,0,0.0000,152,100.0000,29,123,0,0,fullownr_proxy,between transfer events; residency from 2026 fullownr proxy applied after first transfer; historical owner addresses not in sales extract; active TMKs: 221008082
collective,,2001/11/27,2001/12/13,152,19.0789,80.9211,0.0000,0,0.0000,152,100.0000,29,123,0,0,fullownr_proxy,between transfer events; residency from 2026 fullownr proxy applied after first transfer; historical owner addresses not in sales extract; active TMKs: 221008082
collective,,2001/12/14,2002/01/10,152,19.0789,80.9211,0.0000,0,0.0000,152,100.0000,29,123,0,0,fullownr_proxy,between transfer events; residency from 2026 fullownr proxy applied after first transfer; historical owner addresses not in sales extract; active TMKs: 221008082
collective,,2002/01/11,2002/02/28,152,19.0789,80.9211,0.0000,0,0.0000,152,100.0000,29,123,0,0,fullownr_proxy,between transfer events; residency from 2026 fullownr proxy applied after first transfer; historical owner addresses not in sales extract; active TMKs: 221008082
collective,,2002/03/01,2002/03/10,152,19.0789,80.9211,0.0000,0,0.0000,152,100.0000,29,123,0,0,fullownr_proxy,between transfer events; residency from 2026 fullownr proxy applied after first transfer; historical owner addresses not in sales extract; active TMKs: 221008082
collective,,2002/03/11,2002/04/09,152,19.0789,80.9211,0.0000,0,0.0000,152,100.0000,29,123,0,0,fullownr_proxy,between transfer events; residency from 2026 fullownr proxy applied after first transfer; historical owner addresses not in sales extract; active TMKs: 221008082
collective,,2002/04/10,2002/04/16,152,19.0789,80.9211,0.0000,0,0.0000,152,100.0000,29,123,0,0,fullownr_proxy,between transfer events; residency from 2026 fullownr proxy applied after first transfer; historical owner addresses not in sales extract; active TMKs: 221008082
collective,,2002/04/17,2002/04/21,152,19.0789,80.9211,0.0000,0,0.0000,152,100.0000,29,123,0,0,fullownr_proxy,between transfer events; residency from 2026 fullownr proxy applied after first transfer; historical owner addresses not in sales extract; active TMKs: 221008082
collective,,2002/04/22,2002/04/25,152,19.0789,80.9211,0.0000,0,0.0000,152,100.0000,29,123,0,0,fullownr_proxy,between transfer events; residency from 2026 fullownr proxy applied after first transfer; historical owner addresses not in sales extract; active TMKs: 221008082
collective,,2002/04/26,2002/05/05,152,19.0789,80.9211,0.0000,0,0.0000,152,100.0000,29,123,0,0,fullownr_proxy,between transfer events; residency from 2026 fullownr proxy applied after first transfer; historical owner addresses not in sales extract; active TMKs: 221008082
collective,,2002/05/06,2002/05/06,152,19.0789,80.9211,0.0000,0,0.0000,152,100.0000,29,123,0,0,fullownr_proxy,between transfer events; residency from 2026 fullownr proxy applied after first transfer; historical owner addresses not in sales extract; active TMKs: 221008082
collective,,2002/05/07,2002/06/02,152,19.0789,80.9211,0.0000,0,0.0000,152,100.0000,29,123,0,0,fullownr_proxy,between transfer events; residency from 2026 fullownr proxy applied after first transfer; historical owner addresses not in sales extract; active TMKs: 221008082
collective,,2002/06/03,2002/06/17,152,19.0789,80.9211,0.0000,0,0.0000,152,100.0000,29,123,0,0,fullownr_proxy,between transfer events; residency from 2026 fullownr proxy applied after first transfer; historical owner addresses not in sales extract; active TMKs: 221008082
collective,,2002/06/18,2002/06/18,152,19.0789,80.9211,0.0000,0,0.0000,152,100.0000,29,123,0,0,fullownr_proxy,between transfer events; residency from 2026 fullownr proxy applied after first transfer; historical owner addresses not in sales extract; active TMKs: 221008082
collective,,2002/06/19,2002/06/23,152,19.0789,80.9211,0.0000,0,0.0000,152,100.0000,29,123,0,0,fullownr_proxy,between transfer events; residency from 2026 fullownr proxy applied after first transfer; historical owner addresses not in sales extract; active TMKs: 221008082
collective,,2002/06/24,2002/06/27,152,19.0789,80.9211,0.0000,0,0.0000,152,100.0000,29,123,0,0,fullownr_proxy,between transfer events; residency from 2026 fullownr proxy applied after first transfer; historical owner addresses not in sales extract; active TMKs: 221008082
collective,,2002/06/28,2002/07/02,152,19.0789,80.9211,0.0000,0,0.0000,152,100.0000,29,123,0,0,fullownr_proxy,between transfer events; residency from 2026 fullownr proxy applied after first transfer; historical owner addresses not in sales extract; active TMKs: 221008082
collective,,2002/07/03,2002/07/16,152,19.0789,80.9211,0.0000,0,0.0000,152,100.0000,29,123,0,0,fullownr_proxy,between transfer events; residency from 2026 fullownr proxy applied after first transfer; historical owner addresses not in sales extract; active TMKs: 221008082
collective,,2002/07/17,2002/09/09,152,19.0789,80.9211,0.0000,0,0.0000,152,100.0000,29,123,0,0,fullownr_proxy,between transfer events; residency from 2026 fullownr proxy applied after first transfer; historical owner addresses not in sales extract; active TMKs: 221008082
collective,,2002/09/10,2002/09/25,152,19.0789,80.9211,0.0000,0,0.0000,152,100.0000,29,123,0,0,fullownr_proxy,between transfer events; residency from 2026 fullownr proxy applied after first transfer; historical owner addresses not in sales extract; active TMKs: 221008082
collective,,2002/09/26,2002/10/02,152,19.0789,80.9211,0.0000,0,0.0000,152,100.0000,29,123,0,0,fullownr_proxy,between transfer events; residency from 2026 fullownr proxy applied after first transfer; historical owner addresses not in sales extract; active TMKs: 221008082
collective,,2002/10/03,2002/10/06,152,19.0789,80.9211,0.0000,0,0.0000,152,100.0000,29,123,0,0,fullownr_proxy,between transfer events; residency from 2026 fullownr proxy applied after first transfer; historical owner addresses not in sales extract; active TMKs: 221008082
collective,,2002/10/07,2002/10/20,152,19.0789,80.9211,0.0000,0,0.0000,152,100.0000,29,123,0,0,fullownr_proxy,between transfer events; residency from 2026 fullownr proxy applied after first transfer; historical owner addresses not in sales extract; active TMKs: 221008082
collective,,2002/10/21,2002/10/24,152,19.0789,80.9211,0.0000,0,0.0000,152,100.0000,29,123,0,0,fullownr_proxy,between transfer events; residency from 2026 fullownr proxy applied after first transfer; historical owner addresses not in sales extract; active TMKs: 221008082
collective,,2002/10/25,2002/11/11,152,19.0789,80.9211,0.0000,0,0.0000,152,100.0000,29,123,0,0,fullownr_proxy,between transfer events; residency from 2026 fullownr proxy applied after first transfer; historical owner addresses not in sales extract; active TMKs: 221008082
collective,,2002/11/12,2002/11/12,152,19.0789,80.9211,0.0000,0,0.0000,152,100.0000,29,123,0,0,fullownr_proxy,between transfer events; residency from 2026 fullownr proxy applied after first transfer; historical owner addresses not in sales extract; active TMKs: 221008082
collective,,2002/11/13,2002/12/03,152,19.0789,80.9211,0.0000,0,0.0000,152,100.0000,29,123,0,0,fullownr_proxy,between transfer events; residency from 2026 fullownr proxy applied after first transfer; historical owner addresses not in sales extract; active TMKs: 221008082
collective,,2002/12/04,2002/12/04,152,19.0789,80.9211,0.0000,0,0.0000,152,100.0000,29,123,0,0,fullownr_proxy,between transfer events; residency from 2026 fullownr proxy applied after first transfer; historical owner addresses not in sales extract; active TMKs: 221008082
collective,,2002/12/05,2002/12/05,152,19.0789,80.9211,0.0000,0,0.0000,152,100.0000,29,123,0,0,fullownr_proxy,between transfer events; residency from 2026 fullownr proxy applied after first transfer; historical owner addresses not in sales extract; active TMKs: 221008082
collective,,2002/12/06,2002/12/06,152,19.0789,80.9211,0.0000,0,0.0000,152,100.0000,29,123,0,0,fullownr_proxy,between transfer events; residency from 2026 fullownr proxy applied after first transfer; historical owner addresses not in sales extract; active TMKs: 221008082
collective,,2002/12/07,2002/12/19,152,19.0789,80.9211,0.0000,0,0.0000,152,100.0000,29,123,0,0,fullownr_proxy,between transfer events; residency from 2026 fullownr proxy applied after first transfer; historical owner addresses not in sales extract; active TMKs: 221008082
collective,,2002/12/20,2002/12/29,152,19.0789,80.9211,0.0000,0,0.0000,152,100.0000,29,123,0,0,fullownr_proxy,between transfer events; residency from 2026 fullownr proxy applied after first transfer; historical owner addresses not in sales extract; active TMKs: 221008082
collective,,2002/12/30,2003/01/05,152,19.0789,80.9211,0.0000,0,0.0000,152,100.0000,29,123,0,0,fullownr_proxy,between transfer events; residency from 2026 fullownr proxy applied after first transfer; historical owner addresses not in sales extract; active TMKs: 221008082
collective,,2003/01/06,2003/01/07,152,19.0789,80.9211,0.0000,0,0.0000,152,100.0000,29,123,0,0,fullownr_proxy,between transfer events; residency from 2026 fullownr proxy applied after first transfer; historical owner addresses not in sales extract; active TMKs: 221008082
collective,,2003/01/08,2003/02/05,152,19.0789,80.9211,0.0000,0,0.0000,152,100.0000,29,123,0,0,fullownr_proxy,between transfer events; residency from 2026 fullownr proxy applied after first transfer; historical owner addresses not in sales extract; active TMKs: 221008082
collective,,2003/02/06,2003/02/18,152,19.0789,80.9211,0.0000,0,0.0000,152,100.0000,29,123,0,0,fullownr_proxy,between transfer events; residency from 2026 fullownr proxy applied after first transfer; historical owner addresses not in sales extract; active TMKs: 221008082
collective,,2003/02/19,2003/02/20,152,19.0789,80.9211,0.0000,0,0.0000,152,100.0000,29,123,0,0,fullownr_proxy,between transfer events; residency from 2026 fullownr proxy applied after first transfer; historical owner addresses not in sales extract; active TMKs: 221008082
collective,,2003/02/21,2003/03/02,152,19.0789,80.9211,0.0000,0,0.0000,152,100.0000,29,123,0,0,fullownr_proxy,between transfer events; residency from 2026 fullownr proxy applied after first transfer; historical owner addresses not in sales extract; active TMKs: 221008082
collective,,2003/03/03,2003/03/07,152,19.0789,80.9211,0.0000,0,0.0000,152,100.0000,29,123,0,0,fullownr_proxy,between transfer events; residency from 2026 fullownr proxy applied after first transfer; historical owner addresses not in sales extract; active TMKs: 221008082
collective,,2003/03/08,2003/03/13,152,19.0789,80.9211,0.0000,0,0.0000,152,100.0000,29,123,0,0,fullownr_proxy,between transfer events; residency from 2026 fullownr proxy applied after first transfer; historical owner addresses not in sales extract; active TMKs: 221008082
collective,,2003/03/14,2003/03/19,152,19.0789,80.9211,0.0000,0,0.0000,152,100.0000,29,123,0,0,fullownr_proxy,between transfer events; residency from 2026 fullownr proxy applied after first transfer; historical owner addresses not in sales extract; active TMKs: 221008082
collective,,2003/03/20,2003/03/24,152,19.0789,80.9211,0.0000,0,0.0000,152,100.0000,29,123,0,0,fullownr_proxy,between transfer events; residency from 2026 fullownr proxy applied after first transfer; historical owner addresses not in sales extract; active TMKs: 221008082
collective,,2003/03/25,2003/03/25,152,19.0789,80.9211,0.0000,0,0.0000,152,100.0000,29,123,0,0,fullownr_proxy,between transfer events; residency from 2026 fullownr proxy applied after first transfer; historical owner addresses not in sales extract; active TMKs: 221008082
collective,,2003/03/26,2003/03/31,152,19.0789,80.9211,0.0000,0,0.0000,152,100.0000,29,123,0,0,fullownr_proxy,between transfer events; residency from 2026 fullownr proxy applied after first transfer; historical owner addresses not in sales extract; active TMKs: 221008082
collective,,2003/04/01,2003/04/17,152,19.0789,80.9211,0.0000,0,0.0000,152,100.0000,29,123,0,0,fullownr_proxy,between transfer events; residency from 2026 fullownr proxy applied after first transfer; historical owner addresses not in sales extract; active TMKs: 221008082
collective,,2003/04/18,2003/04/21,152,19.0789,80.9211,0.0000,0,0.0000,152,100.0000,29,123,0,0,fullownr_proxy,between transfer events; residency from 2026 fullownr proxy applied after first transfer; historical owner addresses not in sales extract; active TMKs: 221008082
collective,,2003/04/22,2003/04/28,152,19.0789,80.9211,0.0000,0,0.0000,152,100.0000,29,123,0,0,fullownr_proxy,between transfer events; residency from 2026 fullownr proxy applied after first transfer; historical owner addresses not in sales extract; active TMKs: 221008082
collective,,2003/04/29,2003/05/07,152,19.0789,80.9211,0.0000,0,0.0000,152,100.0000,29,123,0,0,fullownr_proxy,between transfer events; residency from 2026 fullownr proxy applied after first transfer; historical owner addresses not in sales extract; active TMKs: 221008082
collective,,2003/05/08,2003/05/13,152,19.0789,80.9211,0.0000,0,0.0000,152,100.0000,29,123,0,0,fullownr_proxy,between transfer events; residency from 2026 fullownr proxy applied after first transfer; historical owner addresses not in sales extract; active TMKs: 221008082
collective,,2003/05/14,2003/05/14,152,19.0789,80.9211,0.0000,0,0.0000,152,100.0000,29,123,0,0,fullownr_proxy,between transfer events; residency from 2026 fullownr proxy applied after first transfer; historical owner addresses not in sales extract; active TMKs: 221008082
collective,,2003/05/15,2003/06/04,152,19.0789,80.9211,0.0000,0,0.0000,152,100.0000,29,123,0,0,fullownr_proxy,between transfer events; residency from 2026 fullownr proxy applied after first transfer; historical owner addresses not in sales extract; active TMKs: 221008082
collective,,2003/06/05,2003/06/11,152,19.0789,80.9211,0.0000,0,0.0000,152,100.0000,29,123,0,0,fullownr_proxy,between transfer events; residency from 2026 fullownr proxy applied after first transfer; historical owner addresses not in sales extract; active TMKs: 221008082
collective,,2003/06/12,2003/06/23,152,19.0789,80.9211,0.0000,0,0.0000,152,100.0000,29,123,0,0,fullownr_proxy,between transfer events; residency from 2026 fullownr proxy applied after first transfer; historical owner addresses not in sales extract; active TMKs: 221008082
collective,,2003/06/24,2003/07/01,152,19.0789,80.9211,0.0000,0,0.0000,152,100.0000,29,123,0,0,fullownr_proxy,between transfer events; residency from 2026 fullownr proxy applied after first transfer; historical owner addresses not in sales extract; active TMKs: 221008082
collective,,2003/07/02,2003/07/02,152,19.0789,80.9211,0.0000,0,0.0000,152,100.0000,29,123,0,0,fullownr_proxy,between transfer events; residency from 2026 fullownr proxy applied after first transfer; historical owner addresses not in sales extract; active TMKs: 221008082
collective,,2003/07/03,2003/07/23,152,19.0789,80.9211,0.0000,0,0.0000,152,100.0000,29,123,0,0,fullownr_proxy,between transfer events; residency from 2026 fullownr proxy applied after first transfer; historical owner addresses not in sales extract; active TMKs: 221008082
collective,,2003/07/24,2003/09/07,152,19.0789,80.9211,0.0000,0,0.0000,152,100.0000,29,123,0,0,fullownr_proxy,between transfer events; residency from 2026 fullownr proxy applied after first transfer; historical owner addresses not in sales extract; active TMKs: 221008082
collective,,2003/09/08,2003/09/11,152,19.0789,80.9211,0.0000,0,0.0000,152,100.0000,29,123,0,0,fullownr_proxy,between transfer events; residency from 2026 fullownr proxy applied after first transfer; historical owner addresses not in sales extract; active TMKs: 221008082
collective,,2003/09/12,2003/09/15,152,19.0789,80.9211,0.0000,0,0.0000,152,100.0000,29,123,0,0,fullownr_proxy,between transfer events; residency from 2026 fullownr proxy applied after first transfer; historical owner addresses not in sales extract; active TMKs: 221008082
collective,,2003/09/16,2003/09/21,152,19.0789,80.9211,0.0000,0,0.0000,152,100.0000,29,123,0,0,fullownr_proxy,between transfer events; residency from 2026 fullownr proxy applied after first transfer; historical owner addresses not in sales extract; active TMKs: 221008082
collective,,2003/09/22,2003/09/23,152,19.0789,80.9211,0.0000,0,0.0000,152,100.0000,29,123,0,0,fullownr_proxy,between transfer events; residency from 2026 fullownr proxy applied after first transfer; historical owner addresses not in sales extract; active TMKs: 221008082
collective,,2003/09/24,2003/09/24,152,19.0789,80.9211,0.0000,0,0.0000,152,100.0000,29,123,0,0,fullownr_proxy,between transfer events; residency from 2026 fullownr proxy applied after first transfer; historical owner addresses not in sales extract; active TMKs: 221008082
collective,,2003/09/25,2003/10/05,152,19.0789,80.9211,0.0000,0,0.0000,152,100.0000,29,123,0,0,fullownr_proxy,between transfer events; residency from 2026 fullownr proxy applied after first transfer; historical owner addresses not in sales extract; active TMKs: 221008082
collective,,2003/10/06,2003/10/20,152,19.0789,80.9211,0.0000,0,0.0000,152,100.0000,29,123,0,0,fullownr_proxy,between transfer events; residency from 2026 fullownr proxy applied after first transfer; historical owner addresses not in sales extract; active TMKs: 221008082
collective,,2003/10/21,2003/11/11,152,19.0789,80.9211,0.0000,0,0.0000,152,100.0000,29,123,0,0,fullownr_proxy,between transfer events; residency from 2026 fullownr proxy applied after first transfer; historical owner addresses not in sales extract; active TMKs: 221008082
collective,,2003/11/12,2003/11/12,152,19.0789,80.9211,0.0000,0,0.0000,152,100.0000,29,123,0,0,fullownr_proxy,between transfer events; residency from 2026 fullownr proxy applied after first transfer; historical owner addresses not in sales extract; active TMKs: 221008082
collective,,2003/11/13,2003/11/19,152,19.0789,80.9211,0.0000,0,0.0000,152,100.0000,29,123,0,0,fullownr_proxy,between transfer events; residency from 2026 fullownr proxy applied after first transfer; historical owner addresses not in sales extract; active TMKs: 221008082
collective,,2003/11/20,2003/12/01,152,19.0789,80.9211,0.0000,0,0.0000,152,100.0000,29,123,0,0,fullownr_proxy,between transfer events; residency from 2026 fullownr proxy applied after first transfer; historical owner addresses not in sales extract; active TMKs: 221008082
collective,,2003/12/02,2003/12/17,152,19.0789,80.9211,0.0000,0,0.0000,152,100.0000,29,123,0,0,fullownr_proxy,between transfer events; residency from 2026 fullownr proxy applied after first transfer; historical owner addresses not in sales extract; active TMKs: 221008082
collective,,2003/12/18,2003/12/22,152,19.0789,80.9211,0.0000,0,0.0000,152,100.0000,29,123,0,0,fullownr_proxy,between transfer events; residency from 2026 fullownr proxy applied after first transfer; historical owner addresses not in sales extract; active TMKs: 221008082
collective,,2003/12/23,2003/12/23,152,19.0789,80.9211,0.0000,0,0.0000,152,100.0000,29,123,0,0,fullownr_proxy,between transfer events; residency from 2026 fullownr proxy applied after first transfer; historical owner addresses not in sales extract; active TMKs: 221008082
collective,,2003/12/24,2004/01/04,152,19.0789,80.9211,0.0000,0,0.0000,152,100.0000,29,123,0,0,fullownr_proxy,between transfer events; residency from 2026 fullownr proxy applied after first transfer; historical owner addresses not in sales extract; active TMKs: 221008082
collective,,2004/01/05,2004/01/06,152,19.0789,80.9211,0.0000,0,0.0000,152,100.0000,29,123,0,0,fullownr_proxy,between transfer events; residency from 2026 fullownr proxy applied after first transfer; historical owner addresses not in sales extract; active TMKs: 221008082
collective,,2004/01/07,2004/01/15,152,19.0789,80.9211,0.0000,0,0.0000,152,100.0000,29,123,0,0,fullownr_proxy,between transfer events; residency from 2026 fullownr proxy applied after first transfer; historical owner addresses not in sales extract; active TMKs: 221008082
collective,,2004/01/16,2004/01/22,152,19.0789,80.9211,0.0000,0,0.0000,152,100.0000,29,123,0,0,fullownr_proxy,between transfer events; residency from 2026 fullownr proxy applied after first transfer; historical owner addresses not in sales extract; active TMKs: 221008082
collective,,2004/01/23,2004/01/28,152,19.0789,80.9211,0.0000,0,0.0000,152,100.0000,29,123,0,0,fullownr_proxy,between transfer events; residency from 2026 fullownr proxy applied after first transfer; historical owner addresses not in sales extract; active TMKs: 221008082
collective,,2004/01/29,2004/02/03,152,19.0789,80.9211,0.0000,0,0.0000,152,100.0000,29,123,0,0,fullownr_proxy,between transfer events; residency from 2026 fullownr proxy applied after first transfer; historical owner addresses not in sales extract; active TMKs: 221008082
collective,,2004/02/04,2004/02/04,152,19.0789,80.9211,0.0000,0,0.0000,152,100.0000,29,123,0,0,fullownr_proxy,between transfer events; residency from 2026 fullownr proxy applied after first transfer; historical owner addresses not in sales extract; active TMKs: 221008082
collective,,2004/02/05,2004/02/16,152,19.0789,80.9211,0.0000,0,0.0000,152,100.0000,29,123,0,0,fullownr_proxy,between transfer events; residency from 2026 fullownr proxy applied after first transfer; historical owner addresses not in sales extract; active TMKs: 221008082
collective,,2004/02/17,2004/02/24,152,19.0789,80.9211,0.0000,0,0.0000,152,100.0000,29,123,0,0,fullownr_proxy,between transfer events; residency from 2026 fullownr proxy applied after first transfer; historical owner addresses not in sales extract; active TMKs: 221008082
collective,,2004/02/25,2004/02/29,152,19.0789,80.9211,0.0000,0,0.0000,152,100.0000,29,123,0,0,fullownr_proxy,between transfer events; residency from 2026 fullownr proxy applied after first transfer; historical owner addresses not in sales extract; active TMKs: 221008082
collective,,2004/03/01,2004/03/02,152,19.0789,80.9211,0.0000,0,0.0000,152,100.0000,29,123,0,0,fullownr_proxy,between transfer events; residency from 2026 fullownr proxy applied after first transfer; historical owner addresses not in sales extract; active TMKs: 221008082
collective,,2004/03/03,2004/03/07,152,19.0789,80.9211,0.0000,0,0.0000,152,100.0000,29,123,0,0,fullownr_proxy,between transfer events; residency from 2026 fullownr proxy applied after first transfer; historical owner addresses not in sales extract; active TMKs: 221008082
collective,,2004/03/08,2004/04/12,152,19.0789,80.9211,0.0000,0,0.0000,152,100.0000,29,123,0,0,fullownr_proxy,between transfer events; residency from 2026 fullownr proxy applied after first transfer; historical owner addresses not in sales extract; active TMKs: 221008082
collective,,2004/04/13,2004/05/25,152,19.0789,80.9211,0.0000,0,0.0000,152,100.0000,29,123,0,0,fullownr_proxy,between transfer events; residency from 2026 fullownr proxy applied after first transfer; historical owner addresses not in sales extract; active TMKs: 221008082
collective,,2004/05/26,2004/05/29,152,19.0789,80.9211,0.0000,0,0.0000,152,100.0000,29,123,0,0,fullownr_proxy,between transfer events; residency from 2026 fullownr proxy applied after first transfer; historical owner addresses not in sales extract; active TMKs: 221008082
collective,,2004/05/30,2004/07/04,152,19.0789,80.9211,0.0000,0,0.0000,152,100.0000,29,123,0,0,fullownr_proxy,between transfer events; residency from 2026 fullownr proxy applied after first transfer; historical owner addresses not in sales extract; active TMKs: 221008082
collective,,2004/07/05,2004/07/15,152,19.0789,80.9211,0.0000,0,0.0000,152,100.0000,29,123,0,0,fullownr_proxy,between transfer events; residency from 2026 fullownr proxy applied after first transfer; historical owner addresses not in sales extract; active TMKs: 221008082
collective,,2004/07/16,2004/08/18,152,19.0789,80.9211,0.0000,0,0.0000,152,100.0000,29,123,0,0,fullownr_proxy,between transfer events; residency from 2026 fullownr proxy applied after first transfer; historical owner addresses not in sales extract; active TMKs: 221008082
collective,,2004/08/19,2004/09/07,152,19.0789,80.9211,0.0000,0,0.0000,152,100.0000,29,123,0,0,fullownr_proxy,between transfer events; residency from 2026 fullownr proxy applied after first transfer; historical owner addresses not in sales extract; active TMKs: 221008082
collective,,2004/09/08,2004/09/23,152,19.0789,80.9211,0.0000,0,0.0000,152,100.0000,29,123,0,0,fullownr_proxy,between transfer events; residency from 2026 fullownr proxy applied after first transfer; historical owner addresses not in sales extract; active TMKs: 221008082
collective,,2004/09/24,2004/10/05,152,19.0789,80.9211,0.0000,0,0.0000,152,100.0000,29,123,0,0,fullownr_proxy,between transfer events; residency from 2026 fullownr proxy applied after first transfer; historical owner addresses not in sales extract; active TMKs: 221008082
collective,,2004/10/06,2004/10/07,152,19.0789,80.9211,0.0000,0,0.0000,152,100.0000,29,123,0,0,fullownr_proxy,between transfer events; residency from 2026 fullownr proxy applied after first transfer; historical owner addresses not in sales extract; active TMKs: 221008082
collective,,2004/10/08,2004/10/20,152,19.0789,80.9211,0.0000,0,0.0000,152,100.0000,29,123,0,0,fullownr_proxy,between transfer events; residency from 2026 fullownr proxy applied after first transfer; historical owner addresses not in sales extract; active TMKs: 221008082
collective,,2004/10/21,2004/10/26,152,19.0789,80.9211,0.0000,0,0.0000,152,100.0000,29,123,0,0,fullownr_proxy,between transfer events; residency from 2026 fullownr proxy applied after first transfer; historical owner addresses not in sales extract; active TMKs: 221008082
collective,,2004/10/27,2004/11/04,152,19.0789,80.9211,0.0000,0,0.0000,152,100.0000,29,123,0,0,fullownr_proxy,between transfer events; residency from 2026 fullownr proxy applied after first transfer; historical owner addresses not in sales extract; active TMKs: 221008082
collective,,2004/11/05,2004/11/21,152,19.0789,80.9211,0.0000,0,0.0000,152,100.0000,29,123,0,0,fullownr_proxy,between transfer events; residency from 2026 fullownr proxy applied after first transfer; historical owner addresses not in sales extract; active TMKs: 221008082
collective,,2004/11/22,2004/12/20,152,19.0789,80.9211,0.0000,0,0.0000,152,100.0000,29,123,0,0,fullownr_proxy,between transfer events; residency from 2026 fullownr proxy applied after first transfer; historical owner addresses not in sales extract; active TMKs: 221008082
collective,,2004/12/21,2005/02/13,152,19.0789,80.9211,0.0000,0,0.0000,152,100.0000,29,123,0,0,fullownr_proxy,between transfer events; residency from 2026 fullownr proxy applied after first transfer; historical owner addresses not in sales extract; active TMKs: 221008082
collective,,2005/02/14,2005/03/07,152,19.0789,80.9211,0.0000,0,0.0000,152,100.0000,29,123,0,0,fullownr_proxy,between transfer events; residency from 2026 fullownr proxy applied after first transfer; historical owner addresses not in sales extract; active TMKs: 221008082
collective,,2005/03/08,2005/03/14,152,19.0789,80.9211,0.0000,0,0.0000,152,100.0000,29,123,0,0,fullownr_proxy,between transfer events; residency from 2026 fullownr proxy applied after first transfer; historical owner addresses not in sales extract; active TMKs: 221008082
collective,,2005/03/15,2005/04/14,152,19.0789,80.9211,0.0000,0,0.0000,152,100.0000,29,123,0,0,fullownr_proxy,between transfer events; residency from 2026 fullownr proxy applied after first transfer; historical owner addresses not in sales extract; active TMKs: 221008082
collective,,2005/04/15,2005/04/21,152,19.0789,80.9211,0.0000,0,0.0000,152,100.0000,29,123,0,0,fullownr_proxy,between transfer events; residency from 2026 fullownr proxy applied after first transfer; historical owner addresses not in sales extract; active TMKs: 221008082
collective,,2005/04/22,2005/04/22,152,19.0789,80.9211,0.0000,0,0.0000,152,100.0000,29,123,0,0,fullownr_proxy,between transfer events; residency from 2026 fullownr proxy applied after first transfer; historical owner addresses not in sales extract; active TMKs: 221008082
collective,,2005/04/23,2005/04/24,152,19.0789,80.9211,0.0000,0,0.0000,152,100.0000,29,123,0,0,fullownr_proxy,between transfer events; residency from 2026 fullownr proxy applied after first transfer; historical owner addresses not in sales extract; active TMKs: 221008082
collective,,2005/04/25,2005/05/08,152,19.0789,80.9211,0.0000,0,0.0000,152,100.0000,29,123,0,0,fullownr_proxy,between transfer events; residency from 2026 fullownr proxy applied after first transfer; historical owner addresses not in sales extract; active TMKs: 221008082
collective,,2005/05/09,2005/06/05,152,19.0789,80.9211,0.0000,0,0.0000,152,100.0000,29,123,0,0,fullownr_proxy,between transfer events; residency from 2026 fullownr proxy applied after first transfer; historical owner addresses not in sales extract; active TMKs: 221008082
collective,,2005/06/06,2005/06/15,152,19.0789,80.9211,0.0000,0,0.0000,152,100.0000,29,123,0,0,fullownr_proxy,between transfer events; residency from 2026 fullownr proxy applied after first transfer; historical owner addresses not in sales extract; active TMKs: 221008082
collective,,2005/06/16,2005/10/12,152,19.0789,80.9211,0.0000,0,0.0000,152,100.0000,29,123,0,0,fullownr_proxy,between transfer events; residency from 2026 fullownr proxy applied after first transfer; historical owner addresses not in sales extract; active TMKs: 221008082
collective,,2005/10/13,2005/11/11,152,19.0789,80.9211,0.0000,0,0.0000,152,100.0000,29,123,0,0,fullownr_proxy,between transfer events; residency from 2026 fullownr proxy applied after first transfer; historical owner addresses not in sales extract; active TMKs: 221008082
collective,,2005/11/12,2005/12/04,152,19.0789,80.9211,0.0000,0,0.0000,152,100.0000,29,123,0,0,fullownr_proxy,between transfer events; residency from 2026 fullownr proxy applied after first transfer; historical owner addresses not in sales extract; active TMKs: 221008082
collective,,2005/12/05,2005/12/05,152,19.0789,80.9211,0.0000,0,0.0000,152,100.0000,29,123,0,0,fullownr_proxy,between transfer events; residency from 2026 fullownr proxy applied after first transfer; historical owner addresses not in sales extract; active TMKs: 221008082
collective,,2005/12/06,2005/12/20,152,19.0789,80.9211,0.0000,0,0.0000,152,100.0000,29,123,0,0,fullownr_proxy,between transfer events; residency from 2026 fullownr proxy applied after first transfer; historical owner addresses not in sales extract; active TMKs: 221008082
collective,,2005/12/21,2006/01/23,152,19.0789,80.9211,0.0000,0,0.0000,152,100.0000,29,123,0,0,fullownr_proxy,between transfer events; residency from 2026 fullownr proxy applied after first transfer; historical owner addresses not in sales extract; active TMKs: 221008082
collective,,2006/01/24,2006/02/05,152,19.0789,80.9211,0.0000,0,0.0000,152,100.0000,29,123,0,0,fullownr_proxy,between transfer events; residency from 2026 fullownr proxy applied after first transfer; historical owner addresses not in sales extract; active TMKs: 221008082
collective,,2006/02/06,2006/02/06,152,19.0789,80.9211,0.0000,0,0.0000,152,100.0000,29,123,0,0,fullownr_proxy,between transfer events; residency from 2026 fullownr proxy applied after first transfer; historical owner addresses not in sales extract; active TMKs: 221008082
collective,,2006/02/07,2006/03/05,152,19.0789,80.9211,0.0000,0,0.0000,152,100.0000,29,123,0,0,fullownr_proxy,between transfer events; residency from 2026 fullownr proxy applied after first transfer; historical owner addresses not in sales extract; active TMKs: 221008082
collective,,2006/03/06,2006/03/13,152,19.0789,80.9211,0.0000,0,0.0000,152,100.0000,29,123,0,0,fullownr_proxy,between transfer events; residency from 2026 fullownr proxy applied after first transfer; historical owner addresses not in sales extract; active TMKs: 221008082
collective,,2006/03/14,2006/03/23,152,19.0789,80.9211,0.0000,0,0.0000,152,100.0000,29,123,0,0,fullownr_proxy,between transfer events; residency from 2026 fullownr proxy applied after first transfer; historical owner addresses not in sales extract; active TMKs: 221008082
collective,,2006/03/24,2006/03/27,152,19.0789,80.9211,0.0000,0,0.0000,152,100.0000,29,123,0,0,fullownr_proxy,between transfer events; residency from 2026 fullownr proxy applied after first transfer; historical owner addresses not in sales extract; active TMKs: 221008082
collective,,2006/03/28,2006/04/09,152,19.0789,80.9211,0.0000,0,0.0000,152,100.0000,29,123,0,0,fullownr_proxy,between transfer events; residency from 2026 fullownr proxy applied after first transfer; historical owner addresses not in sales extract; active TMKs: 221008082
collective,,2006/04/10,2006/05/17,152,19.0789,80.9211,0.0000,0,0.0000,152,100.0000,29,123,0,0,fullownr_proxy,between transfer events; residency from 2026 fullownr proxy applied after first transfer; historical owner addresses not in sales extract; active TMKs: 221008082
collective,,2006/05/18,2006/05/22,152,19.0789,80.9211,0.0000,0,0.0000,152,100.0000,29,123,0,0,fullownr_proxy,between transfer events; residency from 2026 fullownr proxy applied after first transfer; historical owner addresses not in sales extract; active TMKs: 221008082
collective,,2006/05/23,2006/05/23,152,19.0789,80.9211,0.0000,0,0.0000,152,100.0000,29,123,0,0,fullownr_proxy,between transfer events; residency from 2026 fullownr proxy applied after first transfer; historical owner addresses not in sales extract; active TMKs: 221008082
collective,,2006/05/24,2006/05/29,152,19.0789,80.9211,0.0000,0,0.0000,152,100.0000,29,123,0,0,fullownr_proxy,between transfer events; residency from 2026 fullownr proxy applied after first transfer; historical owner addresses not in sales extract; active TMKs: 221008082
collective,,2006/05/30,2006/06/07,152,19.0789,80.9211,0.0000,0,0.0000,152,100.0000,29,123,0,0,fullownr_proxy,between transfer events; residency from 2026 fullownr proxy applied after first transfer; historical owner addresses not in sales extract; active TMKs: 221008082
collective,,2006/06/08,2006/06/15,152,19.0789,80.9211,0.0000,0,0.0000,152,100.0000,29,123,0,0,fullownr_proxy,between transfer events; residency from 2026 fullownr proxy applied after first transfer; historical owner addresses not in sales extract; active TMKs: 221008082
collective,,2006/06/16,2006/07/06,152,19.0789,80.9211,0.0000,0,0.0000,152,100.0000,29,123,0,0,fullownr_proxy,between transfer events; residency from 2026 fullownr proxy applied after first transfer; historical owner addresses not in sales extract; active TMKs: 221008082
collective,,2006/07/07,2006/08/07,152,19.0789,80.9211,0.0000,0,0.0000,152,100.0000,29,123,0,0,fullownr_proxy,between transfer events; residency from 2026 fullownr proxy applied after first transfer; historical owner addresses not in sales extract; active TMKs: 221008082
collective,,2006/08/08,2006/09/11,152,19.0789,80.9211,0.0000,0,0.0000,152,100.0000,29,123,0,0,fullownr_proxy,between transfer events; residency from 2026 fullownr proxy applied after first transfer; historical owner addresses not in sales extract; active TMKs: 221008082
collective,,2006/09/12,2006/09/12,152,19.0789,80.9211,0.0000,0,0.0000,152,100.0000,29,123,0,0,fullownr_proxy,between transfer events; residency from 2026 fullownr proxy applied after first transfer; historical owner addresses not in sales extract; active TMKs: 221008082
collective,,2006/09/13,2006/09/24,152,19.0789,80.9211,0.0000,0,0.0000,152,100.0000,29,123,0,0,fullownr_proxy,between transfer events; residency from 2026 fullownr proxy applied after first transfer; historical owner addresses not in sales extract; active TMKs: 221008082
collective,,2006/09/25,2006/10/11,152,19.0789,80.9211,0.0000,0,0.0000,152,100.0000,29,123,0,0,fullownr_proxy,between transfer events; residency from 2026 fullownr proxy applied after first transfer; historical owner addresses not in sales extract; active TMKs: 221008082
collective,,2006/10/12,2006/10/15,152,19.0789,80.9211,0.0000,0,0.0000,152,100.0000,29,123,0,0,fullownr_proxy,between transfer events; residency from 2026 fullownr proxy applied after first transfer; historical owner addresses not in sales extract; active TMKs: 221008082
collective,,2006/10/16,2006/11/01,152,19.0789,80.9211,0.0000,0,0.0000,152,100.0000,29,123,0,0,fullownr_proxy,between transfer events; residency from 2026 fullownr proxy applied after first transfer; historical owner addresses not in sales extract; active TMKs: 221008082
collective,,2006/11/02,2006/11/25,152,19.0789,80.9211,0.0000,0,0.0000,152,100.0000,29,123,0,0,fullownr_proxy,between transfer events; residency from 2026 fullownr proxy applied after first transfer; historical owner addresses not in sales extract; active TMKs: 221008082
collective,,2006/11/26,2006/12/26,152,19.0789,80.9211,0.0000,0,0.0000,152,100.0000,29,123,0,0,fullownr_proxy,between transfer events; residency from 2026 fullownr proxy applied after first transfer; historical owner addresses not in sales extract; active TMKs: 221008082
collective,,2006/12/27,2007/01/03,152,19.0789,80.9211,0.0000,0,0.0000,152,100.0000,29,123,0,0,fullownr_proxy,between transfer events; residency from 2026 fullownr proxy applied after first transfer; historical owner addresses not in sales extract; active TMKs: 221008082
collective,,2007/01/04,2007/01/04,152,19.0789,80.9211,0.0000,0,0.0000,152,100.0000,29,123,0,0,fullownr_proxy,between transfer events; residency from 2026 fullownr proxy applied after first transfer; historical owner addresses not in sales extract; active TMKs: 221008082
collective,,2007/01/05,2007/01/10,152,19.0789,80.9211,0.0000,0,0.0000,152,100.0000,29,123,0,0,fullownr_proxy,between transfer events; residency from 2026 fullownr proxy applied after first transfer; historical owner addresses not in sales extract; active TMKs: 221008082
collective,,2007/01/11,2007/01/30,152,19.0789,80.9211,0.0000,0,0.0000,152,100.0000,29,123,0,0,fullownr_proxy,between transfer events; residency from 2026 fullownr proxy applied after first transfer; historical owner addresses not in sales extract; active TMKs: 221008082
collective,,2007/01/31,2007/02/15,152,19.0789,80.9211,0.0000,0,0.0000,152,100.0000,29,123,0,0,fullownr_proxy,between transfer events; residency from 2026 fullownr proxy applied after first transfer; historical owner addresses not in sales extract; active TMKs: 221008082
collective,,2007/02/16,2007/03/08,152,19.0789,80.9211,0.0000,0,0.0000,152,100.0000,29,123,0,0,fullownr_proxy,between transfer events; residency from 2026 fullownr proxy applied after first transfer; historical owner addresses not in sales extract; active TMKs: 221008082
collective,,2007/03/09,2007/04/01,152,19.0789,80.9211,0.0000,0,0.0000,152,100.0000,29,123,0,0,fullownr_proxy,between transfer events; residency from 2026 fullownr proxy applied after first transfer; historical owner addresses not in sales extract; active TMKs: 221008082
collective,,2007/04/02,2007/04/09,152,19.0789,80.9211,0.0000,0,0.0000,152,100.0000,29,123,0,0,fullownr_proxy,between transfer events; residency from 2026 fullownr proxy applied after first transfer; historical owner addresses not in sales extract; active TMKs: 221008082
collective,,2007/04/10,2007/04/11,152,19.0789,80.9211,0.0000,0,0.0000,152,100.0000,29,123,0,0,fullownr_proxy,between transfer events; residency from 2026 fullownr proxy applied after first transfer; historical owner addresses not in sales extract; active TMKs: 221008082
collective,,2007/04/12,2007/04/18,152,19.0789,80.9211,0.0000,0,0.0000,152,100.0000,29,123,0,0,fullownr_proxy,between transfer events; residency from 2026 fullownr proxy applied after first transfer; historical owner addresses not in sales extract; active TMKs: 221008082
collective,,2007/04/19,2007/05/06,152,19.0789,80.9211,0.0000,0,0.0000,152,100.0000,29,123,0,0,fullownr_proxy,between transfer events; residency from 2026 fullownr proxy applied after first transfer; historical owner addresses not in sales extract; active TMKs: 221008082
collective,,2007/05/07,2007/05/14,152,19.0789,80.9211,0.0000,0,0.0000,152,100.0000,29,123,0,0,fullownr_proxy,between transfer events; residency from 2026 fullownr proxy applied after first transfer; historical owner addresses not in sales extract; active TMKs: 221008082
collective,,2007/05/15,2007/05/25,152,19.0789,80.9211,0.0000,0,0.0000,152,100.0000,29,123,0,0,fullownr_proxy,between transfer events; residency from 2026 fullownr proxy applied after first transfer; historical owner addresses not in sales extract; active TMKs: 221008082
collective,,2007/05/26,2007/07/22,152,19.0789,80.9211,0.0000,0,0.0000,152,100.0000,29,123,0,0,fullownr_proxy,between transfer events; residency from 2026 fullownr proxy applied after first transfer; historical owner addresses not in sales extract; active TMKs: 221008082
collective,,2007/07/23,2007/08/05,152,19.0789,80.9211,0.0000,0,0.0000,152,100.0000,29,123,0,0,fullownr_proxy,between transfer events; residency from 2026 fullownr proxy applied after first transfer; historical owner addresses not in sales extract; active TMKs: 221008082
collective,,2007/08/06,2007/08/12,152,19.0789,80.9211,0.0000,0,0.0000,152,100.0000,29,123,0,0,fullownr_proxy,between transfer events; residency from 2026 fullownr proxy applied after first transfer; historical owner addresses not in sales extract; active TMKs: 221008082
collective,,2007/08/13,2007/08/20,152,19.0789,80.9211,0.0000,0,0.0000,152,100.0000,29,123,0,0,fullownr_proxy,between transfer events; residency from 2026 fullownr proxy applied after first transfer; historical owner addresses not in sales extract; active TMKs: 221008082
collective,,2007/08/21,2007/08/30,152,19.0789,80.9211,0.0000,0,0.0000,152,100.0000,29,123,0,0,fullownr_proxy,between transfer events; residency from 2026 fullownr proxy applied after first transfer; historical owner addresses not in sales extract; active TMKs: 221008082
collective,,2007/08/31,2007/09/17,152,19.0789,80.9211,0.0000,0,0.0000,152,100.0000,29,123,0,0,fullownr_proxy,between transfer events; residency from 2026 fullownr proxy applied after first transfer; historical owner addresses not in sales extract; active TMKs: 221008082
collective,,2007/09/18,2007/10/21,152,19.0789,80.9211,0.0000,0,0.0000,152,100.0000,29,123,0,0,fullownr_proxy,between transfer events; residency from 2026 fullownr proxy applied after first transfer; historical owner addresses not in sales extract; active TMKs: 221008082
collective,,2007/10/22,2007/10/30,152,19.0789,80.9211,0.0000,0,0.0000,152,100.0000,29,123,0,0,fullownr_proxy,between transfer events; residency from 2026 fullownr proxy applied after first transfer; historical owner addresses not in sales extract; active TMKs: 221008082
collective,,2007/10/31,2007/10/31,152,19.0789,80.9211,0.0000,0,0.0000,152,100.0000,29,123,0,0,fullownr_proxy,between transfer events; residency from 2026 fullownr proxy applied after first transfer; historical owner addresses not in sales extract; active TMKs: 221008082
collective,,2007/11/01,2007/11/14,152,19.0789,80.9211,0.0000,0,0.0000,152,100.0000,29,123,0,0,fullownr_proxy,between transfer events; residency from 2026 fullownr proxy applied after first transfer; historical owner addresses not in sales extract; active TMKs: 221008082
collective,,2007/11/15,2007/12/19,152,19.0789,80.9211,0.0000,0,0.0000,152,100.0000,29,123,0,0,fullownr_proxy,between transfer events; residency from 2026 fullownr proxy applied after first transfer; historical owner addresses not in sales extract; active TMKs: 221008082
collective,,2007/12/20,2008/01/03,152,19.0789,80.9211,0.0000,0,0.0000,152,100.0000,29,123,0,0,fullownr_proxy,between transfer events; residency from 2026 fullownr proxy applied after first transfer; historical owner addresses not in sales extract; active TMKs: 221008082
collective,,2008/01/04,2008/01/06,152,19.0789,80.9211,0.0000,0,0.0000,152,100.0000,29,123,0,0,fullownr_proxy,between transfer events; residency from 2026 fullownr proxy applied after first transfer; historical owner addresses not in sales extract; active TMKs: 221008082
collective,,2008/01/07,2008/01/22,152,19.0789,80.9211,0.0000,0,0.0000,152,100.0000,29,123,0,0,fullownr_proxy,between transfer events; residency from 2026 fullownr proxy applied after first transfer; historical owner addresses not in sales extract; active TMKs: 221008082
collective,,2008/01/23,2008/01/23,152,19.0789,80.9211,0.0000,0,0.0000,152,100.0000,29,123,0,0,fullownr_proxy,between transfer events; residency from 2026 fullownr proxy applied after first transfer; historical owner addresses not in sales extract; active TMKs: 221008082
collective,,2008/01/24,2008/02/10,152,19.0789,80.9211,0.0000,0,0.0000,152,100.0000,29,123,0,0,fullownr_proxy,between transfer events; residency from 2026 fullownr proxy applied after first transfer; historical owner addresses not in sales extract; active TMKs: 221008082
collective,,2008/02/11,2008/04/23,152,19.0789,80.9211,0.0000,0,0.0000,152,100.0000,29,123,0,0,fullownr_proxy,between transfer events; residency from 2026 fullownr proxy applied after first transfer; historical owner addresses not in sales extract; active TMKs: 221008082
collective,,2008/04/24,2008/05/22,152,19.0789,80.9211,0.0000,0,0.0000,152,100.0000,29,123,0,0,fullownr_proxy,between transfer events; residency from 2026 fullownr proxy applied after first transfer; historical owner addresses not in sales extract; active TMKs: 221008082
collective,,2008/05/23,2008/05/29,152,19.0789,80.9211,0.0000,0,0.0000,152,100.0000,29,123,0,0,fullownr_proxy,between transfer events; residency from 2026 fullownr proxy applied after first transfer; historical owner addresses not in sales extract; active TMKs: 221008082
collective,,2008/05/30,2008/07/27,152,19.0789,80.9211,0.0000,0,0.0000,152,100.0000,29,123,0,0,fullownr_proxy,between transfer events; residency from 2026 fullownr proxy applied after first transfer; historical owner addresses not in sales extract; active TMKs: 221008082
collective,,2008/07/28,2008/08/21,152,19.0789,80.9211,0.0000,0,0.0000,152,100.0000,29,123,0,0,fullownr_proxy,between transfer events; residency from 2026 fullownr proxy applied after first transfer; historical owner addresses not in sales extract; active TMKs: 221008082
collective,,2008/08/22,2008/10/07,152,19.0789,80.9211,0.0000,0,0.0000,152,100.0000,29,123,0,0,fullownr_proxy,between transfer events; residency from 2026 fullownr proxy applied after first transfer; historical owner addresses not in sales extract; active TMKs: 221008082
collective,,2008/10/08,2008/10/08,152,19.0789,80.9211,0.0000,0,0.0000,152,100.0000,29,123,0,0,fullownr_proxy,between transfer events; residency from 2026 fullownr proxy applied after first transfer; historical owner addresses not in sales extract; active TMKs: 221008082
collective,,2008/10/09,2008/11/12,152,19.0789,80.9211,0.0000,0,0.0000,152,100.0000,29,123,0,0,fullownr_proxy,between transfer events; residency from 2026 fullownr proxy applied after first transfer; historical owner addresses not in sales extract; active TMKs: 221008082
collective,,2008/11/13,2008/11/16,152,19.0789,80.9211,0.0000,0,0.0000,152,100.0000,29,123,0,0,fullownr_proxy,between transfer events; residency from 2026 fullownr proxy applied after first transfer; historical owner addresses not in sales extract; active TMKs: 221008082
collective,,2008/11/17,2008/12/18,152,19.0789,80.9211,0.0000,0,0.0000,152,100.0000,29,123,0,0,fullownr_proxy,between transfer events; residency from 2026 fullownr proxy applied after first transfer; historical owner addresses not in sales extract; active TMKs: 221008082
collective,,2008/12/19,2009/03/05,152,19.0789,80.9211,0.0000,0,0.0000,152,100.0000,29,123,0,0,fullownr_proxy,between transfer events; residency from 2026 fullownr proxy applied after first transfer; historical owner addresses not in sales extract; active TMKs: 221008082
collective,,2009/03/06,2009/06/21,152,19.0789,80.9211,0.0000,0,0.0000,152,100.0000,29,123,0,0,fullownr_proxy,between transfer events; residency from 2026 fullownr proxy applied after first transfer; historical owner addresses not in sales extract; active TMKs: 221008082
collective,,2009/06/22,2009/06/25,152,19.0789,80.9211,0.0000,0,0.0000,152,100.0000,29,123,0,0,fullownr_proxy,between transfer events; residency from 2026 fullownr proxy applied after first transfer; historical owner addresses not in sales extract; active TMKs: 221008082
collective,,2009/06/26,2009/08/07,152,19.0789,80.9211,0.0000,0,0.0000,152,100.0000,29,123,0,0,fullownr_proxy,between transfer events; residency from 2026 fullownr proxy applied after first transfer; historical owner addresses not in sales extract; active TMKs: 221008082
collective,,2009/08/08,2009/11/12,152,19.0789,80.9211,0.0000,0,0.0000,152,100.0000,29,123,0,0,fullownr_proxy,between transfer events; residency from 2026 fullownr proxy applied after first transfer; historical owner addresses not in sales extract; active TMKs: 221008082
collective,,2009/11/13,2009/11/26,152,19.0789,80.9211,0.0000,0,0.0000,152,100.0000,29,123,0,0,fullownr_proxy,between transfer events; residency from 2026 fullownr proxy applied after first transfer; historical owner addresses not in sales extract; active TMKs: 221008082
collective,,2009/11/27,2009/12/07,152,19.0789,80.9211,0.0000,0,0.0000,152,100.0000,29,123,0,0,fullownr_proxy,between transfer events; residency from 2026 fullownr proxy applied after first transfer; historical owner addresses not in sales extract; active TMKs: 221008082
collective,,2009/12/08,2009/12/29,152,19.0789,80.9211,0.0000,0,0.0000,152,100.0000,29,123,0,0,fullownr_proxy,between transfer events; residency from 2026 fullownr proxy applied after first transfer; historical owner addresses not in sales extract; active TMKs: 221008082
collective,,2009/12/30,2010/01/11,152,19.0789,80.9211,0.0000,0,0.0000,152,100.0000,29,123,0,0,fullownr_proxy,between transfer events; residency from 2026 fullownr proxy applied after first transfer; historical owner addresses not in sales extract; active TMKs: 221008082
collective,,2010/01/12,2010/01/18,152,19.0789,80.9211,0.0000,0,0.0000,152,100.0000,29,123,0,0,fullownr_proxy,between transfer events; residency from 2026 fullownr proxy applied after first transfer; historical owner addresses not in sales extract; active TMKs: 221008082
collective,,2010/01/19,2010/01/21,152,19.0789,80.9211,0.0000,0,0.0000,152,100.0000,29,123,0,0,fullownr_proxy,between transfer events; residency from 2026 fullownr proxy applied after first transfer; historical owner addresses not in sales extract; active TMKs: 221008082
collective,,2010/01/22,2010/03/08,152,19.0789,80.9211,0.0000,0,0.0000,152,100.0000,29,123,0,0,fullownr_proxy,between transfer events; residency from 2026 fullownr proxy applied after first transfer; historical owner addresses not in sales extract; active TMKs: 221008082
collective,,2010/03/09,2010/03/24,152,19.0789,80.9211,0.0000,0,0.0000,152,100.0000,29,123,0,0,fullownr_proxy,between transfer events; residency from 2026 fullownr proxy applied after first transfer; historical owner addresses not in sales extract; active TMKs: 221008082
collective,,2010/03/25,2010/03/30,152,19.0789,80.9211,0.0000,0,0.0000,152,100.0000,29,123,0,0,fullownr_proxy,between transfer events; residency from 2026 fullownr proxy applied after first transfer; historical owner addresses not in sales extract; active TMKs: 221008082
collective,,2010/03/31,2010/04/03,152,19.0789,80.9211,0.0000,0,0.0000,152,100.0000,29,123,0,0,fullownr_proxy,between transfer events; residency from 2026 fullownr proxy applied after first transfer; historical owner addresses not in sales extract; active TMKs: 221008082
collective,,2010/04/04,2010/04/08,152,19.0789,80.9211,0.0000,0,0.0000,152,100.0000,29,123,0,0,fullownr_proxy,between transfer events; residency from 2026 fullownr proxy applied after first transfer; historical owner addresses not in sales extract; active TMKs: 221008082
collective,,2010/04/09,2010/05/17,152,19.0789,80.9211,0.0000,0,0.0000,152,100.0000,29,123,0,0,fullownr_proxy,between transfer events; residency from 2026 fullownr proxy applied after first transfer; historical owner addresses not in sales extract; active TMKs: 221008082
collective,,2010/05/18,2010/06/01,152,19.0789,80.9211,0.0000,0,0.0000,152,100.0000,29,123,0,0,fullownr_proxy,between transfer events; residency from 2026 fullownr proxy applied after first transfer; historical owner addresses not in sales extract; active TMKs: 221008082
collective,,2010/06/02,2010/08/13,152,19.0789,80.9211,0.0000,0,0.0000,152,100.0000,29,123,0,0,fullownr_proxy,between transfer events; residency from 2026 fullownr proxy applied after first transfer; historical owner addresses not in sales extract; active TMKs: 221008082
collective,,2010/08/14,2010/10/06,152,19.0789,80.9211,0.0000,0,0.0000,152,100.0000,29,123,0,0,fullownr_proxy,between transfer events; residency from 2026 fullownr proxy applied after first transfer; historical owner addresses not in sales extract; active TMKs: 221008082
collective,,2010/10/07,2010/10/26,152,19.0789,80.9211,0.0000,0,0.0000,152,100.0000,29,123,0,0,fullownr_proxy,between transfer events; residency from 2026 fullownr proxy applied after first transfer; historical owner addresses not in sales extract; active TMKs: 221008082
collective,,2010/10/27,2010/11/04,152,19.0789,80.9211,0.0000,0,0.0000,152,100.0000,29,123,0,0,fullownr_proxy,between transfer events; residency from 2026 fullownr proxy applied after first transfer; historical owner addresses not in sales extract; active TMKs: 221008082
collective,,2010/11/05,2010/12/05,152,19.0789,80.9211,0.0000,0,0.0000,152,100.0000,29,123,0,0,fullownr_proxy,between transfer events; residency from 2026 fullownr proxy applied after first transfer; historical owner addresses not in sales extract; active TMKs: 221008082
collective,,2010/12/06,2010/12/09,152,19.0789,80.9211,0.0000,0,0.0000,152,100.0000,29,123,0,0,fullownr_proxy,between transfer events; residency from 2026 fullownr proxy applied after first transfer; historical owner addresses not in sales extract; active TMKs: 221008082
collective,,2010/12/10,2011/01/09,152,19.0789,80.9211,0.0000,0,0.0000,152,100.0000,29,123,0,0,fullownr_proxy,between transfer events; residency from 2026 fullownr proxy applied after first transfer; historical owner addresses not in sales extract; active TMKs: 221008082
collective,,2011/01/10,2011/01/19,152,19.0789,80.9211,0.0000,0,0.0000,152,100.0000,29,123,0,0,fullownr_proxy,between transfer events; residency from 2026 fullownr proxy applied after first transfer; historical owner addresses not in sales extract; active TMKs: 221008082
collective,,2011/01/20,2011/03/17,152,19.0789,80.9211,0.0000,0,0.0000,152,100.0000,29,123,0,0,fullownr_proxy,between transfer events; residency from 2026 fullownr proxy applied after first transfer; historical owner addresses not in sales extract; active TMKs: 221008082
collective,,2011/03/18,2011/05/06,152,19.0789,80.9211,0.0000,0,0.0000,152,100.0000,29,123,0,0,fullownr_proxy,between transfer events; residency from 2026 fullownr proxy applied after first transfer; historical owner addresses not in sales extract; active TMKs: 221008082
collective,,2011/05/07,2011/07/20,152,19.0789,80.9211,0.0000,0,0.0000,152,100.0000,29,123,0,0,fullownr_proxy,between transfer events; residency from 2026 fullownr proxy applied after first transfer; historical owner addresses not in sales extract; active TMKs: 221008082
collective,,2011/07/21,2011/09/22,152,19.0789,80.9211,0.0000,0,0.0000,152,100.0000,29,123,0,0,fullownr_proxy,between transfer events; residency from 2026 fullownr proxy applied after first transfer; historical owner addresses not in sales extract; active TMKs: 221008082
collective,,2011/09/23,2011/10/02,152,19.0789,80.9211,0.0000,0,0.0000,152,100.0000,29,123,0,0,fullownr_proxy,between transfer events; residency from 2026 fullownr proxy applied after first transfer; historical owner addresses not in sales extract; active TMKs: 221008082
collective,,2011/10/03,2011/10/16,152,19.0789,80.9211,0.0000,0,0.0000,152,100.0000,29,123,0,0,fullownr_proxy,between transfer events; residency from 2026 fullownr proxy applied after first transfer; historical owner addresses not in sales extract; active TMKs: 221008082
collective,,2011/10/17,2011/10/17,152,19.0789,80.9211,0.0000,0,0.0000,152,100.0000,29,123,0,0,fullownr_proxy,between transfer events; residency from 2026 fullownr proxy applied after first transfer; historical owner addresses not in sales extract; active TMKs: 221008082
collective,,2011/10/18,2011/10/23,152,19.0789,80.9211,0.0000,0,0.0000,152,100.0000,29,123,0,0,fullownr_proxy,between transfer events; residency from 2026 fullownr proxy applied after first transfer; historical owner addresses not in sales extract; active TMKs: 221008082
collective,,2011/10/24,2011/10/27,152,19.0789,80.9211,0.0000,0,0.0000,152,100.0000,29,123,0,0,fullownr_proxy,between transfer events; residency from 2026 fullownr proxy applied after first transfer; historical owner addresses not in sales extract; active TMKs: 221008082
collective,,2011/10/28,2011/12/11,152,19.0789,80.9211,0.0000,0,0.0000,152,100.0000,29,123,0,0,fullownr_proxy,between transfer events; residency from 2026 fullownr proxy applied after first transfer; historical owner addresses not in sales extract; active TMKs: 221008082
collective,,2011/12/12,2011/12/26,152,19.0789,80.9211,0.0000,0,0.0000,152,100.0000,29,123,0,0,fullownr_proxy,between transfer events; residency from 2026 fullownr proxy applied after first transfer; historical owner addresses not in sales extract; active TMKs: 221008082
collective,,2011/12/27,2012/02/20,152,19.0789,80.9211,0.0000,0,0.0000,152,100.0000,29,123,0,0,fullownr_proxy,between transfer events; residency from 2026 fullownr proxy applied after first transfer; historical owner addresses not in sales extract; active TMKs: 221008082
collective,,2012/02/21,2012/03/19,152,19.0789,80.9211,0.0000,0,0.0000,152,100.0000,29,123,0,0,fullownr_proxy,between transfer events; residency from 2026 fullownr proxy applied after first transfer; historical owner addresses not in sales extract; active TMKs: 221008082
collective,,2012/03/20,2012/04/09,152,19.0789,80.9211,0.0000,0,0.0000,152,100.0000,29,123,0,0,fullownr_proxy,between transfer events; residency from 2026 fullownr proxy applied after first transfer; historical owner addresses not in sales extract; active TMKs: 221008082
collective,,2012/04/10,2012/05/06,152,19.0789,80.9211,0.0000,0,0.0000,152,100.0000,29,123,0,0,fullownr_proxy,between transfer events; residency from 2026 fullownr proxy applied after first transfer; historical owner addresses not in sales extract; active TMKs: 221008082
collective,,2012/05/07,2012/06/24,152,19.0789,80.9211,0.0000,0,0.0000,152,100.0000,29,123,0,0,fullownr_proxy,between transfer events; residency from 2026 fullownr proxy applied after first transfer; historical owner addresses not in sales extract; active TMKs: 221008082
collective,,2012/06/25,2012/07/13,152,19.0789,80.9211,0.0000,0,0.0000,152,100.0000,29,123,0,0,fullownr_proxy,between transfer events; residency from 2026 fullownr proxy applied after first transfer; historical owner addresses not in sales extract; active TMKs: 221008082
collective,,2012/07/14,2012/08/16,152,19.0789,80.9211,0.0000,0,0.0000,152,100.0000,29,123,0,0,fullownr_proxy,between transfer events; residency from 2026 fullownr proxy applied after first transfer; historical owner addresses not in sales extract; active TMKs: 221008082
collective,,2012/08/17,2012/08/21,152,19.0789,80.9211,0.0000,0,0.0000,152,100.0000,29,123,0,0,fullownr_proxy,between transfer events; residency from 2026 fullownr proxy applied after first transfer; historical owner addresses not in sales extract; active TMKs: 221008082
collective,,2012/08/22,2012/09/20,152,19.0789,80.9211,0.0000,0,0.0000,152,100.0000,29,123,0,0,fullownr_proxy,between transfer events; residency from 2026 fullownr proxy applied after first transfer; historical owner addresses not in sales extract; active TMKs: 221008082
collective,,2012/09/21,2012/10/17,152,19.0789,80.9211,0.0000,0,0.0000,152,100.0000,29,123,0,0,fullownr_proxy,between transfer events; residency from 2026 fullownr proxy applied after first transfer; historical owner addresses not in sales extract; active TMKs: 221008082
collective,,2012/10/18,2012/11/05,152,19.0789,80.9211,0.0000,0,0.0000,152,100.0000,29,123,0,0,fullownr_proxy,between transfer events; residency from 2026 fullownr proxy applied after first transfer; historical owner addresses not in sales extract; active TMKs: 221008082
collective,,2012/11/06,2012/11/14,152,19.0789,80.9211,0.0000,0,0.0000,152,100.0000,29,123,0,0,fullownr_proxy,between transfer events; residency from 2026 fullownr proxy applied after first transfer; historical owner addresses not in sales extract; active TMKs: 221008082
collective,,2012/11/15,2012/11/28,152,19.0789,80.9211,0.0000,0,0.0000,152,100.0000,29,123,0,0,fullownr_proxy,between transfer events; residency from 2026 fullownr proxy applied after first transfer; historical owner addresses not in sales extract; active TMKs: 221008082
collective,,2012/11/29,2012/12/11,152,19.0789,80.9211,0.0000,0,0.0000,152,100.0000,29,123,0,0,fullownr_proxy,between transfer events; residency from 2026 fullownr proxy applied after first transfer; historical owner addresses not in sales extract; active TMKs: 221008082
collective,,2012/12/12,2012/12/25,152,19.0789,80.9211,0.0000,0,0.0000,152,100.0000,29,123,0,0,fullownr_proxy,between transfer events; residency from 2026 fullownr proxy applied after first transfer; historical owner addresses not in sales extract; active TMKs: 221008082
collective,,2012/12/26,2013/01/02,152,19.0789,80.9211,0.0000,0,0.0000,152,100.0000,29,123,0,0,fullownr_proxy,between transfer events; residency from 2026 fullownr proxy applied after first transfer; historical owner addresses not in sales extract; active TMKs: 221008082
collective,,2013/01/03,2013/02/04,152,19.0789,80.9211,0.0000,0,0.0000,152,100.0000,29,123,0,0,fullownr_proxy,between transfer events; residency from 2026 fullownr proxy applied after first transfer; historical owner addresses not in sales extract; active TMKs: 221008082
collective,,2013/02/05,2013/02/08,152,19.0789,80.9211,0.0000,0,0.0000,152,100.0000,29,123,0,0,fullownr_proxy,between transfer events; residency from 2026 fullownr proxy applied after first transfer; historical owner addresses not in sales extract; active TMKs: 221008082
collective,,2013/02/09,2013/02/13,152,19.0789,80.9211,0.0000,0,0.0000,152,100.0000,29,123,0,0,fullownr_proxy,between transfer events; residency from 2026 fullownr proxy applied after first transfer; historical owner addresses not in sales extract; active TMKs: 221008082
collective,,2013/02/14,2013/02/17,152,19.0789,80.9211,0.0000,0,0.0000,152,100.0000,29,123,0,0,fullownr_proxy,between transfer events; residency from 2026 fullownr proxy applied after first transfer; historical owner addresses not in sales extract; active TMKs: 221008082
collective,,2013/02/18,2013/02/27,152,19.0789,80.9211,0.0000,0,0.0000,152,100.0000,29,123,0,0,fullownr_proxy,between transfer events; residency from 2026 fullownr proxy applied after first transfer; historical owner addresses not in sales extract; active TMKs: 221008082
collective,,2013/02/28,2013/03/04,152,19.0789,80.9211,0.0000,0,0.0000,152,100.0000,29,123,0,0,fullownr_proxy,between transfer events; residency from 2026 fullownr proxy applied after first transfer; historical owner addresses not in sales extract; active TMKs: 221008082
collective,,2013/03/05,2013/03/07,152,19.0789,80.9211,0.0000,0,0.0000,152,100.0000,29,123,0,0,fullownr_proxy,between transfer events; residency from 2026 fullownr proxy applied after first transfer; historical owner addresses not in sales extract; active TMKs: 221008082
collective,,2013/03/08,2013/03/12,152,19.0789,80.9211,0.0000,0,0.0000,152,100.0000,29,123,0,0,fullownr_proxy,between transfer events; residency from 2026 fullownr proxy applied after first transfer; historical owner addresses not in sales extract; active TMKs: 221008082
collective,,2013/03/13,2013/04/10,152,19.0789,80.9211,0.0000,0,0.0000,152,100.0000,29,123,0,0,fullownr_proxy,between transfer events; residency from 2026 fullownr proxy applied after first transfer; historical owner addresses not in sales extract; active TMKs: 221008082
collective,,2013/04/11,2013/04/24,152,19.0789,80.9211,0.0000,0,0.0000,152,100.0000,29,123,0,0,fullownr_proxy,between transfer events; residency from 2026 fullownr proxy applied after first transfer; historical owner addresses not in sales extract; active TMKs: 221008082
collective,,2013/04/25,2013/05/09,152,19.0789,80.9211,0.0000,0,0.0000,152,100.0000,29,123,0,0,fullownr_proxy,between transfer events; residency from 2026 fullownr proxy applied after first transfer; historical owner addresses not in sales extract; active TMKs: 221008082
collective,,2013/05/10,2013/05/14,152,19.0789,80.9211,0.0000,0,0.0000,152,100.0000,29,123,0,0,fullownr_proxy,between transfer events; residency from 2026 fullownr proxy applied after first transfer; historical owner addresses not in sales extract; active TMKs: 221008082
collective,,2013/05/15,2013/05/15,152,19.0789,80.9211,0.0000,0,0.0000,152,100.0000,29,123,0,0,fullownr_proxy,between transfer events; residency from 2026 fullownr proxy applied after first transfer; historical owner addresses not in sales extract; active TMKs: 221008082
collective,,2013/05/16,2013/06/02,152,19.0789,80.9211,0.0000,0,0.0000,152,100.0000,29,123,0,0,fullownr_proxy,between transfer events; residency from 2026 fullownr proxy applied after first transfer; historical owner addresses not in sales extract; active TMKs: 221008082
collective,,2013/06/03,2013/06/03,152,19.0789,80.9211,0.0000,0,0.0000,152,100.0000,29,123,0,0,fullownr_proxy,between transfer events; residency from 2026 fullownr proxy applied after first transfer; historical owner addresses not in sales extract; active TMKs: 221008082
collective,,2013/06/04,2013/06/10,152,19.0789,80.9211,0.0000,0,0.0000,152,100.0000,29,123,0,0,fullownr_proxy,between transfer events; residency from 2026 fullownr proxy applied after first transfer; historical owner addresses not in sales extract; active TMKs: 221008082
collective,,2013/06/11,2013/06/19,152,19.0789,80.9211,0.0000,0,0.0000,152,100.0000,29,123,0,0,fullownr_proxy,between transfer events; residency from 2026 fullownr proxy applied after first transfer; historical owner addresses not in sales extract; active TMKs: 221008082
collective,,2013/06/20,2013/06/27,152,19.0789,80.9211,0.0000,0,0.0000,152,100.0000,29,123,0,0,fullownr_proxy,between transfer events; residency from 2026 fullownr proxy applied after first transfer; historical owner addresses not in sales extract; active TMKs: 221008082
collective,,2013/06/28,2013/07/24,152,19.0789,80.9211,0.0000,0,0.0000,152,100.0000,29,123,0,0,fullownr_proxy,between transfer events; residency from 2026 fullownr proxy applied after first transfer; historical owner addresses not in sales extract; active TMKs: 221008082
collective,,2013/07/25,2013/08/08,152,19.0789,80.9211,0.0000,0,0.0000,152,100.0000,29,123,0,0,fullownr_proxy,between transfer events; residency from 2026 fullownr proxy applied after first transfer; historical owner addresses not in sales extract; active TMKs: 221008082
collective,,2013/08/09,2013/10/10,152,19.0789,80.9211,0.0000,0,0.0000,152,100.0000,29,123,0,0,fullownr_proxy,between transfer events; residency from 2026 fullownr proxy applied after first transfer; historical owner addresses not in sales extract; active TMKs: 221008082
collective,,2013/10/11,2013/11/11,152,19.0789,80.9211,0.0000,0,0.0000,152,100.0000,29,123,0,0,fullownr_proxy,between transfer events; residency from 2026 fullownr proxy applied after first transfer; historical owner addresses not in sales extract; active TMKs: 221008082
collective,,2013/11/12,2013/12/12,152,19.0789,80.9211,0.0000,0,0.0000,152,100.0000,29,123,0,0,fullownr_proxy,between transfer events; residency from 2026 fullownr proxy applied after first transfer; historical owner addresses not in sales extract; active TMKs: 221008082
collective,,2013/12/13,2014/02/25,152,19.0789,80.9211,0.0000,0,0.0000,152,100.0000,29,123,0,0,fullownr_proxy,between transfer events; residency from 2026 fullownr proxy applied after first transfer; historical owner addresses not in sales extract; active TMKs: 221008082
collective,,2014/02/26,2014/03/19,152,19.0789,80.9211,0.0000,0,0.0000,152,100.0000,29,123,0,0,fullownr_proxy,between transfer events; residency from 2026 fullownr proxy applied after first transfer; historical owner addresses not in sales extract; active TMKs: 221008082
collective,,2014/03/20,2014/03/26,152,19.0789,80.9211,0.0000,0,0.0000,152,100.0000,29,123,0,0,fullownr_proxy,between transfer events; residency from 2026 fullownr proxy applied after first transfer; historical owner addresses not in sales extract; active TMKs: 221008082
collective,,2014/03/27,2014/04/06,152,19.0789,80.9211,0.0000,0,0.0000,152,100.0000,29,123,0,0,fullownr_proxy,between transfer events; residency from 2026 fullownr proxy applied after first transfer; historical owner addresses not in sales extract; active TMKs: 221008082
collective,,2014/04/07,2014/04/15,152,19.0789,80.9211,0.0000,0,0.0000,152,100.0000,29,123,0,0,fullownr_proxy,between transfer events; residency from 2026 fullownr proxy applied after first transfer; historical owner addresses not in sales extract; active TMKs: 221008082
collective,,2014/04/16,2014/04/22,152,19.0789,80.9211,0.0000,0,0.0000,152,100.0000,29,123,0,0,fullownr_proxy,between transfer events; residency from 2026 fullownr proxy applied after first transfer; historical owner addresses not in sales extract; active TMKs: 221008082
collective,,2014/04/23,2014/05/29,152,19.0789,80.9211,0.0000,0,0.0000,152,100.0000,29,123,0,0,fullownr_proxy,between transfer events; residency from 2026 fullownr proxy applied after first transfer; historical owner addresses not in sales extract; active TMKs: 221008082
collective,,2014/05/30,2014/06/20,152,19.0789,80.9211,0.0000,0,0.0000,152,100.0000,29,123,0,0,fullownr_proxy,between transfer events; residency from 2026 fullownr proxy applied after first transfer; historical owner addresses not in sales extract; active TMKs: 221008082
collective,,2014/06/21,2014/08/17,152,19.0789,80.9211,0.0000,0,0.0000,152,100.0000,29,123,0,0,fullownr_proxy,between transfer events; residency from 2026 fullownr proxy applied after first transfer; historical owner addresses not in sales extract; active TMKs: 221008082
collective,,2014/08/18,2014/09/15,152,19.0789,80.9211,0.0000,0,0.0000,152,100.0000,29,123,0,0,fullownr_proxy,between transfer events; residency from 2026 fullownr proxy applied after first transfer; historical owner addresses not in sales extract; active TMKs: 221008082
collective,,2014/09/16,2014/09/30,152,19.0789,80.9211,0.0000,0,0.0000,152,100.0000,29,123,0,0,fullownr_proxy,between transfer events; residency from 2026 fullownr proxy applied after first transfer; historical owner addresses not in sales extract; active TMKs: 221008082
collective,,2014/10/01,2014/10/02,152,19.0789,80.9211,0.0000,0,0.0000,152,100.0000,29,123,0,0,fullownr_proxy,between transfer events; residency from 2026 fullownr proxy applied after first transfer; historical owner addresses not in sales extract; active TMKs: 221008082
collective,,2014/10/03,2014/11/06,152,19.0789,80.9211,0.0000,0,0.0000,152,100.0000,29,123,0,0,fullownr_proxy,between transfer events; residency from 2026 fullownr proxy applied after first transfer; historical owner addresses not in sales extract; active TMKs: 221008082
collective,,2014/11/07,2014/11/11,152,19.0789,80.9211,0.0000,0,0.0000,152,100.0000,29,123,0,0,fullownr_proxy,between transfer events; residency from 2026 fullownr proxy applied after first transfer; historical owner addresses not in sales extract; active TMKs: 221008082
collective,,2014/11/12,2014/11/13,152,19.0789,80.9211,0.0000,0,0.0000,152,100.0000,29,123,0,0,fullownr_proxy,between transfer events; residency from 2026 fullownr proxy applied after first transfer; historical owner addresses not in sales extract; active TMKs: 221008082
collective,,2014/11/14,2014/11/20,152,19.0789,80.9211,0.0000,0,0.0000,152,100.0000,29,123,0,0,fullownr_proxy,between transfer events; residency from 2026 fullownr proxy applied after first transfer; historical owner addresses not in sales extract; active TMKs: 221008082
collective,,2014/11/21,2015/01/05,152,19.0789,80.9211,0.0000,0,0.0000,152,100.0000,29,123,0,0,fullownr_proxy,between transfer events; residency from 2026 fullownr proxy applied after first transfer; historical owner addresses not in sales extract; active TMKs: 221008082
collective,,2015/01/06,2015/01/08,152,19.0789,80.9211,0.0000,0,0.0000,152,100.0000,29,123,0,0,fullownr_proxy,between transfer events; residency from 2026 fullownr proxy applied after first transfer; historical owner addresses not in sales extract; active TMKs: 221008082
collective,,2015/01/09,2015/02/09,152,19.0789,80.9211,0.0000,0,0.0000,152,100.0000,29,123,0,0,fullownr_proxy,between transfer events; residency from 2026 fullownr proxy applied after first transfer; historical owner addresses not in sales extract; active TMKs: 221008082
collective,,2015/02/10,2015/02/24,152,19.0789,80.9211,0.0000,0,0.0000,152,100.0000,29,123,0,0,fullownr_proxy,between transfer events; residency from 2026 fullownr proxy applied after first transfer; historical owner addresses not in sales extract; active TMKs: 221008082
collective,,2015/02/25,2015/03/09,152,19.0789,80.9211,0.0000,0,0.0000,152,100.0000,29,123,0,0,fullownr_proxy,between transfer events; residency from 2026 fullownr proxy applied after first transfer; historical owner addresses not in sales extract; active TMKs: 221008082
collective,,2015/03/10,2015/04/22,152,19.0789,80.9211,0.0000,0,0.0000,152,100.0000,29,123,0,0,fullownr_proxy,between transfer events; residency from 2026 fullownr proxy applied after first transfer; historical owner addresses not in sales extract; active TMKs: 221008082
collective,,2015/04/23,2015/09/02,152,19.0789,80.9211,0.0000,0,0.0000,152,100.0000,29,123,0,0,fullownr_proxy,between transfer events; residency from 2026 fullownr proxy applied after first transfer; historical owner addresses not in sales extract; active TMKs: 221008082
collective,,2015/09/03,2015/11/17,152,19.0789,80.9211,0.0000,0,0.0000,152,100.0000,29,123,0,0,fullownr_proxy,between transfer events; residency from 2026 fullownr proxy applied after first transfer; historical owner addresses not in sales extract; active TMKs: 221008082
collective,,2015/11/18,2015/11/24,152,19.0789,80.9211,0.0000,0,0.0000,152,100.0000,29,123,0,0,fullownr_proxy,between transfer events; residency from 2026 fullownr proxy applied after first transfer; historical owner addresses not in sales extract; active TMKs: 221008082
collective,,2015/11/25,2016/02/10,152,19.0789,80.9211,0.0000,0,0.0000,152,100.0000,29,123,0,0,fullownr_proxy,between transfer events; residency from 2026 fullownr proxy applied after first transfer; historical owner addresses not in sales extract; active TMKs: 221008082
collective,,2016/02/11,2016/02/24,152,19.0789,80.9211,0.0000,0,0.0000,152,100.0000,29,123,0,0,fullownr_proxy,between transfer events; residency from 2026 fullownr proxy applied after first transfer; historical owner addresses not in sales extract; active TMKs: 221008082
collective,,2016/02/25,2016/03/13,152,19.0789,80.9211,0.0000,0,0.0000,152,100.0000,29,123,0,0,fullownr_proxy,between transfer events; residency from 2026 fullownr proxy applied after first transfer; historical owner addresses not in sales extract; active TMKs: 221008082
collective,,2016/03/14,2016/05/16,152,19.0789,80.9211,0.0000,0,0.0000,152,100.0000,29,123,0,0,fullownr_proxy,between transfer events; residency from 2026 fullownr proxy applied after first transfer; historical owner addresses not in sales extract; active TMKs: 221008082
collective,,2016/05/17,2016/05/23,152,19.0789,80.9211,0.0000,0,0.0000,152,100.0000,29,123,0,0,fullownr_proxy,between transfer events; residency from 2026 fullownr proxy applied after first transfer; historical owner addresses not in sales extract; active TMKs: 221008082
collective,,2016/05/24,2016/07/05,152,19.0789,80.9211,0.0000,0,0.0000,152,100.0000,29,123,0,0,fullownr_proxy,between transfer events; residency from 2026 fullownr proxy applied after first transfer; historical owner addresses not in sales extract; active TMKs: 221008082
collective,,2016/07/06,2016/08/31,152,19.0789,80.9211,0.0000,0,0.0000,152,100.0000,29,123,0,0,fullownr_proxy,between transfer events; residency from 2026 fullownr proxy applied after first transfer; historical owner addresses not in sales extract; active TMKs: 221008082
collective,,2016/09/01,2016/09/29,152,19.0789,80.9211,0.0000,0,0.0000,152,100.0000,29,123,0,0,fullownr_proxy,between transfer events; residency from 2026 fullownr proxy applied after first transfer; historical owner addresses not in sales extract; active TMKs: 221008082
collective,,2016/09/30,2016/10/19,152,19.0789,80.9211,0.0000,0,0.0000,152,100.0000,29,123,0,0,fullownr_proxy,between transfer events; residency from 2026 fullownr proxy applied after first transfer; historical owner addresses not in sales extract; active TMKs: 221008082
collective,,2016/10/20,2016/11/20,152,19.0789,80.9211,0.0000,0,0.0000,152,100.0000,29,123,0,0,fullownr_proxy,between transfer events; residency from 2026 fullownr proxy applied after first transfer; historical owner addresses not in sales extract; active TMKs: 221008082
collective,,2016/11/21,2016/12/21,152,19.0789,80.9211,0.0000,0,0.0000,152,100.0000,29,123,0,0,fullownr_proxy,between transfer events; residency from 2026 fullownr proxy applied after first transfer; historical owner addresses not in sales extract; active TMKs: 221008082
collective,,2016/12/22,2016/12/26,152,19.0789,80.9211,0.0000,0,0.0000,152,100.0000,29,123,0,0,fullownr_proxy,between transfer events; residency from 2026 fullownr proxy applied after first transfer; historical owner addresses not in sales extract; active TMKs: 221008082
collective,,2016/12/27,2016/12/29,152,19.0789,80.9211,0.0000,0,0.0000,152,100.0000,29,123,0,0,fullownr_proxy,between transfer events; residency from 2026 fullownr proxy applied after first transfer; historical owner addresses not in sales extract; active TMKs: 221008082
collective,,2016/12/30,2016/12/31,152,19.0789,80.9211,0.0000,0,0.0000,152,100.0000,29,123,0,0,fullownr_proxy,between transfer events; residency from 2026 fullownr proxy applied after first transfer; historical owner addresses not in sales extract; active TMKs: 221008082
collective,,2017/01/01,2017/01/17,152,19.0789,80.9211,0.0000,0,0.0000,152,100.0000,29,123,0,0,fullownr_proxy,between transfer events; residency from 2026 fullownr proxy applied after first transfer; historical owner addresses not in sales extract; active TMKs: 221008082
collective,,2017/01/18,2017/03/02,152,19.0789,80.9211,0.0000,0,0.0000,152,100.0000,29,123,0,0,fullownr_proxy,between transfer events; residency from 2026 fullownr proxy applied after first transfer; historical owner addresses not in sales extract; active TMKs: 221008082
collective,,2017/03/03,2017/03/06,152,19.0789,80.9211,0.0000,0,0.0000,152,100.0000,29,123,0,0,fullownr_proxy,between transfer events; residency from 2026 fullownr proxy applied after first transfer; historical owner addresses not in sales extract; active TMKs: 221008082
collective,,2017/03/07,2017/03/08,152,19.0789,80.9211,0.0000,0,0.0000,152,100.0000,29,123,0,0,fullownr_proxy,between transfer events; residency from 2026 fullownr proxy applied after first transfer; historical owner addresses not in sales extract; active TMKs: 221008082
collective,,2017/03/09,2017/08/23,152,19.0789,80.9211,0.0000,0,0.0000,152,100.0000,29,123,0,0,fullownr_proxy,between transfer events; residency from 2026 fullownr proxy applied after first transfer; historical owner addresses not in sales extract; active TMKs: 221008082
collective,,2017/08/24,2017/11/30,152,19.0789,80.9211,0.0000,0,0.0000,152,100.0000,29,123,0,0,fullownr_proxy,between transfer events; residency from 2026 fullownr proxy applied after first transfer; historical owner addresses not in sales extract; active TMKs: 221008082
collective,,2017/12/01,2017/12/28,152,19.0789,80.9211,0.0000,0,0.0000,152,100.0000,29,123,0,0,fullownr_proxy,between transfer events; residency from 2026 fullownr proxy applied after first transfer; historical owner addresses not in sales extract; active TMKs: 221008082
collective,,2017/12/29,2018/01/28,152,19.0789,80.9211,0.0000,0,0.0000,152,100.0000,29,123,0,0,fullownr_proxy,between transfer events; residency from 2026 fullownr proxy applied after first transfer; historical owner addresses not in sales extract; active TMKs: 221008082
collective,,2018/01/29,2018/03/08,152,19.0789,80.9211,0.0000,0,0.0000,152,100.0000,29,123,0,0,fullownr_proxy,between transfer events; residency from 2026 fullownr proxy applied after first transfer; historical owner addresses not in sales extract; active TMKs: 221008082
collective,,2018/03/09,2018/03/11,152,19.0789,80.9211,0.0000,0,0.0000,152,100.0000,29,123,0,0,fullownr_proxy,between transfer events; residency from 2026 fullownr proxy applied after first transfer; historical owner addresses not in sales extract; active TMKs: 221008082
collective,,2018/03/12,2018/03/20,152,19.0789,80.9211,0.0000,0,0.0000,152,100.0000,29,123,0,0,fullownr_proxy,between transfer events; residency from 2026 fullownr proxy applied after first transfer; historical owner addresses not in sales extract; active TMKs: 221008082
collective,,2018/03/21,2018/04/03,152,19.0789,80.9211,0.0000,0,0.0000,152,100.0000,29,123,0,0,fullownr_proxy,between transfer events; residency from 2026 fullownr proxy applied after first transfer; historical owner addresses not in sales extract; active TMKs: 221008082
collective,,2018/04/04,2018/04/23,152,19.0789,80.9211,0.0000,0,0.0000,152,100.0000,29,123,0,0,fullownr_proxy,between transfer events; residency from 2026 fullownr proxy applied after first transfer; historical owner addresses not in sales extract; active TMKs: 221008082
collective,,2018/04/24,2018/05/10,152,19.0789,80.9211,0.0000,0,0.0000,152,100.0000,29,123,0,0,fullownr_proxy,between transfer events; residency from 2026 fullownr proxy applied after first transfer; historical owner addresses not in sales extract; active TMKs: 221008082
collective,,2018/05/11,2018/06/14,152,19.0789,80.9211,0.0000,0,0.0000,152,100.0000,29,123,0,0,fullownr_proxy,between transfer events; residency from 2026 fullownr proxy applied after first transfer; historical owner addresses not in sales extract; active TMKs: 221008082
collective,,2018/06/15,2018/06/19,152,19.0789,80.9211,0.0000,0,0.0000,152,100.0000,29,123,0,0,fullownr_proxy,between transfer events; residency from 2026 fullownr proxy applied after first transfer; historical owner addresses not in sales extract; active TMKs: 221008082
collective,,2018/06/20,2018/07/16,152,19.0789,80.9211,0.0000,0,0.0000,152,100.0000,29,123,0,0,fullownr_proxy,between transfer events; residency from 2026 fullownr proxy applied after first transfer; historical owner addresses not in sales extract; active TMKs: 221008082
collective,,2018/07/17,2018/08/19,152,19.0789,80.9211,0.0000,0,0.0000,152,100.0000,29,123,0,0,fullownr_proxy,between transfer events; residency from 2026 fullownr proxy applied after first transfer; historical owner addresses not in sales extract; active TMKs: 221008082
collective,,2018/08/20,2018/10/24,152,19.0789,80.9211,0.0000,0,0.0000,152,100.0000,29,123,0,0,fullownr_proxy,between transfer events; residency from 2026 fullownr proxy applied after first transfer; historical owner addresses not in sales extract; active TMKs: 221008082
collective,,2018/10/25,2018/10/30,152,19.0789,80.9211,0.0000,0,0.0000,152,100.0000,29,123,0,0,fullownr_proxy,between transfer events; residency from 2026 fullownr proxy applied after first transfer; historical owner addresses not in sales extract; active TMKs: 221008082
collective,,2018/10/31,2018/11/07,152,19.0789,80.9211,0.0000,0,0.0000,152,100.0000,29,123,0,0,fullownr_proxy,between transfer events; residency from 2026 fullownr proxy applied after first transfer; historical owner addresses not in sales extract; active TMKs: 221008082
collective,,2018/11/08,2018/11/10,152,19.0789,80.9211,0.0000,0,0.0000,152,100.0000,29,123,0,0,fullownr_proxy,between transfer events; residency from 2026 fullownr proxy applied after first transfer; historical owner addresses not in sales extract; active TMKs: 221008082
collective,,2018/11/11,2019/01/22,152,19.0789,80.9211,0.0000,0,0.0000,152,100.0000,29,123,0,0,fullownr_proxy,between transfer events; residency from 2026 fullownr proxy applied after first transfer; historical owner addresses not in sales extract; active TMKs: 221008082
collective,,2019/01/23,2019/02/11,152,19.0789,80.9211,0.0000,0,0.0000,152,100.0000,29,123,0,0,fullownr_proxy,between transfer events; residency from 2026 fullownr proxy applied after first transfer; historical owner addresses not in sales extract; active TMKs: 221008082
collective,,2019/02/12,2019/03/31,152,19.0789,80.9211,0.0000,0,0.0000,152,100.0000,29,123,0,0,fullownr_proxy,between transfer events; residency from 2026 fullownr proxy applied after first transfer; historical owner addresses not in sales extract; active TMKs: 221008082
collective,,2019/04/01,2019/04/15,152,19.0789,80.9211,0.0000,0,0.0000,152,100.0000,29,123,0,0,fullownr_proxy,between transfer events; residency from 2026 fullownr proxy applied after first transfer; historical owner addresses not in sales extract; active TMKs: 221008082
collective,,2019/04/16,2019/05/13,152,19.0789,80.9211,0.0000,0,0.0000,152,100.0000,29,123,0,0,fullownr_proxy,between transfer events; residency from 2026 fullownr proxy applied after first transfer; historical owner addresses not in sales extract; active TMKs: 221008082
collective,,2019/05/14,2019/05/21,152,19.0789,80.9211,0.0000,0,0.0000,152,100.0000,29,123,0,0,fullownr_proxy,between transfer events; residency from 2026 fullownr proxy applied after first transfer; historical owner addresses not in sales extract; active TMKs: 221008082
collective,,2019/05/22,2019/05/30,152,19.0789,80.9211,0.0000,0,0.0000,152,100.0000,29,123,0,0,fullownr_proxy,between transfer events; residency from 2026 fullownr proxy applied after first transfer; historical owner addresses not in sales extract; active TMKs: 221008082
collective,,2019/05/31,2019/07/08,152,19.0789,80.9211,0.0000,0,0.0000,152,100.0000,29,123,0,0,fullownr_proxy,between transfer events; residency from 2026 fullownr proxy applied after first transfer; historical owner addresses not in sales extract; active TMKs: 221008082
collective,,2019/07/09,2019/08/01,152,19.0789,80.9211,0.0000,0,0.0000,152,100.0000,29,123,0,0,fullownr_proxy,between transfer events; residency from 2026 fullownr proxy applied after first transfer; historical owner addresses not in sales extract; active TMKs: 221008082
collective,,2019/08/02,2019/08/04,152,19.0789,80.9211,0.0000,0,0.0000,152,100.0000,29,123,0,0,fullownr_proxy,between transfer events; residency from 2026 fullownr proxy applied after first transfer; historical owner addresses not in sales extract; active TMKs: 221008082
collective,,2019/08/05,2019/09/08,152,19.0789,80.9211,0.0000,0,0.0000,152,100.0000,29,123,0,0,fullownr_proxy,between transfer events; residency from 2026 fullownr proxy applied after first transfer; historical owner addresses not in sales extract; active TMKs: 221008082
collective,,2019/09/09,2019/10/15,152,19.0789,80.9211,0.0000,0,0.0000,152,100.0000,29,123,0,0,fullownr_proxy,between transfer events; residency from 2026 fullownr proxy applied after first transfer; historical owner addresses not in sales extract; active TMKs: 221008082
collective,,2019/10/16,2019/11/07,152,19.0789,80.9211,0.0000,0,0.0000,152,100.0000,29,123,0,0,fullownr_proxy,between transfer events; residency from 2026 fullownr proxy applied after first transfer; historical owner addresses not in sales extract; active TMKs: 221008082
collective,,2019/11/08,2019/12/17,152,19.0789,80.9211,0.0000,0,0.0000,152,100.0000,29,123,0,0,fullownr_proxy,between transfer events; residency from 2026 fullownr proxy applied after first transfer; historical owner addresses not in sales extract; active TMKs: 221008082
collective,,2019/12/18,2020/01/23,152,19.0789,80.9211,0.0000,0,0.0000,152,100.0000,29,123,0,0,fullownr_proxy,between transfer events; residency from 2026 fullownr proxy applied after first transfer; historical owner addresses not in sales extract; active TMKs: 221008082
collective,,2020/01/24,2020/01/27,152,19.0789,80.9211,0.0000,0,0.0000,152,100.0000,29,123,0,0,fullownr_proxy,between transfer events; residency from 2026 fullownr proxy applied after first transfer; historical owner addresses not in sales extract; active TMKs: 221008082
collective,,2020/01/28,2020/02/02,152,19.0789,80.9211,0.0000,0,0.0000,152,100.0000,29,123,0,0,fullownr_proxy,between transfer events; residency from 2026 fullownr proxy applied after first transfer; historical owner addresses not in sales extract; active TMKs: 221008082
collective,,2020/02/03,2020/02/05,152,19.0789,80.9211,0.0000,0,0.0000,152,100.0000,29,123,0,0,fullownr_proxy,between transfer events; residency from 2026 fullownr proxy applied after first transfer; historical owner addresses not in sales extract; active TMKs: 221008082
collective,,2020/02/06,2020/02/11,152,19.0789,80.9211,0.0000,0,0.0000,152,100.0000,29,123,0,0,fullownr_proxy,between transfer events; residency from 2026 fullownr proxy applied after first transfer; historical owner addresses not in sales extract; active TMKs: 221008082
collective,,2020/02/12,2020/03/15,152,19.0789,80.9211,0.0000,0,0.0000,152,100.0000,29,123,0,0,fullownr_proxy,between transfer events; residency from 2026 fullownr proxy applied after first transfer; historical owner addresses not in sales extract; active TMKs: 221008082
collective,,2020/03/16,2020/03/17,152,19.0789,80.9211,0.0000,0,0.0000,152,100.0000,29,123,0,0,fullownr_proxy,between transfer events; residency from 2026 fullownr proxy applied after first transfer; historical owner addresses not in sales extract; active TMKs: 221008082
collective,,2020/03/18,2020/03/23,152,19.0789,80.9211,0.0000,0,0.0000,152,100.0000,29,123,0,0,fullownr_proxy,between transfer events; residency from 2026 fullownr proxy applied after first transfer; historical owner addresses not in sales extract; active TMKs: 221008082
collective,,2020/03/24,2020/04/14,152,19.0789,80.9211,0.0000,0,0.0000,152,100.0000,29,123,0,0,fullownr_proxy,between transfer events; residency from 2026 fullownr proxy applied after first transfer; historical owner addresses not in sales extract; active TMKs: 221008082
collective,,2020/04/15,2020/05/11,152,19.0789,80.9211,0.0000,0,0.0000,152,100.0000,29,123,0,0,fullownr_proxy,between transfer events; residency from 2026 fullownr proxy applied after first transfer; historical owner addresses not in sales extract; active TMKs: 221008082
collective,,2020/05/12,2020/07/28,152,19.0789,80.9211,0.0000,0,0.0000,152,100.0000,29,123,0,0,fullownr_proxy,between transfer events; residency from 2026 fullownr proxy applied after first transfer; historical owner addresses not in sales extract; active TMKs: 221008082
collective,,2020/07/29,2020/08/20,152,19.0789,80.9211,0.0000,0,0.0000,152,100.0000,29,123,0,0,fullownr_proxy,between transfer events; residency from 2026 fullownr proxy applied after first transfer; historical owner addresses not in sales extract; active TMKs: 221008082
collective,,2020/08/21,2020/10/23,152,19.0789,80.9211,0.0000,0,0.0000,152,100.0000,29,123,0,0,fullownr_proxy,between transfer events; residency from 2026 fullownr proxy applied after first transfer; historical owner addresses not in sales extract; active TMKs: 221008082
collective,,2020/10/24,2020/11/05,152,19.0789,80.9211,0.0000,0,0.0000,152,100.0000,29,123,0,0,fullownr_proxy,between transfer events; residency from 2026 fullownr proxy applied after first transfer; historical owner addresses not in sales extract; active TMKs: 221008082
collective,,2020/11/06,2020/11/11,152,19.0789,80.9211,0.0000,0,0.0000,152,100.0000,29,123,0,0,fullownr_proxy,between transfer events; residency from 2026 fullownr proxy applied after first transfer; historical owner addresses not in sales extract; active TMKs: 221008082
collective,,2020/11/12,2020/11/26,152,19.0789,80.9211,0.0000,0,0.0000,152,100.0000,29,123,0,0,fullownr_proxy,between transfer events; residency from 2026 fullownr proxy applied after first transfer; historical owner addresses not in sales extract; active TMKs: 221008082
collective,,2020/11/27,2020/11/29,152,19.0789,80.9211,0.0000,0,0.0000,152,100.0000,29,123,0,0,fullownr_proxy,between transfer events; residency from 2026 fullownr proxy applied after first transfer; historical owner addresses not in sales extract; active TMKs: 221008082
collective,,2020/11/30,2020/12/03,152,19.0789,80.9211,0.0000,0,0.0000,152,100.0000,29,123,0,0,fullownr_proxy,between transfer events; residency from 2026 fullownr proxy applied after first transfer; historical owner addresses not in sales extract; active TMKs: 221008082
collective,,2020/12/04,2020/12/10,152,19.0789,80.9211,0.0000,0,0.0000,152,100.0000,29,123,0,0,fullownr_proxy,between transfer events; residency from 2026 fullownr proxy applied after first transfer; historical owner addresses not in sales extract; active TMKs: 221008082
collective,,2020/12/11,2020/12/17,152,19.0789,80.9211,0.0000,0,0.0000,152,100.0000,29,123,0,0,fullownr_proxy,between transfer events; residency from 2026 fullownr proxy applied after first transfer; historical owner addresses not in sales extract; active TMKs: 221008082
collective,,2020/12/18,2020/12/23,152,19.0789,80.9211,0.0000,0,0.0000,152,100.0000,29,123,0,0,fullownr_proxy,between transfer events; residency from 2026 fullownr proxy applied after first transfer; historical owner addresses not in sales extract; active TMKs: 221008082
collective,,2020/12/24,2021/02/16,152,19.0789,80.9211,0.0000,0,0.0000,152,100.0000,29,123,0,0,fullownr_proxy,between transfer events; residency from 2026 fullownr proxy applied after first transfer; historical owner addresses not in sales extract; active TMKs: 221008082
collective,,2021/02/17,2021/03/08,152,19.0789,80.9211,0.0000,0,0.0000,152,100.0000,29,123,0,0,fullownr_proxy,between transfer events; residency from 2026 fullownr proxy applied after first transfer; historical owner addresses not in sales extract; active TMKs: 221008082
collective,,2021/03/09,2021/03/09,152,19.0789,80.9211,0.0000,0,0.0000,152,100.0000,29,123,0,0,fullownr_proxy,between transfer events; residency from 2026 fullownr proxy applied after first transfer; historical owner addresses not in sales extract; active TMKs: 221008082
collective,,2021/03/10,2021/03/26,152,19.0789,80.9211,0.0000,0,0.0000,152,100.0000,29,123,0,0,fullownr_proxy,between transfer events; residency from 2026 fullownr proxy applied after first transfer; historical owner addresses not in sales extract; active TMKs: 221008082
collective,,2021/03/27,2021/04/08,152,19.0789,80.9211,0.0000,0,0.0000,152,100.0000,29,123,0,0,fullownr_proxy,between transfer events; residency from 2026 fullownr proxy applied after first transfer; historical owner addresses not in sales extract; active TMKs: 221008082
collective,,2021/04/09,2021/04/12,152,19.0789,80.9211,0.0000,0,0.0000,152,100.0000,29,123,0,0,fullownr_proxy,between transfer events; residency from 2026 fullownr proxy applied after first transfer; historical owner addresses not in sales extract; active TMKs: 221008082
collective,,2021/04/13,2021/06/21,152,19.0789,80.9211,0.0000,0,0.0000,152,100.0000,29,123,0,0,fullownr_proxy,between transfer events; residency from 2026 fullownr proxy applied after first transfer; historical owner addresses not in sales extract; active TMKs: 221008082
collective,,2021/06/22,2021/06/22,152,19.0789,80.9211,0.0000,0,0.0000,152,100.0000,29,123,0,0,fullownr_proxy,between transfer events; residency from 2026 fullownr proxy applied after first transfer; historical owner addresses not in sales extract; active TMKs: 221008082
collective,,2021/06/23,2021/07/08,152,19.0789,80.9211,0.0000,0,0.0000,152,100.0000,29,123,0,0,fullownr_proxy,between transfer events; residency from 2026 fullownr proxy applied after first transfer; historical owner addresses not in sales extract; active TMKs: 221008082
collective,,2021/07/09,2021/07/15,152,19.0789,80.9211,0.0000,0,0.0000,152,100.0000,29,123,0,0,fullownr_proxy,between transfer events; residency from 2026 fullownr proxy applied after first transfer; historical owner addresses not in sales extract; active TMKs: 221008082
collective,,2021/07/16,2021/08/29,152,19.0789,80.9211,0.0000,0,0.0000,152,100.0000,29,123,0,0,fullownr_proxy,between transfer events; residency from 2026 fullownr proxy applied after first transfer; historical owner addresses not in sales extract; active TMKs: 221008082
collective,,2021/08/30,2021/09/01,152,19.0789,80.9211,0.0000,0,0.0000,152,100.0000,29,123,0,0,fullownr_proxy,between transfer events; residency from 2026 fullownr proxy applied after first transfer; historical owner addresses not in sales extract; active TMKs: 221008082
collective,,2021/09/02,2021/09/12,152,19.0789,80.9211,0.0000,0,0.0000,152,100.0000,29,123,0,0,fullownr_proxy,between transfer events; residency from 2026 fullownr proxy applied after first transfer; historical owner addresses not in sales extract; active TMKs: 221008082
collective,,2021/09/13,2021/09/21,152,19.0789,80.9211,0.0000,0,0.0000,152,100.0000,29,123,0,0,fullownr_proxy,between transfer events; residency from 2026 fullownr proxy applied after first transfer; historical owner addresses not in sales extract; active TMKs: 221008082
collective,,2021/09/22,2021/09/27,152,19.0789,80.9211,0.0000,0,0.0000,152,100.0000,29,123,0,0,fullownr_proxy,between transfer events; residency from 2026 fullownr proxy applied after first transfer; historical owner addresses not in sales extract; active TMKs: 221008082
collective,,2021/09/28,2021/09/30,152,19.0789,80.9211,0.0000,0,0.0000,152,100.0000,29,123,0,0,fullownr_proxy,between transfer events; residency from 2026 fullownr proxy applied after first transfer; historical owner addresses not in sales extract; active TMKs: 221008082
collective,,2021/10/01,2021/11/02,152,19.0789,80.9211,0.0000,0,0.0000,152,100.0000,29,123,0,0,fullownr_proxy,between transfer events; residency from 2026 fullownr proxy applied after first transfer; historical owner addresses not in sales extract; active TMKs: 221008082
collective,,2021/11/03,2021/11/11,152,19.0789,80.9211,0.0000,0,0.0000,152,100.0000,29,123,0,0,fullownr_proxy,between transfer events; residency from 2026 fullownr proxy applied after first transfer; historical owner addresses not in sales extract; active TMKs: 221008082
collective,,2021/11/12,2021/12/12,152,19.0789,80.9211,0.0000,0,0.0000,152,100.0000,29,123,0,0,fullownr_proxy,between transfer events; residency from 2026 fullownr proxy applied after first transfer; historical owner addresses not in sales extract; active TMKs: 221008082
collective,,2021/12/13,2021/12/16,152,19.0789,80.9211,0.0000,0,0.0000,152,100.0000,29,123,0,0,fullownr_proxy,between transfer events; residency from 2026 fullownr proxy applied after first transfer; historical owner addresses not in sales extract; active TMKs: 221008082
collective,,2021/12/17,2022/01/17,152,19.0789,80.9211,0.0000,0,0.0000,152,100.0000,29,123,0,0,fullownr_proxy,between transfer events; residency from 2026 fullownr proxy applied after first transfer; historical owner addresses not in sales extract; active TMKs: 221008082
collective,,2022/01/18,2022/01/27,152,19.0789,80.9211,0.0000,0,0.0000,152,100.0000,29,123,0,0,fullownr_proxy,between transfer events; residency from 2026 fullownr proxy applied after first transfer; historical owner addresses not in sales extract; active TMKs: 221008082
collective,,2022/01/28,2022/02/10,152,19.0789,80.9211,0.0000,0,0.0000,152,100.0000,29,123,0,0,fullownr_proxy,between transfer events; residency from 2026 fullownr proxy applied after first transfer; historical owner addresses not in sales extract; active TMKs: 221008082
collective,,2022/02/11,2022/02/23,152,19.0789,80.9211,0.0000,0,0.0000,152,100.0000,29,123,0,0,fullownr_proxy,between transfer events; residency from 2026 fullownr proxy applied after first transfer; historical owner addresses not in sales extract; active TMKs: 221008082
collective,,2022/02/24,2022/02/28,152,19.0789,80.9211,0.0000,0,0.0000,152,100.0000,29,123,0,0,fullownr_proxy,between transfer events; residency from 2026 fullownr proxy applied after first transfer; historical owner addresses not in sales extract; active TMKs: 221008082
collective,,2022/03/01,2022/03/16,152,19.0789,80.9211,0.0000,0,0.0000,152,100.0000,29,123,0,0,fullownr_proxy,between transfer events; residency from 2026 fullownr proxy applied after first transfer; historical owner addresses not in sales extract; active TMKs: 221008082
collective,,2022/03/17,2022/03/19,152,19.0789,80.9211,0.0000,0,0.0000,152,100.0000,29,123,0,0,fullownr_proxy,between transfer events; residency from 2026 fullownr proxy applied after first transfer; historical owner addresses not in sales extract; active TMKs: 221008082
collective,,2022/03/20,2022/03/22,152,19.0789,80.9211,0.0000,0,0.0000,152,100.0000,29,123,0,0,fullownr_proxy,between transfer events; residency from 2026 fullownr proxy applied after first transfer; historical owner addresses not in sales extract; active TMKs: 221008082
collective,,2022/03/23,2022/04/06,152,19.0789,80.9211,0.0000,0,0.0000,152,100.0000,29,123,0,0,fullownr_proxy,between transfer events; residency from 2026 fullownr proxy applied after first transfer; historical owner addresses not in sales extract; active TMKs: 221008082
collective,,2022/04/07,2022/04/07,152,19.0789,80.9211,0.0000,0,0.0000,152,100.0000,29,123,0,0,fullownr_proxy,between transfer events; residency from 2026 fullownr proxy applied after first transfer; historical owner addresses not in sales extract; active TMKs: 221008082
collective,,2022/04/08,2022/04/11,152,19.0789,80.9211,0.0000,0,0.0000,152,100.0000,29,123,0,0,fullownr_proxy,between transfer events; residency from 2026 fullownr proxy applied after first transfer; historical owner addresses not in sales extract; active TMKs: 221008082
collective,,2022/04/12,2022/04/28,152,19.0789,80.9211,0.0000,0,0.0000,152,100.0000,29,123,0,0,fullownr_proxy,between transfer events; residency from 2026 fullownr proxy applied after first transfer; historical owner addresses not in sales extract; active TMKs: 221008082
collective,,2022/04/29,2022/05/10,152,19.0789,80.9211,0.0000,0,0.0000,152,100.0000,29,123,0,0,fullownr_proxy,between transfer events; residency from 2026 fullownr proxy applied after first transfer; historical owner addresses not in sales extract; active TMKs: 221008082
collective,,2022/05/11,2022/07/07,152,19.0789,80.9211,0.0000,0,0.0000,152,100.0000,29,123,0,0,fullownr_proxy,between transfer events; residency from 2026 fullownr proxy applied after first transfer; historical owner addresses not in sales extract; active TMKs: 221008082
collective,,2022/07/08,2022/07/19,152,19.0789,80.9211,0.0000,0,0.0000,152,100.0000,29,123,0,0,fullownr_proxy,between transfer events; residency from 2026 fullownr proxy applied after first transfer; historical owner addresses not in sales extract; active TMKs: 221008082
collective,,2022/07/20,2022/08/02,152,19.0789,80.9211,0.0000,0,0.0000,152,100.0000,29,123,0,0,fullownr_proxy,between transfer events; residency from 2026 fullownr proxy applied after first transfer; historical owner addresses not in sales extract; active TMKs: 221008082
collective,,2022/08/03,2022/09/05,152,19.0789,80.9211,0.0000,0,0.0000,152,100.0000,29,123,0,0,fullownr_proxy,between transfer events; residency from 2026 fullownr proxy applied after first transfer; historical owner addresses not in sales extract; active TMKs: 221008082
collective,,2022/09/06,2022/10/16,152,19.0789,80.9211,0.0000,0,0.0000,152,100.0000,29,123,0,0,fullownr_proxy,between transfer events; residency from 2026 fullownr proxy applied after first transfer; historical owner addresses not in sales extract; active TMKs: 221008082
collective,,2022/10/17,2022/11/08,152,19.0789,80.9211,0.0000,0,0.0000,152,100.0000,29,123,0,0,fullownr_proxy,between transfer events; residency from 2026 fullownr proxy applied after first transfer; historical owner addresses not in sales extract; active TMKs: 221008082
collective,,2022/11/09,2023/01/10,152,19.0789,80.9211,0.0000,0,0.0000,152,100.0000,29,123,0,0,fullownr_proxy,between transfer events; residency from 2026 fullownr proxy applied after first transfer; historical owner addresses not in sales extract; active TMKs: 221008082
collective,,2023/01/11,2023/03/21,152,19.0789,80.9211,0.0000,0,0.0000,152,100.0000,29,123,0,0,fullownr_proxy,between transfer events; residency from 2026 fullownr proxy applied after first transfer; historical owner addresses not in sales extract; active TMKs: 221008082
collective,,2023/03/22,2023/04/27,152,19.0789,80.9211,0.0000,0,0.0000,152,100.0000,29,123,0,0,fullownr_proxy,between transfer events; residency from 2026 fullownr proxy applied after first transfer; historical owner addresses not in sales extract; active TMKs: 221008082
collective,,2023/04/28,2023/06/08,152,19.0789,80.9211,0.0000,0,0.0000,152,100.0000,29,123,0,0,fullownr_proxy,between transfer events; residency from 2026 fullownr proxy applied after first transfer; historical owner addresses not in sales extract; active TMKs: 221008082
collective,,2023/06/09,2023/06/21,152,19.0789,80.9211,0.0000,0,0.0000,152,100.0000,29,123,0,0,fullownr_proxy,between transfer events; residency from 2026 fullownr proxy applied after first transfer; historical owner addresses not in sales extract; active TMKs: 221008082
collective,,2023/06/22,2023/07/11,152,19.0789,80.9211,0.0000,0,0.0000,152,100.0000,29,123,0,0,fullownr_proxy,between transfer events; residency from 2026 fullownr proxy applied after first transfer; historical owner addresses not in sales extract; active TMKs: 221008082
collective,,2023/07/12,2023/08/05,152,19.0789,80.9211,0.0000,0,0.0000,152,100.0000,29,123,0,0,fullownr_proxy,between transfer events; residency from 2026 fullownr proxy applied after first transfer; historical owner addresses not in sales extract; active TMKs: 221008082
collective,,2023/08/06,2023/10/03,152,19.0789,80.9211,0.0000,0,0.0000,152,100.0000,29,123,0,0,fullownr_proxy,between transfer events; residency from 2026 fullownr proxy applied after first transfer; historical owner addresses not in sales extract; active TMKs: 221008082
collective,,2023/10/04,2023/10/09,152,19.0789,80.9211,0.0000,0,0.0000,152,100.0000,29,123,0,0,fullownr_proxy,between transfer events; residency from 2026 fullownr proxy applied after first transfer; historical owner addresses not in sales extract; active TMKs: 221008082
collective,,2023/10/10,2023/12/18,152,19.0789,80.9211,0.0000,0,0.0000,152,100.0000,29,123,0,0,fullownr_proxy,between transfer events; residency from 2026 fullownr proxy applied after first transfer; historical owner addresses not in sales extract; active TMKs: 221008082
collective,,2023/12/19,2024/03/03,152,19.0789,80.9211,0.0000,0,0.0000,152,100.0000,29,123,0,0,fullownr_proxy,between transfer events; residency from 2026 fullownr proxy applied after first transfer; historical owner addresses not in sales extract; active TMKs: 221008082
collective,,2024/03/04,2024/05/19,152,19.0789,80.9211,0.0000,0,0.0000,152,100.0000,29,123,0,0,fullownr_proxy,between transfer events; residency from 2026 fullownr proxy applied after first transfer; historical owner addresses not in sales extract; active TMKs: 221008082
collective,,2024/05/20,2024/06/23,152,19.0789,80.9211,0.0000,0,0.0000,152,100.0000,29,123,0,0,fullownr_proxy,between transfer events; residency from 2026 fullownr proxy applied after first transfer; historical owner addresses not in sales extract; active TMKs: 221008082
collective,,2024/06/24,2024/10/07,152,19.0789,80.9211,0.0000,0,0.0000,152,100.0000,29,123,0,0,fullownr_proxy,between transfer events; residency from 2026 fullownr proxy applied after first transfer; historical owner addresses not in sales extract; active TMKs: 221008082
collective,,2024/10/08,2024/10/16,152,19.0789,80.9211,0.0000,0,0.0000,152,100.0000,29,123,0,0,fullownr_proxy,between transfer events; residency from 2026 fullownr proxy applied after first transfer; historical owner addresses not in sales extract; active TMKs: 221008082
collective,,2024/10/17,2024/10/22,152,19.0789,80.9211,0.0000,0,0.0000,152,100.0000,29,123,0,0,fullownr_proxy,between transfer events; residency from 2026 fullownr proxy applied after first transfer; historical owner addresses not in sales extract; active TMKs: 221008082
collective,,2024/10/23,2024/10/23,152,19.0789,80.9211,0.0000,0,0.0000,152,100.0000,29,123,0,0,fullownr_proxy,between transfer events; residency from 2026 fullownr proxy applied after first transfer; historical owner addresses not in sales extract; active TMKs: 221008082
collective,,2024/10/24,2024/11/03,152,19.0789,80.9211,0.0000,0,0.0000,152,100.0000,29,123,0,0,fullownr_proxy,between transfer events; residency from 2026 fullownr proxy applied after first transfer; historical owner addresses not in sales extract; active TMKs: 221008082
collective,,2024/11/04,2024/11/21,152,19.0789,80.9211,0.0000,0,0.0000,152,100.0000,29,123,0,0,fullownr_proxy,between transfer events; residency from 2026 fullownr proxy applied after first transfer; historical owner addresses not in sales extract; active TMKs: 221008082
collective,,2024/11/22,2025/02/03,152,19.0789,80.9211,0.0000,0,0.0000,152,100.0000,29,123,0,0,fullownr_proxy,between transfer events; residency from 2026 fullownr proxy applied after first transfer; historical owner addresses not in sales extract; active TMKs: 221008082
collective,,2025/02/04,2025/04/09,152,19.0789,80.9211,0.0000,0,0.0000,152,100.0000,29,123,0,0,fullownr_proxy,between transfer events; residency from 2026 fullownr proxy applied after first transfer; historical owner addresses not in sales extract; active TMKs: 221008082
collective,,2025/04/10,2025/07/07,152,19.0789,80.9211,0.0000,0,0.0000,152,100.0000,29,123,0,0,fullownr_proxy,between transfer events; residency from 2026 fullownr proxy applied after first transfer; historical owner addresses not in sales extract; active TMKs: 221008082
collective,,2025/07/08,2025/10/21,152,19.0789,80.9211,0.0000,0,0.0000,152,100.0000,29,123,0,0,fullownr_proxy,between transfer events; residency from 2026 fullownr proxy applied after first transfer; historical owner addresses not in sales extract; active TMKs: 221008082
collective,,2025/10/22,2025/12/22,152,19.0789,80.9211,0.0000,0,0.0000,152,100.0000,29,123,0,0,fullownr_proxy,between transfer events; residency from 2026 fullownr proxy applied after first transfer; historical owner addresses not in sales extract; active TMKs: 221008082
collective,,2025/12/23,,152,19.0789,80.9211,0.0000,0,0.0000,152,100.0000,29,123,0,0,fullownr_snapshot,current ownership from 2026 fullownr extract; active TMKs: 221008082
tmk,221008082,,1990/01/31,152,0.0000,0.0000,100.0000,152,100.0000,0,0.0000,0,0,0,152,unresolved,before first recorded transfer; residency unresolved
tmk,221008082,1990/02/01,1990/02/28,152,0.0000,0.6579,99.3421,151,99.3421,1,0.6579,0,1,0,151,fullownr_proxy,between transfer events; residency from 2026 fullownr proxy applied after first transfer; historical owner addresses not in sales extract
tmk,221008082,1990/03/01,1990/11/08,152,0.0000,1.3158,98.6842,150,98.6842,2,1.3158,0,2,0,150,fullownr_proxy,between transfer events; residency from 2026 fullownr proxy applied after first transfer; historical owner addresses not in sales extract
tmk,221008082,1990/11/09,1990/11/20,152,0.6579,1.3158,98.0263,149,98.0263,3,1.9737,1,2,0,149,fullownr_proxy,between transfer events; residency from 2026 fullownr proxy applied after first transfer; historical owner addresses not in sales extract
tmk,221008082,1990/11/21,1990/11/28,152,1.3158,1.3158,97.3684,148,97.3684,4,2.6316,2,2,0,148,fullownr_proxy,between transfer events; residency from 2026 fullownr proxy applied after first transfer; historical owner addresses not in sales extract
tmk,221008082,1990/11/29,1990/11/30,152,1.3158,1.9737,96.7105,147,96.7105,5,3.2895,2,3,0,147,fullownr_proxy,between transfer events; residency from 2026 fullownr proxy applied after first transfer; historical owner addresses not in sales extract
tmk,221008082,1990/12/01,1990/12/02,152,1.3158,2.6316,96.0526,146,96.0526,6,3.9474,2,4,0,146,fullownr_proxy,between transfer events; residency from 2026 fullownr proxy applied after first transfer; historical owner addresses not in sales extract
tmk,221008082,1990/12/03,1990/12/11,152,1.3158,3.2895,95.3947,145,95.3947,7,4.6053,2,5,0,145,fullownr_proxy,between transfer events; residency from 2026 fullownr proxy applied after first transfer; historical owner addresses not in sales extract
tmk,221008082,1990/12/12,1990/12/12,152,1.3158,3.9474,94.7368,144,94.7368,8,5.2632,2,6,0,144,fullownr_proxy,between transfer events; residency from 2026 fullownr proxy applied after first transfer; historical owner addresses not in sales extract
tmk,221008082,1990/12/13,1990/12/14,152,2.6316,13.1579,84.2105,128,84.2105,24,15.7895,4,20,0,128,fullownr_proxy,between transfer events; residency from 2026 fullownr proxy applied after first transfer; historical owner addresses not in sales extract
tmk,221008082,1990/12/15,1990/12/30,152,2.6316,13.8158,83.5526,127,83.5526,25,16.4474,4,21,0,127,fullownr_proxy,between transfer events; residency from 2026 fullownr proxy applied after first transfer; historical owner addresses not in sales extract
tmk,221008082,1990/12/31,1991/01/06,152,2.6316,14.4737,82.8947,126,82.8947,26,17.1053,4,22,0,126,fullownr_proxy,between transfer events; residency from 2026 fullownr proxy applied after first transfer; historical owner addresses not in sales extract
tmk,221008082,1991/01/07,1991/01/07,152,3.2895,14.4737,82.2368,125,82.2368,27,17.7632,5,22,0,125,fullownr_proxy,between transfer events; residency from 2026 fullownr proxy applied after first transfer; historical owner addresses not in sales extract
tmk,221008082,1991/01/08,1991/01/30,152,5.2632,23.0263,71.7105,109,71.7105,43,28.2895,8,35,0,109,fullownr_proxy,between transfer events; residency from 2026 fullownr proxy applied after first transfer; historical owner addresses not in sales extract
tmk,221008082,1991/01/31,1991/02/18,152,5.2632,23.6842,71.0526,108,71.0526,44,28.9474,8,36,0,108,fullownr_proxy,between transfer events; residency from 2026 fullownr proxy applied after first transfer; historical owner addresses not in sales extract
tmk,221008082,1991/02/19,1991/02/19,152,5.2632,23.6842,71.0526,108,71.0526,44,28.9474,8,36,0,108,fullownr_proxy,between transfer events; residency from 2026 fullownr proxy applied after first transfer; historical owner addresses not in sales extract
tmk,221008082,1991/02/20,1991/02/25,152,5.9211,42.1053,51.9737,79,51.9737,73,48.0263,9,64,0,79,fullownr_proxy,between transfer events; residency from 2026 fullownr proxy applied after first transfer; historical owner addresses not in sales extract
tmk,221008082,1991/02/26,1991/02/27,152,5.9211,43.4211,50.6579,77,50.6579,75,49.3421,9,66,0,77,fullownr_proxy,between transfer events; residency from 2026 fullownr proxy applied after first transfer; historical owner addresses not in sales extract
tmk,221008082,1991/02/28,1991/02/28,152,6.5789,45.3947,48.0263,73,48.0263,79,51.9737,10,69,0,73,fullownr_proxy,between transfer events; residency from 2026 fullownr proxy applied after first transfer; historical owner addresses not in sales extract
tmk,221008082,1991/03/01,1991/03/04,152,6.5789,46.0526,47.3684,72,47.3684,80,52.6316,10,70,0,72,fullownr_proxy,between transfer events; residency from 2026 fullownr proxy applied after first transfer; historical owner addresses not in sales extract
tmk,221008082,1991/03/05,1991/03/06,152,6.5789,46.7105,46.7105,71,46.7105,81,53.2895,10,71,0,71,fullownr_proxy,between transfer events; residency from 2026 fullownr proxy applied after first transfer; historical owner addresses not in sales extract
tmk,221008082,1991/03/07,1991/03/31,152,7.8947,50.0000,42.1053,64,42.1053,88,57.8947,12,76,0,64,fullownr_proxy,between transfer events; residency from 2026 fullownr proxy applied after first transfer; historical owner addresses not in sales extract
tmk,221008082,1991/04/01,1991/04/10,152,8.5526,51.3158,40.1316,61,40.1316,91,59.8684,13,78,0,61,fullownr_proxy,between transfer events; residency from 2026 fullownr proxy applied after first transfer; historical owner addresses not in sales extract
tmk,221008082,1991/04/11,1991/04/28,152,12.5000,61.1842,26.3158,40,26.3158,112,73.6842,19,93,0,40,fullownr_proxy,between transfer events; residency from 2026 fullownr proxy applied after first transfer; historical owner addresses not in sales extract
tmk,221008082,1991/04/29,1991/04/29,152,12.5000,62.5000,25.0000,38,25.0000,114,75.0000,19,95,0,38,fullownr_proxy,between transfer events; residency from 2026 fullownr proxy applied after first transfer; historical owner addresses not in sales extract
tmk,221008082,1991/04/30,1991/04/30,152,12.5000,63.1579,24.3421,37,24.3421,115,75.6579,19,96,0,37,fullownr_proxy,between transfer events; residency from 2026 fullownr proxy applied after first transfer; historical owner addresses not in sales extract
tmk,221008082,1991/05/01,1991/05/05,152,12.5000,63.1579,24.3421,37,24.3421,115,75.6579,19,96,0,37,fullownr_proxy,between transfer events; residency from 2026 fullownr proxy applied after first transfer; historical owner addresses not in sales extract
tmk,221008082,1991/05/06,1991/05/06,152,12.5000,63.8158,23.6842,36,23.6842,116,76.3158,19,97,0,36,fullownr_proxy,between transfer events; residency from 2026 fullownr proxy applied after first transfer; historical owner addresses not in sales extract
tmk,221008082,1991/05/07,1991/05/07,152,13.1579,65.1316,21.7105,33,21.7105,119,78.2895,20,99,0,33,fullownr_proxy,between transfer events; residency from 2026 fullownr proxy applied after first transfer; historical owner addresses not in sales extract
tmk,221008082,1991/05/08,1991/05/22,152,13.1579,65.1316,21.7105,33,21.7105,119,78.2895,20,99,0,33,fullownr_proxy,between transfer events; residency from 2026 fullownr proxy applied after first transfer; historical owner addresses not in sales extract
tmk,221008082,1991/05/23,1991/06/09,152,13.1579,65.7895,21.0526,32,21.0526,120,78.9474,20,100,0,32,fullownr_proxy,between transfer events; residency from 2026 fullownr proxy applied after first transfer; historical owner addresses not in sales extract
tmk,221008082,1991/06/10,1991/06/25,152,13.8158,68.4211,17.7632,27,17.7632,125,82.2368,21,104,0,27,fullownr_proxy,between transfer events; residency from 2026 fullownr proxy applied after first transfer; historical owner addresses not in sales extract
tmk,221008082,1991/06/26,1991/07/11,152,14.4737,68.4211,17.1053,26,17.1053,126,82.8947,22,104,0,26,fullownr_proxy,between transfer events; residency from 2026 fullownr proxy applied after first transfer; historical owner addresses not in sales extract
tmk,221008082,1991/07/12,1991/08/05,152,14.4737,69.0789,16.4474,25,16.4474,127,83.5526,22,105,0,25,fullownr_proxy,between transfer events; residency from 2026 fullownr proxy applied after first transfer; historical owner addresses not in sales extract
tmk,221008082,1991/08/06,1991/08/18,152,14.4737,69.7368,15.7895,24,15.7895,128,84.2105,22,106,0,24,fullownr_proxy,between transfer events; residency from 2026 fullownr proxy applied after first transfer; historical owner addresses not in sales extract
tmk,221008082,1991/08/19,1991/09/24,152,14.4737,69.7368,15.7895,24,15.7895,128,84.2105,22,106,0,24,fullownr_proxy,between transfer events; residency from 2026 fullownr proxy applied after first transfer; historical owner addresses not in sales extract
tmk,221008082,1991/09/25,1991/10/17,152,14.4737,69.7368,15.7895,24,15.7895,128,84.2105,22,106,0,24,fullownr_proxy,between transfer events; residency from 2026 fullownr proxy applied after first transfer; historical owner addresses not in sales extract
tmk,221008082,1991/10/18,1991/10/21,152,14.4737,70.3947,15.1316,23,15.1316,129,84.8684,22,107,0,23,fullownr_proxy,between transfer events; residency from 2026 fullownr proxy applied after first transfer; historical owner addresses not in sales extract
tmk,221008082,1991/10/22,1991/10/31,152,15.1316,70.3947,14.4737,22,14.4737,130,85.5263,23,107,0,22,fullownr_proxy,between transfer events; residency from 2026 fullownr proxy applied after first transfer; historical owner addresses not in sales extract
tmk,221008082,1991/11/01,1991/11/03,152,15.7895,71.0526,13.1579,20,13.1579,132,86.8421,24,108,0,20,fullownr_proxy,between transfer events; residency from 2026 fullownr proxy applied after first transfer; historical owner addresses not in sales extract
tmk,221008082,1991/11/04,1991/11/05,152,15.7895,71.0526,13.1579,20,13.1579,132,86.8421,24,108,0,20,fullownr_proxy,between transfer events; residency from 2026 fullownr proxy applied after first transfer; historical owner addresses not in sales extract
tmk,221008082,1991/11/06,1991/11/26,152,15.7895,71.0526,13.1579,20,13.1579,132,86.8421,24,108,0,20,fullownr_proxy,between transfer events; residency from 2026 fullownr proxy applied after first transfer; historical owner addresses not in sales extract
tmk,221008082,1991/11/27,1991/11/30,152,16.4474,71.7105,11.8421,18,11.8421,134,88.1579,25,109,0,18,fullownr_proxy,between transfer events; residency from 2026 fullownr proxy applied after first transfer; historical owner addresses not in sales extract
tmk,221008082,1991/12/01,1991/12/12,152,16.4474,72.3684,11.1842,17,11.1842,135,88.8158,25,110,0,17,fullownr_proxy,between transfer events; residency from 2026 fullownr proxy applied after first transfer; historical owner addresses not in sales extract
tmk,221008082,1991/12/13,1991/12/23,152,16.4474,72.3684,11.1842,17,11.1842,135,88.8158,25,110,0,17,fullownr_proxy,between transfer events; residency from 2026 fullownr proxy applied after first transfer; historical owner addresses not in sales extract
tmk,221008082,1991/12/24,1992/01/01,152,16.4474,73.0263,10.5263,16,10.5263,136,89.4737,25,111,0,16,fullownr_proxy,between transfer events; residency from 2026 fullownr proxy applied after first transfer; historical owner addresses not in sales extract
tmk,221008082,1992/01/02,1992/01/31,152,16.4474,73.0263,10.5263,16,10.5263,136,89.4737,25,111,0,16,fullownr_proxy,between transfer events; residency from 2026 fullownr proxy applied after first transfer; historical owner addresses not in sales extract
tmk,221008082,1992/02/01,1992/02/23,152,16.4474,73.6842,9.8684,15,9.8684,137,90.1316,25,112,0,15,fullownr_proxy,between transfer events; residency from 2026 fullownr proxy applied after first transfer; historical owner addresses not in sales extract
tmk,221008082,1992/02/24,1992/05/31,152,16.4474,73.6842,9.8684,15,9.8684,137,90.1316,25,112,0,15,fullownr_proxy,between transfer events; residency from 2026 fullownr proxy applied after first transfer; historical owner addresses not in sales extract
tmk,221008082,1992/06/01,1992/06/23,152,16.4474,73.6842,9.8684,15,9.8684,137,90.1316,25,112,0,15,fullownr_proxy,between transfer events; residency from 2026 fullownr proxy applied after first transfer; historical owner addresses not in sales extract
tmk,221008082,1992/06/24,1992/06/30,152,16.4474,75.0000,8.5526,13,8.5526,139,91.4474,25,114,0,13,fullownr_proxy,between transfer events; residency from 2026 fullownr proxy applied after first transfer; historical owner addresses not in sales extract
tmk,221008082,1992/07/01,1992/07/01,152,16.4474,75.6579,7.8947,12,7.8947,140,92.1053,25,115,0,12,fullownr_proxy,between transfer events; residency from 2026 fullownr proxy applied after first transfer; historical owner addresses not in sales extract
tmk,221008082,1992/07/02,1992/08/09,152,16.4474,75.6579,7.8947,12,7.8947,140,92.1053,25,115,0,12,fullownr_proxy,between transfer events; residency from 2026 fullownr proxy applied after first transfer; historical owner addresses not in sales extract
tmk,221008082,1992/08/10,1992/08/27,152,16.4474,75.6579,7.8947,12,7.8947,140,92.1053,25,115,0,12,fullownr_proxy,between transfer events; residency from 2026 fullownr proxy applied after first transfer; historical owner addresses not in sales extract
tmk,221008082,1992/08/28,1992/09/02,152,16.4474,75.6579,7.8947,12,7.8947,140,92.1053,25,115,0,12,fullownr_proxy,between transfer events; residency from 2026 fullownr proxy applied after first transfer; historical owner addresses not in sales extract
tmk,221008082,1992/09/03,1992/09/24,152,16.4474,75.6579,7.8947,12,7.8947,140,92.1053,25,115,0,12,fullownr_proxy,between transfer events; residency from 2026 fullownr proxy applied after first transfer; historical owner addresses not in sales extract
tmk,221008082,1992/09/25,1992/10/25,152,16.4474,75.6579,7.8947,12,7.8947,140,92.1053,25,115,0,12,fullownr_proxy,between transfer events; residency from 2026 fullownr proxy applied after first transfer; historical owner addresses not in sales extract
tmk,221008082,1992/10/26,1992/10/26,152,16.4474,75.6579,7.8947,12,7.8947,140,92.1053,25,115,0,12,fullownr_proxy,between transfer events; residency from 2026 fullownr proxy applied after first transfer; historical owner addresses not in sales extract
tmk,221008082,1992/10/27,1992/11/24,152,16.4474,75.6579,7.8947,12,7.8947,140,92.1053,25,115,0,12,fullownr_proxy,between transfer events; residency from 2026 fullownr proxy applied after first transfer; historical owner addresses not in sales extract
tmk,221008082,1992/11/25,1992/11/26,152,16.4474,75.6579,7.8947,12,7.8947,140,92.1053,25,115,0,12,fullownr_proxy,between transfer events; residency from 2026 fullownr proxy applied after first transfer; historical owner addresses not in sales extract
tmk,221008082,1992/11/27,1992/12/08,152,16.4474,75.6579,7.8947,12,7.8947,140,92.1053,25,115,0,12,fullownr_proxy,between transfer events; residency from 2026 fullownr proxy applied after first transfer; historical owner addresses not in sales extract
tmk,221008082,1992/12/09,1992/12/09,152,16.4474,75.6579,7.8947,12,7.8947,140,92.1053,25,115,0,12,fullownr_proxy,between transfer events; residency from 2026 fullownr proxy applied after first transfer; historical owner addresses not in sales extract
tmk,221008082,1992/12/10,1993/01/15,152,16.4474,75.6579,7.8947,12,7.8947,140,92.1053,25,115,0,12,fullownr_proxy,between transfer events; residency from 2026 fullownr proxy applied after first transfer; historical owner addresses not in sales extract
tmk,221008082,1993/01/16,1993/03/02,152,16.4474,75.6579,7.8947,12,7.8947,140,92.1053,25,115,0,12,fullownr_proxy,between transfer events; residency from 2026 fullownr proxy applied after first transfer; historical owner addresses not in sales extract
tmk,221008082,1993/03/03,1993/03/07,152,16.4474,75.6579,7.8947,12,7.8947,140,92.1053,25,115,0,12,fullownr_proxy,between transfer events; residency from 2026 fullownr proxy applied after first transfer; historical owner addresses not in sales extract
tmk,221008082,1993/03/08,1993/03/09,152,16.4474,75.6579,7.8947,12,7.8947,140,92.1053,25,115,0,12,fullownr_proxy,between transfer events; residency from 2026 fullownr proxy applied after first transfer; historical owner addresses not in sales extract
tmk,221008082,1993/03/10,1993/04/21,152,16.4474,75.6579,7.8947,12,7.8947,140,92.1053,25,115,0,12,fullownr_proxy,between transfer events; residency from 2026 fullownr proxy applied after first transfer; historical owner addresses not in sales extract
tmk,221008082,1993/04/22,1993/04/30,152,16.4474,75.6579,7.8947,12,7.8947,140,92.1053,25,115,0,12,fullownr_proxy,between transfer events; residency from 2026 fullownr proxy applied after first transfer; historical owner addresses not in sales extract
tmk,221008082,1993/05/01,1993/05/02,152,16.4474,75.6579,7.8947,12,7.8947,140,92.1053,25,115,0,12,fullownr_proxy,between transfer events; residency from 2026 fullownr proxy applied after first transfer; historical owner addresses not in sales extract
tmk,221008082,1993/05/03,1993/06/30,152,16.4474,76.3158,7.2368,11,7.2368,141,92.7632,25,116,0,11,fullownr_proxy,between transfer events; residency from 2026 fullownr proxy applied after first transfer; historical owner addresses not in sales extract
tmk,221008082,1993/07/01,1993/07/15,152,16.4474,76.3158,7.2368,11,7.2368,141,92.7632,25,116,0,11,fullownr_proxy,between transfer events; residency from 2026 fullownr proxy applied after first transfer; historical owner addresses not in sales extract
tmk,221008082,1993/07/16,1993/07/21,152,16.4474,76.3158,7.2368,11,7.2368,141,92.7632,25,116,0,11,fullownr_proxy,between transfer events; residency from 2026 fullownr proxy applied after first transfer; historical owner addresses not in sales extract
tmk,221008082,1993/07/22,1993/07/28,152,16.4474,76.3158,7.2368,11,7.2368,141,92.7632,25,116,0,11,fullownr_proxy,between transfer events; residency from 2026 fullownr proxy applied after first transfer; historical owner addresses not in sales extract
tmk,221008082,1993/07/29,1993/08/09,152,16.4474,76.3158,7.2368,11,7.2368,141,92.7632,25,116,0,11,fullownr_proxy,between transfer events; residency from 2026 fullownr proxy applied after first transfer; historical owner addresses not in sales extract
tmk,221008082,1993/08/10,1993/08/12,152,16.4474,76.3158,7.2368,11,7.2368,141,92.7632,25,116,0,11,fullownr_proxy,between transfer events; residency from 2026 fullownr proxy applied after first transfer; historical owner addresses not in sales extract
tmk,221008082,1993/08/13,1993/08/19,152,16.4474,76.3158,7.2368,11,7.2368,141,92.7632,25,116,0,11,fullownr_proxy,between transfer events; residency from 2026 fullownr proxy applied after first transfer; historical owner addresses not in sales extract
tmk,221008082,1993/08/20,1993/08/31,152,16.4474,76.3158,7.2368,11,7.2368,141,92.7632,25,116,0,11,fullownr_proxy,between transfer events; residency from 2026 fullownr proxy applied after first transfer; historical owner addresses not in sales extract
tmk,221008082,1993/09/01,1993/09/02,152,16.4474,76.3158,7.2368,11,7.2368,141,92.7632,25,116,0,11,fullownr_proxy,between transfer events; residency from 2026 fullownr proxy applied after first transfer; historical owner addresses not in sales extract
tmk,221008082,1993/09/03,1993/09/28,152,16.4474,76.3158,7.2368,11,7.2368,141,92.7632,25,116,0,11,fullownr_proxy,between transfer events; residency from 2026 fullownr proxy applied after first transfer; historical owner addresses not in sales extract
tmk,221008082,1993/09/29,1993/10/07,152,16.4474,76.3158,7.2368,11,7.2368,141,92.7632,25,116,0,11,fullownr_proxy,between transfer events; residency from 2026 fullownr proxy applied after first transfer; historical owner addresses not in sales extract
tmk,221008082,1993/10/08,1993/12/14,152,16.4474,76.3158,7.2368,11,7.2368,141,92.7632,25,116,0,11,fullownr_proxy,between transfer events; residency from 2026 fullownr proxy applied after first transfer; historical owner addresses not in sales extract
tmk,221008082,1993/12/15,1994/03/20,152,16.4474,76.3158,7.2368,11,7.2368,141,92.7632,25,116,0,11,fullownr_proxy,between transfer events; residency from 2026 fullownr proxy applied after first transfer; historical owner addresses not in sales extract
tmk,221008082,1994/03/21,1994/03/24,152,16.4474,76.3158,7.2368,11,7.2368,141,92.7632,25,116,0,11,fullownr_proxy,between transfer events; residency from 2026 fullownr proxy applied after first transfer; historical owner addresses not in sales extract
tmk,221008082,1994/03/25,1994/03/28,152,16.4474,76.3158,7.2368,11,7.2368,141,92.7632,25,116,0,11,fullownr_proxy,between transfer events; residency from 2026 fullownr proxy applied after first transfer; historical owner addresses not in sales extract
tmk,221008082,1994/03/29,1994/04/21,152,16.4474,76.3158,7.2368,11,7.2368,141,92.7632,25,116,0,11,fullownr_proxy,between transfer events; residency from 2026 fullownr proxy applied after first transfer; historical owner addresses not in sales extract
tmk,221008082,1994/04/22,1994/05/16,152,16.4474,76.9737,6.5789,10,6.5789,142,93.4211,25,117,0,10,fullownr_proxy,between transfer events; residency from 2026 fullownr proxy applied after first transfer; historical owner addresses not in sales extract
tmk,221008082,1994/05/17,1994/05/31,152,16.4474,76.9737,6.5789,10,6.5789,142,93.4211,25,117,0,10,fullownr_proxy,between transfer events; residency from 2026 fullownr proxy applied after first transfer; historical owner addresses not in sales extract
tmk,221008082,1994/06/01,1994/06/13,152,16.4474,76.9737,6.5789,10,6.5789,142,93.4211,25,117,0,10,fullownr_proxy,between transfer events; residency from 2026 fullownr proxy applied after first transfer; historical owner addresses not in sales extract
tmk,221008082,1994/06/14,1994/06/21,152,16.4474,76.9737,6.5789,10,6.5789,142,93.4211,25,117,0,10,fullownr_proxy,between transfer events; residency from 2026 fullownr proxy applied after first transfer; historical owner addresses not in sales extract
tmk,221008082,1994/06/22,1994/06/30,152,16.4474,76.9737,6.5789,10,6.5789,142,93.4211,25,117,0,10,fullownr_proxy,between transfer events; residency from 2026 fullownr proxy applied after first transfer; historical owner addresses not in sales extract
tmk,221008082,1994/07/01,1994/07/17,152,16.4474,76.9737,6.5789,10,6.5789,142,93.4211,25,117,0,10,fullownr_proxy,between transfer events; residency from 2026 fullownr proxy applied after first transfer; historical owner addresses not in sales extract
tmk,221008082,1994/07/18,1994/08/31,152,16.4474,76.9737,6.5789,10,6.5789,142,93.4211,25,117,0,10,fullownr_proxy,between transfer events; residency from 2026 fullownr proxy applied after first transfer; historical owner addresses not in sales extract
tmk,221008082,1994/09/01,1994/10/12,152,16.4474,76.9737,6.5789,10,6.5789,142,93.4211,25,117,0,10,fullownr_proxy,between transfer events; residency from 2026 fullownr proxy applied after first transfer; historical owner addresses not in sales extract
tmk,221008082,1994/10/13,1994/12/13,152,16.4474,76.9737,6.5789,10,6.5789,142,93.4211,25,117,0,10,fullownr_proxy,between transfer events; residency from 2026 fullownr proxy applied after first transfer; historical owner addresses not in sales extract
tmk,221008082,1994/12/14,1995/03/22,152,16.4474,76.9737,6.5789,10,6.5789,142,93.4211,25,117,0,10,fullownr_proxy,between transfer events; residency from 2026 fullownr proxy applied after first transfer; historical owner addresses not in sales extract
tmk,221008082,1995/03/23,1995/04/18,152,16.4474,76.9737,6.5789,10,6.5789,142,93.4211,25,117,0,10,fullownr_proxy,between transfer events; residency from 2026 fullownr proxy applied after first transfer; historical owner addresses not in sales extract
tmk,221008082,1995/04/19,1995/05/14,152,16.4474,76.9737,6.5789,10,6.5789,142,93.4211,25,117,0,10,fullownr_proxy,between transfer events; residency from 2026 fullownr proxy applied after first transfer; historical owner addresses not in sales extract
tmk,221008082,1995/05/15,1995/05/30,152,16.4474,76.9737,6.5789,10,6.5789,142,93.4211,25,117,0,10,fullownr_proxy,between transfer events; residency from 2026 fullownr proxy applied after first transfer; historical owner addresses not in sales extract
tmk,221008082,1995/05/31,1995/06/28,152,16.4474,76.9737,6.5789,10,6.5789,142,93.4211,25,117,0,10,fullownr_proxy,between transfer events; residency from 2026 fullownr proxy applied after first transfer; historical owner addresses not in sales extract
tmk,221008082,1995/06/29,1995/07/24,152,16.4474,77.6316,5.9211,9,5.9211,143,94.0789,25,118,0,9,fullownr_proxy,between transfer events; residency from 2026 fullownr proxy applied after first transfer; historical owner addresses not in sales extract
tmk,221008082,1995/07/25,1995/09/27,152,16.4474,77.6316,5.9211,9,5.9211,143,94.0789,25,118,0,9,fullownr_proxy,between transfer events; residency from 2026 fullownr proxy applied after first transfer; historical owner addresses not in sales extract
tmk,221008082,1995/09/28,1995/10/24,152,16.4474,77.6316,5.9211,9,5.9211,143,94.0789,25,118,0,9,fullownr_proxy,between transfer events; residency from 2026 fullownr proxy applied after first transfer; historical owner addresses not in sales extract
tmk,221008082,1995/10/25,1995/10/31,152,16.4474,77.6316,5.9211,9,5.9211,143,94.0789,25,118,0,9,fullownr_proxy,between transfer events; residency from 2026 fullownr proxy applied after first transfer; historical owner addresses not in sales extract
tmk,221008082,1995/11/01,1995/12/06,152,16.4474,77.6316,5.9211,9,5.9211,143,94.0789,25,118,0,9,fullownr_proxy,between transfer events; residency from 2026 fullownr proxy applied after first transfer; historical owner addresses not in sales extract
tmk,221008082,1995/12/07,1995/12/12,152,16.4474,77.6316,5.9211,9,5.9211,143,94.0789,25,118,0,9,fullownr_proxy,between transfer events; residency from 2026 fullownr proxy applied after first transfer; historical owner addresses not in sales extract
tmk,221008082,1995/12/13,1996/02/13,152,16.4474,77.6316,5.9211,9,5.9211,143,94.0789,25,118,0,9,fullownr_proxy,between transfer events; residency from 2026 fullownr proxy applied after first transfer; historical owner addresses not in sales extract
tmk,221008082,1996/02/14,1996/03/19,152,16.4474,77.6316,5.9211,9,5.9211,143,94.0789,25,118,0,9,fullownr_proxy,between transfer events; residency from 2026 fullownr proxy applied after first transfer; historical owner addresses not in sales extract
tmk,221008082,1996/03/20,1996/04/01,152,16.4474,77.6316,5.9211,9,5.9211,143,94.0789,25,118,0,9,fullownr_proxy,between transfer events; residency from 2026 fullownr proxy applied after first transfer; historical owner addresses not in sales extract
tmk,221008082,1996/04/02,1996/05/07,152,17.1053,77.6316,5.2632,8,5.2632,144,94.7368,26,118,0,8,fullownr_proxy,between transfer events; residency from 2026 fullownr proxy applied after first transfer; historical owner addresses not in sales extract
tmk,221008082,1996/05/08,1996/05/28,152,17.1053,77.6316,5.2632,8,5.2632,144,94.7368,26,118,0,8,fullownr_proxy,between transfer events; residency from 2026 fullownr proxy applied after first transfer; historical owner addresses not in sales extract
tmk,221008082,1996/05/29,1996/06/09,152,17.1053,77.6316,5.2632,8,5.2632,144,94.7368,26,118,0,8,fullownr_proxy,between transfer events; residency from 2026 fullownr proxy applied after first transfer; historical owner addresses not in sales extract
tmk,221008082,1996/06/10,1996/06/11,152,17.1053,77.6316,5.2632,8,5.2632,144,94.7368,26,118,0,8,fullownr_proxy,between transfer events; residency from 2026 fullownr proxy applied after first transfer; historical owner addresses not in sales extract
tmk,221008082,1996/06/12,1996/06/12,152,17.1053,77.6316,5.2632,8,5.2632,144,94.7368,26,118,0,8,fullownr_proxy,between transfer events; residency from 2026 fullownr proxy applied after first transfer; historical owner addresses not in sales extract
tmk,221008082,1996/06/13,1996/06/16,152,17.1053,77.6316,5.2632,8,5.2632,144,94.7368,26,118,0,8,fullownr_proxy,between transfer events; residency from 2026 fullownr proxy applied after first transfer; historical owner addresses not in sales extract
tmk,221008082,1996/06/17,1996/06/18,152,17.1053,77.6316,5.2632,8,5.2632,144,94.7368,26,118,0,8,fullownr_proxy,between transfer events; residency from 2026 fullownr proxy applied after first transfer; historical owner addresses not in sales extract
tmk,221008082,1996/06/19,1996/06/23,152,17.1053,77.6316,5.2632,8,5.2632,144,94.7368,26,118,0,8,fullownr_proxy,between transfer events; residency from 2026 fullownr proxy applied after first transfer; historical owner addresses not in sales extract
tmk,221008082,1996/06/24,1996/07/07,152,17.1053,77.6316,5.2632,8,5.2632,144,94.7368,26,118,0,8,fullownr_proxy,between transfer events; residency from 2026 fullownr proxy applied after first transfer; historical owner addresses not in sales extract
tmk,221008082,1996/07/08,1996/07/25,152,17.1053,77.6316,5.2632,8,5.2632,144,94.7368,26,118,0,8,fullownr_proxy,between transfer events; residency from 2026 fullownr proxy applied after first transfer; historical owner addresses not in sales extract
tmk,221008082,1996/07/26,1996/07/31,152,17.1053,77.6316,5.2632,8,5.2632,144,94.7368,26,118,0,8,fullownr_proxy,between transfer events; residency from 2026 fullownr proxy applied after first transfer; historical owner addresses not in sales extract
tmk,221008082,1996/08/01,1996/08/05,152,17.1053,77.6316,5.2632,8,5.2632,144,94.7368,26,118,0,8,fullownr_proxy,between transfer events; residency from 2026 fullownr proxy applied after first transfer; historical owner addresses not in sales extract
tmk,221008082,1996/08/06,1996/08/14,152,17.1053,77.6316,5.2632,8,5.2632,144,94.7368,26,118,0,8,fullownr_proxy,between transfer events; residency from 2026 fullownr proxy applied after first transfer; historical owner addresses not in sales extract
tmk,221008082,1996/08/15,1996/08/20,152,17.7632,77.6316,4.6053,7,4.6053,145,95.3947,27,118,0,7,fullownr_proxy,between transfer events; residency from 2026 fullownr proxy applied after first transfer; historical owner addresses not in sales extract
tmk,221008082,1996/08/21,1996/08/27,152,17.7632,78.2895,3.9474,6,3.9474,146,96.0526,27,119,0,6,fullownr_proxy,between transfer events; residency from 2026 fullownr proxy applied after first transfer; historical owner addresses not in sales extract
tmk,221008082,1996/08/28,1996/08/29,152,17.7632,78.2895,3.9474,6,3.9474,146,96.0526,27,119,0,6,fullownr_proxy,between transfer events; residency from 2026 fullownr proxy applied after first transfer; historical owner addresses not in sales extract
tmk,221008082,1996/08/30,1996/08/31,152,17.7632,78.2895,3.9474,6,3.9474,146,96.0526,27,119,0,6,fullownr_proxy,between transfer events; residency from 2026 fullownr proxy applied after first transfer; historical owner addresses not in sales extract
tmk,221008082,1996/09/01,1996/09/11,152,17.7632,78.2895,3.9474,6,3.9474,146,96.0526,27,119,0,6,fullownr_proxy,between transfer events; residency from 2026 fullownr proxy applied after first transfer; historical owner addresses not in sales extract
tmk,221008082,1996/09/12,1996/10/05,152,17.7632,78.2895,3.9474,6,3.9474,146,96.0526,27,119,0,6,fullownr_proxy,between transfer events; residency from 2026 fullownr proxy applied after first transfer; historical owner addresses not in sales extract
tmk,221008082,1996/10/06,1996/10/14,152,17.7632,78.2895,3.9474,6,3.9474,146,96.0526,27,119,0,6,fullownr_proxy,between transfer events; residency from 2026 fullownr proxy applied after first transfer; historical owner addresses not in sales extract
tmk,221008082,1996/10/15,1996/11/05,152,17.7632,78.2895,3.9474,6,3.9474,146,96.0526,27,119,0,6,fullownr_proxy,between transfer events; residency from 2026 fullownr proxy applied after first transfer; historical owner addresses not in sales extract
tmk,221008082,1996/11/06,1996/11/08,152,17.7632,78.2895,3.9474,6,3.9474,146,96.0526,27,119,0,6,fullownr_proxy,between transfer events; residency from 2026 fullownr proxy applied after first transfer; historical owner addresses not in sales extract
tmk,221008082,1996/11/09,1996/11/11,152,17.7632,78.2895,3.9474,6,3.9474,146,96.0526,27,119,0,6,fullownr_proxy,between transfer events; residency from 2026 fullownr proxy applied after first transfer; historical owner addresses not in sales extract
tmk,221008082,1996/11/12,1996/11/14,152,18.4211,78.2895,3.2895,5,3.2895,147,96.7105,28,119,0,5,fullownr_proxy,between transfer events; residency from 2026 fullownr proxy applied after first transfer; historical owner addresses not in sales extract
tmk,221008082,1996/11/15,1996/11/30,152,18.4211,78.2895,3.2895,5,3.2895,147,96.7105,28,119,0,5,fullownr_proxy,between transfer events; residency from 2026 fullownr proxy applied after first transfer; historical owner addresses not in sales extract
tmk,221008082,1996/12/01,1996/12/09,152,18.4211,78.2895,3.2895,5,3.2895,147,96.7105,28,119,0,5,fullownr_proxy,between transfer events; residency from 2026 fullownr proxy applied after first transfer; historical owner addresses not in sales extract
tmk,221008082,1996/12/10,1996/12/10,152,18.4211,78.2895,3.2895,5,3.2895,147,96.7105,28,119,0,5,fullownr_proxy,between transfer events; residency from 2026 fullownr proxy applied after first transfer; historical owner addresses not in sales extract
tmk,221008082,1996/12/11,1996/12/16,152,18.4211,78.2895,3.2895,5,3.2895,147,96.7105,28,119,0,5,fullownr_proxy,between transfer events; residency from 2026 fullownr proxy applied after first transfer; historical owner addresses not in sales extract
tmk,221008082,1996/12/17,1996/12/25,152,18.4211,78.2895,3.2895,5,3.2895,147,96.7105,28,119,0,5,fullownr_proxy,between transfer events; residency from 2026 fullownr proxy applied after first transfer; historical owner addresses not in sales extract
tmk,221008082,1996/12/26,1997/01/05,152,18.4211,78.9474,2.6316,4,2.6316,148,97.3684,28,120,0,4,fullownr_proxy,between transfer events; residency from 2026 fullownr proxy applied after first transfer; historical owner addresses not in sales extract
tmk,221008082,1997/01/06,1997/01/12,152,18.4211,78.9474,2.6316,4,2.6316,148,97.3684,28,120,0,4,fullownr_proxy,between transfer events; residency from 2026 fullownr proxy applied after first transfer; historical owner addresses not in sales extract
tmk,221008082,1997/01/13,1997/02/06,152,18.4211,78.9474,2.6316,4,2.6316,148,97.3684,28,120,0,4,fullownr_proxy,between transfer events; residency from 2026 fullownr proxy applied after first transfer; historical owner addresses not in sales extract
tmk,221008082,1997/02/07,1997/02/15,152,18.4211,78.9474,2.6316,4,2.6316,148,97.3684,28,120,0,4,fullownr_proxy,between transfer events; residency from 2026 fullownr proxy applied after first transfer; historical owner addresses not in sales extract
tmk,221008082,1997/02/16,1997/03/09,152,18.4211,78.9474,2.6316,4,2.6316,148,97.3684,28,120,0,4,fullownr_proxy,between transfer events; residency from 2026 fullownr proxy applied after first transfer; historical owner addresses not in sales extract
tmk,221008082,1997/03/10,1997/03/18,152,18.4211,78.9474,2.6316,4,2.6316,148,97.3684,28,120,0,4,fullownr_proxy,between transfer events; residency from 2026 fullownr proxy applied after first transfer; historical owner addresses not in sales extract
tmk,221008082,1997/03/19,1997/03/20,152,18.4211,78.9474,2.6316,4,2.6316,148,97.3684,28,120,0,4,fullownr_proxy,between transfer events; residency from 2026 fullownr proxy applied after first transfer; historical owner addresses not in sales extract
tmk,221008082,1997/03/21,1997/04/01,152,18.4211,79.6053,1.9737,3,1.9737,149,98.0263,28,121,0,3,fullownr_proxy,between transfer events; residency from 2026 fullownr proxy applied after first transfer; historical owner addresses not in sales extract
tmk,221008082,1997/04/02,1997/04/10,152,18.4211,80.2632,1.3158,2,1.3158,150,98.6842,28,122,0,2,fullownr_proxy,between transfer events; residency from 2026 fullownr proxy applied after first transfer; historical owner addresses not in sales extract
tmk,221008082,1997/04/11,1997/04/24,152,18.4211,80.2632,1.3158,2,1.3158,150,98.6842,28,122,0,2,fullownr_proxy,between transfer events; residency from 2026 fullownr proxy applied after first transfer; historical owner addresses not in sales extract
tmk,221008082,1997/04/25,1997/05/12,152,18.4211,80.2632,1.3158,2,1.3158,150,98.6842,28,122,0,2,fullownr_proxy,between transfer events; residency from 2026 fullownr proxy applied after first transfer; historical owner addresses not in sales extract
tmk,221008082,1997/05/13,1997/05/18,152,18.4211,80.2632,1.3158,2,1.3158,150,98.6842,28,122,0,2,fullownr_proxy,between transfer events; residency from 2026 fullownr proxy applied after first transfer; historical owner addresses not in sales extract
tmk,221008082,1997/05/19,1997/06/01,152,18.4211,80.2632,1.3158,2,1.3158,150,98.6842,28,122,0,2,fullownr_proxy,between transfer events; residency from 2026 fullownr proxy applied after first transfer; historical owner addresses not in sales extract
tmk,221008082,1997/06/02,1997/06/23,152,18.4211,80.2632,1.3158,2,1.3158,150,98.6842,28,122,0,2,fullownr_proxy,between transfer events; residency from 2026 fullownr proxy applied after first transfer; historical owner addresses not in sales extract
tmk,221008082,1997/06/24,1997/07/01,152,18.4211,80.2632,1.3158,2,1.3158,150,98.6842,28,122,0,2,fullownr_proxy,between transfer events; residency from 2026 fullownr proxy applied after first transfer; historical owner addresses not in sales extract
tmk,221008082,1997/07/02,1997/07/06,152,18.4211,80.2632,1.3158,2,1.3158,150,98.6842,28,122,0,2,fullownr_proxy,between transfer events; residency from 2026 fullownr proxy applied after first transfer; historical owner addresses not in sales extract
tmk,221008082,1997/07/07,1997/07/20,152,19.0789,80.2632,0.6579,1,0.6579,151,99.3421,29,122,0,1,fullownr_proxy,between transfer events; residency from 2026 fullownr proxy applied after first transfer; historical owner addresses not in sales extract
tmk,221008082,1997/07/21,1997/07/22,152,19.0789,80.2632,0.6579,1,0.6579,151,99.3421,29,122,0,1,fullownr_proxy,between transfer events; residency from 2026 fullownr proxy applied after first transfer; historical owner addresses not in sales extract
tmk,221008082,1997/07/23,1997/07/25,152,19.0789,80.2632,0.6579,1,0.6579,151,99.3421,29,122,0,1,fullownr_proxy,between transfer events; residency from 2026 fullownr proxy applied after first transfer; historical owner addresses not in sales extract
tmk,221008082,1997/07/26,1997/08/12,152,19.0789,80.2632,0.6579,1,0.6579,151,99.3421,29,122,0,1,fullownr_proxy,between transfer events; residency from 2026 fullownr proxy applied after first transfer; historical owner addresses not in sales extract
tmk,221008082,1997/08/13,1997/08/31,152,19.0789,80.2632,0.6579,1,0.6579,151,99.3421,29,122,0,1,fullownr_proxy,between transfer events; residency from 2026 fullownr proxy applied after first transfer; historical owner addresses not in sales extract
tmk,221008082,1997/09/01,1997/09/07,152,19.0789,80.2632,0.6579,1,0.6579,151,99.3421,29,122,0,1,fullownr_proxy,between transfer events; residency from 2026 fullownr proxy applied after first transfer; historical owner addresses not in sales extract
tmk,221008082,1997/09/08,1997/10/01,152,19.0789,80.2632,0.6579,1,0.6579,151,99.3421,29,122,0,1,fullownr_proxy,between transfer events; residency from 2026 fullownr proxy applied after first transfer; historical owner addresses not in sales extract
tmk,221008082,1997/10/02,1997/10/07,152,19.0789,80.2632,0.6579,1,0.6579,151,99.3421,29,122,0,1,fullownr_proxy,between transfer events; residency from 2026 fullownr proxy applied after first transfer; historical owner addresses not in sales extract
tmk,221008082,1997/10/08,1997/10/15,152,19.0789,80.9211,0.0000,0,0.0000,152,100.0000,29,123,0,0,fullownr_proxy,between transfer events; residency from 2026 fullownr proxy applied after first transfer; historical owner addresses not in sales extract
tmk,221008082,1997/10/16,1997/10/22,152,19.0789,80.9211,0.0000,0,0.0000,152,100.0000,29,123,0,0,fullownr_proxy,between transfer events; residency from 2026 fullownr proxy applied after first transfer; historical owner addresses not in sales extract
tmk,221008082,1997/10/23,1997/11/07,152,19.0789,80.9211,0.0000,0,0.0000,152,100.0000,29,123,0,0,fullownr_proxy,between transfer events; residency from 2026 fullownr proxy applied after first transfer; historical owner addresses not in sales extract
tmk,221008082,1997/11/08,1997/11/11,152,19.0789,80.9211,0.0000,0,0.0000,152,100.0000,29,123,0,0,fullownr_proxy,between transfer events; residency from 2026 fullownr proxy applied after first transfer; historical owner addresses not in sales extract
tmk,221008082,1997/11/12,1997/11/30,152,19.0789,80.9211,0.0000,0,0.0000,152,100.0000,29,123,0,0,fullownr_proxy,between transfer events; residency from 2026 fullownr proxy applied after first transfer; historical owner addresses not in sales extract
tmk,221008082,1997/12/01,1997/12/02,152,19.0789,80.9211,0.0000,0,0.0000,152,100.0000,29,123,0,0,fullownr_proxy,between transfer events; residency from 2026 fullownr proxy applied after first transfer; historical owner addresses not in sales extract
tmk,221008082,1997/12/03,1997/12/15,152,19.0789,80.9211,0.0000,0,0.0000,152,100.0000,29,123,0,0,fullownr_proxy,between transfer events; residency from 2026 fullownr proxy applied after first transfer; historical owner addresses not in sales extract
tmk,221008082,1997/12/16,1998/01/04,152,19.0789,80.9211,0.0000,0,0.0000,152,100.0000,29,123,0,0,fullownr_proxy,between transfer events; residency from 2026 fullownr proxy applied after first transfer; historical owner addresses not in sales extract
tmk,221008082,1998/01/05,1998/01/11,152,19.0789,80.9211,0.0000,0,0.0000,152,100.0000,29,123,0,0,fullownr_proxy,between transfer events; residency from 2026 fullownr proxy applied after first transfer; historical owner addresses not in sales extract
tmk,221008082,1998/01/12,1998/01/13,152,19.0789,80.9211,0.0000,0,0.0000,152,100.0000,29,123,0,0,fullownr_proxy,between transfer events; residency from 2026 fullownr proxy applied after first transfer; historical owner addresses not in sales extract
tmk,221008082,1998/01/14,1998/02/01,152,19.0789,80.9211,0.0000,0,0.0000,152,100.0000,29,123,0,0,fullownr_proxy,between transfer events; residency from 2026 fullownr proxy applied after first transfer; historical owner addresses not in sales extract
tmk,221008082,1998/02/02,1998/02/19,152,19.0789,80.9211,0.0000,0,0.0000,152,100.0000,29,123,0,0,fullownr_proxy,between transfer events; residency from 2026 fullownr proxy applied after first transfer; historical owner addresses not in sales extract
tmk,221008082,1998/02/20,1998/02/24,152,19.0789,80.9211,0.0000,0,0.0000,152,100.0000,29,123,0,0,fullownr_proxy,between transfer events; residency from 2026 fullownr proxy applied after first transfer; historical owner addresses not in sales extract
tmk,221008082,1998/02/25,1998/02/25,152,19.0789,80.9211,0.0000,0,0.0000,152,100.0000,29,123,0,0,fullownr_proxy,between transfer events; residency from 2026 fullownr proxy applied after first transfer; historical owner addresses not in sales extract
tmk,221008082,1998/02/26,1998/02/28,152,19.0789,80.9211,0.0000,0,0.0000,152,100.0000,29,123,0,0,fullownr_proxy,between transfer events; residency from 2026 fullownr proxy applied after first transfer; historical owner addresses not in sales extract
tmk,221008082,1998/03/01,1998/03/03,152,19.0789,80.9211,0.0000,0,0.0000,152,100.0000,29,123,0,0,fullownr_proxy,between transfer events; residency from 2026 fullownr proxy applied after first transfer; historical owner addresses not in sales extract
tmk,221008082,1998/03/04,1998/03/16,152,19.0789,80.9211,0.0000,0,0.0000,152,100.0000,29,123,0,0,fullownr_proxy,between transfer events; residency from 2026 fullownr proxy applied after first transfer; historical owner addresses not in sales extract
tmk,221008082,1998/03/17,1998/03/31,152,19.0789,80.9211,0.0000,0,0.0000,152,100.0000,29,123,0,0,fullownr_proxy,between transfer events; residency from 2026 fullownr proxy applied after first transfer; historical owner addresses not in sales extract
tmk,221008082,1998/04/01,1998/04/08,152,19.0789,80.9211,0.0000,0,0.0000,152,100.0000,29,123,0,0,fullownr_proxy,between transfer events; residency from 2026 fullownr proxy applied after first transfer; historical owner addresses not in sales extract
tmk,221008082,1998/04/09,1998/05/21,152,19.0789,80.9211,0.0000,0,0.0000,152,100.0000,29,123,0,0,fullownr_proxy,between transfer events; residency from 2026 fullownr proxy applied after first transfer; historical owner addresses not in sales extract
tmk,221008082,1998/05/22,1998/07/31,152,19.0789,80.9211,0.0000,0,0.0000,152,100.0000,29,123,0,0,fullownr_proxy,between transfer events; residency from 2026 fullownr proxy applied after first transfer; historical owner addresses not in sales extract
tmk,221008082,1998/08/01,1998/08/11,152,19.0789,80.9211,0.0000,0,0.0000,152,100.0000,29,123,0,0,fullownr_proxy,between transfer events; residency from 2026 fullownr proxy applied after first transfer; historical owner addresses not in sales extract
tmk,221008082,1998/08/12,1998/09/03,152,19.0789,80.9211,0.0000,0,0.0000,152,100.0000,29,123,0,0,fullownr_proxy,between transfer events; residency from 2026 fullownr proxy applied after first transfer; historical owner addresses not in sales extract
tmk,221008082,1998/09/04,1998/09/14,152,19.0789,80.9211,0.0000,0,0.0000,152,100.0000,29,123,0,0,fullownr_proxy,between transfer events; residency from 2026 fullownr proxy applied after first transfer; historical owner addresses not in sales extract
tmk,221008082,1998/09/15,1998/10/07,152,19.0789,80.9211,0.0000,0,0.0000,152,100.0000,29,123,0,0,fullownr_proxy,between transfer events; residency from 2026 fullownr proxy applied after first transfer; historical owner addresses not in sales extract
tmk,221008082,1998/10/08,1998/10/20,152,19.0789,80.9211,0.0000,0,0.0000,152,100.0000,29,123,0,0,fullownr_proxy,between transfer events; residency from 2026 fullownr proxy applied after first transfer; historical owner addresses not in sales extract
tmk,221008082,1998/10/21,1998/10/25,152,19.0789,80.9211,0.0000,0,0.0000,152,100.0000,29,123,0,0,fullownr_proxy,between transfer events; residency from 2026 fullownr proxy applied after first transfer; historical owner addresses not in sales extract
tmk,221008082,1998/10/26,1998/11/09,152,19.0789,80.9211,0.0000,0,0.0000,152,100.0000,29,123,0,0,fullownr_proxy,between transfer events; residency from 2026 fullownr proxy applied after first transfer; historical owner addresses not in sales extract
tmk,221008082,1998/11/10,1998/11/11,152,19.0789,80.9211,0.0000,0,0.0000,152,100.0000,29,123,0,0,fullownr_proxy,between transfer events; residency from 2026 fullownr proxy applied after first transfer; historical owner addresses not in sales extract
tmk,221008082,1998/11/12,1998/12/01,152,19.0789,80.9211,0.0000,0,0.0000,152,100.0000,29,123,0,0,fullownr_proxy,between transfer events; residency from 2026 fullownr proxy applied after first transfer; historical owner addresses not in sales extract
tmk,221008082,1998/12/02,1998/12/06,152,19.0789,80.9211,0.0000,0,0.0000,152,100.0000,29,123,0,0,fullownr_proxy,between transfer events; residency from 2026 fullownr proxy applied after first transfer; historical owner addresses not in sales extract
tmk,221008082,1998/12/07,1998/12/09,152,19.0789,80.9211,0.0000,0,0.0000,152,100.0000,29,123,0,0,fullownr_proxy,between transfer events; residency from 2026 fullownr proxy applied after first transfer; historical owner addresses not in sales extract
tmk,221008082,1998/12/10,1998/12/11,152,19.0789,80.9211,0.0000,0,0.0000,152,100.0000,29,123,0,0,fullownr_proxy,between transfer events; residency from 2026 fullownr proxy applied after first transfer; historical owner addresses not in sales extract
tmk,221008082,1998/12/12,1999/01/20,152,19.0789,80.9211,0.0000,0,0.0000,152,100.0000,29,123,0,0,fullownr_proxy,between transfer events; residency from 2026 fullownr proxy applied after first transfer; historical owner addresses not in sales extract
tmk,221008082,1999/01/21,1999/02/02,152,19.0789,80.9211,0.0000,0,0.0000,152,100.0000,29,123,0,0,fullownr_proxy,between transfer events; residency from 2026 fullownr proxy applied after first transfer; historical owner addresses not in sales extract
tmk,221008082,1999/02/03,1999/03/09,152,19.0789,80.9211,0.0000,0,0.0000,152,100.0000,29,123,0,0,fullownr_proxy,between transfer events; residency from 2026 fullownr proxy applied after first transfer; historical owner addresses not in sales extract
tmk,221008082,1999/03/10,1999/03/28,152,19.0789,80.9211,0.0000,0,0.0000,152,100.0000,29,123,0,0,fullownr_proxy,between transfer events; residency from 2026 fullownr proxy applied after first transfer; historical owner addresses not in sales extract
tmk,221008082,1999/03/29,1999/03/30,152,19.0789,80.9211,0.0000,0,0.0000,152,100.0000,29,123,0,0,fullownr_proxy,between transfer events; residency from 2026 fullownr proxy applied after first transfer; historical owner addresses not in sales extract
tmk,221008082,1999/03/31,1999/03/31,152,19.0789,80.9211,0.0000,0,0.0000,152,100.0000,29,123,0,0,fullownr_proxy,between transfer events; residency from 2026 fullownr proxy applied after first transfer; historical owner addresses not in sales extract
tmk,221008082,1999/04/01,1999/04/07,152,19.0789,80.9211,0.0000,0,0.0000,152,100.0000,29,123,0,0,fullownr_proxy,between transfer events; residency from 2026 fullownr proxy applied after first transfer; historical owner addresses not in sales extract
tmk,221008082,1999/04/08,1999/04/19,152,19.0789,80.9211,0.0000,0,0.0000,152,100.0000,29,123,0,0,fullownr_proxy,between transfer events; residency from 2026 fullownr proxy applied after first transfer; historical owner addresses not in sales extract
tmk,221008082,1999/04/20,1999/04/21,152,19.0789,80.9211,0.0000,0,0.0000,152,100.0000,29,123,0,0,fullownr_proxy,between transfer events; residency from 2026 fullownr proxy applied after first transfer; historical owner addresses not in sales extract
tmk,221008082,1999/04/22,1999/04/28,152,19.0789,80.9211,0.0000,0,0.0000,152,100.0000,29,123,0,0,fullownr_proxy,between transfer events; residency from 2026 fullownr proxy applied after first transfer; historical owner addresses not in sales extract
tmk,221008082,1999/04/29,1999/04/30,152,19.0789,80.9211,0.0000,0,0.0000,152,100.0000,29,123,0,0,fullownr_proxy,between transfer events; residency from 2026 fullownr proxy applied after first transfer; historical owner addresses not in sales extract
tmk,221008082,1999/05/01,1999/05/06,152,19.0789,80.9211,0.0000,0,0.0000,152,100.0000,29,123,0,0,fullownr_proxy,between transfer events; residency from 2026 fullownr proxy applied after first transfer; historical owner addresses not in sales extract
tmk,221008082,1999/05/07,1999/05/11,152,19.0789,80.9211,0.0000,0,0.0000,152,100.0000,29,123,0,0,fullownr_proxy,between transfer events; residency from 2026 fullownr proxy applied after first transfer; historical owner addresses not in sales extract
tmk,221008082,1999/05/12,1999/05/19,152,19.0789,80.9211,0.0000,0,0.0000,152,100.0000,29,123,0,0,fullownr_proxy,between transfer events; residency from 2026 fullownr proxy applied after first transfer; historical owner addresses not in sales extract
tmk,221008082,1999/05/20,1999/05/31,152,19.0789,80.9211,0.0000,0,0.0000,152,100.0000,29,123,0,0,fullownr_proxy,between transfer events; residency from 2026 fullownr proxy applied after first transfer; historical owner addresses not in sales extract
tmk,221008082,1999/06/01,1999/06/20,152,19.0789,80.9211,0.0000,0,0.0000,152,100.0000,29,123,0,0,fullownr_proxy,between transfer events; residency from 2026 fullownr proxy applied after first transfer; historical owner addresses not in sales extract
tmk,221008082,1999/06/21,1999/06/23,152,19.0789,80.9211,0.0000,0,0.0000,152,100.0000,29,123,0,0,fullownr_proxy,between transfer events; residency from 2026 fullownr proxy applied after first transfer; historical owner addresses not in sales extract
tmk,221008082,1999/06/24,1999/06/30,152,19.0789,80.9211,0.0000,0,0.0000,152,100.0000,29,123,0,0,fullownr_proxy,between transfer events; residency from 2026 fullownr proxy applied after first transfer; historical owner addresses not in sales extract
tmk,221008082,1999/07/01,1999/07/07,152,19.0789,80.9211,0.0000,0,0.0000,152,100.0000,29,123,0,0,fullownr_proxy,between transfer events; residency from 2026 fullownr proxy applied after first transfer; historical owner addresses not in sales extract
tmk,221008082,1999/07/08,1999/07/14,152,19.0789,80.9211,0.0000,0,0.0000,152,100.0000,29,123,0,0,fullownr_proxy,between transfer events; residency from 2026 fullownr proxy applied after first transfer; historical owner addresses not in sales extract
tmk,221008082,1999/07/15,1999/07/26,152,19.0789,80.9211,0.0000,0,0.0000,152,100.0000,29,123,0,0,fullownr_proxy,between transfer events; residency from 2026 fullownr proxy applied after first transfer; historical owner addresses not in sales extract
tmk,221008082,1999/07/27,1999/07/29,152,19.0789,80.9211,0.0000,0,0.0000,152,100.0000,29,123,0,0,fullownr_proxy,between transfer events; residency from 2026 fullownr proxy applied after first transfer; historical owner addresses not in sales extract
tmk,221008082,1999/07/30,1999/08/01,152,19.0789,80.9211,0.0000,0,0.0000,152,100.0000,29,123,0,0,fullownr_proxy,between transfer events; residency from 2026 fullownr proxy applied after first transfer; historical owner addresses not in sales extract
tmk,221008082,1999/08/02,1999/08/05,152,19.0789,80.9211,0.0000,0,0.0000,152,100.0000,29,123,0,0,fullownr_proxy,between transfer events; residency from 2026 fullownr proxy applied after first transfer; historical owner addresses not in sales extract
tmk,221008082,1999/08/06,1999/08/11,152,19.0789,80.9211,0.0000,0,0.0000,152,100.0000,29,123,0,0,fullownr_proxy,between transfer events; residency from 2026 fullownr proxy applied after first transfer; historical owner addresses not in sales extract
tmk,221008082,1999/08/12,1999/08/12,152,19.0789,80.9211,0.0000,0,0.0000,152,100.0000,29,123,0,0,fullownr_proxy,between transfer events; residency from 2026 fullownr proxy applied after first transfer; historical owner addresses not in sales extract
tmk,221008082,1999/08/13,1999/08/13,152,19.0789,80.9211,0.0000,0,0.0000,152,100.0000,29,123,0,0,fullownr_proxy,between transfer events; residency from 2026 fullownr proxy applied after first transfer; historical owner addresses not in sales extract
tmk,221008082,1999/08/14,1999/08/31,152,19.0789,80.9211,0.0000,0,0.0000,152,100.0000,29,123,0,0,fullownr_proxy,between transfer events; residency from 2026 fullownr proxy applied after first transfer; historical owner addresses not in sales extract
tmk,221008082,1999/09/01,1999/09/07,152,19.0789,80.9211,0.0000,0,0.0000,152,100.0000,29,123,0,0,fullownr_proxy,between transfer events; residency from 2026 fullownr proxy applied after first transfer; historical owner addresses not in sales extract
tmk,221008082,1999/09/08,1999/09/08,152,19.0789,80.9211,0.0000,0,0.0000,152,100.0000,29,123,0,0,fullownr_proxy,between transfer events; residency from 2026 fullownr proxy applied after first transfer; historical owner addresses not in sales extract
tmk,221008082,1999/09/09,1999/09/21,152,19.0789,80.9211,0.0000,0,0.0000,152,100.0000,29,123,0,0,fullownr_proxy,between transfer events; residency from 2026 fullownr proxy applied after first transfer; historical owner addresses not in sales extract
tmk,221008082,1999/09/22,1999/10/05,152,19.0789,80.9211,0.0000,0,0.0000,152,100.0000,29,123,0,0,fullownr_proxy,between transfer events; residency from 2026 fullownr proxy applied after first transfer; historical owner addresses not in sales extract
tmk,221008082,1999/10/06,1999/10/31,152,19.0789,80.9211,0.0000,0,0.0000,152,100.0000,29,123,0,0,fullownr_proxy,between transfer events; residency from 2026 fullownr proxy applied after first transfer; historical owner addresses not in sales extract
tmk,221008082,1999/11/01,1999/11/04,152,19.0789,80.9211,0.0000,0,0.0000,152,100.0000,29,123,0,0,fullownr_proxy,between transfer events; residency from 2026 fullownr proxy applied after first transfer; historical owner addresses not in sales extract
tmk,221008082,1999/11/05,1999/11/23,152,19.0789,80.9211,0.0000,0,0.0000,152,100.0000,29,123,0,0,fullownr_proxy,between transfer events; residency from 2026 fullownr proxy applied after first transfer; historical owner addresses not in sales extract
tmk,221008082,1999/11/24,1999/11/30,152,19.0789,80.9211,0.0000,0,0.0000,152,100.0000,29,123,0,0,fullownr_proxy,between transfer events; residency from 2026 fullownr proxy applied after first transfer; historical owner addresses not in sales extract
tmk,221008082,1999/12/01,1999/12/08,152,19.0789,80.9211,0.0000,0,0.0000,152,100.0000,29,123,0,0,fullownr_proxy,between transfer events; residency from 2026 fullownr proxy applied after first transfer; historical owner addresses not in sales extract
tmk,221008082,1999/12/09,1999/12/09,152,19.0789,80.9211,0.0000,0,0.0000,152,100.0000,29,123,0,0,fullownr_proxy,between transfer events; residency from 2026 fullownr proxy applied after first transfer; historical owner addresses not in sales extract
tmk,221008082,1999/12/10,1999/12/12,152,19.0789,80.9211,0.0000,0,0.0000,152,100.0000,29,123,0,0,fullownr_proxy,between transfer events; residency from 2026 fullownr proxy applied after first transfer; historical owner addresses not in sales extract
tmk,221008082,1999/12/13,1999/12/15,152,19.0789,80.9211,0.0000,0,0.0000,152,100.0000,29,123,0,0,fullownr_proxy,between transfer events; residency from 2026 fullownr proxy applied after first transfer; historical owner addresses not in sales extract
tmk,221008082,1999/12/16,1999/12/16,152,19.0789,80.9211,0.0000,0,0.0000,152,100.0000,29,123,0,0,fullownr_proxy,between transfer events; residency from 2026 fullownr proxy applied after first transfer; historical owner addresses not in sales extract
tmk,221008082,1999/12/17,1999/12/22,152,19.0789,80.9211,0.0000,0,0.0000,152,100.0000,29,123,0,0,fullownr_proxy,between transfer events; residency from 2026 fullownr proxy applied after first transfer; historical owner addresses not in sales extract
tmk,221008082,1999/12/23,1999/12/31,152,19.0789,80.9211,0.0000,0,0.0000,152,100.0000,29,123,0,0,fullownr_proxy,between transfer events; residency from 2026 fullownr proxy applied after first transfer; historical owner addresses not in sales extract
tmk,221008082,2000/01/01,2000/01/23,152,19.0789,80.9211,0.0000,0,0.0000,152,100.0000,29,123,0,0,fullownr_proxy,between transfer events; residency from 2026 fullownr proxy applied after first transfer; historical owner addresses not in sales extract
tmk,221008082,2000/01/24,2000/01/26,152,19.0789,80.9211,0.0000,0,0.0000,152,100.0000,29,123,0,0,fullownr_proxy,between transfer events; residency from 2026 fullownr proxy applied after first transfer; historical owner addresses not in sales extract
tmk,221008082,2000/01/27,2000/01/31,152,19.0789,80.9211,0.0000,0,0.0000,152,100.0000,29,123,0,0,fullownr_proxy,between transfer events; residency from 2026 fullownr proxy applied after first transfer; historical owner addresses not in sales extract
tmk,221008082,2000/02/01,2000/02/09,152,19.0789,80.9211,0.0000,0,0.0000,152,100.0000,29,123,0,0,fullownr_proxy,between transfer events; residency from 2026 fullownr proxy applied after first transfer; historical owner addresses not in sales extract
tmk,221008082,2000/02/10,2000/02/14,152,19.0789,80.9211,0.0000,0,0.0000,152,100.0000,29,123,0,0,fullownr_proxy,between transfer events; residency from 2026 fullownr proxy applied after first transfer; historical owner addresses not in sales extract
tmk,221008082,2000/02/15,2000/02/23,152,19.0789,80.9211,0.0000,0,0.0000,152,100.0000,29,123,0,0,fullownr_proxy,between transfer events; residency from 2026 fullownr proxy applied after first transfer; historical owner addresses not in sales extract
tmk,221008082,2000/02/24,2000/02/29,152,19.0789,80.9211,0.0000,0,0.0000,152,100.0000,29,123,0,0,fullownr_proxy,between transfer events; residency from 2026 fullownr proxy applied after first transfer; historical owner addresses not in sales extract
tmk,221008082,2000/03/01,2000/03/23,152,19.0789,80.9211,0.0000,0,0.0000,152,100.0000,29,123,0,0,fullownr_proxy,between transfer events; residency from 2026 fullownr proxy applied after first transfer; historical owner addresses not in sales extract
tmk,221008082,2000/03/24,2000/03/27,152,19.0789,80.9211,0.0000,0,0.0000,152,100.0000,29,123,0,0,fullownr_proxy,between transfer events; residency from 2026 fullownr proxy applied after first transfer; historical owner addresses not in sales extract
tmk,221008082,2000/03/28,2000/03/31,152,19.0789,80.9211,0.0000,0,0.0000,152,100.0000,29,123,0,0,fullownr_proxy,between transfer events; residency from 2026 fullownr proxy applied after first transfer; historical owner addresses not in sales extract
tmk,221008082,2000/04/01,2000/04/02,152,19.0789,80.9211,0.0000,0,0.0000,152,100.0000,29,123,0,0,fullownr_proxy,between transfer events; residency from 2026 fullownr proxy applied after first transfer; historical owner addresses not in sales extract
tmk,221008082,2000/04/03,2000/05/27,152,19.0789,80.9211,0.0000,0,0.0000,152,100.0000,29,123,0,0,fullownr_proxy,between transfer events; residency from 2026 fullownr proxy applied after first transfer; historical owner addresses not in sales extract
tmk,221008082,2000/05/28,2000/07/17,152,19.0789,80.9211,0.0000,0,0.0000,152,100.0000,29,123,0,0,fullownr_proxy,between transfer events; residency from 2026 fullownr proxy applied after first transfer; historical owner addresses not in sales extract
tmk,221008082,2000/07/18,2000/08/24,152,19.0789,80.9211,0.0000,0,0.0000,152,100.0000,29,123,0,0,fullownr_proxy,between transfer events; residency from 2026 fullownr proxy applied after first transfer; historical owner addresses not in sales extract
tmk,221008082,2000/08/25,2000/08/28,152,19.0789,80.9211,0.0000,0,0.0000,152,100.0000,29,123,0,0,fullownr_proxy,between transfer events; residency from 2026 fullownr proxy applied after first transfer; historical owner addresses not in sales extract
tmk,221008082,2000/08/29,2000/09/24,152,19.0789,80.9211,0.0000,0,0.0000,152,100.0000,29,123,0,0,fullownr_proxy,between transfer events; residency from 2026 fullownr proxy applied after first transfer; historical owner addresses not in sales extract
tmk,221008082,2000/09/25,2000/10/11,152,19.0789,80.9211,0.0000,0,0.0000,152,100.0000,29,123,0,0,fullownr_proxy,between transfer events; residency from 2026 fullownr proxy applied after first transfer; historical owner addresses not in sales extract
tmk,221008082,2000/10/12,2000/11/14,152,19.0789,80.9211,0.0000,0,0.0000,152,100.0000,29,123,0,0,fullownr_proxy,between transfer events; residency from 2026 fullownr proxy applied after first transfer; historical owner addresses not in sales extract
tmk,221008082,2000/11/15,2000/12/03,152,19.0789,80.9211,0.0000,0,0.0000,152,100.0000,29,123,0,0,fullownr_proxy,between transfer events; residency from 2026 fullownr proxy applied after first transfer; historical owner addresses not in sales extract
tmk,221008082,2000/12/04,2000/12/04,152,19.0789,80.9211,0.0000,0,0.0000,152,100.0000,29,123,0,0,fullownr_proxy,between transfer events; residency from 2026 fullownr proxy applied after first transfer; historical owner addresses not in sales extract
tmk,221008082,2000/12/05,2001/01/07,152,19.0789,80.9211,0.0000,0,0.0000,152,100.0000,29,123,0,0,fullownr_proxy,between transfer events; residency from 2026 fullownr proxy applied after first transfer; historical owner addresses not in sales extract
tmk,221008082,2001/01/08,2001/01/15,152,19.0789,80.9211,0.0000,0,0.0000,152,100.0000,29,123,0,0,fullownr_proxy,between transfer events; residency from 2026 fullownr proxy applied after first transfer; historical owner addresses not in sales extract
tmk,221008082,2001/01/16,2001/02/06,152,19.0789,80.9211,0.0000,0,0.0000,152,100.0000,29,123,0,0,fullownr_proxy,between transfer events; residency from 2026 fullownr proxy applied after first transfer; historical owner addresses not in sales extract
tmk,221008082,2001/02/07,2001/02/15,152,19.0789,80.9211,0.0000,0,0.0000,152,100.0000,29,123,0,0,fullownr_proxy,between transfer events; residency from 2026 fullownr proxy applied after first transfer; historical owner addresses not in sales extract
tmk,221008082,2001/02/16,2001/02/22,152,19.0789,80.9211,0.0000,0,0.0000,152,100.0000,29,123,0,0,fullownr_proxy,between transfer events; residency from 2026 fullownr proxy applied after first transfer; historical owner addresses not in sales extract
tmk,221008082,2001/02/23,2001/03/11,152,19.0789,80.9211,0.0000,0,0.0000,152,100.0000,29,123,0,0,fullownr_proxy,between transfer events; residency from 2026 fullownr proxy applied after first transfer; historical owner addresses not in sales extract
tmk,221008082,2001/03/12,2001/03/20,152,19.0789,80.9211,0.0000,0,0.0000,152,100.0000,29,123,0,0,fullownr_proxy,between transfer events; residency from 2026 fullownr proxy applied after first transfer; historical owner addresses not in sales extract
tmk,221008082,2001/03/21,2001/04/18,152,19.0789,80.9211,0.0000,0,0.0000,152,100.0000,29,123,0,0,fullownr_proxy,between transfer events; residency from 2026 fullownr proxy applied after first transfer; historical owner addresses not in sales extract
tmk,221008082,2001/04/19,2001/04/19,152,19.0789,80.9211,0.0000,0,0.0000,152,100.0000,29,123,0,0,fullownr_proxy,between transfer events; residency from 2026 fullownr proxy applied after first transfer; historical owner addresses not in sales extract
tmk,221008082,2001/04/20,2001/06/18,152,19.0789,80.9211,0.0000,0,0.0000,152,100.0000,29,123,0,0,fullownr_proxy,between transfer events; residency from 2026 fullownr proxy applied after first transfer; historical owner addresses not in sales extract
tmk,221008082,2001/06/19,2001/07/26,152,19.0789,80.9211,0.0000,0,0.0000,152,100.0000,29,123,0,0,fullownr_proxy,between transfer events; residency from 2026 fullownr proxy applied after first transfer; historical owner addresses not in sales extract
tmk,221008082,2001/07/27,2001/08/04,152,19.0789,80.9211,0.0000,0,0.0000,152,100.0000,29,123,0,0,fullownr_proxy,between transfer events; residency from 2026 fullownr proxy applied after first transfer; historical owner addresses not in sales extract
tmk,221008082,2001/08/05,2001/08/15,152,19.0789,80.9211,0.0000,0,0.0000,152,100.0000,29,123,0,0,fullownr_proxy,between transfer events; residency from 2026 fullownr proxy applied after first transfer; historical owner addresses not in sales extract
tmk,221008082,2001/08/16,2001/08/29,152,19.0789,80.9211,0.0000,0,0.0000,152,100.0000,29,123,0,0,fullownr_proxy,between transfer events; residency from 2026 fullownr proxy applied after first transfer; historical owner addresses not in sales extract
tmk,221008082,2001/08/30,2001/09/06,152,19.0789,80.9211,0.0000,0,0.0000,152,100.0000,29,123,0,0,fullownr_proxy,between transfer events; residency from 2026 fullownr proxy applied after first transfer; historical owner addresses not in sales extract
tmk,221008082,2001/09/07,2001/09/19,152,19.0789,80.9211,0.0000,0,0.0000,152,100.0000,29,123,0,0,fullownr_proxy,between transfer events; residency from 2026 fullownr proxy applied after first transfer; historical owner addresses not in sales extract
tmk,221008082,2001/09/20,2001/10/08,152,19.0789,80.9211,0.0000,0,0.0000,152,100.0000,29,123,0,0,fullownr_proxy,between transfer events; residency from 2026 fullownr proxy applied after first transfer; historical owner addresses not in sales extract
tmk,221008082,2001/10/09,2001/10/09,152,19.0789,80.9211,0.0000,0,0.0000,152,100.0000,29,123,0,0,fullownr_proxy,between transfer events; residency from 2026 fullownr proxy applied after first transfer; historical owner addresses not in sales extract
tmk,221008082,2001/10/10,2001/10/16,152,19.0789,80.9211,0.0000,0,0.0000,152,100.0000,29,123,0,0,fullownr_proxy,between transfer events; residency from 2026 fullownr proxy applied after first transfer; historical owner addresses not in sales extract
tmk,221008082,2001/10/17,2001/10/28,152,19.0789,80.9211,0.0000,0,0.0000,152,100.0000,29,123,0,0,fullownr_proxy,between transfer events; residency from 2026 fullownr proxy applied after first transfer; historical owner addresses not in sales extract
tmk,221008082,2001/10/29,2001/11/04,152,19.0789,80.9211,0.0000,0,0.0000,152,100.0000,29,123,0,0,fullownr_proxy,between transfer events; residency from 2026 fullownr proxy applied after first transfer; historical owner addresses not in sales extract
tmk,221008082,2001/11/05,2001/11/26,152,19.0789,80.9211,0.0000,0,0.0000,152,100.0000,29,123,0,0,fullownr_proxy,between transfer events; residency from 2026 fullownr proxy applied after first transfer; historical owner addresses not in sales extract
tmk,221008082,2001/11/27,2001/12/13,152,19.0789,80.9211,0.0000,0,0.0000,152,100.0000,29,123,0,0,fullownr_proxy,between transfer events; residency from 2026 fullownr proxy applied after first transfer; historical owner addresses not in sales extract
tmk,221008082,2001/12/14,2002/01/10,152,19.0789,80.9211,0.0000,0,0.0000,152,100.0000,29,123,0,0,fullownr_proxy,between transfer events; residency from 2026 fullownr proxy applied after first transfer; historical owner addresses not in sales extract
tmk,221008082,2002/01/11,2002/02/28,152,19.0789,80.9211,0.0000,0,0.0000,152,100.0000,29,123,0,0,fullownr_proxy,between transfer events; residency from 2026 fullownr proxy applied after first transfer; historical owner addresses not in sales extract
tmk,221008082,2002/03/01,2002/03/10,152,19.0789,80.9211,0.0000,0,0.0000,152,100.0000,29,123,0,0,fullownr_proxy,between transfer events; residency from 2026 fullownr proxy applied after first transfer; historical owner addresses not in sales extract
tmk,221008082,2002/03/11,2002/04/09,152,19.0789,80.9211,0.0000,0,0.0000,152,100.0000,29,123,0,0,fullownr_proxy,between transfer events; residency from 2026 fullownr proxy applied after first transfer; historical owner addresses not in sales extract
tmk,221008082,2002/04/10,2002/04/16,152,19.0789,80.9211,0.0000,0,0.0000,152,100.0000,29,123,0,0,fullownr_proxy,between transfer events; residency from 2026 fullownr proxy applied after first transfer; historical owner addresses not in sales extract
tmk,221008082,2002/04/17,2002/04/21,152,19.0789,80.9211,0.0000,0,0.0000,152,100.0000,29,123,0,0,fullownr_proxy,between transfer events; residency from 2026 fullownr proxy applied after first transfer; historical owner addresses not in sales extract
tmk,221008082,2002/04/22,2002/04/25,152,19.0789,80.9211,0.0000,0,0.0000,152,100.0000,29,123,0,0,fullownr_proxy,between transfer events; residency from 2026 fullownr proxy applied after first transfer; historical owner addresses not in sales extract
tmk,221008082,2002/04/26,2002/05/05,152,19.0789,80.9211,0.0000,0,0.0000,152,100.0000,29,123,0,0,fullownr_proxy,between transfer events; residency from 2026 fullownr proxy applied after first transfer; historical owner addresses not in sales extract
tmk,221008082,2002/05/06,2002/05/06,152,19.0789,80.9211,0.0000,0,0.0000,152,100.0000,29,123,0,0,fullownr_proxy,between transfer events; residency from 2026 fullownr proxy applied after first transfer; historical owner addresses not in sales extract
tmk,221008082,2002/05/07,2002/06/02,152,19.0789,80.9211,0.0000,0,0.0000,152,100.0000,29,123,0,0,fullownr_proxy,between transfer events; residency from 2026 fullownr proxy applied after first transfer; historical owner addresses not in sales extract
tmk,221008082,2002/06/03,2002/06/17,152,19.0789,80.9211,0.0000,0,0.0000,152,100.0000,29,123,0,0,fullownr_proxy,between transfer events; residency from 2026 fullownr proxy applied after first transfer; historical owner addresses not in sales extract
tmk,221008082,2002/06/18,2002/06/18,152,19.0789,80.9211,0.0000,0,0.0000,152,100.0000,29,123,0,0,fullownr_proxy,between transfer events; residency from 2026 fullownr proxy applied after first transfer; historical owner addresses not in sales extract
tmk,221008082,2002/06/19,2002/06/23,152,19.0789,80.9211,0.0000,0,0.0000,152,100.0000,29,123,0,0,fullownr_proxy,between transfer events; residency from 2026 fullownr proxy applied after first transfer; historical owner addresses not in sales extract
tmk,221008082,2002/06/24,2002/06/27,152,19.0789,80.9211,0.0000,0,0.0000,152,100.0000,29,123,0,0,fullownr_proxy,between transfer events; residency from 2026 fullownr proxy applied after first transfer; historical owner addresses not in sales extract
tmk,221008082,2002/06/28,2002/07/02,152,19.0789,80.9211,0.0000,0,0.0000,152,100.0000,29,123,0,0,fullownr_proxy,between transfer events; residency from 2026 fullownr proxy applied after first transfer; historical owner addresses not in sales extract
tmk,221008082,2002/07/03,2002/07/16,152,19.0789,80.9211,0.0000,0,0.0000,152,100.0000,29,123,0,0,fullownr_proxy,between transfer events; residency from 2026 fullownr proxy applied after first transfer; historical owner addresses not in sales extract
tmk,221008082,2002/07/17,2002/09/09,152,19.0789,80.9211,0.0000,0,0.0000,152,100.0000,29,123,0,0,fullownr_proxy,between transfer events; residency from 2026 fullownr proxy applied after first transfer; historical owner addresses not in sales extract
tmk,221008082,2002/09/10,2002/09/25,152,19.0789,80.9211,0.0000,0,0.0000,152,100.0000,29,123,0,0,fullownr_proxy,between transfer events; residency from 2026 fullownr proxy applied after first transfer; historical owner addresses not in sales extract
tmk,221008082,2002/09/26,2002/10/02,152,19.0789,80.9211,0.0000,0,0.0000,152,100.0000,29,123,0,0,fullownr_proxy,between transfer events; residency from 2026 fullownr proxy applied after first transfer; historical owner addresses not in sales extract
tmk,221008082,2002/10/03,2002/10/06,152,19.0789,80.9211,0.0000,0,0.0000,152,100.0000,29,123,0,0,fullownr_proxy,between transfer events; residency from 2026 fullownr proxy applied after first transfer; historical owner addresses not in sales extract
tmk,221008082,2002/10/07,2002/10/20,152,19.0789,80.9211,0.0000,0,0.0000,152,100.0000,29,123,0,0,fullownr_proxy,between transfer events; residency from 2026 fullownr proxy applied after first transfer; historical owner addresses not in sales extract
tmk,221008082,2002/10/21,2002/10/24,152,19.0789,80.9211,0.0000,0,0.0000,152,100.0000,29,123,0,0,fullownr_proxy,between transfer events; residency from 2026 fullownr proxy applied after first transfer; historical owner addresses not in sales extract
tmk,221008082,2002/10/25,2002/11/11,152,19.0789,80.9211,0.0000,0,0.0000,152,100.0000,29,123,0,0,fullownr_proxy,between transfer events; residency from 2026 fullownr proxy applied after first transfer; historical owner addresses not in sales extract
tmk,221008082,2002/11/12,2002/11/12,152,19.0789,80.9211,0.0000,0,0.0000,152,100.0000,29,123,0,0,fullownr_proxy,between transfer events; residency from 2026 fullownr proxy applied after first transfer; historical owner addresses not in sales extract
tmk,221008082,2002/11/13,2002/12/03,152,19.0789,80.9211,0.0000,0,0.0000,152,100.0000,29,123,0,0,fullownr_proxy,between transfer events; residency from 2026 fullownr proxy applied after first transfer; historical owner addresses not in sales extract
tmk,221008082,2002/12/04,2002/12/04,152,19.0789,80.9211,0.0000,0,0.0000,152,100.0000,29,123,0,0,fullownr_proxy,between transfer events; residency from 2026 fullownr proxy applied after first transfer; historical owner addresses not in sales extract
tmk,221008082,2002/12/05,2002/12/05,152,19.0789,80.9211,0.0000,0,0.0000,152,100.0000,29,123,0,0,fullownr_proxy,between transfer events; residency from 2026 fullownr proxy applied after first transfer; historical owner addresses not in sales extract
tmk,221008082,2002/12/06,2002/12/06,152,19.0789,80.9211,0.0000,0,0.0000,152,100.0000,29,123,0,0,fullownr_proxy,between transfer events; residency from 2026 fullownr proxy applied after first transfer; historical owner addresses not in sales extract
tmk,221008082,2002/12/07,2002/12/19,152,19.0789,80.9211,0.0000,0,0.0000,152,100.0000,29,123,0,0,fullownr_proxy,between transfer events; residency from 2026 fullownr proxy applied after first transfer; historical owner addresses not in sales extract
tmk,221008082,2002/12/20,2002/12/29,152,19.0789,80.9211,0.0000,0,0.0000,152,100.0000,29,123,0,0,fullownr_proxy,between transfer events; residency from 2026 fullownr proxy applied after first transfer; historical owner addresses not in sales extract
tmk,221008082,2002/12/30,2003/01/05,152,19.0789,80.9211,0.0000,0,0.0000,152,100.0000,29,123,0,0,fullownr_proxy,between transfer events; residency from 2026 fullownr proxy applied after first transfer; historical owner addresses not in sales extract
tmk,221008082,2003/01/06,2003/01/07,152,19.0789,80.9211,0.0000,0,0.0000,152,100.0000,29,123,0,0,fullownr_proxy,between transfer events; residency from 2026 fullownr proxy applied after first transfer; historical owner addresses not in sales extract
tmk,221008082,2003/01/08,2003/02/05,152,19.0789,80.9211,0.0000,0,0.0000,152,100.0000,29,123,0,0,fullownr_proxy,between transfer events; residency from 2026 fullownr proxy applied after first transfer; historical owner addresses not in sales extract
tmk,221008082,2003/02/06,2003/02/18,152,19.0789,80.9211,0.0000,0,0.0000,152,100.0000,29,123,0,0,fullownr_proxy,between transfer events; residency from 2026 fullownr proxy applied after first transfer; historical owner addresses not in sales extract
tmk,221008082,2003/02/19,2003/02/20,152,19.0789,80.9211,0.0000,0,0.0000,152,100.0000,29,123,0,0,fullownr_proxy,between transfer events; residency from 2026 fullownr proxy applied after first transfer; historical owner addresses not in sales extract
tmk,221008082,2003/02/21,2003/03/02,152,19.0789,80.9211,0.0000,0,0.0000,152,100.0000,29,123,0,0,fullownr_proxy,between transfer events; residency from 2026 fullownr proxy applied after first transfer; historical owner addresses not in sales extract
tmk,221008082,2003/03/03,2003/03/07,152,19.0789,80.9211,0.0000,0,0.0000,152,100.0000,29,123,0,0,fullownr_proxy,between transfer events; residency from 2026 fullownr proxy applied after first transfer; historical owner addresses not in sales extract
tmk,221008082,2003/03/08,2003/03/13,152,19.0789,80.9211,0.0000,0,0.0000,152,100.0000,29,123,0,0,fullownr_proxy,between transfer events; residency from 2026 fullownr proxy applied after first transfer; historical owner addresses not in sales extract
tmk,221008082,2003/03/14,2003/03/19,152,19.0789,80.9211,0.0000,0,0.0000,152,100.0000,29,123,0,0,fullownr_proxy,between transfer events; residency from 2026 fullownr proxy applied after first transfer; historical owner addresses not in sales extract
tmk,221008082,2003/03/20,2003/03/24,152,19.0789,80.9211,0.0000,0,0.0000,152,100.0000,29,123,0,0,fullownr_proxy,between transfer events; residency from 2026 fullownr proxy applied after first transfer; historical owner addresses not in sales extract
tmk,221008082,2003/03/25,2003/03/25,152,19.0789,80.9211,0.0000,0,0.0000,152,100.0000,29,123,0,0,fullownr_proxy,between transfer events; residency from 2026 fullownr proxy applied after first transfer; historical owner addresses not in sales extract
tmk,221008082,2003/03/26,2003/03/31,152,19.0789,80.9211,0.0000,0,0.0000,152,100.0000,29,123,0,0,fullownr_proxy,between transfer events; residency from 2026 fullownr proxy applied after first transfer; historical owner addresses not in sales extract
tmk,221008082,2003/04/01,2003/04/17,152,19.0789,80.9211,0.0000,0,0.0000,152,100.0000,29,123,0,0,fullownr_proxy,between transfer events; residency from 2026 fullownr proxy applied after first transfer; historical owner addresses not in sales extract
tmk,221008082,2003/04/18,2003/04/21,152,19.0789,80.9211,0.0000,0,0.0000,152,100.0000,29,123,0,0,fullownr_proxy,between transfer events; residency from 2026 fullownr proxy applied after first transfer; historical owner addresses not in sales extract
tmk,221008082,2003/04/22,2003/04/28,152,19.0789,80.9211,0.0000,0,0.0000,152,100.0000,29,123,0,0,fullownr_proxy,between transfer events; residency from 2026 fullownr proxy applied after first transfer; historical owner addresses not in sales extract
tmk,221008082,2003/04/29,2003/05/07,152,19.0789,80.9211,0.0000,0,0.0000,152,100.0000,29,123,0,0,fullownr_proxy,between transfer events; residency from 2026 fullownr proxy applied after first transfer; historical owner addresses not in sales extract
tmk,221008082,2003/05/08,2003/05/13,152,19.0789,80.9211,0.0000,0,0.0000,152,100.0000,29,123,0,0,fullownr_proxy,between transfer events; residency from 2026 fullownr proxy applied after first transfer; historical owner addresses not in sales extract
tmk,221008082,2003/05/14,2003/05/14,152,19.0789,80.9211,0.0000,0,0.0000,152,100.0000,29,123,0,0,fullownr_proxy,between transfer events; residency from 2026 fullownr proxy applied after first transfer; historical owner addresses not in sales extract
tmk,221008082,2003/05/15,2003/06/04,152,19.0789,80.9211,0.0000,0,0.0000,152,100.0000,29,123,0,0,fullownr_proxy,between transfer events; residency from 2026 fullownr proxy applied after first transfer; historical owner addresses not in sales extract
tmk,221008082,2003/06/05,2003/06/11,152,19.0789,80.9211,0.0000,0,0.0000,152,100.0000,29,123,0,0,fullownr_proxy,between transfer events; residency from 2026 fullownr proxy applied after first transfer; historical owner addresses not in sales extract
tmk,221008082,2003/06/12,2003/06/23,152,19.0789,80.9211,0.0000,0,0.0000,152,100.0000,29,123,0,0,fullownr_proxy,between transfer events; residency from 2026 fullownr proxy applied after first transfer; historical owner addresses not in sales extract
tmk,221008082,2003/06/24,2003/07/01,152,19.0789,80.9211,0.0000,0,0.0000,152,100.0000,29,123,0,0,fullownr_proxy,between transfer events; residency from 2026 fullownr proxy applied after first transfer; historical owner addresses not in sales extract
tmk,221008082,2003/07/02,2003/07/02,152,19.0789,80.9211,0.0000,0,0.0000,152,100.0000,29,123,0,0,fullownr_proxy,between transfer events; residency from 2026 fullownr proxy applied after first transfer; historical owner addresses not in sales extract
tmk,221008082,2003/07/03,2003/07/23,152,19.0789,80.9211,0.0000,0,0.0000,152,100.0000,29,123,0,0,fullownr_proxy,between transfer events; residency from 2026 fullownr proxy applied after first transfer; historical owner addresses not in sales extract
tmk,221008082,2003/07/24,2003/09/07,152,19.0789,80.9211,0.0000,0,0.0000,152,100.0000,29,123,0,0,fullownr_proxy,between transfer events; residency from 2026 fullownr proxy applied after first transfer; historical owner addresses not in sales extract
tmk,221008082,2003/09/08,2003/09/11,152,19.0789,80.9211,0.0000,0,0.0000,152,100.0000,29,123,0,0,fullownr_proxy,between transfer events; residency from 2026 fullownr proxy applied after first transfer; historical owner addresses not in sales extract
tmk,221008082,2003/09/12,2003/09/15,152,19.0789,80.9211,0.0000,0,0.0000,152,100.0000,29,123,0,0,fullownr_proxy,between transfer events; residency from 2026 fullownr proxy applied after first transfer; historical owner addresses not in sales extract
tmk,221008082,2003/09/16,2003/09/21,152,19.0789,80.9211,0.0000,0,0.0000,152,100.0000,29,123,0,0,fullownr_proxy,between transfer events; residency from 2026 fullownr proxy applied after first transfer; historical owner addresses not in sales extract
tmk,221008082,2003/09/22,2003/09/23,152,19.0789,80.9211,0.0000,0,0.0000,152,100.0000,29,123,0,0,fullownr_proxy,between transfer events; residency from 2026 fullownr proxy applied after first transfer; historical owner addresses not in sales extract
tmk,221008082,2003/09/24,2003/09/24,152,19.0789,80.9211,0.0000,0,0.0000,152,100.0000,29,123,0,0,fullownr_proxy,between transfer events; residency from 2026 fullownr proxy applied after first transfer; historical owner addresses not in sales extract
tmk,221008082,2003/09/25,2003/10/05,152,19.0789,80.9211,0.0000,0,0.0000,152,100.0000,29,123,0,0,fullownr_proxy,between transfer events; residency from 2026 fullownr proxy applied after first transfer; historical owner addresses not in sales extract
tmk,221008082,2003/10/06,2003/10/20,152,19.0789,80.9211,0.0000,0,0.0000,152,100.0000,29,123,0,0,fullownr_proxy,between transfer events; residency from 2026 fullownr proxy applied after first transfer; historical owner addresses not in sales extract
tmk,221008082,2003/10/21,2003/11/11,152,19.0789,80.9211,0.0000,0,0.0000,152,100.0000,29,123,0,0,fullownr_proxy,between transfer events; residency from 2026 fullownr proxy applied after first transfer; historical owner addresses not in sales extract
tmk,221008082,2003/11/12,2003/11/12,152,19.0789,80.9211,0.0000,0,0.0000,152,100.0000,29,123,0,0,fullownr_proxy,between transfer events; residency from 2026 fullownr proxy applied after first transfer; historical owner addresses not in sales extract
tmk,221008082,2003/11/13,2003/11/19,152,19.0789,80.9211,0.0000,0,0.0000,152,100.0000,29,123,0,0,fullownr_proxy,between transfer events; residency from 2026 fullownr proxy applied after first transfer; historical owner addresses not in sales extract
tmk,221008082,2003/11/20,2003/12/01,152,19.0789,80.9211,0.0000,0,0.0000,152,100.0000,29,123,0,0,fullownr_proxy,between transfer events; residency from 2026 fullownr proxy applied after first transfer; historical owner addresses not in sales extract
tmk,221008082,2003/12/02,2003/12/17,152,19.0789,80.9211,0.0000,0,0.0000,152,100.0000,29,123,0,0,fullownr_proxy,between transfer events; residency from 2026 fullownr proxy applied after first transfer; historical owner addresses not in sales extract
tmk,221008082,2003/12/18,2003/12/22,152,19.0789,80.9211,0.0000,0,0.0000,152,100.0000,29,123,0,0,fullownr_proxy,between transfer events; residency from 2026 fullownr proxy applied after first transfer; historical owner addresses not in sales extract
tmk,221008082,2003/12/23,2003/12/23,152,19.0789,80.9211,0.0000,0,0.0000,152,100.0000,29,123,0,0,fullownr_proxy,between transfer events; residency from 2026 fullownr proxy applied after first transfer; historical owner addresses not in sales extract
tmk,221008082,2003/12/24,2004/01/04,152,19.0789,80.9211,0.0000,0,0.0000,152,100.0000,29,123,0,0,fullownr_proxy,between transfer events; residency from 2026 fullownr proxy applied after first transfer; historical owner addresses not in sales extract
tmk,221008082,2004/01/05,2004/01/06,152,19.0789,80.9211,0.0000,0,0.0000,152,100.0000,29,123,0,0,fullownr_proxy,between transfer events; residency from 2026 fullownr proxy applied after first transfer; historical owner addresses not in sales extract
tmk,221008082,2004/01/07,2004/01/15,152,19.0789,80.9211,0.0000,0,0.0000,152,100.0000,29,123,0,0,fullownr_proxy,between transfer events; residency from 2026 fullownr proxy applied after first transfer; historical owner addresses not in sales extract
tmk,221008082,2004/01/16,2004/01/22,152,19.0789,80.9211,0.0000,0,0.0000,152,100.0000,29,123,0,0,fullownr_proxy,between transfer events; residency from 2026 fullownr proxy applied after first transfer; historical owner addresses not in sales extract
tmk,221008082,2004/01/23,2004/01/28,152,19.0789,80.9211,0.0000,0,0.0000,152,100.0000,29,123,0,0,fullownr_proxy,between transfer events; residency from 2026 fullownr proxy applied after first transfer; historical owner addresses not in sales extract
tmk,221008082,2004/01/29,2004/02/03,152,19.0789,80.9211,0.0000,0,0.0000,152,100.0000,29,123,0,0,fullownr_proxy,between transfer events; residency from 2026 fullownr proxy applied after first transfer; historical owner addresses not in sales extract
tmk,221008082,2004/02/04,2004/02/04,152,19.0789,80.9211,0.0000,0,0.0000,152,100.0000,29,123,0,0,fullownr_proxy,between transfer events; residency from 2026 fullownr proxy applied after first transfer; historical owner addresses not in sales extract
tmk,221008082,2004/02/05,2004/02/16,152,19.0789,80.9211,0.0000,0,0.0000,152,100.0000,29,123,0,0,fullownr_proxy,between transfer events; residency from 2026 fullownr proxy applied after first transfer; historical owner addresses not in sales extract
tmk,221008082,2004/02/17,2004/02/24,152,19.0789,80.9211,0.0000,0,0.0000,152,100.0000,29,123,0,0,fullownr_proxy,between transfer events; residency from 2026 fullownr proxy applied after first transfer; historical owner addresses not in sales extract
tmk,221008082,2004/02/25,2004/02/29,152,19.0789,80.9211,0.0000,0,0.0000,152,100.0000,29,123,0,0,fullownr_proxy,between transfer events; residency from 2026 fullownr proxy applied after first transfer; historical owner addresses not in sales extract
tmk,221008082,2004/03/01,2004/03/02,152,19.0789,80.9211,0.0000,0,0.0000,152,100.0000,29,123,0,0,fullownr_proxy,between transfer events; residency from 2026 fullownr proxy applied after first transfer; historical owner addresses not in sales extract
tmk,221008082,2004/03/03,2004/03/07,152,19.0789,80.9211,0.0000,0,0.0000,152,100.0000,29,123,0,0,fullownr_proxy,between transfer events; residency from 2026 fullownr proxy applied after first transfer; historical owner addresses not in sales extract
tmk,221008082,2004/03/08,2004/04/12,152,19.0789,80.9211,0.0000,0,0.0000,152,100.0000,29,123,0,0,fullownr_proxy,between transfer events; residency from 2026 fullownr proxy applied after first transfer; historical owner addresses not in sales extract
tmk,221008082,2004/04/13,2004/05/25,152,19.0789,80.9211,0.0000,0,0.0000,152,100.0000,29,123,0,0,fullownr_proxy,between transfer events; residency from 2026 fullownr proxy applied after first transfer; historical owner addresses not in sales extract
tmk,221008082,2004/05/26,2004/05/29,152,19.0789,80.9211,0.0000,0,0.0000,152,100.0000,29,123,0,0,fullownr_proxy,between transfer events; residency from 2026 fullownr proxy applied after first transfer; historical owner addresses not in sales extract
tmk,221008082,2004/05/30,2004/07/04,152,19.0789,80.9211,0.0000,0,0.0000,152,100.0000,29,123,0,0,fullownr_proxy,between transfer events; residency from 2026 fullownr proxy applied after first transfer; historical owner addresses not in sales extract
tmk,221008082,2004/07/05,2004/07/15,152,19.0789,80.9211,0.0000,0,0.0000,152,100.0000,29,123,0,0,fullownr_proxy,between transfer events; residency from 2026 fullownr proxy applied after first transfer; historical owner addresses not in sales extract
tmk,221008082,2004/07/16,2004/08/18,152,19.0789,80.9211,0.0000,0,0.0000,152,100.0000,29,123,0,0,fullownr_proxy,between transfer events; residency from 2026 fullownr proxy applied after first transfer; historical owner addresses not in sales extract
tmk,221008082,2004/08/19,2004/09/07,152,19.0789,80.9211,0.0000,0,0.0000,152,100.0000,29,123,0,0,fullownr_proxy,between transfer events; residency from 2026 fullownr proxy applied after first transfer; historical owner addresses not in sales extract
tmk,221008082,2004/09/08,2004/09/23,152,19.0789,80.9211,0.0000,0,0.0000,152,100.0000,29,123,0,0,fullownr_proxy,between transfer events; residency from 2026 fullownr proxy applied after first transfer; historical owner addresses not in sales extract
tmk,221008082,2004/09/24,2004/10/05,152,19.0789,80.9211,0.0000,0,0.0000,152,100.0000,29,123,0,0,fullownr_proxy,between transfer events; residency from 2026 fullownr proxy applied after first transfer; historical owner addresses not in sales extract
tmk,221008082,2004/10/06,2004/10/07,152,19.0789,80.9211,0.0000,0,0.0000,152,100.0000,29,123,0,0,fullownr_proxy,between transfer events; residency from 2026 fullownr proxy applied after first transfer; historical owner addresses not in sales extract
tmk,221008082,2004/10/08,2004/10/20,152,19.0789,80.9211,0.0000,0,0.0000,152,100.0000,29,123,0,0,fullownr_proxy,between transfer events; residency from 2026 fullownr proxy applied after first transfer; historical owner addresses not in sales extract
tmk,221008082,2004/10/21,2004/10/26,152,19.0789,80.9211,0.0000,0,0.0000,152,100.0000,29,123,0,0,fullownr_proxy,between transfer events; residency from 2026 fullownr proxy applied after first transfer; historical owner addresses not in sales extract
tmk,221008082,2004/10/27,2004/11/04,152,19.0789,80.9211,0.0000,0,0.0000,152,100.0000,29,123,0,0,fullownr_proxy,between transfer events; residency from 2026 fullownr proxy applied after first transfer; historical owner addresses not in sales extract
tmk,221008082,2004/11/05,2004/11/21,152,19.0789,80.9211,0.0000,0,0.0000,152,100.0000,29,123,0,0,fullownr_proxy,between transfer events; residency from 2026 fullownr proxy applied after first transfer; historical owner addresses not in sales extract
tmk,221008082,2004/11/22,2004/12/20,152,19.0789,80.9211,0.0000,0,0.0000,152,100.0000,29,123,0,0,fullownr_proxy,between transfer events; residency from 2026 fullownr proxy applied after first transfer; historical owner addresses not in sales extract
tmk,221008082,2004/12/21,2005/02/13,152,19.0789,80.9211,0.0000,0,0.0000,152,100.0000,29,123,0,0,fullownr_proxy,between transfer events; residency from 2026 fullownr proxy applied after first transfer; historical owner addresses not in sales extract
tmk,221008082,2005/02/14,2005/03/07,152,19.0789,80.9211,0.0000,0,0.0000,152,100.0000,29,123,0,0,fullownr_proxy,between transfer events; residency from 2026 fullownr proxy applied after first transfer; historical owner addresses not in sales extract
tmk,221008082,2005/03/08,2005/03/14,152,19.0789,80.9211,0.0000,0,0.0000,152,100.0000,29,123,0,0,fullownr_proxy,between transfer events; residency from 2026 fullownr proxy applied after first transfer; historical owner addresses not in sales extract
tmk,221008082,2005/03/15,2005/04/14,152,19.0789,80.9211,0.0000,0,0.0000,152,100.0000,29,123,0,0,fullownr_proxy,between transfer events; residency from 2026 fullownr proxy applied after first transfer; historical owner addresses not in sales extract
tmk,221008082,2005/04/15,2005/04/21,152,19.0789,80.9211,0.0000,0,0.0000,152,100.0000,29,123,0,0,fullownr_proxy,between transfer events; residency from 2026 fullownr proxy applied after first transfer; historical owner addresses not in sales extract
tmk,221008082,2005/04/22,2005/04/22,152,19.0789,80.9211,0.0000,0,0.0000,152,100.0000,29,123,0,0,fullownr_proxy,between transfer events; residency from 2026 fullownr proxy applied after first transfer; historical owner addresses not in sales extract
tmk,221008082,2005/04/23,2005/04/24,152,19.0789,80.9211,0.0000,0,0.0000,152,100.0000,29,123,0,0,fullownr_proxy,between transfer events; residency from 2026 fullownr proxy applied after first transfer; historical owner addresses not in sales extract
tmk,221008082,2005/04/25,2005/05/08,152,19.0789,80.9211,0.0000,0,0.0000,152,100.0000,29,123,0,0,fullownr_proxy,between transfer events; residency from 2026 fullownr proxy applied after first transfer; historical owner addresses not in sales extract
tmk,221008082,2005/05/09,2005/06/05,152,19.0789,80.9211,0.0000,0,0.0000,152,100.0000,29,123,0,0,fullownr_proxy,between transfer events; residency from 2026 fullownr proxy applied after first transfer; historical owner addresses not in sales extract
tmk,221008082,2005/06/06,2005/06/15,152,19.0789,80.9211,0.0000,0,0.0000,152,100.0000,29,123,0,0,fullownr_proxy,between transfer events; residency from 2026 fullownr proxy applied after first transfer; historical owner addresses not in sales extract
tmk,221008082,2005/06/16,2005/10/12,152,19.0789,80.9211,0.0000,0,0.0000,152,100.0000,29,123,0,0,fullownr_proxy,between transfer events; residency from 2026 fullownr proxy applied after first transfer; historical owner addresses not in sales extract
tmk,221008082,2005/10/13,2005/11/11,152,19.0789,80.9211,0.0000,0,0.0000,152,100.0000,29,123,0,0,fullownr_proxy,between transfer events; residency from 2026 fullownr proxy applied after first transfer; historical owner addresses not in sales extract
tmk,221008082,2005/11/12,2005/12/04,152,19.0789,80.9211,0.0000,0,0.0000,152,100.0000,29,123,0,0,fullownr_proxy,between transfer events; residency from 2026 fullownr proxy applied after first transfer; historical owner addresses not in sales extract
tmk,221008082,2005/12/05,2005/12/05,152,19.0789,80.9211,0.0000,0,0.0000,152,100.0000,29,123,0,0,fullownr_proxy,between transfer events; residency from 2026 fullownr proxy applied after first transfer; historical owner addresses not in sales extract
tmk,221008082,2005/12/06,2005/12/20,152,19.0789,80.9211,0.0000,0,0.0000,152,100.0000,29,123,0,0,fullownr_proxy,between transfer events; residency from 2026 fullownr proxy applied after first transfer; historical owner addresses not in sales extract
tmk,221008082,2005/12/21,2006/01/23,152,19.0789,80.9211,0.0000,0,0.0000,152,100.0000,29,123,0,0,fullownr_proxy,between transfer events; residency from 2026 fullownr proxy applied after first transfer; historical owner addresses not in sales extract
tmk,221008082,2006/01/24,2006/02/05,152,19.0789,80.9211,0.0000,0,0.0000,152,100.0000,29,123,0,0,fullownr_proxy,between transfer events; residency from 2026 fullownr proxy applied after first transfer; historical owner addresses not in sales extract
tmk,221008082,2006/02/06,2006/02/06,152,19.0789,80.9211,0.0000,0,0.0000,152,100.0000,29,123,0,0,fullownr_proxy,between transfer events; residency from 2026 fullownr proxy applied after first transfer; historical owner addresses not in sales extract
tmk,221008082,2006/02/07,2006/03/05,152,19.0789,80.9211,0.0000,0,0.0000,152,100.0000,29,123,0,0,fullownr_proxy,between transfer events; residency from 2026 fullownr proxy applied after first transfer; historical owner addresses not in sales extract
tmk,221008082,2006/03/06,2006/03/13,152,19.0789,80.9211,0.0000,0,0.0000,152,100.0000,29,123,0,0,fullownr_proxy,between transfer events; residency from 2026 fullownr proxy applied after first transfer; historical owner addresses not in sales extract
tmk,221008082,2006/03/14,2006/03/23,152,19.0789,80.9211,0.0000,0,0.0000,152,100.0000,29,123,0,0,fullownr_proxy,between transfer events; residency from 2026 fullownr proxy applied after first transfer; historical owner addresses not in sales extract
tmk,221008082,2006/03/24,2006/03/27,152,19.0789,80.9211,0.0000,0,0.0000,152,100.0000,29,123,0,0,fullownr_proxy,between transfer events; residency from 2026 fullownr proxy applied after first transfer; historical owner addresses not in sales extract
tmk,221008082,2006/03/28,2006/04/09,152,19.0789,80.9211,0.0000,0,0.0000,152,100.0000,29,123,0,0,fullownr_proxy,between transfer events; residency from 2026 fullownr proxy applied after first transfer; historical owner addresses not in sales extract
tmk,221008082,2006/04/10,2006/05/17,152,19.0789,80.9211,0.0000,0,0.0000,152,100.0000,29,123,0,0,fullownr_proxy,between transfer events; residency from 2026 fullownr proxy applied after first transfer; historical owner addresses not in sales extract
tmk,221008082,2006/05/18,2006/05/22,152,19.0789,80.9211,0.0000,0,0.0000,152,100.0000,29,123,0,0,fullownr_proxy,between transfer events; residency from 2026 fullownr proxy applied after first transfer; historical owner addresses not in sales extract
tmk,221008082,2006/05/23,2006/05/23,152,19.0789,80.9211,0.0000,0,0.0000,152,100.0000,29,123,0,0,fullownr_proxy,between transfer events; residency from 2026 fullownr proxy applied after first transfer; historical owner addresses not in sales extract
tmk,221008082,2006/05/24,2006/05/29,152,19.0789,80.9211,0.0000,0,0.0000,152,100.0000,29,123,0,0,fullownr_proxy,between transfer events; residency from 2026 fullownr proxy applied after first transfer; historical owner addresses not in sales extract
tmk,221008082,2006/05/30,2006/06/07,152,19.0789,80.9211,0.0000,0,0.0000,152,100.0000,29,123,0,0,fullownr_proxy,between transfer events; residency from 2026 fullownr proxy applied after first transfer; historical owner addresses not in sales extract
tmk,221008082,2006/06/08,2006/06/15,152,19.0789,80.9211,0.0000,0,0.0000,152,100.0000,29,123,0,0,fullownr_proxy,between transfer events; residency from 2026 fullownr proxy applied after first transfer; historical owner addresses not in sales extract
tmk,221008082,2006/06/16,2006/07/06,152,19.0789,80.9211,0.0000,0,0.0000,152,100.0000,29,123,0,0,fullownr_proxy,between transfer events; residency from 2026 fullownr proxy applied after first transfer; historical owner addresses not in sales extract
tmk,221008082,2006/07/07,2006/08/07,152,19.0789,80.9211,0.0000,0,0.0000,152,100.0000,29,123,0,0,fullownr_proxy,between transfer events; residency from 2026 fullownr proxy applied after first transfer; historical owner addresses not in sales extract
tmk,221008082,2006/08/08,2006/09/11,152,19.0789,80.9211,0.0000,0,0.0000,152,100.0000,29,123,0,0,fullownr_proxy,between transfer events; residency from 2026 fullownr proxy applied after first transfer; historical owner addresses not in sales extract
tmk,221008082,2006/09/12,2006/09/12,152,19.0789,80.9211,0.0000,0,0.0000,152,100.0000,29,123,0,0,fullownr_proxy,between transfer events; residency from 2026 fullownr proxy applied after first transfer; historical owner addresses not in sales extract
tmk,221008082,2006/09/13,2006/09/24,152,19.0789,80.9211,0.0000,0,0.0000,152,100.0000,29,123,0,0,fullownr_proxy,between transfer events; residency from 2026 fullownr proxy applied after first transfer; historical owner addresses not in sales extract
tmk,221008082,2006/09/25,2006/10/11,152,19.0789,80.9211,0.0000,0,0.0000,152,100.0000,29,123,0,0,fullownr_proxy,between transfer events; residency from 2026 fullownr proxy applied after first transfer; historical owner addresses not in sales extract
tmk,221008082,2006/10/12,2006/10/15,152,19.0789,80.9211,0.0000,0,0.0000,152,100.0000,29,123,0,0,fullownr_proxy,between transfer events; residency from 2026 fullownr proxy applied after first transfer; historical owner addresses not in sales extract
tmk,221008082,2006/10/16,2006/11/01,152,19.0789,80.9211,0.0000,0,0.0000,152,100.0000,29,123,0,0,fullownr_proxy,between transfer events; residency from 2026 fullownr proxy applied after first transfer; historical owner addresses not in sales extract
tmk,221008082,2006/11/02,2006/11/25,152,19.0789,80.9211,0.0000,0,0.0000,152,100.0000,29,123,0,0,fullownr_proxy,between transfer events; residency from 2026 fullownr proxy applied after first transfer; historical owner addresses not in sales extract
tmk,221008082,2006/11/26,2006/12/26,152,19.0789,80.9211,0.0000,0,0.0000,152,100.0000,29,123,0,0,fullownr_proxy,between transfer events; residency from 2026 fullownr proxy applied after first transfer; historical owner addresses not in sales extract
tmk,221008082,2006/12/27,2007/01/03,152,19.0789,80.9211,0.0000,0,0.0000,152,100.0000,29,123,0,0,fullownr_proxy,between transfer events; residency from 2026 fullownr proxy applied after first transfer; historical owner addresses not in sales extract
tmk,221008082,2007/01/04,2007/01/04,152,19.0789,80.9211,0.0000,0,0.0000,152,100.0000,29,123,0,0,fullownr_proxy,between transfer events; residency from 2026 fullownr proxy applied after first transfer; historical owner addresses not in sales extract
tmk,221008082,2007/01/05,2007/01/10,152,19.0789,80.9211,0.0000,0,0.0000,152,100.0000,29,123,0,0,fullownr_proxy,between transfer events; residency from 2026 fullownr proxy applied after first transfer; historical owner addresses not in sales extract
tmk,221008082,2007/01/11,2007/01/30,152,19.0789,80.9211,0.0000,0,0.0000,152,100.0000,29,123,0,0,fullownr_proxy,between transfer events; residency from 2026 fullownr proxy applied after first transfer; historical owner addresses not in sales extract
tmk,221008082,2007/01/31,2007/02/15,152,19.0789,80.9211,0.0000,0,0.0000,152,100.0000,29,123,0,0,fullownr_proxy,between transfer events; residency from 2026 fullownr proxy applied after first transfer; historical owner addresses not in sales extract
tmk,221008082,2007/02/16,2007/03/08,152,19.0789,80.9211,0.0000,0,0.0000,152,100.0000,29,123,0,0,fullownr_proxy,between transfer events; residency from 2026 fullownr proxy applied after first transfer; historical owner addresses not in sales extract
tmk,221008082,2007/03/09,2007/04/01,152,19.0789,80.9211,0.0000,0,0.0000,152,100.0000,29,123,0,0,fullownr_proxy,between transfer events; residency from 2026 fullownr proxy applied after first transfer; historical owner addresses not in sales extract
tmk,221008082,2007/04/02,2007/04/09,152,19.0789,80.9211,0.0000,0,0.0000,152,100.0000,29,123,0,0,fullownr_proxy,between transfer events; residency from 2026 fullownr proxy applied after first transfer; historical owner addresses not in sales extract
tmk,221008082,2007/04/10,2007/04/11,152,19.0789,80.9211,0.0000,0,0.0000,152,100.0000,29,123,0,0,fullownr_proxy,between transfer events; residency from 2026 fullownr proxy applied after first transfer; historical owner addresses not in sales extract
tmk,221008082,2007/04/12,2007/04/18,152,19.0789,80.9211,0.0000,0,0.0000,152,100.0000,29,123,0,0,fullownr_proxy,between transfer events; residency from 2026 fullownr proxy applied after first transfer; historical owner addresses not in sales extract
tmk,221008082,2007/04/19,2007/05/06,152,19.0789,80.9211,0.0000,0,0.0000,152,100.0000,29,123,0,0,fullownr_proxy,between transfer events; residency from 2026 fullownr proxy applied after first transfer; historical owner addresses not in sales extract
tmk,221008082,2007/05/07,2007/05/14,152,19.0789,80.9211,0.0000,0,0.0000,152,100.0000,29,123,0,0,fullownr_proxy,between transfer events; residency from 2026 fullownr proxy applied after first transfer; historical owner addresses not in sales extract
tmk,221008082,2007/05/15,2007/05/25,152,19.0789,80.9211,0.0000,0,0.0000,152,100.0000,29,123,0,0,fullownr_proxy,between transfer events; residency from 2026 fullownr proxy applied after first transfer; historical owner addresses not in sales extract
tmk,221008082,2007/05/26,2007/07/22,152,19.0789,80.9211,0.0000,0,0.0000,152,100.0000,29,123,0,0,fullownr_proxy,between transfer events; residency from 2026 fullownr proxy applied after first transfer; historical owner addresses not in sales extract
tmk,221008082,2007/07/23,2007/08/05,152,19.0789,80.9211,0.0000,0,0.0000,152,100.0000,29,123,0,0,fullownr_proxy,between transfer events; residency from 2026 fullownr proxy applied after first transfer; historical owner addresses not in sales extract
tmk,221008082,2007/08/06,2007/08/12,152,19.0789,80.9211,0.0000,0,0.0000,152,100.0000,29,123,0,0,fullownr_proxy,between transfer events; residency from 2026 fullownr proxy applied after first transfer; historical owner addresses not in sales extract
tmk,221008082,2007/08/13,2007/08/20,152,19.0789,80.9211,0.0000,0,0.0000,152,100.0000,29,123,0,0,fullownr_proxy,between transfer events; residency from 2026 fullownr proxy applied after first transfer; historical owner addresses not in sales extract
tmk,221008082,2007/08/21,2007/08/30,152,19.0789,80.9211,0.0000,0,0.0000,152,100.0000,29,123,0,0,fullownr_proxy,between transfer events; residency from 2026 fullownr proxy applied after first transfer; historical owner addresses not in sales extract
tmk,221008082,2007/08/31,2007/09/17,152,19.0789,80.9211,0.0000,0,0.0000,152,100.0000,29,123,0,0,fullownr_proxy,between transfer events; residency from 2026 fullownr proxy applied after first transfer; historical owner addresses not in sales extract
tmk,221008082,2007/09/18,2007/10/21,152,19.0789,80.9211,0.0000,0,0.0000,152,100.0000,29,123,0,0,fullownr_proxy,between transfer events; residency from 2026 fullownr proxy applied after first transfer; historical owner addresses not in sales extract
tmk,221008082,2007/10/22,2007/10/30,152,19.0789,80.9211,0.0000,0,0.0000,152,100.0000,29,123,0,0,fullownr_proxy,between transfer events; residency from 2026 fullownr proxy applied after first transfer; historical owner addresses not in sales extract
tmk,221008082,2007/10/31,2007/10/31,152,19.0789,80.9211,0.0000,0,0.0000,152,100.0000,29,123,0,0,fullownr_proxy,between transfer events; residency from 2026 fullownr proxy applied after first transfer; historical owner addresses not in sales extract
tmk,221008082,2007/11/01,2007/11/14,152,19.0789,80.9211,0.0000,0,0.0000,152,100.0000,29,123,0,0,fullownr_proxy,between transfer events; residency from 2026 fullownr proxy applied after first transfer; historical owner addresses not in sales extract
tmk,221008082,2007/11/15,2007/12/19,152,19.0789,80.9211,0.0000,0,0.0000,152,100.0000,29,123,0,0,fullownr_proxy,between transfer events; residency from 2026 fullownr proxy applied after first transfer; historical owner addresses not in sales extract
tmk,221008082,2007/12/20,2008/01/03,152,19.0789,80.9211,0.0000,0,0.0000,152,100.0000,29,123,0,0,fullownr_proxy,between transfer events; residency from 2026 fullownr proxy applied after first transfer; historical owner addresses not in sales extract
tmk,221008082,2008/01/04,2008/01/06,152,19.0789,80.9211,0.0000,0,0.0000,152,100.0000,29,123,0,0,fullownr_proxy,between transfer events; residency from 2026 fullownr proxy applied after first transfer; historical owner addresses not in sales extract
tmk,221008082,2008/01/07,2008/01/22,152,19.0789,80.9211,0.0000,0,0.0000,152,100.0000,29,123,0,0,fullownr_proxy,between transfer events; residency from 2026 fullownr proxy applied after first transfer; historical owner addresses not in sales extract
tmk,221008082,2008/01/23,2008/01/23,152,19.0789,80.9211,0.0000,0,0.0000,152,100.0000,29,123,0,0,fullownr_proxy,between transfer events; residency from 2026 fullownr proxy applied after first transfer; historical owner addresses not in sales extract
tmk,221008082,2008/01/24,2008/02/10,152,19.0789,80.9211,0.0000,0,0.0000,152,100.0000,29,123,0,0,fullownr_proxy,between transfer events; residency from 2026 fullownr proxy applied after first transfer; historical owner addresses not in sales extract
tmk,221008082,2008/02/11,2008/04/23,152,19.0789,80.9211,0.0000,0,0.0000,152,100.0000,29,123,0,0,fullownr_proxy,between transfer events; residency from 2026 fullownr proxy applied after first transfer; historical owner addresses not in sales extract
tmk,221008082,2008/04/24,2008/05/22,152,19.0789,80.9211,0.0000,0,0.0000,152,100.0000,29,123,0,0,fullownr_proxy,between transfer events; residency from 2026 fullownr proxy applied after first transfer; historical owner addresses not in sales extract
tmk,221008082,2008/05/23,2008/05/29,152,19.0789,80.9211,0.0000,0,0.0000,152,100.0000,29,123,0,0,fullownr_proxy,between transfer events; residency from 2026 fullownr proxy applied after first transfer; historical owner addresses not in sales extract
tmk,221008082,2008/05/30,2008/07/27,152,19.0789,80.9211,0.0000,0,0.0000,152,100.0000,29,123,0,0,fullownr_proxy,between transfer events; residency from 2026 fullownr proxy applied after first transfer; historical owner addresses not in sales extract
tmk,221008082,2008/07/28,2008/08/21,152,19.0789,80.9211,0.0000,0,0.0000,152,100.0000,29,123,0,0,fullownr_proxy,between transfer events; residency from 2026 fullownr proxy applied after first transfer; historical owner addresses not in sales extract
tmk,221008082,2008/08/22,2008/10/07,152,19.0789,80.9211,0.0000,0,0.0000,152,100.0000,29,123,0,0,fullownr_proxy,between transfer events; residency from 2026 fullownr proxy applied after first transfer; historical owner addresses not in sales extract
tmk,221008082,2008/10/08,2008/10/08,152,19.0789,80.9211,0.0000,0,0.0000,152,100.0000,29,123,0,0,fullownr_proxy,between transfer events; residency from 2026 fullownr proxy applied after first transfer; historical owner addresses not in sales extract
tmk,221008082,2008/10/09,2008/11/12,152,19.0789,80.9211,0.0000,0,0.0000,152,100.0000,29,123,0,0,fullownr_proxy,between transfer events; residency from 2026 fullownr proxy applied after first transfer; historical owner addresses not in sales extract
tmk,221008082,2008/11/13,2008/11/16,152,19.0789,80.9211,0.0000,0,0.0000,152,100.0000,29,123,0,0,fullownr_proxy,between transfer events; residency from 2026 fullownr proxy applied after first transfer; historical owner addresses not in sales extract
tmk,221008082,2008/11/17,2008/12/18,152,19.0789,80.9211,0.0000,0,0.0000,152,100.0000,29,123,0,0,fullownr_proxy,between transfer events; residency from 2026 fullownr proxy applied after first transfer; historical owner addresses not in sales extract
tmk,221008082,2008/12/19,2009/03/05,152,19.0789,80.9211,0.0000,0,0.0000,152,100.0000,29,123,0,0,fullownr_proxy,between transfer events; residency from 2026 fullownr proxy applied after first transfer; historical owner addresses not in sales extract
tmk,221008082,2009/03/06,2009/06/21,152,19.0789,80.9211,0.0000,0,0.0000,152,100.0000,29,123,0,0,fullownr_proxy,between transfer events; residency from 2026 fullownr proxy applied after first transfer; historical owner addresses not in sales extract
tmk,221008082,2009/06/22,2009/06/25,152,19.0789,80.9211,0.0000,0,0.0000,152,100.0000,29,123,0,0,fullownr_proxy,between transfer events; residency from 2026 fullownr proxy applied after first transfer; historical owner addresses not in sales extract
tmk,221008082,2009/06/26,2009/08/07,152,19.0789,80.9211,0.0000,0,0.0000,152,100.0000,29,123,0,0,fullownr_proxy,between transfer events; residency from 2026 fullownr proxy applied after first transfer; historical owner addresses not in sales extract
tmk,221008082,2009/08/08,2009/11/12,152,19.0789,80.9211,0.0000,0,0.0000,152,100.0000,29,123,0,0,fullownr_proxy,between transfer events; residency from 2026 fullownr proxy applied after first transfer; historical owner addresses not in sales extract
tmk,221008082,2009/11/13,2009/11/26,152,19.0789,80.9211,0.0000,0,0.0000,152,100.0000,29,123,0,0,fullownr_proxy,between transfer events; residency from 2026 fullownr proxy applied after first transfer; historical owner addresses not in sales extract
tmk,221008082,2009/11/27,2009/12/07,152,19.0789,80.9211,0.0000,0,0.0000,152,100.0000,29,123,0,0,fullownr_proxy,between transfer events; residency from 2026 fullownr proxy applied after first transfer; historical owner addresses not in sales extract
tmk,221008082,2009/12/08,2009/12/29,152,19.0789,80.9211,0.0000,0,0.0000,152,100.0000,29,123,0,0,fullownr_proxy,between transfer events; residency from 2026 fullownr proxy applied after first transfer; historical owner addresses not in sales extract
tmk,221008082,2009/12/30,2010/01/11,152,19.0789,80.9211,0.0000,0,0.0000,152,100.0000,29,123,0,0,fullownr_proxy,between transfer events; residency from 2026 fullownr proxy applied after first transfer; historical owner addresses not in sales extract
tmk,221008082,2010/01/12,2010/01/18,152,19.0789,80.9211,0.0000,0,0.0000,152,100.0000,29,123,0,0,fullownr_proxy,between transfer events; residency from 2026 fullownr proxy applied after first transfer; historical owner addresses not in sales extract
tmk,221008082,2010/01/19,2010/01/21,152,19.0789,80.9211,0.0000,0,0.0000,152,100.0000,29,123,0,0,fullownr_proxy,between transfer events; residency from 2026 fullownr proxy applied after first transfer; historical owner addresses not in sales extract
tmk,221008082,2010/01/22,2010/03/08,152,19.0789,80.9211,0.0000,0,0.0000,152,100.0000,29,123,0,0,fullownr_proxy,between transfer events; residency from 2026 fullownr proxy applied after first transfer; historical owner addresses not in sales extract
tmk,221008082,2010/03/09,2010/03/24,152,19.0789,80.9211,0.0000,0,0.0000,152,100.0000,29,123,0,0,fullownr_proxy,between transfer events; residency from 2026 fullownr proxy applied after first transfer; historical owner addresses not in sales extract
tmk,221008082,2010/03/25,2010/03/30,152,19.0789,80.9211,0.0000,0,0.0000,152,100.0000,29,123,0,0,fullownr_proxy,between transfer events; residency from 2026 fullownr proxy applied after first transfer; historical owner addresses not in sales extract
tmk,221008082,2010/03/31,2010/04/03,152,19.0789,80.9211,0.0000,0,0.0000,152,100.0000,29,123,0,0,fullownr_proxy,between transfer events; residency from 2026 fullownr proxy applied after first transfer; historical owner addresses not in sales extract
tmk,221008082,2010/04/04,2010/04/08,152,19.0789,80.9211,0.0000,0,0.0000,152,100.0000,29,123,0,0,fullownr_proxy,between transfer events; residency from 2026 fullownr proxy applied after first transfer; historical owner addresses not in sales extract
tmk,221008082,2010/04/09,2010/05/17,152,19.0789,80.9211,0.0000,0,0.0000,152,100.0000,29,123,0,0,fullownr_proxy,between transfer events; residency from 2026 fullownr proxy applied after first transfer; historical owner addresses not in sales extract
tmk,221008082,2010/05/18,2010/06/01,152,19.0789,80.9211,0.0000,0,0.0000,152,100.0000,29,123,0,0,fullownr_proxy,between transfer events; residency from 2026 fullownr proxy applied after first transfer; historical owner addresses not in sales extract
tmk,221008082,2010/06/02,2010/08/13,152,19.0789,80.9211,0.0000,0,0.0000,152,100.0000,29,123,0,0,fullownr_proxy,between transfer events; residency from 2026 fullownr proxy applied after first transfer; historical owner addresses not in sales extract
tmk,221008082,2010/08/14,2010/10/06,152,19.0789,80.9211,0.0000,0,0.0000,152,100.0000,29,123,0,0,fullownr_proxy,between transfer events; residency from 2026 fullownr proxy applied after first transfer; historical owner addresses not in sales extract
tmk,221008082,2010/10/07,2010/10/26,152,19.0789,80.9211,0.0000,0,0.0000,152,100.0000,29,123,0,0,fullownr_proxy,between transfer events; residency from 2026 fullownr proxy applied after first transfer; historical owner addresses not in sales extract
tmk,221008082,2010/10/27,2010/11/04,152,19.0789,80.9211,0.0000,0,0.0000,152,100.0000,29,123,0,0,fullownr_proxy,between transfer events; residency from 2026 fullownr proxy applied after first transfer; historical owner addresses not in sales extract
tmk,221008082,2010/11/05,2010/12/05,152,19.0789,80.9211,0.0000,0,0.0000,152,100.0000,29,123,0,0,fullownr_proxy,between transfer events; residency from 2026 fullownr proxy applied after first transfer; historical owner addresses not in sales extract
tmk,221008082,2010/12/06,2010/12/09,152,19.0789,80.9211,0.0000,0,0.0000,152,100.0000,29,123,0,0,fullownr_proxy,between transfer events; residency from 2026 fullownr proxy applied after first transfer; historical owner addresses not in sales extract
tmk,221008082,2010/12/10,2011/01/09,152,19.0789,80.9211,0.0000,0,0.0000,152,100.0000,29,123,0,0,fullownr_proxy,between transfer events; residency from 2026 fullownr proxy applied after first transfer; historical owner addresses not in sales extract
tmk,221008082,2011/01/10,2011/01/19,152,19.0789,80.9211,0.0000,0,0.0000,152,100.0000,29,123,0,0,fullownr_proxy,between transfer events; residency from 2026 fullownr proxy applied after first transfer; historical owner addresses not in sales extract
tmk,221008082,2011/01/20,2011/03/17,152,19.0789,80.9211,0.0000,0,0.0000,152,100.0000,29,123,0,0,fullownr_proxy,between transfer events; residency from 2026 fullownr proxy applied after first transfer; historical owner addresses not in sales extract
tmk,221008082,2011/03/18,2011/05/06,152,19.0789,80.9211,0.0000,0,0.0000,152,100.0000,29,123,0,0,fullownr_proxy,between transfer events; residency from 2026 fullownr proxy applied after first transfer; historical owner addresses not in sales extract
tmk,221008082,2011/05/07,2011/07/20,152,19.0789,80.9211,0.0000,0,0.0000,152,100.0000,29,123,0,0,fullownr_proxy,between transfer events; residency from 2026 fullownr proxy applied after first transfer; historical owner addresses not in sales extract
tmk,221008082,2011/07/21,2011/09/22,152,19.0789,80.9211,0.0000,0,0.0000,152,100.0000,29,123,0,0,fullownr_proxy,between transfer events; residency from 2026 fullownr proxy applied after first transfer; historical owner addresses not in sales extract
tmk,221008082,2011/09/23,2011/10/02,152,19.0789,80.9211,0.0000,0,0.0000,152,100.0000,29,123,0,0,fullownr_proxy,between transfer events; residency from 2026 fullownr proxy applied after first transfer; historical owner addresses not in sales extract
tmk,221008082,2011/10/03,2011/10/16,152,19.0789,80.9211,0.0000,0,0.0000,152,100.0000,29,123,0,0,fullownr_proxy,between transfer events; residency from 2026 fullownr proxy applied after first transfer; historical owner addresses not in sales extract
tmk,221008082,2011/10/17,2011/10/17,152,19.0789,80.9211,0.0000,0,0.0000,152,100.0000,29,123,0,0,fullownr_proxy,between transfer events; residency from 2026 fullownr proxy applied after first transfer; historical owner addresses not in sales extract
tmk,221008082,2011/10/18,2011/10/23,152,19.0789,80.9211,0.0000,0,0.0000,152,100.0000,29,123,0,0,fullownr_proxy,between transfer events; residency from 2026 fullownr proxy applied after first transfer; historical owner addresses not in sales extract
tmk,221008082,2011/10/24,2011/10/27,152,19.0789,80.9211,0.0000,0,0.0000,152,100.0000,29,123,0,0,fullownr_proxy,between transfer events; residency from 2026 fullownr proxy applied after first transfer; historical owner addresses not in sales extract
tmk,221008082,2011/10/28,2011/12/11,152,19.0789,80.9211,0.0000,0,0.0000,152,100.0000,29,123,0,0,fullownr_proxy,between transfer events; residency from 2026 fullownr proxy applied after first transfer; historical owner addresses not in sales extract
tmk,221008082,2011/12/12,2011/12/26,152,19.0789,80.9211,0.0000,0,0.0000,152,100.0000,29,123,0,0,fullownr_proxy,between transfer events; residency from 2026 fullownr proxy applied after first transfer; historical owner addresses not in sales extract
tmk,221008082,2011/12/27,2012/02/20,152,19.0789,80.9211,0.0000,0,0.0000,152,100.0000,29,123,0,0,fullownr_proxy,between transfer events; residency from 2026 fullownr proxy applied after first transfer; historical owner addresses not in sales extract
tmk,221008082,2012/02/21,2012/03/19,152,19.0789,80.9211,0.0000,0,0.0000,152,100.0000,29,123,0,0,fullownr_proxy,between transfer events; residency from 2026 fullownr proxy applied after first transfer; historical owner addresses not in sales extract
tmk,221008082,2012/03/20,2012/04/09,152,19.0789,80.9211,0.0000,0,0.0000,152,100.0000,29,123,0,0,fullownr_proxy,between transfer events; residency from 2026 fullownr proxy applied after first transfer; historical owner addresses not in sales extract
tmk,221008082,2012/04/10,2012/05/06,152,19.0789,80.9211,0.0000,0,0.0000,152,100.0000,29,123,0,0,fullownr_proxy,between transfer events; residency from 2026 fullownr proxy applied after first transfer; historical owner addresses not in sales extract
tmk,221008082,2012/05/07,2012/06/24,152,19.0789,80.9211,0.0000,0,0.0000,152,100.0000,29,123,0,0,fullownr_proxy,between transfer events; residency from 2026 fullownr proxy applied after first transfer; historical owner addresses not in sales extract
tmk,221008082,2012/06/25,2012/07/13,152,19.0789,80.9211,0.0000,0,0.0000,152,100.0000,29,123,0,0,fullownr_proxy,between transfer events; residency from 2026 fullownr proxy applied after first transfer; historical owner addresses not in sales extract
tmk,221008082,2012/07/14,2012/08/16,152,19.0789,80.9211,0.0000,0,0.0000,152,100.0000,29,123,0,0,fullownr_proxy,between transfer events; residency from 2026 fullownr proxy applied after first transfer; historical owner addresses not in sales extract
tmk,221008082,2012/08/17,2012/08/21,152,19.0789,80.9211,0.0000,0,0.0000,152,100.0000,29,123,0,0,fullownr_proxy,between transfer events; residency from 2026 fullownr proxy applied after first transfer; historical owner addresses not in sales extract
tmk,221008082,2012/08/22,2012/09/20,152,19.0789,80.9211,0.0000,0,0.0000,152,100.0000,29,123,0,0,fullownr_proxy,between transfer events; residency from 2026 fullownr proxy applied after first transfer; historical owner addresses not in sales extract
tmk,221008082,2012/09/21,2012/10/17,152,19.0789,80.9211,0.0000,0,0.0000,152,100.0000,29,123,0,0,fullownr_proxy,between transfer events; residency from 2026 fullownr proxy applied after first transfer; historical owner addresses not in sales extract
tmk,221008082,2012/10/18,2012/11/05,152,19.0789,80.9211,0.0000,0,0.0000,152,100.0000,29,123,0,0,fullownr_proxy,between transfer events; residency from 2026 fullownr proxy applied after first transfer; historical owner addresses not in sales extract
tmk,221008082,2012/11/06,2012/11/14,152,19.0789,80.9211,0.0000,0,0.0000,152,100.0000,29,123,0,0,fullownr_proxy,between transfer events; residency from 2026 fullownr proxy applied after first transfer; historical owner addresses not in sales extract
tmk,221008082,2012/11/15,2012/11/28,152,19.0789,80.9211,0.0000,0,0.0000,152,100.0000,29,123,0,0,fullownr_proxy,between transfer events; residency from 2026 fullownr proxy applied after first transfer; historical owner addresses not in sales extract
tmk,221008082,2012/11/29,2012/12/11,152,19.0789,80.9211,0.0000,0,0.0000,152,100.0000,29,123,0,0,fullownr_proxy,between transfer events; residency from 2026 fullownr proxy applied after first transfer; historical owner addresses not in sales extract
tmk,221008082,2012/12/12,2012/12/25,152,19.0789,80.9211,0.0000,0,0.0000,152,100.0000,29,123,0,0,fullownr_proxy,between transfer events; residency from 2026 fullownr proxy applied after first transfer; historical owner addresses not in sales extract
tmk,221008082,2012/12/26,2013/01/02,152,19.0789,80.9211,0.0000,0,0.0000,152,100.0000,29,123,0,0,fullownr_proxy,between transfer events; residency from 2026 fullownr proxy applied after first transfer; historical owner addresses not in sales extract
tmk,221008082,2013/01/03,2013/02/04,152,19.0789,80.9211,0.0000,0,0.0000,152,100.0000,29,123,0,0,fullownr_proxy,between transfer events; residency from 2026 fullownr proxy applied after first transfer; historical owner addresses not in sales extract
tmk,221008082,2013/02/05,2013/02/08,152,19.0789,80.9211,0.0000,0,0.0000,152,100.0000,29,123,0,0,fullownr_proxy,between transfer events; residency from 2026 fullownr proxy applied after first transfer; historical owner addresses not in sales extract
tmk,221008082,2013/02/09,2013/02/13,152,19.0789,80.9211,0.0000,0,0.0000,152,100.0000,29,123,0,0,fullownr_proxy,between transfer events; residency from 2026 fullownr proxy applied after first transfer; historical owner addresses not in sales extract
tmk,221008082,2013/02/14,2013/02/17,152,19.0789,80.9211,0.0000,0,0.0000,152,100.0000,29,123,0,0,fullownr_proxy,between transfer events; residency from 2026 fullownr proxy applied after first transfer; historical owner addresses not in sales extract
tmk,221008082,2013/02/18,2013/02/27,152,19.0789,80.9211,0.0000,0,0.0000,152,100.0000,29,123,0,0,fullownr_proxy,between transfer events; residency from 2026 fullownr proxy applied after first transfer; historical owner addresses not in sales extract
tmk,221008082,2013/02/28,2013/03/04,152,19.0789,80.9211,0.0000,0,0.0000,152,100.0000,29,123,0,0,fullownr_proxy,between transfer events; residency from 2026 fullownr proxy applied after first transfer; historical owner addresses not in sales extract
tmk,221008082,2013/03/05,2013/03/07,152,19.0789,80.9211,0.0000,0,0.0000,152,100.0000,29,123,0,0,fullownr_proxy,between transfer events; residency from 2026 fullownr proxy applied after first transfer; historical owner addresses not in sales extract
tmk,221008082,2013/03/08,2013/03/12,152,19.0789,80.9211,0.0000,0,0.0000,152,100.0000,29,123,0,0,fullownr_proxy,between transfer events; residency from 2026 fullownr proxy applied after first transfer; historical owner addresses not in sales extract
tmk,221008082,2013/03/13,2013/04/10,152,19.0789,80.9211,0.0000,0,0.0000,152,100.0000,29,123,0,0,fullownr_proxy,between transfer events; residency from 2026 fullownr proxy applied after first transfer; historical owner addresses not in sales extract
tmk,221008082,2013/04/11,2013/04/24,152,19.0789,80.9211,0.0000,0,0.0000,152,100.0000,29,123,0,0,fullownr_proxy,between transfer events; residency from 2026 fullownr proxy applied after first transfer; historical owner addresses not in sales extract
tmk,221008082,2013/04/25,2013/05/09,152,19.0789,80.9211,0.0000,0,0.0000,152,100.0000,29,123,0,0,fullownr_proxy,between transfer events; residency from 2026 fullownr proxy applied after first transfer; historical owner addresses not in sales extract
tmk,221008082,2013/05/10,2013/05/14,152,19.0789,80.9211,0.0000,0,0.0000,152,100.0000,29,123,0,0,fullownr_proxy,between transfer events; residency from 2026 fullownr proxy applied after first transfer; historical owner addresses not in sales extract
tmk,221008082,2013/05/15,2013/05/15,152,19.0789,80.9211,0.0000,0,0.0000,152,100.0000,29,123,0,0,fullownr_proxy,between transfer events; residency from 2026 fullownr proxy applied after first transfer; historical owner addresses not in sales extract
tmk,221008082,2013/05/16,2013/06/02,152,19.0789,80.9211,0.0000,0,0.0000,152,100.0000,29,123,0,0,fullownr_proxy,between transfer events; residency from 2026 fullownr proxy applied after first transfer; historical owner addresses not in sales extract
tmk,221008082,2013/06/03,2013/06/03,152,19.0789,80.9211,0.0000,0,0.0000,152,100.0000,29,123,0,0,fullownr_proxy,between transfer events; residency from 2026 fullownr proxy applied after first transfer; historical owner addresses not in sales extract
tmk,221008082,2013/06/04,2013/06/10,152,19.0789,80.9211,0.0000,0,0.0000,152,100.0000,29,123,0,0,fullownr_proxy,between transfer events; residency from 2026 fullownr proxy applied after first transfer; historical owner addresses not in sales extract
tmk,221008082,2013/06/11,2013/06/19,152,19.0789,80.9211,0.0000,0,0.0000,152,100.0000,29,123,0,0,fullownr_proxy,between transfer events; residency from 2026 fullownr proxy applied after first transfer; historical owner addresses not in sales extract
tmk,221008082,2013/06/20,2013/06/27,152,19.0789,80.9211,0.0000,0,0.0000,152,100.0000,29,123,0,0,fullownr_proxy,between transfer events; residency from 2026 fullownr proxy applied after first transfer; historical owner addresses not in sales extract
tmk,221008082,2013/06/28,2013/07/24,152,19.0789,80.9211,0.0000,0,0.0000,152,100.0000,29,123,0,0,fullownr_proxy,between transfer events; residency from 2026 fullownr proxy applied after first transfer; historical owner addresses not in sales extract
tmk,221008082,2013/07/25,2013/08/08,152,19.0789,80.9211,0.0000,0,0.0000,152,100.0000,29,123,0,0,fullownr_proxy,between transfer events; residency from 2026 fullownr proxy applied after first transfer; historical owner addresses not in sales extract
tmk,221008082,2013/08/09,2013/10/10,152,19.0789,80.9211,0.0000,0,0.0000,152,100.0000,29,123,0,0,fullownr_proxy,between transfer events; residency from 2026 fullownr proxy applied after first transfer; historical owner addresses not in sales extract
tmk,221008082,2013/10/11,2013/11/11,152,19.0789,80.9211,0.0000,0,0.0000,152,100.0000,29,123,0,0,fullownr_proxy,between transfer events; residency from 2026 fullownr proxy applied after first transfer; historical owner addresses not in sales extract
tmk,221008082,2013/11/12,2013/12/12,152,19.0789,80.9211,0.0000,0,0.0000,152,100.0000,29,123,0,0,fullownr_proxy,between transfer events; residency from 2026 fullownr proxy applied after first transfer; historical owner addresses not in sales extract
tmk,221008082,2013/12/13,2014/02/25,152,19.0789,80.9211,0.0000,0,0.0000,152,100.0000,29,123,0,0,fullownr_proxy,between transfer events; residency from 2026 fullownr proxy applied after first transfer; historical owner addresses not in sales extract
tmk,221008082,2014/02/26,2014/03/19,152,19.0789,80.9211,0.0000,0,0.0000,152,100.0000,29,123,0,0,fullownr_proxy,between transfer events; residency from 2026 fullownr proxy applied after first transfer; historical owner addresses not in sales extract
tmk,221008082,2014/03/20,2014/03/26,152,19.0789,80.9211,0.0000,0,0.0000,152,100.0000,29,123,0,0,fullownr_proxy,between transfer events; residency from 2026 fullownr proxy applied after first transfer; historical owner addresses not in sales extract
tmk,221008082,2014/03/27,2014/04/06,152,19.0789,80.9211,0.0000,0,0.0000,152,100.0000,29,123,0,0,fullownr_proxy,between transfer events; residency from 2026 fullownr proxy applied after first transfer; historical owner addresses not in sales extract
tmk,221008082,2014/04/07,2014/04/15,152,19.0789,80.9211,0.0000,0,0.0000,152,100.0000,29,123,0,0,fullownr_proxy,between transfer events; residency from 2026 fullownr proxy applied after first transfer; historical owner addresses not in sales extract
tmk,221008082,2014/04/16,2014/04/22,152,19.0789,80.9211,0.0000,0,0.0000,152,100.0000,29,123,0,0,fullownr_proxy,between transfer events; residency from 2026 fullownr proxy applied after first transfer; historical owner addresses not in sales extract
tmk,221008082,2014/04/23,2014/05/29,152,19.0789,80.9211,0.0000,0,0.0000,152,100.0000,29,123,0,0,fullownr_proxy,between transfer events; residency from 2026 fullownr proxy applied after first transfer; historical owner addresses not in sales extract
tmk,221008082,2014/05/30,2014/06/20,152,19.0789,80.9211,0.0000,0,0.0000,152,100.0000,29,123,0,0,fullownr_proxy,between transfer events; residency from 2026 fullownr proxy applied after first transfer; historical owner addresses not in sales extract
tmk,221008082,2014/06/21,2014/08/17,152,19.0789,80.9211,0.0000,0,0.0000,152,100.0000,29,123,0,0,fullownr_proxy,between transfer events; residency from 2026 fullownr proxy applied after first transfer; historical owner addresses not in sales extract
tmk,221008082,2014/08/18,2014/09/15,152,19.0789,80.9211,0.0000,0,0.0000,152,100.0000,29,123,0,0,fullownr_proxy,between transfer events; residency from 2026 fullownr proxy applied after first transfer; historical owner addresses not in sales extract
tmk,221008082,2014/09/16,2014/09/30,152,19.0789,80.9211,0.0000,0,0.0000,152,100.0000,29,123,0,0,fullownr_proxy,between transfer events; residency from 2026 fullownr proxy applied after first transfer; historical owner addresses not in sales extract
tmk,221008082,2014/10/01,2014/10/02,152,19.0789,80.9211,0.0000,0,0.0000,152,100.0000,29,123,0,0,fullownr_proxy,between transfer events; residency from 2026 fullownr proxy applied after first transfer; historical owner addresses not in sales extract
tmk,221008082,2014/10/03,2014/11/06,152,19.0789,80.9211,0.0000,0,0.0000,152,100.0000,29,123,0,0,fullownr_proxy,between transfer events; residency from 2026 fullownr proxy applied after first transfer; historical owner addresses not in sales extract
tmk,221008082,2014/11/07,2014/11/11,152,19.0789,80.9211,0.0000,0,0.0000,152,100.0000,29,123,0,0,fullownr_proxy,between transfer events; residency from 2026 fullownr proxy applied after first transfer; historical owner addresses not in sales extract
tmk,221008082,2014/11/12,2014/11/13,152,19.0789,80.9211,0.0000,0,0.0000,152,100.0000,29,123,0,0,fullownr_proxy,between transfer events; residency from 2026 fullownr proxy applied after first transfer; historical owner addresses not in sales extract
tmk,221008082,2014/11/14,2014/11/20,152,19.0789,80.9211,0.0000,0,0.0000,152,100.0000,29,123,0,0,fullownr_proxy,between transfer events; residency from 2026 fullownr proxy applied after first transfer; historical owner addresses not in sales extract
tmk,221008082,2014/11/21,2015/01/05,152,19.0789,80.9211,0.0000,0,0.0000,152,100.0000,29,123,0,0,fullownr_proxy,between transfer events; residency from 2026 fullownr proxy applied after first transfer; historical owner addresses not in sales extract
tmk,221008082,2015/01/06,2015/01/08,152,19.0789,80.9211,0.0000,0,0.0000,152,100.0000,29,123,0,0,fullownr_proxy,between transfer events; residency from 2026 fullownr proxy applied after first transfer; historical owner addresses not in sales extract
tmk,221008082,2015/01/09,2015/02/09,152,19.0789,80.9211,0.0000,0,0.0000,152,100.0000,29,123,0,0,fullownr_proxy,between transfer events; residency from 2026 fullownr proxy applied after first transfer; historical owner addresses not in sales extract
tmk,221008082,2015/02/10,2015/02/24,152,19.0789,80.9211,0.0000,0,0.0000,152,100.0000,29,123,0,0,fullownr_proxy,between transfer events; residency from 2026 fullownr proxy applied after first transfer; historical owner addresses not in sales extract
tmk,221008082,2015/02/25,2015/03/09,152,19.0789,80.9211,0.0000,0,0.0000,152,100.0000,29,123,0,0,fullownr_proxy,between transfer events; residency from 2026 fullownr proxy applied after first transfer; historical owner addresses not in sales extract
tmk,221008082,2015/03/10,2015/04/22,152,19.0789,80.9211,0.0000,0,0.0000,152,100.0000,29,123,0,0,fullownr_proxy,between transfer events; residency from 2026 fullownr proxy applied after first transfer; historical owner addresses not in sales extract
tmk,221008082,2015/04/23,2015/09/02,152,19.0789,80.9211,0.0000,0,0.0000,152,100.0000,29,123,0,0,fullownr_proxy,between transfer events; residency from 2026 fullownr proxy applied after first transfer; historical owner addresses not in sales extract
tmk,221008082,2015/09/03,2015/11/17,152,19.0789,80.9211,0.0000,0,0.0000,152,100.0000,29,123,0,0,fullownr_proxy,between transfer events; residency from 2026 fullownr proxy applied after first transfer; historical owner addresses not in sales extract
tmk,221008082,2015/11/18,2015/11/24,152,19.0789,80.9211,0.0000,0,0.0000,152,100.0000,29,123,0,0,fullownr_proxy,between transfer events; residency from 2026 fullownr proxy applied after first transfer; historical owner addresses not in sales extract
tmk,221008082,2015/11/25,2016/02/10,152,19.0789,80.9211,0.0000,0,0.0000,152,100.0000,29,123,0,0,fullownr_proxy,between transfer events; residency from 2026 fullownr proxy applied after first transfer; historical owner addresses not in sales extract
tmk,221008082,2016/02/11,2016/02/24,152,19.0789,80.9211,0.0000,0,0.0000,152,100.0000,29,123,0,0,fullownr_proxy,between transfer events; residency from 2026 fullownr proxy applied after first transfer; historical owner addresses not in sales extract
tmk,221008082,2016/02/25,2016/03/13,152,19.0789,80.9211,0.0000,0,0.0000,152,100.0000,29,123,0,0,fullownr_proxy,between transfer events; residency from 2026 fullownr proxy applied after first transfer; historical owner addresses not in sales extract
tmk,221008082,2016/03/14,2016/05/16,152,19.0789,80.9211,0.0000,0,0.0000,152,100.0000,29,123,0,0,fullownr_proxy,between transfer events; residency from 2026 fullownr proxy applied after first transfer; historical owner addresses not in sales extract
tmk,221008082,2016/05/17,2016/05/23,152,19.0789,80.9211,0.0000,0,0.0000,152,100.0000,29,123,0,0,fullownr_proxy,between transfer events; residency from 2026 fullownr proxy applied after first transfer; historical owner addresses not in sales extract
tmk,221008082,2016/05/24,2016/07/05,152,19.0789,80.9211,0.0000,0,0.0000,152,100.0000,29,123,0,0,fullownr_proxy,between transfer events; residency from 2026 fullownr proxy applied after first transfer; historical owner addresses not in sales extract
tmk,221008082,2016/07/06,2016/08/31,152,19.0789,80.9211,0.0000,0,0.0000,152,100.0000,29,123,0,0,fullownr_proxy,between transfer events; residency from 2026 fullownr proxy applied after first transfer; historical owner addresses not in sales extract
tmk,221008082,2016/09/01,2016/09/29,152,19.0789,80.9211,0.0000,0,0.0000,152,100.0000,29,123,0,0,fullownr_proxy,between transfer events; residency from 2026 fullownr proxy applied after first transfer; historical owner addresses not in sales extract
tmk,221008082,2016/09/30,2016/10/19,152,19.0789,80.9211,0.0000,0,0.0000,152,100.0000,29,123,0,0,fullownr_proxy,between transfer events; residency from 2026 fullownr proxy applied after first transfer; historical owner addresses not in sales extract
tmk,221008082,2016/10/20,2016/11/20,152,19.0789,80.9211,0.0000,0,0.0000,152,100.0000,29,123,0,0,fullownr_proxy,between transfer events; residency from 2026 fullownr proxy applied after first transfer; historical owner addresses not in sales extract
tmk,221008082,2016/11/21,2016/12/21,152,19.0789,80.9211,0.0000,0,0.0000,152,100.0000,29,123,0,0,fullownr_proxy,between transfer events; residency from 2026 fullownr proxy applied after first transfer; historical owner addresses not in sales extract
tmk,221008082,2016/12/22,2016/12/26,152,19.0789,80.9211,0.0000,0,0.0000,152,100.0000,29,123,0,0,fullownr_proxy,between transfer events; residency from 2026 fullownr proxy applied after first transfer; historical owner addresses not in sales extract
tmk,221008082,2016/12/27,2016/12/29,152,19.0789,80.9211,0.0000,0,0.0000,152,100.0000,29,123,0,0,fullownr_proxy,between transfer events; residency from 2026 fullownr proxy applied after first transfer; historical owner addresses not in sales extract
tmk,221008082,2016/12/30,2016/12/31,152,19.0789,80.9211,0.0000,0,0.0000,152,100.0000,29,123,0,0,fullownr_proxy,between transfer events; residency from 2026 fullownr proxy applied after first transfer; historical owner addresses not in sales extract
tmk,221008082,2017/01/01,2017/01/17,152,19.0789,80.9211,0.0000,0,0.0000,152,100.0000,29,123,0,0,fullownr_proxy,between transfer events; residency from 2026 fullownr proxy applied after first transfer; historical owner addresses not in sales extract
tmk,221008082,2017/01/18,2017/03/02,152,19.0789,80.9211,0.0000,0,0.0000,152,100.0000,29,123,0,0,fullownr_proxy,between transfer events; residency from 2026 fullownr proxy applied after first transfer; historical owner addresses not in sales extract
tmk,221008082,2017/03/03,2017/03/06,152,19.0789,80.9211,0.0000,0,0.0000,152,100.0000,29,123,0,0,fullownr_proxy,between transfer events; residency from 2026 fullownr proxy applied after first transfer; historical owner addresses not in sales extract
tmk,221008082,2017/03/07,2017/03/08,152,19.0789,80.9211,0.0000,0,0.0000,152,100.0000,29,123,0,0,fullownr_proxy,between transfer events; residency from 2026 fullownr proxy applied after first transfer; historical owner addresses not in sales extract
tmk,221008082,2017/03/09,2017/08/23,152,19.0789,80.9211,0.0000,0,0.0000,152,100.0000,29,123,0,0,fullownr_proxy,between transfer events; residency from 2026 fullownr proxy applied after first transfer; historical owner addresses not in sales extract
tmk,221008082,2017/08/24,2017/11/30,152,19.0789,80.9211,0.0000,0,0.0000,152,100.0000,29,123,0,0,fullownr_proxy,between transfer events; residency from 2026 fullownr proxy applied after first transfer; historical owner addresses not in sales extract
tmk,221008082,2017/12/01,2017/12/28,152,19.0789,80.9211,0.0000,0,0.0000,152,100.0000,29,123,0,0,fullownr_proxy,between transfer events; residency from 2026 fullownr proxy applied after first transfer; historical owner addresses not in sales extract
tmk,221008082,2017/12/29,2018/01/28,152,19.0789,80.9211,0.0000,0,0.0000,152,100.0000,29,123,0,0,fullownr_proxy,between transfer events; residency from 2026 fullownr proxy applied after first transfer; historical owner addresses not in sales extract
tmk,221008082,2018/01/29,2018/03/08,152,19.0789,80.9211,0.0000,0,0.0000,152,100.0000,29,123,0,0,fullownr_proxy,between transfer events; residency from 2026 fullownr proxy applied after first transfer; historical owner addresses not in sales extract
tmk,221008082,2018/03/09,2018/03/11,152,19.0789,80.9211,0.0000,0,0.0000,152,100.0000,29,123,0,0,fullownr_proxy,between transfer events; residency from 2026 fullownr proxy applied after first transfer; historical owner addresses not in sales extract
tmk,221008082,2018/03/12,2018/03/20,152,19.0789,80.9211,0.0000,0,0.0000,152,100.0000,29,123,0,0,fullownr_proxy,between transfer events; residency from 2026 fullownr proxy applied after first transfer; historical owner addresses not in sales extract
tmk,221008082,2018/03/21,2018/04/03,152,19.0789,80.9211,0.0000,0,0.0000,152,100.0000,29,123,0,0,fullownr_proxy,between transfer events; residency from 2026 fullownr proxy applied after first transfer; historical owner addresses not in sales extract
tmk,221008082,2018/04/04,2018/04/23,152,19.0789,80.9211,0.0000,0,0.0000,152,100.0000,29,123,0,0,fullownr_proxy,between transfer events; residency from 2026 fullownr proxy applied after first transfer; historical owner addresses not in sales extract
tmk,221008082,2018/04/24,2018/05/10,152,19.0789,80.9211,0.0000,0,0.0000,152,100.0000,29,123,0,0,fullownr_proxy,between transfer events; residency from 2026 fullownr proxy applied after first transfer; historical owner addresses not in sales extract
tmk,221008082,2018/05/11,2018/06/14,152,19.0789,80.9211,0.0000,0,0.0000,152,100.0000,29,123,0,0,fullownr_proxy,between transfer events; residency from 2026 fullownr proxy applied after first transfer; historical owner addresses not in sales extract
tmk,221008082,2018/06/15,2018/06/19,152,19.0789,80.9211,0.0000,0,0.0000,152,100.0000,29,123,0,0,fullownr_proxy,between transfer events; residency from 2026 fullownr proxy applied after first transfer; historical owner addresses not in sales extract
tmk,221008082,2018/06/20,2018/07/16,152,19.0789,80.9211,0.0000,0,0.0000,152,100.0000,29,123,0,0,fullownr_proxy,between transfer events; residency from 2026 fullownr proxy applied after first transfer; historical owner addresses not in sales extract
tmk,221008082,2018/07/17,2018/08/19,152,19.0789,80.9211,0.0000,0,0.0000,152,100.0000,29,123,0,0,fullownr_proxy,between transfer events; residency from 2026 fullownr proxy applied after first transfer; historical owner addresses not in sales extract
tmk,221008082,2018/08/20,2018/10/24,152,19.0789,80.9211,0.0000,0,0.0000,152,100.0000,29,123,0,0,fullownr_proxy,between transfer events; residency from 2026 fullownr proxy applied after first transfer; historical owner addresses not in sales extract
tmk,221008082,2018/10/25,2018/10/30,152,19.0789,80.9211,0.0000,0,0.0000,152,100.0000,29,123,0,0,fullownr_proxy,between transfer events; residency from 2026 fullownr proxy applied after first transfer; historical owner addresses not in sales extract
tmk,221008082,2018/10/31,2018/11/07,152,19.0789,80.9211,0.0000,0,0.0000,152,100.0000,29,123,0,0,fullownr_proxy,between transfer events; residency from 2026 fullownr proxy applied after first transfer; historical owner addresses not in sales extract
tmk,221008082,2018/11/08,2018/11/10,152,19.0789,80.9211,0.0000,0,0.0000,152,100.0000,29,123,0,0,fullownr_proxy,between transfer events; residency from 2026 fullownr proxy applied after first transfer; historical owner addresses not in sales extract
tmk,221008082,2018/11/11,2019/01/22,152,19.0789,80.9211,0.0000,0,0.0000,152,100.0000,29,123,0,0,fullownr_proxy,between transfer events; residency from 2026 fullownr proxy applied after first transfer; historical owner addresses not in sales extract
tmk,221008082,2019/01/23,2019/02/11,152,19.0789,80.9211,0.0000,0,0.0000,152,100.0000,29,123,0,0,fullownr_proxy,between transfer events; residency from 2026 fullownr proxy applied after first transfer; historical owner addresses not in sales extract
tmk,221008082,2019/02/12,2019/03/31,152,19.0789,80.9211,0.0000,0,0.0000,152,100.0000,29,123,0,0,fullownr_proxy,between transfer events; residency from 2026 fullownr proxy applied after first transfer; historical owner addresses not in sales extract
tmk,221008082,2019/04/01,2019/04/15,152,19.0789,80.9211,0.0000,0,0.0000,152,100.0000,29,123,0,0,fullownr_proxy,between transfer events; residency from 2026 fullownr proxy applied after first transfer; historical owner addresses not in sales extract
tmk,221008082,2019/04/16,2019/05/13,152,19.0789,80.9211,0.0000,0,0.0000,152,100.0000,29,123,0,0,fullownr_proxy,between transfer events; residency from 2026 fullownr proxy applied after first transfer; historical owner addresses not in sales extract
tmk,221008082,2019/05/14,2019/05/21,152,19.0789,80.9211,0.0000,0,0.0000,152,100.0000,29,123,0,0,fullownr_proxy,between transfer events; residency from 2026 fullownr proxy applied after first transfer; historical owner addresses not in sales extract
tmk,221008082,2019/05/22,2019/05/30,152,19.0789,80.9211,0.0000,0,0.0000,152,100.0000,29,123,0,0,fullownr_proxy,between transfer events; residency from 2026 fullownr proxy applied after first transfer; historical owner addresses not in sales extract
tmk,221008082,2019/05/31,2019/07/08,152,19.0789,80.9211,0.0000,0,0.0000,152,100.0000,29,123,0,0,fullownr_proxy,between transfer events; residency from 2026 fullownr proxy applied after first transfer; historical owner addresses not in sales extract
tmk,221008082,2019/07/09,2019/08/01,152,19.0789,80.9211,0.0000,0,0.0000,152,100.0000,29,123,0,0,fullownr_proxy,between transfer events; residency from 2026 fullownr proxy applied after first transfer; historical owner addresses not in sales extract
tmk,221008082,2019/08/02,2019/08/04,152,19.0789,80.9211,0.0000,0,0.0000,152,100.0000,29,123,0,0,fullownr_proxy,between transfer events; residency from 2026 fullownr proxy applied after first transfer; historical owner addresses not in sales extract
tmk,221008082,2019/08/05,2019/09/08,152,19.0789,80.9211,0.0000,0,0.0000,152,100.0000,29,123,0,0,fullownr_proxy,between transfer events; residency from 2026 fullownr proxy applied after first transfer; historical owner addresses not in sales extract
tmk,221008082,2019/09/09,2019/10/15,152,19.0789,80.9211,0.0000,0,0.0000,152,100.0000,29,123,0,0,fullownr_proxy,between transfer events; residency from 2026 fullownr proxy applied after first transfer; historical owner addresses not in sales extract
tmk,221008082,2019/10/16,2019/11/07,152,19.0789,80.9211,0.0000,0,0.0000,152,100.0000,29,123,0,0,fullownr_proxy,between transfer events; residency from 2026 fullownr proxy applied after first transfer; historical owner addresses not in sales extract
tmk,221008082,2019/11/08,2019/12/17,152,19.0789,80.9211,0.0000,0,0.0000,152,100.0000,29,123,0,0,fullownr_proxy,between transfer events; residency from 2026 fullownr proxy applied after first transfer; historical owner addresses not in sales extract
tmk,221008082,2019/12/18,2020/01/23,152,19.0789,80.9211,0.0000,0,0.0000,152,100.0000,29,123,0,0,fullownr_proxy,between transfer events; residency from 2026 fullownr proxy applied after first transfer; historical owner addresses not in sales extract
tmk,221008082,2020/01/24,2020/01/27,152,19.0789,80.9211,0.0000,0,0.0000,152,100.0000,29,123,0,0,fullownr_proxy,between transfer events; residency from 2026 fullownr proxy applied after first transfer; historical owner addresses not in sales extract
tmk,221008082,2020/01/28,2020/02/02,152,19.0789,80.9211,0.0000,0,0.0000,152,100.0000,29,123,0,0,fullownr_proxy,between transfer events; residency from 2026 fullownr proxy applied after first transfer; historical owner addresses not in sales extract
tmk,221008082,2020/02/03,2020/02/05,152,19.0789,80.9211,0.0000,0,0.0000,152,100.0000,29,123,0,0,fullownr_proxy,between transfer events; residency from 2026 fullownr proxy applied after first transfer; historical owner addresses not in sales extract
tmk,221008082,2020/02/06,2020/02/11,152,19.0789,80.9211,0.0000,0,0.0000,152,100.0000,29,123,0,0,fullownr_proxy,between transfer events; residency from 2026 fullownr proxy applied after first transfer; historical owner addresses not in sales extract
tmk,221008082,2020/02/12,2020/03/15,152,19.0789,80.9211,0.0000,0,0.0000,152,100.0000,29,123,0,0,fullownr_proxy,between transfer events; residency from 2026 fullownr proxy applied after first transfer; historical owner addresses not in sales extract
tmk,221008082,2020/03/16,2020/03/17,152,19.0789,80.9211,0.0000,0,0.0000,152,100.0000,29,123,0,0,fullownr_proxy,between transfer events; residency from 2026 fullownr proxy applied after first transfer; historical owner addresses not in sales extract
tmk,221008082,2020/03/18,2020/03/23,152,19.0789,80.9211,0.0000,0,0.0000,152,100.0000,29,123,0,0,fullownr_proxy,between transfer events; residency from 2026 fullownr proxy applied after first transfer; historical owner addresses not in sales extract
tmk,221008082,2020/03/24,2020/04/14,152,19.0789,80.9211,0.0000,0,0.0000,152,100.0000,29,123,0,0,fullownr_proxy,between transfer events; residency from 2026 fullownr proxy applied after first transfer; historical owner addresses not in sales extract
tmk,221008082,2020/04/15,2020/05/11,152,19.0789,80.9211,0.0000,0,0.0000,152,100.0000,29,123,0,0,fullownr_proxy,between transfer events; residency from 2026 fullownr proxy applied after first transfer; historical owner addresses not in sales extract
tmk,221008082,2020/05/12,2020/07/28,152,19.0789,80.9211,0.0000,0,0.0000,152,100.0000,29,123,0,0,fullownr_proxy,between transfer events; residency from 2026 fullownr proxy applied after first transfer; historical owner addresses not in sales extract
tmk,221008082,2020/07/29,2020/08/20,152,19.0789,80.9211,0.0000,0,0.0000,152,100.0000,29,123,0,0,fullownr_proxy,between transfer events; residency from 2026 fullownr proxy applied after first transfer; historical owner addresses not in sales extract
tmk,221008082,2020/08/21,2020/10/23,152,19.0789,80.9211,0.0000,0,0.0000,152,100.0000,29,123,0,0,fullownr_proxy,between transfer events; residency from 2026 fullownr proxy applied after first transfer; historical owner addresses not in sales extract
tmk,221008082,2020/10/24,2020/11/05,152,19.0789,80.9211,0.0000,0,0.0000,152,100.0000,29,123,0,0,fullownr_proxy,between transfer events; residency from 2026 fullownr proxy applied after first transfer; historical owner addresses not in sales extract
tmk,221008082,2020/11/06,2020/11/11,152,19.0789,80.9211,0.0000,0,0.0000,152,100.0000,29,123,0,0,fullownr_proxy,between transfer events; residency from 2026 fullownr proxy applied after first transfer; historical owner addresses not in sales extract
tmk,221008082,2020/11/12,2020/11/26,152,19.0789,80.9211,0.0000,0,0.0000,152,100.0000,29,123,0,0,fullownr_proxy,between transfer events; residency from 2026 fullownr proxy applied after first transfer; historical owner addresses not in sales extract
tmk,221008082,2020/11/27,2020/11/29,152,19.0789,80.9211,0.0000,0,0.0000,152,100.0000,29,123,0,0,fullownr_proxy,between transfer events; residency from 2026 fullownr proxy applied after first transfer; historical owner addresses not in sales extract
tmk,221008082,2020/11/30,2020/12/03,152,19.0789,80.9211,0.0000,0,0.0000,152,100.0000,29,123,0,0,fullownr_proxy,between transfer events; residency from 2026 fullownr proxy applied after first transfer; historical owner addresses not in sales extract
tmk,221008082,2020/12/04,2020/12/10,152,19.0789,80.9211,0.0000,0,0.0000,152,100.0000,29,123,0,0,fullownr_proxy,between transfer events; residency from 2026 fullownr proxy applied after first transfer; historical owner addresses not in sales extract
tmk,221008082,2020/12/11,2020/12/17,152,19.0789,80.9211,0.0000,0,0.0000,152,100.0000,29,123,0,0,fullownr_proxy,between transfer events; residency from 2026 fullownr proxy applied after first transfer; historical owner addresses not in sales extract
tmk,221008082,2020/12/18,2020/12/23,152,19.0789,80.9211,0.0000,0,0.0000,152,100.0000,29,123,0,0,fullownr_proxy,between transfer events; residency from 2026 fullownr proxy applied after first transfer; historical owner addresses not in sales extract
tmk,221008082,2020/12/24,2021/02/16,152,19.0789,80.9211,0.0000,0,0.0000,152,100.0000,29,123,0,0,fullownr_proxy,between transfer events; residency from 2026 fullownr proxy applied after first transfer; historical owner addresses not in sales extract
tmk,221008082,2021/02/17,2021/03/08,152,19.0789,80.9211,0.0000,0,0.0000,152,100.0000,29,123,0,0,fullownr_proxy,between transfer events; residency from 2026 fullownr proxy applied after first transfer; historical owner addresses not in sales extract
tmk,221008082,2021/03/09,2021/03/09,152,19.0789,80.9211,0.0000,0,0.0000,152,100.0000,29,123,0,0,fullownr_proxy,between transfer events; residency from 2026 fullownr proxy applied after first transfer; historical owner addresses not in sales extract
tmk,221008082,2021/03/10,2021/03/26,152,19.0789,80.9211,0.0000,0,0.0000,152,100.0000,29,123,0,0,fullownr_proxy,between transfer events; residency from 2026 fullownr proxy applied after first transfer; historical owner addresses not in sales extract
tmk,221008082,2021/03/27,2021/04/08,152,19.0789,80.9211,0.0000,0,0.0000,152,100.0000,29,123,0,0,fullownr_proxy,between transfer events; residency from 2026 fullownr proxy applied after first transfer; historical owner addresses not in sales extract
tmk,221008082,2021/04/09,2021/04/12,152,19.0789,80.9211,0.0000,0,0.0000,152,100.0000,29,123,0,0,fullownr_proxy,between transfer events; residency from 2026 fullownr proxy applied after first transfer; historical owner addresses not in sales extract
tmk,221008082,2021/04/13,2021/06/21,152,19.0789,80.9211,0.0000,0,0.0000,152,100.0000,29,123,0,0,fullownr_proxy,between transfer events; residency from 2026 fullownr proxy applied after first transfer; historical owner addresses not in sales extract
tmk,221008082,2021/06/22,2021/06/22,152,19.0789,80.9211,0.0000,0,0.0000,152,100.0000,29,123,0,0,fullownr_proxy,between transfer events; residency from 2026 fullownr proxy applied after first transfer; historical owner addresses not in sales extract
tmk,221008082,2021/06/23,2021/07/08,152,19.0789,80.9211,0.0000,0,0.0000,152,100.0000,29,123,0,0,fullownr_proxy,between transfer events; residency from 2026 fullownr proxy applied after first transfer; historical owner addresses not in sales extract
tmk,221008082,2021/07/09,2021/07/15,152,19.0789,80.9211,0.0000,0,0.0000,152,100.0000,29,123,0,0,fullownr_proxy,between transfer events; residency from 2026 fullownr proxy applied after first transfer; historical owner addresses not in sales extract
tmk,221008082,2021/07/16,2021/08/29,152,19.0789,80.9211,0.0000,0,0.0000,152,100.0000,29,123,0,0,fullownr_proxy,between transfer events; residency from 2026 fullownr proxy applied after first transfer; historical owner addresses not in sales extract
tmk,221008082,2021/08/30,2021/09/01,152,19.0789,80.9211,0.0000,0,0.0000,152,100.0000,29,123,0,0,fullownr_proxy,between transfer events; residency from 2026 fullownr proxy applied after first transfer; historical owner addresses not in sales extract
tmk,221008082,2021/09/02,2021/09/12,152,19.0789,80.9211,0.0000,0,0.0000,152,100.0000,29,123,0,0,fullownr_proxy,between transfer events; residency from 2026 fullownr proxy applied after first transfer; historical owner addresses not in sales extract
tmk,221008082,2021/09/13,2021/09/21,152,19.0789,80.9211,0.0000,0,0.0000,152,100.0000,29,123,0,0,fullownr_proxy,between transfer events; residency from 2026 fullownr proxy applied after first transfer; historical owner addresses not in sales extract
tmk,221008082,2021/09/22,2021/09/27,152,19.0789,80.9211,0.0000,0,0.0000,152,100.0000,29,123,0,0,fullownr_proxy,between transfer events; residency from 2026 fullownr proxy applied after first transfer; historical owner addresses not in sales extract
tmk,221008082,2021/09/28,2021/09/30,152,19.0789,80.9211,0.0000,0,0.0000,152,100.0000,29,123,0,0,fullownr_proxy,between transfer events; residency from 2026 fullownr proxy applied after first transfer; historical owner addresses not in sales extract
tmk,221008082,2021/10/01,2021/11/02,152,19.0789,80.9211,0.0000,0,0.0000,152,100.0000,29,123,0,0,fullownr_proxy,between transfer events; residency from 2026 fullownr proxy applied after first transfer; historical owner addresses not in sales extract
tmk,221008082,2021/11/03,2021/11/11,152,19.0789,80.9211,0.0000,0,0.0000,152,100.0000,29,123,0,0,fullownr_proxy,between transfer events; residency from 2026 fullownr proxy applied after first transfer; historical owner addresses not in sales extract
tmk,221008082,2021/11/12,2021/12/12,152,19.0789,80.9211,0.0000,0,0.0000,152,100.0000,29,123,0,0,fullownr_proxy,between transfer events; residency from 2026 fullownr proxy applied after first transfer; historical owner addresses not in sales extract
tmk,221008082,2021/12/13,2021/12/16,152,19.0789,80.9211,0.0000,0,0.0000,152,100.0000,29,123,0,0,fullownr_proxy,between transfer events; residency from 2026 fullownr proxy applied after first transfer; historical owner addresses not in sales extract
tmk,221008082,2021/12/17,2022/01/17,152,19.0789,80.9211,0.0000,0,0.0000,152,100.0000,29,123,0,0,fullownr_proxy,between transfer events; residency from 2026 fullownr proxy applied after first transfer; historical owner addresses not in sales extract
tmk,221008082,2022/01/18,2022/01/27,152,19.0789,80.9211,0.0000,0,0.0000,152,100.0000,29,123,0,0,fullownr_proxy,between transfer events; residency from 2026 fullownr proxy applied after first transfer; historical owner addresses not in sales extract
tmk,221008082,2022/01/28,2022/02/10,152,19.0789,80.9211,0.0000,0,0.0000,152,100.0000,29,123,0,0,fullownr_proxy,between transfer events; residency from 2026 fullownr proxy applied after first transfer; historical owner addresses not in sales extract
tmk,221008082,2022/02/11,2022/02/23,152,19.0789,80.9211,0.0000,0,0.0000,152,100.0000,29,123,0,0,fullownr_proxy,between transfer events; residency from 2026 fullownr proxy applied after first transfer; historical owner addresses not in sales extract
tmk,221008082,2022/02/24,2022/02/28,152,19.0789,80.9211,0.0000,0,0.0000,152,100.0000,29,123,0,0,fullownr_proxy,between transfer events; residency from 2026 fullownr proxy applied after first transfer; historical owner addresses not in sales extract
tmk,221008082,2022/03/01,2022/03/16,152,19.0789,80.9211,0.0000,0,0.0000,152,100.0000,29,123,0,0,fullownr_proxy,between transfer events; residency from 2026 fullownr proxy applied after first transfer; historical owner addresses not in sales extract
tmk,221008082,2022/03/17,2022/03/19,152,19.0789,80.9211,0.0000,0,0.0000,152,100.0000,29,123,0,0,fullownr_proxy,between transfer events; residency from 2026 fullownr proxy applied after first transfer; historical owner addresses not in sales extract
tmk,221008082,2022/03/20,2022/03/22,152,19.0789,80.9211,0.0000,0,0.0000,152,100.0000,29,123,0,0,fullownr_proxy,between transfer events; residency from 2026 fullownr proxy applied after first transfer; historical owner addresses not in sales extract
tmk,221008082,2022/03/23,2022/04/06,152,19.0789,80.9211,0.0000,0,0.0000,152,100.0000,29,123,0,0,fullownr_proxy,between transfer events; residency from 2026 fullownr proxy applied after first transfer; historical owner addresses not in sales extract
tmk,221008082,2022/04/07,2022/04/07,152,19.0789,80.9211,0.0000,0,0.0000,152,100.0000,29,123,0,0,fullownr_proxy,between transfer events; residency from 2026 fullownr proxy applied after first transfer; historical owner addresses not in sales extract
tmk,221008082,2022/04/08,2022/04/11,152,19.0789,80.9211,0.0000,0,0.0000,152,100.0000,29,123,0,0,fullownr_proxy,between transfer events; residency from 2026 fullownr proxy applied after first transfer; historical owner addresses not in sales extract
tmk,221008082,2022/04/12,2022/04/28,152,19.0789,80.9211,0.0000,0,0.0000,152,100.0000,29,123,0,0,fullownr_proxy,between transfer events; residency from 2026 fullownr proxy applied after first transfer; historical owner addresses not in sales extract
tmk,221008082,2022/04/29,2022/05/10,152,19.0789,80.9211,0.0000,0,0.0000,152,100.0000,29,123,0,0,fullownr_proxy,between transfer events; residency from 2026 fullownr proxy applied after first transfer; historical owner addresses not in sales extract
tmk,221008082,2022/05/11,2022/07/07,152,19.0789,80.9211,0.0000,0,0.0000,152,100.0000,29,123,0,0,fullownr_proxy,between transfer events; residency from 2026 fullownr proxy applied after first transfer; historical owner addresses not in sales extract
tmk,221008082,2022/07/08,2022/07/19,152,19.0789,80.9211,0.0000,0,0.0000,152,100.0000,29,123,0,0,fullownr_proxy,between transfer events; residency from 2026 fullownr proxy applied after first transfer; historical owner addresses not in sales extract
tmk,221008082,2022/07/20,2022/08/02,152,19.0789,80.9211,0.0000,0,0.0000,152,100.0000,29,123,0,0,fullownr_proxy,between transfer events; residency from 2026 fullownr proxy applied after first transfer; historical owner addresses not in sales extract
tmk,221008082,2022/08/03,2022/09/05,152,19.0789,80.9211,0.0000,0,0.0000,152,100.0000,29,123,0,0,fullownr_proxy,between transfer events; residency from 2026 fullownr proxy applied after first transfer; historical owner addresses not in sales extract
tmk,221008082,2022/09/06,2022/10/16,152,19.0789,80.9211,0.0000,0,0.0000,152,100.0000,29,123,0,0,fullownr_proxy,between transfer events; residency from 2026 fullownr proxy applied after first transfer; historical owner addresses not in sales extract
tmk,221008082,2022/10/17,2022/11/08,152,19.0789,80.9211,0.0000,0,0.0000,152,100.0000,29,123,0,0,fullownr_proxy,between transfer events; residency from 2026 fullownr proxy applied after first transfer; historical owner addresses not in sales extract
tmk,221008082,2022/11/09,2023/01/10,152,19.0789,80.9211,0.0000,0,0.0000,152,100.0000,29,123,0,0,fullownr_proxy,between transfer events; residency from 2026 fullownr proxy applied after first transfer; historical owner addresses not in sales extract
tmk,221008082,2023/01/11,2023/03/21,152,19.0789,80.9211,0.0000,0,0.0000,152,100.0000,29,123,0,0,fullownr_proxy,between transfer events; residency from 2026 fullownr proxy applied after first transfer; historical owner addresses not in sales extract
tmk,221008082,2023/03/22,2023/04/27,152,19.0789,80.9211,0.0000,0,0.0000,152,100.0000,29,123,0,0,fullownr_proxy,between transfer events; residency from 2026 fullownr proxy applied after first transfer; historical owner addresses not in sales extract
tmk,221008082,2023/04/28,2023/06/08,152,19.0789,80.9211,0.0000,0,0.0000,152,100.0000,29,123,0,0,fullownr_proxy,between transfer events; residency from 2026 fullownr proxy applied after first transfer; historical owner addresses not in sales extract
tmk,221008082,2023/06/09,2023/06/21,152,19.0789,80.9211,0.0000,0,0.0000,152,100.0000,29,123,0,0,fullownr_proxy,between transfer events; residency from 2026 fullownr proxy applied after first transfer; historical owner addresses not in sales extract
tmk,221008082,2023/06/22,2023/07/11,152,19.0789,80.9211,0.0000,0,0.0000,152,100.0000,29,123,0,0,fullownr_proxy,between transfer events; residency from 2026 fullownr proxy applied after first transfer; historical owner addresses not in sales extract
tmk,221008082,2023/07/12,2023/08/05,152,19.0789,80.9211,0.0000,0,0.0000,152,100.0000,29,123,0,0,fullownr_proxy,between transfer events; residency from 2026 fullownr proxy applied after first transfer; historical owner addresses not in sales extract
tmk,221008082,2023/08/06,2023/10/03,152,19.0789,80.9211,0.0000,0,0.0000,152,100.0000,29,123,0,0,fullownr_proxy,between transfer events; residency from 2026 fullownr proxy applied after first transfer; historical owner addresses not in sales extract
tmk,221008082,2023/10/04,2023/10/09,152,19.0789,80.9211,0.0000,0,0.0000,152,100.0000,29,123,0,0,fullownr_proxy,between transfer events; residency from 2026 fullownr proxy applied after first transfer; historical owner addresses not in sales extract
tmk,221008082,2023/10/10,2023/12/18,152,19.0789,80.9211,0.0000,0,0.0000,152,100.0000,29,123,0,0,fullownr_proxy,between transfer events; residency from 2026 fullownr proxy applied after first transfer; historical owner addresses not in sales extract
tmk,221008082,2023/12/19,2024/03/03,152,19.0789,80.9211,0.0000,0,0.0000,152,100.0000,29,123,0,0,fullownr_proxy,between transfer events; residency from 2026 fullownr proxy applied after first transfer; historical owner addresses not in sales extract
tmk,221008082,2024/03/04,2024/05/19,152,19.0789,80.9211,0.0000,0,0.0000,152,100.0000,29,123,0,0,fullownr_proxy,between transfer events; residency from 2026 fullownr proxy applied after first transfer; historical owner addresses not in sales extract
tmk,221008082,2024/05/20,2024/06/23,152,19.0789,80.9211,0.0000,0,0.0000,152,100.0000,29,123,0,0,fullownr_proxy,between transfer events; residency from 2026 fullownr proxy applied after first transfer; historical owner addresses not in sales extract
tmk,221008082,2024/06/24,2024/10/07,152,19.0789,80.9211,0.0000,0,0.0000,152,100.0000,29,123,0,0,fullownr_proxy,between transfer events; residency from 2026 fullownr proxy applied after first transfer; historical owner addresses not in sales extract
tmk,221008082,2024/10/08,2024/10/16,152,19.0789,80.9211,0.0000,0,0.0000,152,100.0000,29,123,0,0,fullownr_proxy,between transfer events; residency from 2026 fullownr proxy applied after first transfer; historical owner addresses not in sales extract
tmk,221008082,2024/10/17,2024/10/22,152,19.0789,80.9211,0.0000,0,0.0000,152,100.0000,29,123,0,0,fullownr_proxy,between transfer events; residency from 2026 fullownr proxy applied after first transfer; historical owner addresses not in sales extract
tmk,221008082,2024/10/23,2024/10/23,152,19.0789,80.9211,0.0000,0,0.0000,152,100.0000,29,123,0,0,fullownr_proxy,between transfer events; residency from 2026 fullownr proxy applied after first transfer; historical owner addresses not in sales extract
tmk,221008082,2024/10/24,2024/11/03,152,19.0789,80.9211,0.0000,0,0.0000,152,100.0000,29,123,0,0,fullownr_proxy,between transfer events; residency from 2026 fullownr proxy applied after first transfer; historical owner addresses not in sales extract
tmk,221008082,2024/11/04,2024/11/21,152,19.0789,80.9211,0.0000,0,0.0000,152,100.0000,29,123,0,0,fullownr_proxy,between transfer events; residency from 2026 fullownr proxy applied after first transfer; historical owner addresses not in sales extract
tmk,221008082,2024/11/22,2025/02/03,152,19.0789,80.9211,0.0000,0,0.0000,152,100.0000,29,123,0,0,fullownr_proxy,between transfer events; residency from 2026 fullownr proxy applied after first transfer; historical owner addresses not in sales extract
tmk,221008082,2025/02/04,2025/04/09,152,19.0789,80.9211,0.0000,0,0.0000,152,100.0000,29,123,0,0,fullownr_proxy,between transfer events; residency from 2026 fullownr proxy applied after first transfer; historical owner addresses not in sales extract
tmk,221008082,2025/04/10,2025/07/07,152,19.0789,80.9211,0.0000,0,0.0000,152,100.0000,29,123,0,0,fullownr_proxy,between transfer events; residency from 2026 fullownr proxy applied after first transfer; historical owner addresses not in sales extract
tmk,221008082,2025/07/08,2025/10/21,152,19.0789,80.9211,0.0000,0,0.0000,152,100.0000,29,123,0,0,fullownr_proxy,between transfer events; residency from 2026 fullownr proxy applied after first transfer; historical owner addresses not in sales extract
tmk,221008082,2025/10/22,2025/12/22,152,19.0789,80.9211,0.0000,0,0.0000,152,100.0000,29,123,0,0,fullownr_proxy,between transfer events; residency from 2026 fullownr proxy applied after first transfer; historical owner addresses not in sales extract
tmk,221008082,2025/12/23,,152,19.0789,80.9211,0.0000,0,0.0000,152,100.0000,29,123,0,0,fullownr_snapshot,current ownership from 2026 fullownr extract
