tmk_key,cpr,parid,boc_tmk,unit,boc_unit,condominium_name,street_address,document_number,instrument_code,recording_date,grantor,grantee,description,scraped_at
239004082,0001,390040820001,2-3-9-004-082-0001,G 101,G101,MAUI KAMAOLE PHASE III,2777 S KIHEI RD UNIT G 101,A65330972,R,,,,,2026-07-15T19:41:40
239004082,0001,390040820001,2-3-9-004-082-0001,G 101,G101,MAUI KAMAOLE PHASE III,2777 S KIHEI RD UNIT G 101,A2006208163,M,,,,,2026-07-15T19:41:40
239004082,0001,390040820001,2-3-9-004-082-0001,G 101,G101,MAUI KAMAOLE PHASE III,2777 S KIHEI RD UNIT G 101,65090038,,,,,,2026-07-15T19:41:40
239004082,0001,390040820001,2-3-9-004-082-0001,G 101,G101,MAUI KAMAOLE PHASE III,2777 S KIHEI RD UNIT G 101,A56890386,M,,,,,2026-07-15T19:41:40
239004082,0001,390040820001,2-3-9-004-082-0001,G 101,G101,MAUI KAMAOLE PHASE III,2777 S KIHEI RD UNIT G 101,90194704,,,,,,2026-07-15T19:41:40
239004082,0001,390040820001,2-3-9-004-082-0001,G 101,G101,MAUI KAMAOLE PHASE III,2777 S KIHEI RD UNIT G 101,91037613,,,,,,2026-07-15T19:41:40
239004082,0001,390040820001,2-3-9-004-082-0001,G 101,G101,MAUI KAMAOLE PHASE III,2777 S KIHEI RD UNIT G 101,91037614,,,,,,2026-07-15T19:41:40
239004082,0001,390040820001,2-3-9-004-082-0001,G 101,G101,MAUI KAMAOLE PHASE III,2777 S KIHEI RD UNIT G 101,91051777,,,,,,2026-07-15T19:41:40
239004082,0001,390040820001,2-3-9-004-082-0001,G 101,G101,MAUI KAMAOLE PHASE III,2777 S KIHEI RD UNIT G 101,91037614,UKN,,,,,2026-07-15T19:41:40
239004082,0001,390040820001,2-3-9-004-082-0001,G 101,G101,MAUI KAMAOLE PHASE III,2777 S KIHEI RD UNIT G 101,"A76480131/AD
A76810265/AD
A76991029/AD
A77180202/D
A77340464/D
A77370188/D
A77670653/AD
A77830115/D
A77970394/AD
A78020553/AD
A78080152/AD
A78250344/AD
A78570961/AD
A78940286/AD
A78940287/M
A79570943/D
A79860510/AGM
A79900170/AD
A79920571/M
A80000213/AD
A80140930/AD
A80141102/AD
A80261188/NL",,,,,,2026-07-15T19:41:40
239004082,0001,390040820001,2-3-9-004-082-0001,G 101,G101,MAUI KAMAOLE PHASE III,2777 S KIHEI RD UNIT G 101,99077451,,,,,,2026-07-15T19:41:40
239004082,0001,390040820001,2-3-9-004-082-0001,G 101,G101,MAUI KAMAOLE PHASE III,2777 S KIHEI RD UNIT G 101,91037614,UKN,,,,,2026-07-15T19:41:40
239004082,0001,390040820001,2-3-9-004-082-0001,G 101,G101,MAUI KAMAOLE PHASE III,2777 S KIHEI RD UNIT G 101,99077451,UKN,,,,,2026-07-15T19:41:40
239004082,0001,390040820001,2-3-9-004-082-0001,G 101,G101,MAUI KAMAOLE PHASE III,2777 S KIHEI RD UNIT G 101,"A76480131/AD
A76991029/AD
A77340464/D
A77830115/D
A78020553/AD
A78570961/AD
A79570943/D
A79860510/AGM
A79900170/AD
A79920571/M
A80000213/AD
A80140930/AD
A80261188/NL
A88710110/AD",,,,,,2026-07-15T19:41:40
239004082,0001,390040820001,2-3-9-004-082-0001,G 101,G101,MAUI KAMAOLE PHASE III,2777 S KIHEI RD UNIT G 101,99077451,UKN,,,,,2026-07-15T19:41:40
239004082,0001,390040820001,2-3-9-004-082-0001,G 101,G101,MAUI KAMAOLE PHASE III,2777 S KIHEI RD UNIT G 101,A57450711,R,,,,,2026-07-15T19:41:40
239004082,0001,390040820001,2-3-9-004-082-0001,G 101,G101,MAUI KAMAOLE PHASE III,2777 S KIHEI RD UNIT G 101,99077451,UKN,,,,,2026-07-15T19:41:40
239004082,0002,390040820002,2-3-9-004-082-0002,G 102,G102,MAUI KAMAOLE PHASE III,2777 S KIHEI RD UNIT G 102,Grantee(s),,,,,,2026-07-15T19:41:40
239004082,0002,390040820002,2-3-9-004-082-0002,G 102,G102,MAUI KAMAOLE PHASE III,2777 S KIHEI RD UNIT G 102,"BARTLE, JEFFREY K
BARTLE, LINDA K",,,,,,2026-07-15T19:41:40
239004082,0002,390040820002,2-3-9-004-082-0002,G 102,G102,MAUI KAMAOLE PHASE III,2777 S KIHEI RD UNIT G 102,"LORENZI, ANTHONY J
LORENZI, ELIZABETH M",,,,,,2026-07-15T19:41:40
239004082,0002,390040820002,2-3-9-004-082-0002,G 102,G102,MAUI KAMAOLE PHASE III,2777 S KIHEI RD UNIT G 102,HON MTG CO INC,,,,,,2026-07-15T19:41:40
239004082,0002,390040820002,2-3-9-004-082-0002,G 102,G102,MAUI KAMAOLE PHASE III,2777 S KIHEI RD UNIT G 102,MAUI KAMAOLE ENTERS,,,,,,2026-07-15T19:41:40
239004082,0002,390040820002,2-3-9-004-082-0002,G 102,G102,MAUI KAMAOLE PHASE III,2777 S KIHEI RD UNIT G 102,"LORENZI, ANTHONY J
LORENZI, ELIZABETH M",,,,,,2026-07-15T19:41:40
239004082,0002,390040820002,2-3-9-004-082-0002,G 102,G102,MAUI KAMAOLE PHASE III,2777 S KIHEI RD UNIT G 102,CRYSTAL CONDO PROPS,,,,,,2026-07-15T19:41:40
239004082,0002,390040820002,2-3-9-004-082-0002,G 102,G102,MAUI KAMAOLE PHASE III,2777 S KIHEI RD UNIT G 102,98156941,NL,,,,,2026-07-15T19:41:40
239004082,0002,390040820002,2-3-9-004-082-0002,G 102,G102,MAUI KAMAOLE PHASE III,2777 S KIHEI RD UNIT G 102,2000091355,NL,,,,,2026-07-15T19:41:40
239004082,0002,390040820002,2-3-9-004-082-0002,G 102,G102,MAUI KAMAOLE PHASE III,2777 S KIHEI RD UNIT G 102,"STAPLES, ROBERT G
STAPLES, TAMARA C",,,,,,2026-07-15T19:41:40
239004082,0002,390040820002,2-3-9-004-082-0002,G 102,G102,MAUI KAMAOLE PHASE III,2777 S KIHEI RD UNIT G 102,"BARTLE, JEFFREY
BARTLE, LINDA
SANDOW, DEAN
SANDOW, TAMMY",,,,,,2026-07-15T19:41:40
239004082,0002,390040820002,2-3-9-004-082-0002,G 102,G102,MAUI KAMAOLE PHASE III,2777 S KIHEI RD UNIT G 102,COUNTRYWIDE HOME LOANS INC,,,,,,2026-07-15T19:41:40
239004082,0002,390040820002,2-3-9-004-082-0002,G 102,G102,MAUI KAMAOLE PHASE III,2777 S KIHEI RD UNIT G 102,"BARTLE, JEFFREY
BARTLE, LINDA
SANDOW, DEAN
SANDOW, TAMMY",,,,,,2026-07-15T19:41:40
239004082,0003,390040820003,2-3-9-004-082-0003,G 103,G103,MAUI KAMAOLE PHASE III,2777 S KIHEI RD UNIT G 103,Certificate,,,,,,2026-07-15T19:41:40
239004082,0004,390040820004,2-3-9-004-082-0004,G 104,G104,MAUI KAMAOLE PHASE III,2777 S KIHEI RD UNIT G 104,46260135,R,,,,,2026-07-15T19:41:40
239004082,0004,390040820004,2-3-9-004-082-0004,G 104,G104,MAUI KAMAOLE PHASE III,2777 S KIHEI RD UNIT G 104,66450413,,,,,,2026-07-15T19:41:40
239004082,0004,390040820004,2-3-9-004-082-0004,G 104,G104,MAUI KAMAOLE PHASE III,2777 S KIHEI RD UNIT G 104,90194706,,,,,,2026-07-15T19:41:40
239004082,0004,390040820004,2-3-9-004-082-0004,G 104,G104,MAUI KAMAOLE PHASE III,2777 S KIHEI RD UNIT G 104,91034732,,,,,,2026-07-15T19:41:40
239004082,0004,390040820004,2-3-9-004-082-0004,G 104,G104,MAUI KAMAOLE PHASE III,2777 S KIHEI RD UNIT G 104,92129125,,,,,,2026-07-15T19:41:40
239004082,0004,390040820004,2-3-9-004-082-0004,G 104,G104,MAUI KAMAOLE PHASE III,2777 S KIHEI RD UNIT G 104,98156941,NL,,,,,2026-07-15T19:41:40
239004082,0004,390040820004,2-3-9-004-082-0004,G 104,G104,MAUI KAMAOLE PHASE III,2777 S KIHEI RD UNIT G 104,99138551,R,,,,,2026-07-15T19:41:40
239004082,0004,390040820004,2-3-9-004-082-0004,G 104,G104,MAUI KAMAOLE PHASE III,2777 S KIHEI RD UNIT G 104,99138552,R,,,,,2026-07-15T19:41:40
239004082,0004,390040820004,2-3-9-004-082-0004,G 104,G104,MAUI KAMAOLE PHASE III,2777 S KIHEI RD UNIT G 104,99155301,,,,,,2026-07-15T19:41:40
239004082,0004,390040820004,2-3-9-004-082-0004,G 104,G104,MAUI KAMAOLE PHASE III,2777 S KIHEI RD UNIT G 104,2000091355,NL,,,,,2026-07-15T19:41:40
239004082,0004,390040820004,2-3-9-004-082-0004,G 104,G104,MAUI KAMAOLE PHASE III,2777 S KIHEI RD UNIT G 104,2002071252,,,,,,2026-07-15T19:41:40
239004082,0005,390040820005,2-3-9-004-082-0005,G 105,G105,MAUI KAMAOLE PHASE III,2777 S KIHEI RD UNIT G 105,91011932,,,,,,2026-07-15T19:41:40
239004082,0005,390040820005,2-3-9-004-082-0005,G 105,G105,MAUI KAMAOLE PHASE III,2777 S KIHEI RD UNIT G 105,91011933,M,,,,,2026-07-15T19:41:40
239004082,0005,390040820005,2-3-9-004-082-0005,G 105,G105,MAUI KAMAOLE PHASE III,2777 S KIHEI RD UNIT G 105,91011934,M,,,,,2026-07-15T19:41:40
239004082,0005,390040820005,2-3-9-004-082-0005,G 105,G105,MAUI KAMAOLE PHASE III,2777 S KIHEI RD UNIT G 105,91032714,,,,,,2026-07-15T19:41:40
239004082,0005,390040820005,2-3-9-004-082-0005,G 105,G105,MAUI KAMAOLE PHASE III,2777 S KIHEI RD UNIT G 105,92057000,M,,,,,2026-07-15T19:41:40
239004082,0005,390040820005,2-3-9-004-082-0005,G 105,G105,MAUI KAMAOLE PHASE III,2777 S KIHEI RD UNIT G 105,92057001,R,,,,,2026-07-15T19:41:40
239004082,0005,390040820005,2-3-9-004-082-0005,G 105,G105,MAUI KAMAOLE PHASE III,2777 S KIHEI RD UNIT G 105,93134474,M,,,,,2026-07-15T19:41:40
239004082,0005,390040820005,2-3-9-004-082-0005,G 105,G105,MAUI KAMAOLE PHASE III,2777 S KIHEI RD UNIT G 105,98156941,NL,,,,,2026-07-15T19:41:40
239004082,0005,390040820005,2-3-9-004-082-0005,G 105,G105,MAUI KAMAOLE PHASE III,2777 S KIHEI RD UNIT G 105,2000091355,NL,,,,,2026-07-15T19:41:40
239004082,0005,390040820005,2-3-9-004-082-0005,G 105,G105,MAUI KAMAOLE PHASE III,2777 S KIHEI RD UNIT G 105,2004204588,,,,,,2026-07-15T19:41:40
239004082,0005,390040820005,2-3-9-004-082-0005,G 105,G105,MAUI KAMAOLE PHASE III,2777 S KIHEI RD UNIT G 105,2004234161,R,,,,,2026-07-15T19:41:40
239004082,0006,390040820006,2-3-9-004-082-0006,G 106,G106,MAUI KAMAOLE PHASE III,2777 S KIHEI RD UNIT G 106,59180464,M,,,,,2026-07-15T19:41:40
239004082,0006,390040820006,2-3-9-004-082-0006,G 106,G106,MAUI KAMAOLE PHASE III,2777 S KIHEI RD UNIT G 106,59180466,M,,,,,2026-07-15T19:41:40
239004082,0006,390040820006,2-3-9-004-082-0006,G 106,G106,MAUI KAMAOLE PHASE III,2777 S KIHEI RD UNIT G 106,68240204,,,,,,2026-07-15T19:41:40
239004082,0006,390040820006,2-3-9-004-082-0006,G 106,G106,MAUI KAMAOLE PHASE III,2777 S KIHEI RD UNIT G 106,68240205,R,,,,,2026-07-15T19:41:40
239004082,0006,390040820006,2-3-9-004-082-0006,G 106,G106,MAUI KAMAOLE PHASE III,2777 S KIHEI RD UNIT G 106,68631048,M,,,,,2026-07-15T19:41:40
239004082,0006,390040820006,2-3-9-004-082-0006,G 106,G106,MAUI KAMAOLE PHASE III,2777 S KIHEI RD UNIT G 106,82210119,M,,,,,2026-07-15T19:41:40
239004082,0006,390040820006,2-3-9-004-082-0006,G 106,G106,MAUI KAMAOLE PHASE III,2777 S KIHEI RD UNIT G 106,91001157,,,,,,2026-07-15T19:41:40
239004082,0006,390040820006,2-3-9-004-082-0006,G 106,G106,MAUI KAMAOLE PHASE III,2777 S KIHEI RD UNIT G 106,91001158,,,,,,2026-07-15T19:41:40
239004082,0006,390040820006,2-3-9-004-082-0006,G 106,G106,MAUI KAMAOLE PHASE III,2777 S KIHEI RD UNIT G 106,91032712,,,,,,2026-07-15T19:41:40
239004082,0006,390040820006,2-3-9-004-082-0006,G 106,G106,MAUI KAMAOLE PHASE III,2777 S KIHEI RD UNIT G 106,95117765,,,,,,2026-07-15T19:41:40
239004082,0006,390040820006,2-3-9-004-082-0006,G 106,G106,MAUI KAMAOLE PHASE III,2777 S KIHEI RD UNIT G 106,96034134,,,,,,2026-07-15T19:41:40
239004082,0006,390040820006,2-3-9-004-082-0006,G 106,G106,MAUI KAMAOLE PHASE III,2777 S KIHEI RD UNIT G 106,98156941,NL,,,,,2026-07-15T19:41:40
239004082,0006,390040820006,2-3-9-004-082-0006,G 106,G106,MAUI KAMAOLE PHASE III,2777 S KIHEI RD UNIT G 106,2000091355,NL,,,,,2026-07-15T19:41:40
239004082,0006,390040820006,2-3-9-004-082-0006,G 106,G106,MAUI KAMAOLE PHASE III,2777 S KIHEI RD UNIT G 106,2003136348,M,,,,,2026-07-15T19:41:40
239004082,0006,390040820006,2-3-9-004-082-0006,G 106,G106,MAUI KAMAOLE PHASE III,2777 S KIHEI RD UNIT G 106,2003136349,M,,,,,2026-07-15T19:41:40
239004082,0006,390040820006,2-3-9-004-082-0006,G 106,G106,MAUI KAMAOLE PHASE III,2777 S KIHEI RD UNIT G 106,2003136350,M,,,,,2026-07-15T19:41:40
239004082,0006,390040820006,2-3-9-004-082-0006,G 106,G106,MAUI KAMAOLE PHASE III,2777 S KIHEI RD UNIT G 106,2004003852,M,,,,,2026-07-15T19:41:40
239004082,0006,390040820006,2-3-9-004-082-0006,G 106,G106,MAUI KAMAOLE PHASE III,2777 S KIHEI RD UNIT G 106,2004003853,R,,,,,2026-07-15T19:41:40
239004082,0006,390040820006,2-3-9-004-082-0006,G 106,G106,MAUI KAMAOLE PHASE III,2777 S KIHEI RD UNIT G 106,2004017045,M,,,,,2026-07-15T19:41:40
239004082,0006,390040820006,2-3-9-004-082-0006,G 106,G106,MAUI KAMAOLE PHASE III,2777 S KIHEI RD UNIT G 106,2004033450,M,,,,,2026-07-15T19:41:40
239004082,0006,390040820006,2-3-9-004-082-0006,G 106,G106,MAUI KAMAOLE PHASE III,2777 S KIHEI RD UNIT G 106,2004034586,MFS,,,,,2026-07-15T19:41:40
239004082,0006,390040820006,2-3-9-004-082-0006,G 106,G106,MAUI KAMAOLE PHASE III,2777 S KIHEI RD UNIT G 106,2004233350,,,,,,2026-07-15T19:41:40
239004082,0006,390040820006,2-3-9-004-082-0006,G 106,G106,MAUI KAMAOLE PHASE III,2777 S KIHEI RD UNIT G 106,2004252014,,,,,,2026-07-15T19:41:40
239004082,0006,390040820006,2-3-9-004-082-0006,G 106,G106,MAUI KAMAOLE PHASE III,2777 S KIHEI RD UNIT G 106,2004252015,R,,,,,2026-07-15T19:41:40
239004082,0006,390040820006,2-3-9-004-082-0006,G 106,G106,MAUI KAMAOLE PHASE III,2777 S KIHEI RD UNIT G 106,2004252016,R,,,,,2026-07-15T19:41:40
239004082,0006,390040820006,2-3-9-004-082-0006,G 106,G106,MAUI KAMAOLE PHASE III,2777 S KIHEI RD UNIT G 106,2005025032,M,,,,,2026-07-15T19:41:40
239004082,0006,390040820006,2-3-9-004-082-0006,G 106,G106,MAUI KAMAOLE PHASE III,2777 S KIHEI RD UNIT G 106,2005048671,R,,,,,2026-07-15T19:41:40
239004082,0006,390040820006,2-3-9-004-082-0006,G 106,G106,MAUI KAMAOLE PHASE III,2777 S KIHEI RD UNIT G 106,2005057457,MFS,,,,,2026-07-15T19:41:40
239004082,0006,390040820006,2-3-9-004-082-0006,G 106,G106,MAUI KAMAOLE PHASE III,2777 S KIHEI RD UNIT G 106,2005071066,M,,,,,2026-07-15T19:41:40
239004082,0006,390040820006,2-3-9-004-082-0006,G 106,G106,MAUI KAMAOLE PHASE III,2777 S KIHEI RD UNIT G 106,2006038443,,,,,,2026-07-15T19:41:40
239004082,0006,390040820006,2-3-9-004-082-0006,G 106,G106,MAUI KAMAOLE PHASE III,2777 S KIHEI RD UNIT G 106,2006038444,R,,,,,2026-07-15T19:41:40
239004082,0006,390040820006,2-3-9-004-082-0006,G 106,G106,MAUI KAMAOLE PHASE III,2777 S KIHEI RD UNIT G 106,2006053185,M,,,,,2026-07-15T19:41:40
239004082,0006,390040820006,2-3-9-004-082-0006,G 106,G106,MAUI KAMAOLE PHASE III,2777 S KIHEI RD UNIT G 106,2006081023,MFS,,,,,2026-07-15T19:41:40
239004082,0007,390040820007,2-3-9-004-082-0007,G 107,G107,MAUI KAMAOLE PHASE III,2777 S KIHEI RD UNIT G 107,56450613,,,,,,2026-07-15T19:41:40
239004082,0007,390040820007,2-3-9-004-082-0007,G 107,G107,MAUI KAMAOLE PHASE III,2777 S KIHEI RD UNIT G 107,66560080,,,,,,2026-07-15T19:41:40
239004082,0007,390040820007,2-3-9-004-082-0007,G 107,G107,MAUI KAMAOLE PHASE III,2777 S KIHEI RD UNIT G 107,90196377,,,,,,2026-07-15T19:41:40
239004082,0007,390040820007,2-3-9-004-082-0007,G 107,G107,MAUI KAMAOLE PHASE III,2777 S KIHEI RD UNIT G 107,90196378,,,,,,2026-07-15T19:41:40
239004082,0007,390040820007,2-3-9-004-082-0007,G 107,G107,MAUI KAMAOLE PHASE III,2777 S KIHEI RD UNIT G 107,91032710,,,,,,2026-07-15T19:41:40
239004082,0007,390040820007,2-3-9-004-082-0007,G 107,G107,MAUI KAMAOLE PHASE III,2777 S KIHEI RD UNIT G 107,94034292,,,,,,2026-07-15T19:41:40
239004082,0007,390040820007,2-3-9-004-082-0007,G 107,G107,MAUI KAMAOLE PHASE III,2777 S KIHEI RD UNIT G 107,94034293,,,,,,2026-07-15T19:41:40
239004082,0007,390040820007,2-3-9-004-082-0007,G 107,G107,MAUI KAMAOLE PHASE III,2777 S KIHEI RD UNIT G 107,95035998,,,,,,2026-07-15T19:41:40
239004082,0007,390040820007,2-3-9-004-082-0007,G 107,G107,MAUI KAMAOLE PHASE III,2777 S KIHEI RD UNIT G 107,96024650,,,,,,2026-07-15T19:41:40
239004082,0007,390040820007,2-3-9-004-082-0007,G 107,G107,MAUI KAMAOLE PHASE III,2777 S KIHEI RD UNIT G 107,98156941,NL,,,,,2026-07-15T19:41:40
239004082,0007,390040820007,2-3-9-004-082-0007,G 107,G107,MAUI KAMAOLE PHASE III,2777 S KIHEI RD UNIT G 107,2000091355,NL,,,,,2026-07-15T19:41:40
239004082,0007,390040820007,2-3-9-004-082-0007,G 107,G107,MAUI KAMAOLE PHASE III,2777 S KIHEI RD UNIT G 107,2000117709,,,,,,2026-07-15T19:41:40
239004082,0007,390040820007,2-3-9-004-082-0007,G 107,G107,MAUI KAMAOLE PHASE III,2777 S KIHEI RD UNIT G 107,2000117710,R,,,,,2026-07-15T19:41:40
239004082,0007,390040820007,2-3-9-004-082-0007,G 107,G107,MAUI KAMAOLE PHASE III,2777 S KIHEI RD UNIT G 107,2000140070,,,,,,2026-07-15T19:41:40
239004082,0007,390040820007,2-3-9-004-082-0007,G 107,G107,MAUI KAMAOLE PHASE III,2777 S KIHEI RD UNIT G 107,2001057368,R,,,,,2026-07-15T19:41:40
239004082,0007,390040820007,2-3-9-004-082-0007,G 107,G107,MAUI KAMAOLE PHASE III,2777 S KIHEI RD UNIT G 107,2001058190,R,,,,,2026-07-15T19:41:40
239004082,0007,390040820007,2-3-9-004-082-0007,G 107,G107,MAUI KAMAOLE PHASE III,2777 S KIHEI RD UNIT G 107,2001095985,M,,,,,2026-07-15T19:41:40
239004082,0007,390040820007,2-3-9-004-082-0007,G 107,G107,MAUI KAMAOLE PHASE III,2777 S KIHEI RD UNIT G 107,2001144432,M,,,,,2026-07-15T19:41:40
239004082,0007,390040820007,2-3-9-004-082-0007,G 107,G107,MAUI KAMAOLE PHASE III,2777 S KIHEI RD UNIT G 107,2003231813,,,,,,2026-07-15T19:41:40
239004082,0007,390040820007,2-3-9-004-082-0007,G 107,G107,MAUI KAMAOLE PHASE III,2777 S KIHEI RD UNIT G 107,2003261949,M,,,,,2026-07-15T19:41:40
239004082,0007,390040820007,2-3-9-004-082-0007,G 107,G107,MAUI KAMAOLE PHASE III,2777 S KIHEI RD UNIT G 107,2003263423,M,,,,,2026-07-15T19:41:40
239004082,0007,390040820007,2-3-9-004-082-0007,G 107,G107,MAUI KAMAOLE PHASE III,2777 S KIHEI RD UNIT G 107,2004004608,M,,,,,2026-07-15T19:41:40
239004082,0007,390040820007,2-3-9-004-082-0007,G 107,G107,MAUI KAMAOLE PHASE III,2777 S KIHEI RD UNIT G 107,2004112283,R,,,,,2026-07-15T19:41:40
239004082,0007,390040820007,2-3-9-004-082-0007,G 107,G107,MAUI KAMAOLE PHASE III,2777 S KIHEI RD UNIT G 107,2005063271,,,,,,2026-07-15T19:41:40
239004082,0007,390040820007,2-3-9-004-082-0007,G 107,G107,MAUI KAMAOLE PHASE III,2777 S KIHEI RD UNIT G 107,2005063272,R,,,,,2026-07-15T19:41:40
239004082,0007,390040820007,2-3-9-004-082-0007,G 107,G107,MAUI KAMAOLE PHASE III,2777 S KIHEI RD UNIT G 107,2005065220,M,,,,,2026-07-15T19:41:40
239004082,0007,390040820007,2-3-9-004-082-0007,G 107,G107,MAUI KAMAOLE PHASE III,2777 S KIHEI RD UNIT G 107,2005083883,M,,,,,2026-07-15T19:41:40
239004082,0007,390040820007,2-3-9-004-082-0007,G 107,G107,MAUI KAMAOLE PHASE III,2777 S KIHEI RD UNIT G 107,2005093897,,,,,,2026-07-15T19:41:40
239004082,0007,390040820007,2-3-9-004-082-0007,G 107,G107,MAUI KAMAOLE PHASE III,2777 S KIHEI RD UNIT G 107,2009173601,M,,,,,2026-07-15T19:41:40
239004082,0007,390040820007,2-3-9-004-082-0007,G 107,G107,MAUI KAMAOLE PHASE III,2777 S KIHEI RD UNIT G 107,2010180993,,,,,,2026-07-15T19:41:40
239004082,0008,390040820008,2-3-9-004-082-0008,G 108,G108,MAUI KAMAOLE PHASE III,2777 S KIHEI RD UNIT G 108,70130643,,,,,,2026-07-15T19:41:40
239004082,0008,390040820008,2-3-9-004-082-0008,G 108,G108,MAUI KAMAOLE PHASE III,2777 S KIHEI RD UNIT G 108,70300887,M,,,,,2026-07-15T19:41:40
239004082,0008,390040820008,2-3-9-004-082-0008,G 108,G108,MAUI KAMAOLE PHASE III,2777 S KIHEI RD UNIT G 108,70320553,MFS,,,,,2026-07-15T19:41:40
239004082,0008,390040820008,2-3-9-004-082-0008,G 108,G108,MAUI KAMAOLE PHASE III,2777 S KIHEI RD UNIT G 108,71180161,,,,,,2026-07-15T19:41:40
239004082,0008,390040820008,2-3-9-004-082-0008,G 108,G108,MAUI KAMAOLE PHASE III,2777 S KIHEI RD UNIT G 108,71180162,,,,,,2026-07-15T19:41:40
239004082,0008,390040820008,2-3-9-004-082-0008,G 108,G108,MAUI KAMAOLE PHASE III,2777 S KIHEI RD UNIT G 108,71720864,,,,,,2026-07-15T19:41:40
239004082,0008,390040820008,2-3-9-004-082-0008,G 108,G108,MAUI KAMAOLE PHASE III,2777 S KIHEI RD UNIT G 108,90196375,,,,,,2026-07-15T19:41:40
239004082,0008,390040820008,2-3-9-004-082-0008,G 108,G108,MAUI KAMAOLE PHASE III,2777 S KIHEI RD UNIT G 108,90196376,,,,,,2026-07-15T19:41:40
239004082,0008,390040820008,2-3-9-004-082-0008,G 108,G108,MAUI KAMAOLE PHASE III,2777 S KIHEI RD UNIT G 108,91032708,,,,,,2026-07-15T19:41:40
239004082,0008,390040820008,2-3-9-004-082-0008,G 108,G108,MAUI KAMAOLE PHASE III,2777 S KIHEI RD UNIT G 108,94201734,,,,,,2026-07-15T19:41:40
239004082,0008,390040820008,2-3-9-004-082-0008,G 108,G108,MAUI KAMAOLE PHASE III,2777 S KIHEI RD UNIT G 108,94201735,,,,,,2026-07-15T19:41:40
239004082,0008,390040820008,2-3-9-004-082-0008,G 108,G108,MAUI KAMAOLE PHASE III,2777 S KIHEI RD UNIT G 108,94209612,,,,,,2026-07-15T19:41:40
239004082,0008,390040820008,2-3-9-004-082-0008,G 108,G108,MAUI KAMAOLE PHASE III,2777 S KIHEI RD UNIT G 108,98156941,NL,,,,,2026-07-15T19:41:40
239004082,0008,390040820008,2-3-9-004-082-0008,G 108,G108,MAUI KAMAOLE PHASE III,2777 S KIHEI RD UNIT G 108,2000091355,NL,,,,,2026-07-15T19:41:40
239004082,0008,390040820008,2-3-9-004-082-0008,G 108,G108,MAUI KAMAOLE PHASE III,2777 S KIHEI RD UNIT G 108,2007065406,,,,,,2026-07-15T19:41:40
239004082,0008,390040820008,2-3-9-004-082-0008,G 108,G108,MAUI KAMAOLE PHASE III,2777 S KIHEI RD UNIT G 108,2007065407,R,,,,,2026-07-15T19:41:40
239004082,0008,390040820008,2-3-9-004-082-0008,G 108,G108,MAUI KAMAOLE PHASE III,2777 S KIHEI RD UNIT G 108,2007065408,R,,,,,2026-07-15T19:41:40
239004082,0009,390040820009,2-3-9-004-082-0009,G 109,G109,MAUI KAMAOLE PHASE III,2777 S KIHEI RD UNIT G 109,91010117,,,,,,2026-07-15T19:41:40
239004082,0009,390040820009,2-3-9-004-082-0009,G 109,G109,MAUI KAMAOLE PHASE III,2777 S KIHEI RD UNIT G 109,91010118,,,,,,2026-07-15T19:41:40
239004082,0009,390040820009,2-3-9-004-082-0009,G 109,G109,MAUI KAMAOLE PHASE III,2777 S KIHEI RD UNIT G 109,91032754,,,,,,2026-07-15T19:41:40
239004082,0009,390040820009,2-3-9-004-082-0009,G 109,G109,MAUI KAMAOLE PHASE III,2777 S KIHEI RD UNIT G 109,92047081,,,,,,2026-07-15T19:41:40
239004082,0009,390040820009,2-3-9-004-082-0009,G 109,G109,MAUI KAMAOLE PHASE III,2777 S KIHEI RD UNIT G 109,93081786,,,,,,2026-07-15T19:41:40
239004082,0009,390040820009,2-3-9-004-082-0009,G 109,G109,MAUI KAMAOLE PHASE III,2777 S KIHEI RD UNIT G 109,98156941,NL,,,,,2026-07-15T19:41:40
239004082,0009,390040820009,2-3-9-004-082-0009,G 109,G109,MAUI KAMAOLE PHASE III,2777 S KIHEI RD UNIT G 109,2000091355,NL,,,,,2026-07-15T19:41:40
239004082,0009,390040820009,2-3-9-004-082-0009,G 109,G109,MAUI KAMAOLE PHASE III,2777 S KIHEI RD UNIT G 109,2001082669,,,,,,2026-07-15T19:41:40
239004082,0010,390040820010,2-3-9-004-082-0010,G 110,G110,MAUI KAMAOLE PHASE III,2777 S KIHEI RD UNIT G 110,52170529,M,,,,,2026-07-15T19:41:40
239004082,0010,390040820010,2-3-9-004-082-0010,G 110,G110,MAUI KAMAOLE PHASE III,2777 S KIHEI RD UNIT G 110,54220584,,,,,,2026-07-15T19:41:40
239004082,0010,390040820010,2-3-9-004-082-0010,G 110,G110,MAUI KAMAOLE PHASE III,2777 S KIHEI RD UNIT G 110,86090012,,,,,,2026-07-15T19:41:40
239004082,0010,390040820010,2-3-9-004-082-0010,G 110,G110,MAUI KAMAOLE PHASE III,2777 S KIHEI RD UNIT G 110,91001155,,,,,,2026-07-15T19:41:40
239004082,0010,390040820010,2-3-9-004-082-0010,G 110,G110,MAUI KAMAOLE PHASE III,2777 S KIHEI RD UNIT G 110,91001156,,,,,,2026-07-15T19:41:40
239004082,0010,390040820010,2-3-9-004-082-0010,G 110,G110,MAUI KAMAOLE PHASE III,2777 S KIHEI RD UNIT G 110,91032752,,,,,,2026-07-15T19:41:40
239004082,0010,390040820010,2-3-9-004-082-0010,G 110,G110,MAUI KAMAOLE PHASE III,2777 S KIHEI RD UNIT G 110,93106602,,,,,,2026-07-15T19:41:40
239004082,0010,390040820010,2-3-9-004-082-0010,G 110,G110,MAUI KAMAOLE PHASE III,2777 S KIHEI RD UNIT G 110,93109776,,,,,,2026-07-15T19:41:40
239004082,0010,390040820010,2-3-9-004-082-0010,G 110,G110,MAUI KAMAOLE PHASE III,2777 S KIHEI RD UNIT G 110,96049886,,,,,,2026-07-15T19:41:40
239004082,0010,390040820010,2-3-9-004-082-0010,G 110,G110,MAUI KAMAOLE PHASE III,2777 S KIHEI RD UNIT G 110,98020744,,,,,,2026-07-15T19:41:40
239004082,0010,390040820010,2-3-9-004-082-0010,G 110,G110,MAUI KAMAOLE PHASE III,2777 S KIHEI RD UNIT G 110,98156941,NL,,,,,2026-07-15T19:41:40
239004082,0010,390040820010,2-3-9-004-082-0010,G 110,G110,MAUI KAMAOLE PHASE III,2777 S KIHEI RD UNIT G 110,2000033313,,,,,,2026-07-15T19:41:40
239004082,0010,390040820010,2-3-9-004-082-0010,G 110,G110,MAUI KAMAOLE PHASE III,2777 S KIHEI RD UNIT G 110,2000091355,NL,,,,,2026-07-15T19:41:40
239004082,0010,390040820010,2-3-9-004-082-0010,G 110,G110,MAUI KAMAOLE PHASE III,2777 S KIHEI RD UNIT G 110,2000137233,,,,,,2026-07-15T19:41:40
239004082,0010,390040820010,2-3-9-004-082-0010,G 110,G110,MAUI KAMAOLE PHASE III,2777 S KIHEI RD UNIT G 110,2000137234,R,,,,,2026-07-15T19:41:40
239004082,0010,390040820010,2-3-9-004-082-0010,G 110,G110,MAUI KAMAOLE PHASE III,2777 S KIHEI RD UNIT G 110,2000160303,,,,,,2026-07-15T19:41:40
239004082,0010,390040820010,2-3-9-004-082-0010,G 110,G110,MAUI KAMAOLE PHASE III,2777 S KIHEI RD UNIT G 110,2001037187,,,,,,2026-07-15T19:41:40
239004082,0010,390040820010,2-3-9-004-082-0010,G 110,G110,MAUI KAMAOLE PHASE III,2777 S KIHEI RD UNIT G 110,2001084376,M,,,,,2026-07-15T19:41:40
239004082,0010,390040820010,2-3-9-004-082-0010,G 110,G110,MAUI KAMAOLE PHASE III,2777 S KIHEI RD UNIT G 110,2001110336,,,,,,2026-07-15T19:41:40
239004082,0010,390040820010,2-3-9-004-082-0010,G 110,G110,MAUI KAMAOLE PHASE III,2777 S KIHEI RD UNIT G 110,2001144052,R,,,,,2026-07-15T19:41:40
239004082,0010,390040820010,2-3-9-004-082-0010,G 110,G110,MAUI KAMAOLE PHASE III,2777 S KIHEI RD UNIT G 110,2002163934,,,,,,2026-07-15T19:41:40
239004082,0010,390040820010,2-3-9-004-082-0010,G 110,G110,MAUI KAMAOLE PHASE III,2777 S KIHEI RD UNIT G 110,2002163935,R,,,,,2026-07-15T19:41:40
239004082,0010,390040820010,2-3-9-004-082-0010,G 110,G110,MAUI KAMAOLE PHASE III,2777 S KIHEI RD UNIT G 110,2002163936,,,,,,2026-07-15T19:41:40
239004082,0010,390040820010,2-3-9-004-082-0010,G 110,G110,MAUI KAMAOLE PHASE III,2777 S KIHEI RD UNIT G 110,2002216305,M,,,,,2026-07-15T19:41:40
239004082,0010,390040820010,2-3-9-004-082-0010,G 110,G110,MAUI KAMAOLE PHASE III,2777 S KIHEI RD UNIT G 110,2005040571,,,,,,2026-07-15T19:41:40
239004082,0010,390040820010,2-3-9-004-082-0010,G 110,G110,MAUI KAMAOLE PHASE III,2777 S KIHEI RD UNIT G 110,2005040572,R,,,,,2026-07-15T19:41:40
239004082,0010,390040820010,2-3-9-004-082-0010,G 110,G110,MAUI KAMAOLE PHASE III,2777 S KIHEI RD UNIT G 110,2005069556,MFS,,,,,2026-07-15T19:41:40
239004082,0010,390040820010,2-3-9-004-082-0010,G 110,G110,MAUI KAMAOLE PHASE III,2777 S KIHEI RD UNIT G 110,2005069566,M,,,,,2026-07-15T19:41:40
239004082,0011,390040820011,2-3-9-004-082-0011,G 111,G111,MAUI KAMAOLE PHASE III,2777 S KIHEI RD UNIT G 111,44720096,R,,,,,2026-07-15T19:41:40
239004082,0011,390040820011,2-3-9-004-082-0011,G 111,G111,MAUI KAMAOLE PHASE III,2777 S KIHEI RD UNIT G 111,44760294,M,,,,,2026-07-15T19:41:40
239004082,0011,390040820011,2-3-9-004-082-0011,G 111,G111,MAUI KAMAOLE PHASE III,2777 S KIHEI RD UNIT G 111,44970586,,,,,,2026-07-15T19:41:40
239004082,0011,390040820011,2-3-9-004-082-0011,G 111,G111,MAUI KAMAOLE PHASE III,2777 S KIHEI RD UNIT G 111,48500738,M,,,,,2026-07-15T19:41:40
239004082,0011,390040820011,2-3-9-004-082-0011,G 111,G111,MAUI KAMAOLE PHASE III,2777 S KIHEI RD UNIT G 111,48500739,M,,,,,2026-07-15T19:41:40
239004082,0011,390040820011,2-3-9-004-082-0011,G 111,G111,MAUI KAMAOLE PHASE III,2777 S KIHEI RD UNIT G 111,48820677,M,,,,,2026-07-15T19:41:40
239004082,0011,390040820011,2-3-9-004-082-0011,G 111,G111,MAUI KAMAOLE PHASE III,2777 S KIHEI RD UNIT G 111,66810536,M,,,,,2026-07-15T19:41:40
239004082,0011,390040820011,2-3-9-004-082-0011,G 111,G111,MAUI KAMAOLE PHASE III,2777 S KIHEI RD UNIT G 111,66810537,M,,,,,2026-07-15T19:41:40
239004082,0011,390040820011,2-3-9-004-082-0011,G 111,G111,MAUI KAMAOLE PHASE III,2777 S KIHEI RD UNIT G 111,80070529,M,,,,,2026-07-15T19:41:40
239004082,0011,390040820011,2-3-9-004-082-0011,G 111,G111,MAUI KAMAOLE PHASE III,2777 S KIHEI RD UNIT G 111,80380146,M,,,,,2026-07-15T19:41:40
239004082,0011,390040820011,2-3-9-004-082-0011,G 111,G111,MAUI KAMAOLE PHASE III,2777 S KIHEI RD UNIT G 111,80390514,M,,,,,2026-07-15T19:41:40
239004082,0011,390040820011,2-3-9-004-082-0011,G 111,G111,MAUI KAMAOLE PHASE III,2777 S KIHEI RD UNIT G 111,91000617,,,,,,2026-07-15T19:41:40
239004082,0011,390040820011,2-3-9-004-082-0011,G 111,G111,MAUI KAMAOLE PHASE III,2777 S KIHEI RD UNIT G 111,91000618,,,,,,2026-07-15T19:41:40
239004082,0011,390040820011,2-3-9-004-082-0011,G 111,G111,MAUI KAMAOLE PHASE III,2777 S KIHEI RD UNIT G 111,91032749,,,,,,2026-07-15T19:41:40
239004082,0011,390040820011,2-3-9-004-082-0011,G 111,G111,MAUI KAMAOLE PHASE III,2777 S KIHEI RD UNIT G 111,91153670,,,,,,2026-07-15T19:41:40
239004082,0011,390040820011,2-3-9-004-082-0011,G 111,G111,MAUI KAMAOLE PHASE III,2777 S KIHEI RD UNIT G 111,98156941,NL,,,,,2026-07-15T19:41:40
239004082,0011,390040820011,2-3-9-004-082-0011,G 111,G111,MAUI KAMAOLE PHASE III,2777 S KIHEI RD UNIT G 111,2000091355,NL,,,,,2026-07-15T19:41:40
239004082,0011,390040820011,2-3-9-004-082-0011,G 111,G111,MAUI KAMAOLE PHASE III,2777 S KIHEI RD UNIT G 111,2004061759,,,,,,2026-07-15T19:41:40
239004082,0011,390040820011,2-3-9-004-082-0011,G 111,G111,MAUI KAMAOLE PHASE III,2777 S KIHEI RD UNIT G 111,2004061760,R,,,,,2026-07-15T19:41:40
239004082,0011,390040820011,2-3-9-004-082-0011,G 111,G111,MAUI KAMAOLE PHASE III,2777 S KIHEI RD UNIT G 111,2011106748,M,,,,,2026-07-15T19:41:40
239004082,0011,390040820011,2-3-9-004-082-0011,G 111,G111,MAUI KAMAOLE PHASE III,2777 S KIHEI RD UNIT G 111,2011112612,M,,,,,2026-07-15T19:41:40
239004082,0011,390040820011,2-3-9-004-082-0011,G 111,G111,MAUI KAMAOLE PHASE III,2777 S KIHEI RD UNIT G 111,2011120893,M,,,,,2026-07-15T19:41:40
239004082,0012,390040820012,2-3-9-004-082-0012,G 112,G112,MAUI KAMAOLE PHASE III,2777 S KIHEI RD UNIT G 112,47940347,M,,,,,2026-07-15T19:41:40
239004082,0012,390040820012,2-3-9-004-082-0012,G 112,G112,MAUI KAMAOLE PHASE III,2777 S KIHEI RD UNIT G 112,48180745,M,,,,,2026-07-15T19:41:40
239004082,0012,390040820012,2-3-9-004-082-0012,G 112,G112,MAUI KAMAOLE PHASE III,2777 S KIHEI RD UNIT G 112,70520793,,,,,,2026-07-15T19:41:40
239004082,0012,390040820012,2-3-9-004-082-0012,G 112,G112,MAUI KAMAOLE PHASE III,2777 S KIHEI RD UNIT G 112,90199530,,,,,,2026-07-15T19:41:40
239004082,0012,390040820012,2-3-9-004-082-0012,G 112,G112,MAUI KAMAOLE PHASE III,2777 S KIHEI RD UNIT G 112,90199531,,,,,,2026-07-15T19:41:40
239004082,0012,390040820012,2-3-9-004-082-0012,G 112,G112,MAUI KAMAOLE PHASE III,2777 S KIHEI RD UNIT G 112,91032747,,,,,,2026-07-15T19:41:40
239004082,0012,390040820012,2-3-9-004-082-0012,G 112,G112,MAUI KAMAOLE PHASE III,2777 S KIHEI RD UNIT G 112,94017745,,,,,,2026-07-15T19:41:40
239004082,0012,390040820012,2-3-9-004-082-0012,G 112,G112,MAUI KAMAOLE PHASE III,2777 S KIHEI RD UNIT G 112,94059145,,,,,,2026-07-15T19:41:40
239004082,0012,390040820012,2-3-9-004-082-0012,G 112,G112,MAUI KAMAOLE PHASE III,2777 S KIHEI RD UNIT G 112,97146763,,,,,,2026-07-15T19:41:40
239004082,0012,390040820012,2-3-9-004-082-0012,G 112,G112,MAUI KAMAOLE PHASE III,2777 S KIHEI RD UNIT G 112,98156941,NL,,,,,2026-07-15T19:41:40
239004082,0012,390040820012,2-3-9-004-082-0012,G 112,G112,MAUI KAMAOLE PHASE III,2777 S KIHEI RD UNIT G 112,2000091355,NL,,,,,2026-07-15T19:41:40
239004082,0012,390040820012,2-3-9-004-082-0012,G 112,G112,MAUI KAMAOLE PHASE III,2777 S KIHEI RD UNIT G 112,2003150550,,,,,,2026-07-15T19:41:40
239004082,0012,390040820012,2-3-9-004-082-0012,G 112,G112,MAUI KAMAOLE PHASE III,2777 S KIHEI RD UNIT G 112,2003205900,,,,,,2026-07-15T19:41:40
239004082,0012,390040820012,2-3-9-004-082-0012,G 112,G112,MAUI KAMAOLE PHASE III,2777 S KIHEI RD UNIT G 112,2006194919,,,,,,2026-07-15T19:41:40
239004082,0012,390040820012,2-3-9-004-082-0012,G 112,G112,MAUI KAMAOLE PHASE III,2777 S KIHEI RD UNIT G 112,2011132121,R,,,,,2026-07-15T19:41:40
239004082,0012,390040820012,2-3-9-004-082-0012,G 112,G112,MAUI KAMAOLE PHASE III,2777 S KIHEI RD UNIT G 112,2011135013,M,,,,,2026-07-15T19:41:40
239004082,0013,390040820013,2-3-9-004-082-0013,G 114,G114,MAUI KAMAOLE PHASE III,2777 S KIHEI RD UNIT G 114,43730478,R,,,,,2026-07-15T19:41:40
239004082,0013,390040820013,2-3-9-004-082-0013,G 114,G114,MAUI KAMAOLE PHASE III,2777 S KIHEI RD UNIT G 114,45140308,M,,,,,2026-07-15T19:41:40
239004082,0013,390040820013,2-3-9-004-082-0013,G 114,G114,MAUI KAMAOLE PHASE III,2777 S KIHEI RD UNIT G 114,75560102,,,,,,2026-07-15T19:41:40
239004082,0013,390040820013,2-3-9-004-082-0013,G 114,G114,MAUI KAMAOLE PHASE III,2777 S KIHEI RD UNIT G 114,75560103,,,,,,2026-07-15T19:41:40
239004082,0013,390040820013,2-3-9-004-082-0013,G 114,G114,MAUI KAMAOLE PHASE III,2777 S KIHEI RD UNIT G 114,75690643,M,,,,,2026-07-15T19:41:40
239004082,0013,390040820013,2-3-9-004-082-0013,G 114,G114,MAUI KAMAOLE PHASE III,2777 S KIHEI RD UNIT G 114,80940887,,,,,,2026-07-15T19:41:40
239004082,0013,390040820013,2-3-9-004-082-0013,G 114,G114,MAUI KAMAOLE PHASE III,2777 S KIHEI RD UNIT G 114,91012938,,,,,,2026-07-15T19:41:40
239004082,0013,390040820013,2-3-9-004-082-0013,G 114,G114,MAUI KAMAOLE PHASE III,2777 S KIHEI RD UNIT G 114,91012939,,,,,,2026-07-15T19:41:40
239004082,0013,390040820013,2-3-9-004-082-0013,G 114,G114,MAUI KAMAOLE PHASE III,2777 S KIHEI RD UNIT G 114,91032745,,,,,,2026-07-15T19:41:40
239004082,0013,390040820013,2-3-9-004-082-0013,G 114,G114,MAUI KAMAOLE PHASE III,2777 S KIHEI RD UNIT G 114,93153103,,,,,,2026-07-15T19:41:40
239004082,0013,390040820013,2-3-9-004-082-0013,G 114,G114,MAUI KAMAOLE PHASE III,2777 S KIHEI RD UNIT G 114,96185543,,,,,,2026-07-15T19:41:40
239004082,0013,390040820013,2-3-9-004-082-0013,G 114,G114,MAUI KAMAOLE PHASE III,2777 S KIHEI RD UNIT G 114,96185544,,,,,,2026-07-15T19:41:40
239004082,0013,390040820013,2-3-9-004-082-0013,G 114,G114,MAUI KAMAOLE PHASE III,2777 S KIHEI RD UNIT G 114,98156941,NL,,,,,2026-07-15T19:41:40
239004082,0013,390040820013,2-3-9-004-082-0013,G 114,G114,MAUI KAMAOLE PHASE III,2777 S KIHEI RD UNIT G 114,2000091355,NL,,,,,2026-07-15T19:41:40
239004082,0013,390040820013,2-3-9-004-082-0013,G 114,G114,MAUI KAMAOLE PHASE III,2777 S KIHEI RD UNIT G 114,2004097022,,,,,,2026-07-15T19:41:40
239004082,0013,390040820013,2-3-9-004-082-0013,G 114,G114,MAUI KAMAOLE PHASE III,2777 S KIHEI RD UNIT G 114,2006075536,,,,,,2026-07-15T19:41:40
239004082,0013,390040820013,2-3-9-004-082-0013,G 114,G114,MAUI KAMAOLE PHASE III,2777 S KIHEI RD UNIT G 114,2010138220,,,,,,2026-07-15T19:41:40
239004082,0013,390040820013,2-3-9-004-082-0013,G 114,G114,MAUI KAMAOLE PHASE III,2777 S KIHEI RD UNIT G 114,2010138221,R,,,,,2026-07-15T19:41:40
239004082,0013,390040820013,2-3-9-004-082-0013,G 114,G114,MAUI KAMAOLE PHASE III,2777 S KIHEI RD UNIT G 114,2010171400,,,,,,2026-07-15T19:41:40
239004082,0014,390040820014,2-3-9-004-082-0014,G 115,G115,MAUI KAMAOLE PHASE III,2777 S KIHEI RD UNIT G 115,54650535,R,,,,,2026-07-15T19:41:40
239004082,0014,390040820014,2-3-9-004-082-0014,G 115,G115,MAUI KAMAOLE PHASE III,2777 S KIHEI RD UNIT G 115,55010363,M,,,,,2026-07-15T19:41:40
239004082,0014,390040820014,2-3-9-004-082-0014,G 115,G115,MAUI KAMAOLE PHASE III,2777 S KIHEI RD UNIT G 115,68140117,,,,,,2026-07-15T19:41:40
239004082,0014,390040820014,2-3-9-004-082-0014,G 115,G115,MAUI KAMAOLE PHASE III,2777 S KIHEI RD UNIT G 115,68140118,R,,,,,2026-07-15T19:41:40
239004082,0014,390040820014,2-3-9-004-082-0014,G 115,G115,MAUI KAMAOLE PHASE III,2777 S KIHEI RD UNIT G 115,68570313,M,,,,,2026-07-15T19:41:40
239004082,0014,390040820014,2-3-9-004-082-0014,G 115,G115,MAUI KAMAOLE PHASE III,2777 S KIHEI RD UNIT G 115,74590488,M,,,,,2026-07-15T19:41:40
239004082,0014,390040820014,2-3-9-004-082-0014,G 115,G115,MAUI KAMAOLE PHASE III,2777 S KIHEI RD UNIT G 115,78020099,,,,,,2026-07-15T19:41:40
239004082,0014,390040820014,2-3-9-004-082-0014,G 115,G115,MAUI KAMAOLE PHASE III,2777 S KIHEI RD UNIT G 115,79080269,M,,,,,2026-07-15T19:41:40
239004082,0014,390040820014,2-3-9-004-082-0014,G 115,G115,MAUI KAMAOLE PHASE III,2777 S KIHEI RD UNIT G 115,91012923,M,,,,,2026-07-15T19:41:40
239004082,0014,390040820014,2-3-9-004-082-0014,G 115,G115,MAUI KAMAOLE PHASE III,2777 S KIHEI RD UNIT G 115,91012924,R,,,,,2026-07-15T19:41:40
239004082,0014,390040820014,2-3-9-004-082-0014,G 115,G115,MAUI KAMAOLE PHASE III,2777 S KIHEI RD UNIT G 115,91032743,,,,,,2026-07-15T19:41:40
239004082,0014,390040820014,2-3-9-004-082-0014,G 115,G115,MAUI KAMAOLE PHASE III,2777 S KIHEI RD UNIT G 115,98156941,NL,,,,,2026-07-15T19:41:40
239004082,0014,390040820014,2-3-9-004-082-0014,G 115,G115,MAUI KAMAOLE PHASE III,2777 S KIHEI RD UNIT G 115,2000091355,NL,,,,,2026-07-15T19:41:40
239004082,0014,390040820014,2-3-9-004-082-0014,G 115,G115,MAUI KAMAOLE PHASE III,2777 S KIHEI RD UNIT G 115,2001003474,R,,,,,2026-07-15T19:41:40
239004082,0014,390040820014,2-3-9-004-082-0014,G 115,G115,MAUI KAMAOLE PHASE III,2777 S KIHEI RD UNIT G 115,2001003475,R,,,,,2026-07-15T19:41:40
239004082,0014,390040820014,2-3-9-004-082-0014,G 115,G115,MAUI KAMAOLE PHASE III,2777 S KIHEI RD UNIT G 115,2001092537,R,,,,,2026-07-15T19:41:40
239004082,0015,390040820015,2-3-9-004-082-0015,G 201,G201,MAUI KAMAOLE PHASE III,2777 S KIHEI RD UNIT G 201,49310246,M,,,,,2026-07-15T19:41:40
239004082,0015,390040820015,2-3-9-004-082-0015,G 201,G201,MAUI KAMAOLE PHASE III,2777 S KIHEI RD UNIT G 201,76070218,,,,,,2026-07-15T19:41:40
239004082,0015,390040820015,2-3-9-004-082-0015,G 201,G201,MAUI KAMAOLE PHASE III,2777 S KIHEI RD UNIT G 201,76070219,R,,,,,2026-07-15T19:41:40
239004082,0015,390040820015,2-3-9-004-082-0015,G 201,G201,MAUI KAMAOLE PHASE III,2777 S KIHEI RD UNIT G 201,90194696,M,,,,,2026-07-15T19:41:40
239004082,0015,390040820015,2-3-9-004-082-0015,G 201,G201,MAUI KAMAOLE PHASE III,2777 S KIHEI RD UNIT G 201,91032741,,,,,,2026-07-15T19:41:40
239004082,0015,390040820015,2-3-9-004-082-0015,G 201,G201,MAUI KAMAOLE PHASE III,2777 S KIHEI RD UNIT G 201,98156941,NL,,,,,2026-07-15T19:41:40
239004082,0015,390040820015,2-3-9-004-082-0015,G 201,G201,MAUI KAMAOLE PHASE III,2777 S KIHEI RD UNIT G 201,99071792,M,,,,,2026-07-15T19:41:40
239004082,0015,390040820015,2-3-9-004-082-0015,G 201,G201,MAUI KAMAOLE PHASE III,2777 S KIHEI RD UNIT G 201,99071793,M,,,,,2026-07-15T19:41:40
239004082,0015,390040820015,2-3-9-004-082-0015,G 201,G201,MAUI KAMAOLE PHASE III,2777 S KIHEI RD UNIT G 201,99090276,,,,,,2026-07-15T19:41:40
239004082,0015,390040820015,2-3-9-004-082-0015,G 201,G201,MAUI KAMAOLE PHASE III,2777 S KIHEI RD UNIT G 201,2000091355,NL,,,,,2026-07-15T19:41:40
239004082,0015,390040820015,2-3-9-004-082-0015,G 201,G201,MAUI KAMAOLE PHASE III,2777 S KIHEI RD UNIT G 201,2001071550,M,,,,,2026-07-15T19:41:40
239004082,0015,390040820015,2-3-9-004-082-0015,G 201,G201,MAUI KAMAOLE PHASE III,2777 S KIHEI RD UNIT G 201,2002183504,M,,,,,2026-07-15T19:41:40
239004082,0015,390040820015,2-3-9-004-082-0015,G 201,G201,MAUI KAMAOLE PHASE III,2777 S KIHEI RD UNIT G 201,2003275028,,,,,,2026-07-15T19:41:40
239004082,0015,390040820015,2-3-9-004-082-0015,G 201,G201,MAUI KAMAOLE PHASE III,2777 S KIHEI RD UNIT G 201,2008155749,M,,,,,2026-07-15T19:41:40
239004082,0015,390040820015,2-3-9-004-082-0015,G 201,G201,MAUI KAMAOLE PHASE III,2777 S KIHEI RD UNIT G 201,9582000826,M,,,,,2026-07-15T19:41:40
239004082,0016,390040820016,2-3-9-004-082-0016,G 202,G202,MAUI KAMAOLE PHASE III,2777 S KIHEI RD UNIT G 202,66700316,M,,,,,2026-07-15T19:41:40
239004082,0016,390040820016,2-3-9-004-082-0016,G 202,G202,MAUI KAMAOLE PHASE III,2777 S KIHEI RD UNIT G 202,67250325,M,,,,,2026-07-15T19:41:40
239004082,0016,390040820016,2-3-9-004-082-0016,G 202,G202,MAUI KAMAOLE PHASE III,2777 S KIHEI RD UNIT G 202,91008096,,,,,,2026-07-15T19:41:40
239004082,0016,390040820016,2-3-9-004-082-0016,G 202,G202,MAUI KAMAOLE PHASE III,2777 S KIHEI RD UNIT G 202,91008097,,,,,,2026-07-15T19:41:40
239004082,0016,390040820016,2-3-9-004-082-0016,G 202,G202,MAUI KAMAOLE PHASE III,2777 S KIHEI RD UNIT G 202,91036972,,,,,,2026-07-15T19:41:40
239004082,0016,390040820016,2-3-9-004-082-0016,G 202,G202,MAUI KAMAOLE PHASE III,2777 S KIHEI RD UNIT G 202,92078519,,,,,,2026-07-15T19:41:40
239004082,0016,390040820016,2-3-9-004-082-0016,G 202,G202,MAUI KAMAOLE PHASE III,2777 S KIHEI RD UNIT G 202,98156941,NL,,,,,2026-07-15T19:41:40
239004082,0016,390040820016,2-3-9-004-082-0016,G 202,G202,MAUI KAMAOLE PHASE III,2777 S KIHEI RD UNIT G 202,2000075746,,,,,,2026-07-15T19:41:40
239004082,0016,390040820016,2-3-9-004-082-0016,G 202,G202,MAUI KAMAOLE PHASE III,2777 S KIHEI RD UNIT G 202,2000075747,R,,,,,2026-07-15T19:41:40
239004082,0016,390040820016,2-3-9-004-082-0016,G 202,G202,MAUI KAMAOLE PHASE III,2777 S KIHEI RD UNIT G 202,2000077704,,,,,,2026-07-15T19:41:40
239004082,0016,390040820016,2-3-9-004-082-0016,G 202,G202,MAUI KAMAOLE PHASE III,2777 S KIHEI RD UNIT G 202,2000091355,NL,,,,,2026-07-15T19:41:40
239004082,0016,390040820016,2-3-9-004-082-0016,G 202,G202,MAUI KAMAOLE PHASE III,2777 S KIHEI RD UNIT G 202,2005038159,,,,,,2026-07-15T19:41:40
239004082,0016,390040820016,2-3-9-004-082-0016,G 202,G202,MAUI KAMAOLE PHASE III,2777 S KIHEI RD UNIT G 202,2005038160,R,,,,,2026-07-15T19:41:40
239004082,0016,390040820016,2-3-9-004-082-0016,G 202,G202,MAUI KAMAOLE PHASE III,2777 S KIHEI RD UNIT G 202,2005048674,,,,,,2026-07-15T19:41:40
239004082,0016,390040820016,2-3-9-004-082-0016,G 202,G202,MAUI KAMAOLE PHASE III,2777 S KIHEI RD UNIT G 202,2005084790,M,,,,,2026-07-15T19:41:40
239004082,0016,390040820016,2-3-9-004-082-0016,G 202,G202,MAUI KAMAOLE PHASE III,2777 S KIHEI RD UNIT G 202,2006194608,M,,,,,2026-07-15T19:41:40
239004082,0016,390040820016,2-3-9-004-082-0016,G 202,G202,MAUI KAMAOLE PHASE III,2777 S KIHEI RD UNIT G 202,2006230848,M,,,,,2026-07-15T19:41:40
239004082,0016,390040820016,2-3-9-004-082-0016,G 202,G202,MAUI KAMAOLE PHASE III,2777 S KIHEI RD UNIT G 202,9426000262,R,,,,,2026-07-15T19:41:40
239004082,0017,390040820017,2-3-9-004-082-0017,G 203,G203,MAUI KAMAOLE PHASE III,2777 S KIHEI RD UNIT G 203,69080368,M,,,,,2026-07-15T19:41:40
239004082,0017,390040820017,2-3-9-004-082-0017,G 203,G203,MAUI KAMAOLE PHASE III,2777 S KIHEI RD UNIT G 203,90199522,M,,,,,2026-07-15T19:41:40
239004082,0017,390040820017,2-3-9-004-082-0017,G 203,G203,MAUI KAMAOLE PHASE III,2777 S KIHEI RD UNIT G 203,90199523,M,,,,,2026-07-15T19:41:40
239004082,0017,390040820017,2-3-9-004-082-0017,G 203,G203,MAUI KAMAOLE PHASE III,2777 S KIHEI RD UNIT G 203,91032739,,,,,,2026-07-15T19:41:40
239004082,0017,390040820017,2-3-9-004-082-0017,G 203,G203,MAUI KAMAOLE PHASE III,2777 S KIHEI RD UNIT G 203,98156941,NL,,,,,2026-07-15T19:41:40
239004082,0017,390040820017,2-3-9-004-082-0017,G 203,G203,MAUI KAMAOLE PHASE III,2777 S KIHEI RD UNIT G 203,2000091355,NL,,,,,2026-07-15T19:41:40
239004082,0017,390040820017,2-3-9-004-082-0017,G 203,G203,MAUI KAMAOLE PHASE III,2777 S KIHEI RD UNIT G 203,2000180314,M,,,,,2026-07-15T19:41:40
239004082,0017,390040820017,2-3-9-004-082-0017,G 203,G203,MAUI KAMAOLE PHASE III,2777 S KIHEI RD UNIT G 203,2001033398,M,,,,,2026-07-15T19:41:40
239004082,0017,390040820017,2-3-9-004-082-0017,G 203,G203,MAUI KAMAOLE PHASE III,2777 S KIHEI RD UNIT G 203,2001033400,M,,,,,2026-07-15T19:41:40
239004082,0017,390040820017,2-3-9-004-082-0017,G 203,G203,MAUI KAMAOLE PHASE III,2777 S KIHEI RD UNIT G 203,2005186864,M,,,,,2026-07-15T19:41:40
239004082,0017,390040820017,2-3-9-004-082-0017,G 203,G203,MAUI KAMAOLE PHASE III,2777 S KIHEI RD UNIT G 203,2005186865,M,,,,,2026-07-15T19:41:40
239004082,0017,390040820017,2-3-9-004-082-0017,G 203,G203,MAUI KAMAOLE PHASE III,2777 S KIHEI RD UNIT G 203,2005186866,M,,,,,2026-07-15T19:41:40
239004082,0018,390040820018,2-3-9-004-082-0018,G 204,G204,MAUI KAMAOLE PHASE III,2777 S KIHEI RD UNIT G 204,66700416,M,,,,,2026-07-15T19:41:40
239004082,0018,390040820018,2-3-9-004-082-0018,G 204,G204,MAUI KAMAOLE PHASE III,2777 S KIHEI RD UNIT G 204,84340653,R,,,,,2026-07-15T19:41:40
239004082,0018,390040820018,2-3-9-004-082-0018,G 204,G204,MAUI KAMAOLE PHASE III,2777 S KIHEI RD UNIT G 204,86140683,R,,,,,2026-07-15T19:41:40
239004082,0018,390040820018,2-3-9-004-082-0018,G 204,G204,MAUI KAMAOLE PHASE III,2777 S KIHEI RD UNIT G 204,88090403,,,,,,2026-07-15T19:41:40
239004082,0018,390040820018,2-3-9-004-082-0018,G 204,G204,MAUI KAMAOLE PHASE III,2777 S KIHEI RD UNIT G 204,88190322,,,,,,2026-07-15T19:41:40
239004082,0018,390040820018,2-3-9-004-082-0018,G 204,G204,MAUI KAMAOLE PHASE III,2777 S KIHEI RD UNIT G 204,88320552,NL,,,,,2026-07-15T19:41:40
239004082,0018,390040820018,2-3-9-004-082-0018,G 204,G204,MAUI KAMAOLE PHASE III,2777 S KIHEI RD UNIT G 204,88380617,,,,,,2026-07-15T19:41:40
239004082,0018,390040820018,2-3-9-004-082-0018,G 204,G204,MAUI KAMAOLE PHASE III,2777 S KIHEI RD UNIT G 204,91000208,R,,,,,2026-07-15T19:41:40
239004082,0018,390040820018,2-3-9-004-082-0018,G 204,G204,MAUI KAMAOLE PHASE III,2777 S KIHEI RD UNIT G 204,91000209,R,,,,,2026-07-15T19:41:40
239004082,0018,390040820018,2-3-9-004-082-0018,G 204,G204,MAUI KAMAOLE PHASE III,2777 S KIHEI RD UNIT G 204,91034947,,,,,,2026-07-15T19:41:40
239004082,0018,390040820018,2-3-9-004-082-0018,G 204,G204,MAUI KAMAOLE PHASE III,2777 S KIHEI RD UNIT G 204,98156941,NL,,,,,2026-07-15T19:41:40
239004082,0018,390040820018,2-3-9-004-082-0018,G 204,G204,MAUI KAMAOLE PHASE III,2777 S KIHEI RD UNIT G 204,2000091355,NL,,,,,2026-07-15T19:41:40
239004082,0018,390040820018,2-3-9-004-082-0018,G 204,G204,MAUI KAMAOLE PHASE III,2777 S KIHEI RD UNIT G 204,2000095197,R,,,,,2026-07-15T19:41:40
239004082,0018,390040820018,2-3-9-004-082-0018,G 204,G204,MAUI KAMAOLE PHASE III,2777 S KIHEI RD UNIT G 204,2000095198,R,,,,,2026-07-15T19:41:40
239004082,0018,390040820018,2-3-9-004-082-0018,G 204,G204,MAUI KAMAOLE PHASE III,2777 S KIHEI RD UNIT G 204,2000105511,R,,,,,2026-07-15T19:41:40
239004082,0018,390040820018,2-3-9-004-082-0018,G 204,G204,MAUI KAMAOLE PHASE III,2777 S KIHEI RD UNIT G 204,2002203597,,,,,,2026-07-15T19:41:40
239004082,0018,390040820018,2-3-9-004-082-0018,G 204,G204,MAUI KAMAOLE PHASE III,2777 S KIHEI RD UNIT G 204,2003050162,NL,,,,,2026-07-15T19:41:40
239004082,0018,390040820018,2-3-9-004-082-0018,G 204,G204,MAUI KAMAOLE PHASE III,2777 S KIHEI RD UNIT G 204,2005109955,M,,,,,2026-07-15T19:41:40
239004082,0018,390040820018,2-3-9-004-082-0018,G 204,G204,MAUI KAMAOLE PHASE III,2777 S KIHEI RD UNIT G 204,9145000316,,,,,,2026-07-15T19:41:40
239004082,0018,390040820018,2-3-9-004-082-0018,G 204,G204,MAUI KAMAOLE PHASE III,2777 S KIHEI RD UNIT G 204,9145000317,,,,,,2026-07-15T19:41:40
239004082,0018,390040820018,2-3-9-004-082-0018,G 204,G204,MAUI KAMAOLE PHASE III,2777 S KIHEI RD UNIT G 204,9302000902,,,,,,2026-07-15T19:41:40
239004082,0019,390040820019,2-3-9-004-082-0019,G 205,G205,MAUI KAMAOLE PHASE III,2777 S KIHEI RD UNIT G 205,46870546,,,,,,2026-07-15T19:41:40
239004082,0019,390040820019,2-3-9-004-082-0019,G 205,G205,MAUI KAMAOLE PHASE III,2777 S KIHEI RD UNIT G 205,46920231,M,,,,,2026-07-15T19:41:40
239004082,0019,390040820019,2-3-9-004-082-0019,G 205,G205,MAUI KAMAOLE PHASE III,2777 S KIHEI RD UNIT G 205,47210718,MFS,,,,,2026-07-15T19:41:40
239004082,0019,390040820019,2-3-9-004-082-0019,G 205,G205,MAUI KAMAOLE PHASE III,2777 S KIHEI RD UNIT G 205,90199524,R,,,,,2026-07-15T19:41:40
239004082,0019,390040820019,2-3-9-004-082-0019,G 205,G205,MAUI KAMAOLE PHASE III,2777 S KIHEI RD UNIT G 205,90199525,R,,,,,2026-07-15T19:41:40
239004082,0019,390040820019,2-3-9-004-082-0019,G 205,G205,MAUI KAMAOLE PHASE III,2777 S KIHEI RD UNIT G 205,91034736,,,,,,2026-07-15T19:41:40
239004082,0019,390040820019,2-3-9-004-082-0019,G 205,G205,MAUI KAMAOLE PHASE III,2777 S KIHEI RD UNIT G 205,92160055,R,,,,,2026-07-15T19:41:40
239004082,0019,390040820019,2-3-9-004-082-0019,G 205,G205,MAUI KAMAOLE PHASE III,2777 S KIHEI RD UNIT G 205,97161178,,,,,,2026-07-15T19:41:40
239004082,0019,390040820019,2-3-9-004-082-0019,G 205,G205,MAUI KAMAOLE PHASE III,2777 S KIHEI RD UNIT G 205,98156941,NL,,,,,2026-07-15T19:41:40
239004082,0019,390040820019,2-3-9-004-082-0019,G 205,G205,MAUI KAMAOLE PHASE III,2777 S KIHEI RD UNIT G 205,98168041,R,,,,,2026-07-15T19:41:40
239004082,0019,390040820019,2-3-9-004-082-0019,G 205,G205,MAUI KAMAOLE PHASE III,2777 S KIHEI RD UNIT G 205,98191911,R,,,,,2026-07-15T19:41:40
239004082,0019,390040820019,2-3-9-004-082-0019,G 205,G205,MAUI KAMAOLE PHASE III,2777 S KIHEI RD UNIT G 205,2000091355,NL,,,,,2026-07-15T19:41:40
239004082,0020,390040820020,2-3-9-004-082-0020,G 206,G206,MAUI KAMAOLE PHASE III,2777 S KIHEI RD UNIT G 206,90199528,,,,,,2026-07-15T19:41:40
239004082,0020,390040820020,2-3-9-004-082-0020,G 206,G206,MAUI KAMAOLE PHASE III,2777 S KIHEI RD UNIT G 206,90199529,,,,,,2026-07-15T19:41:40
239004082,0020,390040820020,2-3-9-004-082-0020,G 206,G206,MAUI KAMAOLE PHASE III,2777 S KIHEI RD UNIT G 206,91032735,,,,,,2026-07-15T19:41:40
239004082,0020,390040820020,2-3-9-004-082-0020,G 206,G206,MAUI KAMAOLE PHASE III,2777 S KIHEI RD UNIT G 206,93105201,,,,,,2026-07-15T19:41:40
239004082,0020,390040820020,2-3-9-004-082-0020,G 206,G206,MAUI KAMAOLE PHASE III,2777 S KIHEI RD UNIT G 206,95155785,,,,,,2026-07-15T19:41:40
239004082,0020,390040820020,2-3-9-004-082-0020,G 206,G206,MAUI KAMAOLE PHASE III,2777 S KIHEI RD UNIT G 206,95155786,,,,,,2026-07-15T19:41:40
239004082,0020,390040820020,2-3-9-004-082-0020,G 206,G206,MAUI KAMAOLE PHASE III,2777 S KIHEI RD UNIT G 206,95156116,,,,,,2026-07-15T19:41:40
239004082,0020,390040820020,2-3-9-004-082-0020,G 206,G206,MAUI KAMAOLE PHASE III,2777 S KIHEI RD UNIT G 206,95156117,,,,,,2026-07-15T19:41:40
239004082,0020,390040820020,2-3-9-004-082-0020,G 206,G206,MAUI KAMAOLE PHASE III,2777 S KIHEI RD UNIT G 206,95160921,,,,,,2026-07-15T19:41:40
239004082,0020,390040820020,2-3-9-004-082-0020,G 206,G206,MAUI KAMAOLE PHASE III,2777 S KIHEI RD UNIT G 206,96103428,,,,,,2026-07-15T19:41:40
239004082,0020,390040820020,2-3-9-004-082-0020,G 206,G206,MAUI KAMAOLE PHASE III,2777 S KIHEI RD UNIT G 206,98058841,,,,,,2026-07-15T19:41:40
239004082,0020,390040820020,2-3-9-004-082-0020,G 206,G206,MAUI KAMAOLE PHASE III,2777 S KIHEI RD UNIT G 206,98156941,NL,,,,,2026-07-15T19:41:40
239004082,0020,390040820020,2-3-9-004-082-0020,G 206,G206,MAUI KAMAOLE PHASE III,2777 S KIHEI RD UNIT G 206,99120935,,,,,,2026-07-15T19:41:40
239004082,0020,390040820020,2-3-9-004-082-0020,G 206,G206,MAUI KAMAOLE PHASE III,2777 S KIHEI RD UNIT G 206,2000091355,NL,,,,,2026-07-15T19:41:40
239004082,0021,390040820021,2-3-9-004-082-0021,G 207,G207,MAUI KAMAOLE PHASE III,2777 S KIHEI RD UNIT G 207,90195855,,,,,,2026-07-15T19:41:40
239004082,0021,390040820021,2-3-9-004-082-0021,G 207,G207,MAUI KAMAOLE PHASE III,2777 S KIHEI RD UNIT G 207,91032733,,,,,,2026-07-15T19:41:40
239004082,0021,390040820021,2-3-9-004-082-0021,G 207,G207,MAUI KAMAOLE PHASE III,2777 S KIHEI RD UNIT G 207,95097463,,,,,,2026-07-15T19:41:40
239004082,0021,390040820021,2-3-9-004-082-0021,G 207,G207,MAUI KAMAOLE PHASE III,2777 S KIHEI RD UNIT G 207,95100271,,,,,,2026-07-15T19:41:40
239004082,0021,390040820021,2-3-9-004-082-0021,G 207,G207,MAUI KAMAOLE PHASE III,2777 S KIHEI RD UNIT G 207,95162437,,,,,,2026-07-15T19:41:40
239004082,0021,390040820021,2-3-9-004-082-0021,G 207,G207,MAUI KAMAOLE PHASE III,2777 S KIHEI RD UNIT G 207,95162438,,,,,,2026-07-15T19:41:40
239004082,0021,390040820021,2-3-9-004-082-0021,G 207,G207,MAUI KAMAOLE PHASE III,2777 S KIHEI RD UNIT G 207,98156941,NL,,,,,2026-07-15T19:41:40
239004082,0021,390040820021,2-3-9-004-082-0021,G 207,G207,MAUI KAMAOLE PHASE III,2777 S KIHEI RD UNIT G 207,2000091355,NL,,,,,2026-07-15T19:41:40
239004082,0022,390040820022,2-3-9-004-082-0022,G 208,G208,MAUI KAMAOLE PHASE III,2777 S KIHEI RD UNIT G 208,43930966,M,,,,,2026-07-15T19:41:40
239004082,0022,390040820022,2-3-9-004-082-0022,G 208,G208,MAUI KAMAOLE PHASE III,2777 S KIHEI RD UNIT G 208,70410170,M,,,,,2026-07-15T19:41:40
239004082,0022,390040820022,2-3-9-004-082-0022,G 208,G208,MAUI KAMAOLE PHASE III,2777 S KIHEI RD UNIT G 208,70510585,M,,,,,2026-07-15T19:41:40
239004082,0022,390040820022,2-3-9-004-082-0022,G 208,G208,MAUI KAMAOLE PHASE III,2777 S KIHEI RD UNIT G 208,90198368,,,,,,2026-07-15T19:41:40
239004082,0022,390040820022,2-3-9-004-082-0022,G 208,G208,MAUI KAMAOLE PHASE III,2777 S KIHEI RD UNIT G 208,90198369,M,,,,,2026-07-15T19:41:40
239004082,0022,390040820022,2-3-9-004-082-0022,G 208,G208,MAUI KAMAOLE PHASE III,2777 S KIHEI RD UNIT G 208,90198370,M,,,,,2026-07-15T19:41:40
239004082,0022,390040820022,2-3-9-004-082-0022,G 208,G208,MAUI KAMAOLE PHASE III,2777 S KIHEI RD UNIT G 208,90198371,,,,,,2026-07-15T19:41:40
239004082,0022,390040820022,2-3-9-004-082-0022,G 208,G208,MAUI KAMAOLE PHASE III,2777 S KIHEI RD UNIT G 208,91001905,M,,,,,2026-07-15T19:41:40
239004082,0022,390040820022,2-3-9-004-082-0022,G 208,G208,MAUI KAMAOLE PHASE III,2777 S KIHEI RD UNIT G 208,91001906,,,,,,2026-07-15T19:41:40
239004082,0022,390040820022,2-3-9-004-082-0022,G 208,G208,MAUI KAMAOLE PHASE III,2777 S KIHEI RD UNIT G 208,91001907,,,,,,2026-07-15T19:41:40
239004082,0022,390040820022,2-3-9-004-082-0022,G 208,G208,MAUI KAMAOLE PHASE III,2777 S KIHEI RD UNIT G 208,91032731,,,,,,2026-07-15T19:41:40
239004082,0022,390040820022,2-3-9-004-082-0022,G 208,G208,MAUI KAMAOLE PHASE III,2777 S KIHEI RD UNIT G 208,95120499,,,,,,2026-07-15T19:41:40
239004082,0022,390040820022,2-3-9-004-082-0022,G 208,G208,MAUI KAMAOLE PHASE III,2777 S KIHEI RD UNIT G 208,98156941,NL,,,,,2026-07-15T19:41:40
239004082,0022,390040820022,2-3-9-004-082-0022,G 208,G208,MAUI KAMAOLE PHASE III,2777 S KIHEI RD UNIT G 208,2000091355,NL,,,,,2026-07-15T19:41:40
239004082,0022,390040820022,2-3-9-004-082-0022,G 208,G208,MAUI KAMAOLE PHASE III,2777 S KIHEI RD UNIT G 208,2000128611,R,,,,,2026-07-15T19:41:40
239004082,0022,390040820022,2-3-9-004-082-0022,G 208,G208,MAUI KAMAOLE PHASE III,2777 S KIHEI RD UNIT G 208,2003233324,M,,,,,2026-07-15T19:41:40
239004082,0022,390040820022,2-3-9-004-082-0022,G 208,G208,MAUI KAMAOLE PHASE III,2777 S KIHEI RD UNIT G 208,2003233325,M,,,,,2026-07-15T19:41:40
239004082,0022,390040820022,2-3-9-004-082-0022,G 208,G208,MAUI KAMAOLE PHASE III,2777 S KIHEI RD UNIT G 208,2003264376,M,,,,,2026-07-15T19:41:40
239004082,0022,390040820022,2-3-9-004-082-0022,G 208,G208,MAUI KAMAOLE PHASE III,2777 S KIHEI RD UNIT G 208,2003273510,,,,,,2026-07-15T19:41:40
239004082,0022,390040820022,2-3-9-004-082-0022,G 208,G208,MAUI KAMAOLE PHASE III,2777 S KIHEI RD UNIT G 208,2010124707,M,,,,,2026-07-15T19:41:40
239004082,0022,390040820022,2-3-9-004-082-0022,G 208,G208,MAUI KAMAOLE PHASE III,2777 S KIHEI RD UNIT G 208,2010124708,M,,,,,2026-07-15T19:41:40
239004082,0022,390040820022,2-3-9-004-082-0022,G 208,G208,MAUI KAMAOLE PHASE III,2777 S KIHEI RD UNIT G 208,2010135123,M,,,,,2026-07-15T19:41:40
239004082,0022,390040820022,2-3-9-004-082-0022,G 208,G208,MAUI KAMAOLE PHASE III,2777 S KIHEI RD UNIT G 208,2011008952,M,,,,,2026-07-15T19:41:40
239004082,0022,390040820022,2-3-9-004-082-0022,G 208,G208,MAUI KAMAOLE PHASE III,2777 S KIHEI RD UNIT G 208,2011204116,M,,,,,2026-07-15T19:41:40
239004082,0023,390040820023,2-3-9-004-082-0023,G 209,G209,MAUI KAMAOLE PHASE III,2777 S KIHEI RD UNIT G 209,49480910,M,,,,,2026-07-15T19:41:40
239004082,0023,390040820023,2-3-9-004-082-0023,G 209,G209,MAUI KAMAOLE PHASE III,2777 S KIHEI RD UNIT G 209,56940729,,,,,,2026-07-15T19:41:40
239004082,0023,390040820023,2-3-9-004-082-0023,G 209,G209,MAUI KAMAOLE PHASE III,2777 S KIHEI RD UNIT G 209,66250412,,,,,,2026-07-15T19:41:40
239004082,0023,390040820023,2-3-9-004-082-0023,G 209,G209,MAUI KAMAOLE PHASE III,2777 S KIHEI RD UNIT G 209,67050172,,,,,,2026-07-15T19:41:40
239004082,0023,390040820023,2-3-9-004-082-0023,G 209,G209,MAUI KAMAOLE PHASE III,2777 S KIHEI RD UNIT G 209,68210541,,,,,,2026-07-15T19:41:40
239004082,0023,390040820023,2-3-9-004-082-0023,G 209,G209,MAUI KAMAOLE PHASE III,2777 S KIHEI RD UNIT G 209,91009532,,,,,,2026-07-15T19:41:40
239004082,0023,390040820023,2-3-9-004-082-0023,G 209,G209,MAUI KAMAOLE PHASE III,2777 S KIHEI RD UNIT G 209,91009533,,,,,,2026-07-15T19:41:40
239004082,0023,390040820023,2-3-9-004-082-0023,G 209,G209,MAUI KAMAOLE PHASE III,2777 S KIHEI RD UNIT G 209,91032729,,,,,,2026-07-15T19:41:40
239004082,0023,390040820023,2-3-9-004-082-0023,G 209,G209,MAUI KAMAOLE PHASE III,2777 S KIHEI RD UNIT G 209,92047081,,,,,,2026-07-15T19:41:40
239004082,0023,390040820023,2-3-9-004-082-0023,G 209,G209,MAUI KAMAOLE PHASE III,2777 S KIHEI RD UNIT G 209,93081788,,,,,,2026-07-15T19:41:40
239004082,0023,390040820023,2-3-9-004-082-0023,G 209,G209,MAUI KAMAOLE PHASE III,2777 S KIHEI RD UNIT G 209,93186580,,,,,,2026-07-15T19:41:40
239004082,0023,390040820023,2-3-9-004-082-0023,G 209,G209,MAUI KAMAOLE PHASE III,2777 S KIHEI RD UNIT G 209,98156941,NL,,,,,2026-07-15T19:41:40
239004082,0023,390040820023,2-3-9-004-082-0023,G 209,G209,MAUI KAMAOLE PHASE III,2777 S KIHEI RD UNIT G 209,98190359,,,,,,2026-07-15T19:41:40
239004082,0023,390040820023,2-3-9-004-082-0023,G 209,G209,MAUI KAMAOLE PHASE III,2777 S KIHEI RD UNIT G 209,2000091355,NL,,,,,2026-07-15T19:41:40
239004082,0023,390040820023,2-3-9-004-082-0023,G 209,G209,MAUI KAMAOLE PHASE III,2777 S KIHEI RD UNIT G 209,2003139202,R,,,,,2026-07-15T19:41:40
239004082,0023,390040820023,2-3-9-004-082-0023,G 209,G209,MAUI KAMAOLE PHASE III,2777 S KIHEI RD UNIT G 209,2006034423,,,,,,2026-07-15T19:41:40
239004082,0023,390040820023,2-3-9-004-082-0023,G 209,G209,MAUI KAMAOLE PHASE III,2777 S KIHEI RD UNIT G 209,2008056644,,,,,,2026-07-15T19:41:40
239004082,0023,390040820023,2-3-9-004-082-0023,G 209,G209,MAUI KAMAOLE PHASE III,2777 S KIHEI RD UNIT G 209,2008056645,R,,,,,2026-07-15T19:41:40
239004082,0023,390040820023,2-3-9-004-082-0023,G 209,G209,MAUI KAMAOLE PHASE III,2777 S KIHEI RD UNIT G 209,2008072616,M,,,,,2026-07-15T19:41:40
239004082,0024,390040820024,2-3-9-004-082-0024,G 210,G210,MAUI KAMAOLE PHASE III,2777 S KIHEI RD UNIT G 210,44420020,,,,,,2026-07-15T19:41:40
239004082,0024,390040820024,2-3-9-004-082-0024,G 210,G210,MAUI KAMAOLE PHASE III,2777 S KIHEI RD UNIT G 210,46951003,,,,,,2026-07-15T19:41:40
239004082,0024,390040820024,2-3-9-004-082-0024,G 210,G210,MAUI KAMAOLE PHASE III,2777 S KIHEI RD UNIT G 210,58000561,,,,,,2026-07-15T19:41:40
239004082,0024,390040820024,2-3-9-004-082-0024,G 210,G210,MAUI KAMAOLE PHASE III,2777 S KIHEI RD UNIT G 210,63600832,,,,,,2026-07-15T19:41:40
239004082,0024,390040820024,2-3-9-004-082-0024,G 210,G210,MAUI KAMAOLE PHASE III,2777 S KIHEI RD UNIT G 210,91001600,,,,,,2026-07-15T19:41:40
239004082,0024,390040820024,2-3-9-004-082-0024,G 210,G210,MAUI KAMAOLE PHASE III,2777 S KIHEI RD UNIT G 210,91032737,,,,,,2026-07-15T19:41:40
239004082,0024,390040820024,2-3-9-004-082-0024,G 210,G210,MAUI KAMAOLE PHASE III,2777 S KIHEI RD UNIT G 210,98122145,,,,,,2026-07-15T19:41:40
239004082,0024,390040820024,2-3-9-004-082-0024,G 210,G210,MAUI KAMAOLE PHASE III,2777 S KIHEI RD UNIT G 210,98156941,NL,,,,,2026-07-15T19:41:40
239004082,0024,390040820024,2-3-9-004-082-0024,G 210,G210,MAUI KAMAOLE PHASE III,2777 S KIHEI RD UNIT G 210,2000091355,NL,,,,,2026-07-15T19:41:40
239004082,0024,390040820024,2-3-9-004-082-0024,G 210,G210,MAUI KAMAOLE PHASE III,2777 S KIHEI RD UNIT G 210,2003018743,,,,,,2026-07-15T19:41:40
239004082,0024,390040820024,2-3-9-004-082-0024,G 210,G210,MAUI KAMAOLE PHASE III,2777 S KIHEI RD UNIT G 210,2003018744,,,,,,2026-07-15T19:41:40
239004082,0024,390040820024,2-3-9-004-082-0024,G 210,G210,MAUI KAMAOLE PHASE III,2777 S KIHEI RD UNIT G 210,2007204701,M,,,,,2026-07-15T19:41:40
239004082,0024,390040820024,2-3-9-004-082-0024,G 210,G210,MAUI KAMAOLE PHASE III,2777 S KIHEI RD UNIT G 210,2010063099,,,,,,2026-07-15T19:41:40
239004082,0024,390040820024,2-3-9-004-082-0024,G 210,G210,MAUI KAMAOLE PHASE III,2777 S KIHEI RD UNIT G 210,2011008991,,,,,,2026-07-15T19:41:40
239004082,0025,390040820025,2-3-9-004-082-0025,G 211,G211,MAUI KAMAOLE PHASE III,2777 S KIHEI RD UNIT G 211,44210508,R,,,,,2026-07-15T19:41:40
239004082,0025,390040820025,2-3-9-004-082-0025,G 211,G211,MAUI KAMAOLE PHASE III,2777 S KIHEI RD UNIT G 211,44230247,M,,,,,2026-07-15T19:41:40
239004082,0025,390040820025,2-3-9-004-082-0025,G 211,G211,MAUI KAMAOLE PHASE III,2777 S KIHEI RD UNIT G 211,44410500,MFS,,,,,2026-07-15T19:41:40
239004082,0025,390040820025,2-3-9-004-082-0025,G 211,G211,MAUI KAMAOLE PHASE III,2777 S KIHEI RD UNIT G 211,80810640,,,,,,2026-07-15T19:41:40
239004082,0025,390040820025,2-3-9-004-082-0025,G 211,G211,MAUI KAMAOLE PHASE III,2777 S KIHEI RD UNIT G 211,80810641,,,,,,2026-07-15T19:41:40
239004082,0025,390040820025,2-3-9-004-082-0025,G 211,G211,MAUI KAMAOLE PHASE III,2777 S KIHEI RD UNIT G 211,80840779,M,,,,,2026-07-15T19:41:40
239004082,0025,390040820025,2-3-9-004-082-0025,G 211,G211,MAUI KAMAOLE PHASE III,2777 S KIHEI RD UNIT G 211,88260702,,,,,,2026-07-15T19:41:40
239004082,0025,390040820025,2-3-9-004-082-0025,G 211,G211,MAUI KAMAOLE PHASE III,2777 S KIHEI RD UNIT G 211,90199526,,,,,,2026-07-15T19:41:40
239004082,0025,390040820025,2-3-9-004-082-0025,G 211,G211,MAUI KAMAOLE PHASE III,2777 S KIHEI RD UNIT G 211,90199527,,,,,,2026-07-15T19:41:40
239004082,0025,390040820025,2-3-9-004-082-0025,G 211,G211,MAUI KAMAOLE PHASE III,2777 S KIHEI RD UNIT G 211,91032723,,,,,,2026-07-15T19:41:40
239004082,0025,390040820025,2-3-9-004-082-0025,G 211,G211,MAUI KAMAOLE PHASE III,2777 S KIHEI RD UNIT G 211,94081336,,,,,,2026-07-15T19:41:40
239004082,0025,390040820025,2-3-9-004-082-0025,G 211,G211,MAUI KAMAOLE PHASE III,2777 S KIHEI RD UNIT G 211,94090051,,,,,,2026-07-15T19:41:40
239004082,0025,390040820025,2-3-9-004-082-0025,G 211,G211,MAUI KAMAOLE PHASE III,2777 S KIHEI RD UNIT G 211,98156941,NL,,,,,2026-07-15T19:41:40
239004082,0025,390040820025,2-3-9-004-082-0025,G 211,G211,MAUI KAMAOLE PHASE III,2777 S KIHEI RD UNIT G 211,99130476,M,,,,,2026-07-15T19:41:40
239004082,0025,390040820025,2-3-9-004-082-0025,G 211,G211,MAUI KAMAOLE PHASE III,2777 S KIHEI RD UNIT G 211,99130477,,,,,,2026-07-15T19:41:40
239004082,0025,390040820025,2-3-9-004-082-0025,G 211,G211,MAUI KAMAOLE PHASE III,2777 S KIHEI RD UNIT G 211,99134148,,,,,,2026-07-15T19:41:40
239004082,0025,390040820025,2-3-9-004-082-0025,G 211,G211,MAUI KAMAOLE PHASE III,2777 S KIHEI RD UNIT G 211,99183576,,,,,,2026-07-15T19:41:40
239004082,0025,390040820025,2-3-9-004-082-0025,G 211,G211,MAUI KAMAOLE PHASE III,2777 S KIHEI RD UNIT G 211,2000091355,NL,,,,,2026-07-15T19:41:40
239004082,0025,390040820025,2-3-9-004-082-0025,G 211,G211,MAUI KAMAOLE PHASE III,2777 S KIHEI RD UNIT G 211,2001159973,R,,,,,2026-07-15T19:41:40
239004082,0025,390040820025,2-3-9-004-082-0025,G 211,G211,MAUI KAMAOLE PHASE III,2777 S KIHEI RD UNIT G 211,2002038072,,,,,,2026-07-15T19:41:40
239004082,0025,390040820025,2-3-9-004-082-0025,G 211,G211,MAUI KAMAOLE PHASE III,2777 S KIHEI RD UNIT G 211,2002042333,R,,,,,2026-07-15T19:41:40
239004082,0025,390040820025,2-3-9-004-082-0025,G 211,G211,MAUI KAMAOLE PHASE III,2777 S KIHEI RD UNIT G 211,2002088421,M,,,,,2026-07-15T19:41:40
239004082,0025,390040820025,2-3-9-004-082-0025,G 211,G211,MAUI KAMAOLE PHASE III,2777 S KIHEI RD UNIT G 211,2003242065,R,,,,,2026-07-15T19:41:40
239004082,0025,390040820025,2-3-9-004-082-0025,G 211,G211,MAUI KAMAOLE PHASE III,2777 S KIHEI RD UNIT G 211,2003268065,M,,,,,2026-07-15T19:41:40
239004082,0025,390040820025,2-3-9-004-082-0025,G 211,G211,MAUI KAMAOLE PHASE III,2777 S KIHEI RD UNIT G 211,2004047457,,,,,,2026-07-15T19:41:40
239004082,0025,390040820025,2-3-9-004-082-0025,G 211,G211,MAUI KAMAOLE PHASE III,2777 S KIHEI RD UNIT G 211,2004047458,R,,,,,2026-07-15T19:41:40
239004082,0025,390040820025,2-3-9-004-082-0025,G 211,G211,MAUI KAMAOLE PHASE III,2777 S KIHEI RD UNIT G 211,2004102003,MFS,,,,,2026-07-15T19:41:40
239004082,0025,390040820025,2-3-9-004-082-0025,G 211,G211,MAUI KAMAOLE PHASE III,2777 S KIHEI RD UNIT G 211,2005227542,R,,,,,2026-07-15T19:41:40
239004082,0025,390040820025,2-3-9-004-082-0025,G 211,G211,MAUI KAMAOLE PHASE III,2777 S KIHEI RD UNIT G 211,2005264088,MFS,,,,,2026-07-15T19:41:40
239004082,0026,390040820026,2-3-9-004-082-0026,G 212,G212,MAUI KAMAOLE PHASE III,2777 S KIHEI RD UNIT G 212,57580934,M,,,,,2026-07-15T19:41:40
239004082,0026,390040820026,2-3-9-004-082-0026,G 212,G212,MAUI KAMAOLE PHASE III,2777 S KIHEI RD UNIT G 212,58260641,MFS,,,,,2026-07-15T19:41:40
239004082,0026,390040820026,2-3-9-004-082-0026,G 212,G212,MAUI KAMAOLE PHASE III,2777 S KIHEI RD UNIT G 212,65340085,M,,,,,2026-07-15T19:41:40
239004082,0026,390040820026,2-3-9-004-082-0026,G 212,G212,MAUI KAMAOLE PHASE III,2777 S KIHEI RD UNIT G 212,65340086,R,,,,,2026-07-15T19:41:40
239004082,0026,390040820026,2-3-9-004-082-0026,G 212,G212,MAUI KAMAOLE PHASE III,2777 S KIHEI RD UNIT G 212,77380169,,,,,,2026-07-15T19:41:40
239004082,0026,390040820026,2-3-9-004-082-0026,G 212,G212,MAUI KAMAOLE PHASE III,2777 S KIHEI RD UNIT G 212,77470815,M,,,,,2026-07-15T19:41:40
239004082,0026,390040820026,2-3-9-004-082-0026,G 212,G212,MAUI KAMAOLE PHASE III,2777 S KIHEI RD UNIT G 212,90194707,,,,,,2026-07-15T19:41:40
239004082,0026,390040820026,2-3-9-004-082-0026,G 212,G212,MAUI KAMAOLE PHASE III,2777 S KIHEI RD UNIT G 212,91032727,,,,,,2026-07-15T19:41:40
239004082,0026,390040820026,2-3-9-004-082-0026,G 212,G212,MAUI KAMAOLE PHASE III,2777 S KIHEI RD UNIT G 212,98156941,NL,,,,,2026-07-15T19:41:40
239004082,0026,390040820026,2-3-9-004-082-0026,G 212,G212,MAUI KAMAOLE PHASE III,2777 S KIHEI RD UNIT G 212,2000091355,NL,,,,,2026-07-15T19:41:40
239004082,0026,390040820026,2-3-9-004-082-0026,G 212,G212,MAUI KAMAOLE PHASE III,2777 S KIHEI RD UNIT G 212,2001072722,,,,,,2026-07-15T19:41:40
239004082,0026,390040820026,2-3-9-004-082-0026,G 212,G212,MAUI KAMAOLE PHASE III,2777 S KIHEI RD UNIT G 212,2001072723,R,,,,,2026-07-15T19:41:40
239004082,0026,390040820026,2-3-9-004-082-0026,G 212,G212,MAUI KAMAOLE PHASE III,2777 S KIHEI RD UNIT G 212,2002016968,,,,,,2026-07-15T19:41:40
239004082,0026,390040820026,2-3-9-004-082-0026,G 212,G212,MAUI KAMAOLE PHASE III,2777 S KIHEI RD UNIT G 212,2002048724,M,,,,,2026-07-15T19:41:40
239004082,0026,390040820026,2-3-9-004-082-0026,G 212,G212,MAUI KAMAOLE PHASE III,2777 S KIHEI RD UNIT G 212,2002222820,R,,,,,2026-07-15T19:41:40
239004082,0026,390040820026,2-3-9-004-082-0026,G 212,G212,MAUI KAMAOLE PHASE III,2777 S KIHEI RD UNIT G 212,2003047380,,,,,,2026-07-15T19:41:40
239004082,0026,390040820026,2-3-9-004-082-0026,G 212,G212,MAUI KAMAOLE PHASE III,2777 S KIHEI RD UNIT G 212,2004075614,R,,,,,2026-07-15T19:41:40
239004082,0026,390040820026,2-3-9-004-082-0026,G 212,G212,MAUI KAMAOLE PHASE III,2777 S KIHEI RD UNIT G 212,2004104975,M,,,,,2026-07-15T19:41:40
239004082,0026,390040820026,2-3-9-004-082-0026,G 212,G212,MAUI KAMAOLE PHASE III,2777 S KIHEI RD UNIT G 212,2004228877,,,,,,2026-07-15T19:41:40
239004082,0026,390040820026,2-3-9-004-082-0026,G 212,G212,MAUI KAMAOLE PHASE III,2777 S KIHEI RD UNIT G 212,2007140624,R,,,,,2026-07-15T19:41:40
239004082,0026,390040820026,2-3-9-004-082-0026,G 212,G212,MAUI KAMAOLE PHASE III,2777 S KIHEI RD UNIT G 212,2009061341,,,,,,2026-07-15T19:41:40
239004082,0027,390040820027,2-3-9-004-082-0027,G 214,G214,MAUI KAMAOLE PHASE III,2777 S KIHEI RD UNIT G 214,90196379,,,,,,2026-07-15T19:41:40
239004082,0027,390040820027,2-3-9-004-082-0027,G 214,G214,MAUI KAMAOLE PHASE III,2777 S KIHEI RD UNIT G 214,91032725,,,,,,2026-07-15T19:41:40
239004082,0027,390040820027,2-3-9-004-082-0027,G 214,G214,MAUI KAMAOLE PHASE III,2777 S KIHEI RD UNIT G 214,98156941,NL,,,,,2026-07-15T19:41:40
239004082,0027,390040820027,2-3-9-004-082-0027,G 214,G214,MAUI KAMAOLE PHASE III,2777 S KIHEI RD UNIT G 214,2000091355,NL,,,,,2026-07-15T19:41:40
239004082,0027,390040820027,2-3-9-004-082-0027,G 214,G214,MAUI KAMAOLE PHASE III,2777 S KIHEI RD UNIT G 214,2010191846,,,,,,2026-07-15T19:41:40
239004082,0027,390040820027,2-3-9-004-082-0027,G 214,G214,MAUI KAMAOLE PHASE III,2777 S KIHEI RD UNIT G 214,9560000342,,,,,,2026-07-15T19:41:40
239004082,0028,390040820028,2-3-9-004-082-0028,G 215,G215,MAUI KAMAOLE PHASE III,2777 S KIHEI RD UNIT G 215,91046811,,,,,,2026-07-15T19:41:40
239004082,0028,390040820028,2-3-9-004-082-0028,G 215,G215,MAUI KAMAOLE PHASE III,2777 S KIHEI RD UNIT G 215,91046812,,,,,,2026-07-15T19:41:40
239004082,0028,390040820028,2-3-9-004-082-0028,G 215,G215,MAUI KAMAOLE PHASE III,2777 S KIHEI RD UNIT G 215,91098989,,,,,,2026-07-15T19:41:40
239004082,0028,390040820028,2-3-9-004-082-0028,G 215,G215,MAUI KAMAOLE PHASE III,2777 S KIHEI RD UNIT G 215,96145298,,,,,,2026-07-15T19:41:40
239004082,0028,390040820028,2-3-9-004-082-0028,G 215,G215,MAUI KAMAOLE PHASE III,2777 S KIHEI RD UNIT G 215,98156941,NL,,,,,2026-07-15T19:41:40
239004082,0028,390040820028,2-3-9-004-082-0028,G 215,G215,MAUI KAMAOLE PHASE III,2777 S KIHEI RD UNIT G 215,2000055725,,,,,,2026-07-15T19:41:40
239004082,0028,390040820028,2-3-9-004-082-0028,G 215,G215,MAUI KAMAOLE PHASE III,2777 S KIHEI RD UNIT G 215,2000091355,NL,,,,,2026-07-15T19:41:40
239004082,0029,390040820029,2-3-9-004-082-0029,H 101,H101,MAUI KAMAOLE PHASE III,2777 S KIHEI RD UNIT H 101,47381523,M,,,,,2026-07-15T19:41:40
239004082,0029,390040820029,2-3-9-004-082-0029,H 101,H101,MAUI KAMAOLE PHASE III,2777 S KIHEI RD UNIT H 101,72610701,,,,,,2026-07-15T19:41:40
239004082,0029,390040820029,2-3-9-004-082-0029,H 101,H101,MAUI KAMAOLE PHASE III,2777 S KIHEI RD UNIT H 101,91031183,,,,,,2026-07-15T19:41:40
239004082,0029,390040820029,2-3-9-004-082-0029,H 101,H101,MAUI KAMAOLE PHASE III,2777 S KIHEI RD UNIT H 101,94204726,,,,,,2026-07-15T19:41:40
239004082,0029,390040820029,2-3-9-004-082-0029,H 101,H101,MAUI KAMAOLE PHASE III,2777 S KIHEI RD UNIT H 101,94204727,,,,,,2026-07-15T19:41:40
239004082,0029,390040820029,2-3-9-004-082-0029,H 101,H101,MAUI KAMAOLE PHASE III,2777 S KIHEI RD UNIT H 101,95044780,,,,,,2026-07-15T19:41:40
239004082,0029,390040820029,2-3-9-004-082-0029,H 101,H101,MAUI KAMAOLE PHASE III,2777 S KIHEI RD UNIT H 101,96153904,,,,,,2026-07-15T19:41:40
239004082,0029,390040820029,2-3-9-004-082-0029,H 101,H101,MAUI KAMAOLE PHASE III,2777 S KIHEI RD UNIT H 101,98106545,,,,,,2026-07-15T19:41:40
239004082,0029,390040820029,2-3-9-004-082-0029,H 101,H101,MAUI KAMAOLE PHASE III,2777 S KIHEI RD UNIT H 101,98156941,NL,,,,,2026-07-15T19:41:40
239004082,0029,390040820029,2-3-9-004-082-0029,H 101,H101,MAUI KAMAOLE PHASE III,2777 S KIHEI RD UNIT H 101,2000091355,NL,,,,,2026-07-15T19:41:40
239004082,0029,390040820029,2-3-9-004-082-0029,H 101,H101,MAUI KAMAOLE PHASE III,2777 S KIHEI RD UNIT H 101,2001118582,R,,,,,2026-07-15T19:41:40
239004082,0029,390040820029,2-3-9-004-082-0029,H 101,H101,MAUI KAMAOLE PHASE III,2777 S KIHEI RD UNIT H 101,2001152477,,,,,,2026-07-15T19:41:40
239004082,0029,390040820029,2-3-9-004-082-0029,H 101,H101,MAUI KAMAOLE PHASE III,2777 S KIHEI RD UNIT H 101,2002200447,R,,,,,2026-07-15T19:41:40
239004082,0029,390040820029,2-3-9-004-082-0029,H 101,H101,MAUI KAMAOLE PHASE III,2777 S KIHEI RD UNIT H 101,2002200448,R,,,,,2026-07-15T19:41:40
239004082,0029,390040820029,2-3-9-004-082-0029,H 101,H101,MAUI KAMAOLE PHASE III,2777 S KIHEI RD UNIT H 101,2002216237,R,,,,,2026-07-15T19:41:40
239004082,0029,390040820029,2-3-9-004-082-0029,H 101,H101,MAUI KAMAOLE PHASE III,2777 S KIHEI RD UNIT H 101,2003001297,M,,,,,2026-07-15T19:41:40
239004082,0029,390040820029,2-3-9-004-082-0029,H 101,H101,MAUI KAMAOLE PHASE III,2777 S KIHEI RD UNIT H 101,2009068204,R,,,,,2026-07-15T19:41:40
239004082,0030,390040820030,2-3-9-004-082-0030,H 102,H102,MAUI KAMAOLE PHASE III,2777 S KIHEI RD UNIT H 102,62850192,,,,,,2026-07-15T19:41:40
239004082,0030,390040820030,2-3-9-004-082-0030,H 102,H102,MAUI KAMAOLE PHASE III,2777 S KIHEI RD UNIT H 102,63330672,M,,,,,2026-07-15T19:41:40
239004082,0030,390040820030,2-3-9-004-082-0030,H 102,H102,MAUI KAMAOLE PHASE III,2777 S KIHEI RD UNIT H 102,92193651,,,,,,2026-07-15T19:41:40
239004082,0030,390040820030,2-3-9-004-082-0030,H 102,H102,MAUI KAMAOLE PHASE III,2777 S KIHEI RD UNIT H 102,92193652,,,,,,2026-07-15T19:41:40
239004082,0030,390040820030,2-3-9-004-082-0030,H 102,H102,MAUI KAMAOLE PHASE III,2777 S KIHEI RD UNIT H 102,94090639,,,,,,2026-07-15T19:41:40
239004082,0030,390040820030,2-3-9-004-082-0030,H 102,H102,MAUI KAMAOLE PHASE III,2777 S KIHEI RD UNIT H 102,98053731,,,,,,2026-07-15T19:41:40
239004082,0030,390040820030,2-3-9-004-082-0030,H 102,H102,MAUI KAMAOLE PHASE III,2777 S KIHEI RD UNIT H 102,98113207,,,,,,2026-07-15T19:41:40
239004082,0030,390040820030,2-3-9-004-082-0030,H 102,H102,MAUI KAMAOLE PHASE III,2777 S KIHEI RD UNIT H 102,98156941,NL,,,,,2026-07-15T19:41:40
239004082,0030,390040820030,2-3-9-004-082-0030,H 102,H102,MAUI KAMAOLE PHASE III,2777 S KIHEI RD UNIT H 102,99114599,,,,,,2026-07-15T19:41:40
239004082,0030,390040820030,2-3-9-004-082-0030,H 102,H102,MAUI KAMAOLE PHASE III,2777 S KIHEI RD UNIT H 102,99114600,,,,,,2026-07-15T19:41:40
239004082,0030,390040820030,2-3-9-004-082-0030,H 102,H102,MAUI KAMAOLE PHASE III,2777 S KIHEI RD UNIT H 102,2000091355,NL,,,,,2026-07-15T19:41:40
239004082,0030,390040820030,2-3-9-004-082-0030,H 102,H102,MAUI KAMAOLE PHASE III,2777 S KIHEI RD UNIT H 102,2004122798,,,,,,2026-07-15T19:41:40
239004082,0030,390040820030,2-3-9-004-082-0030,H 102,H102,MAUI KAMAOLE PHASE III,2777 S KIHEI RD UNIT H 102,2004122799,R,,,,,2026-07-15T19:41:40
239004082,0030,390040820030,2-3-9-004-082-0030,H 102,H102,MAUI KAMAOLE PHASE III,2777 S KIHEI RD UNIT H 102,2004193204,,,,,,2026-07-15T19:41:40
239004082,0031,390040820031,2-3-9-004-082-0031,H 103,H103,MAUI KAMAOLE PHASE III,2777 S KIHEI RD UNIT H 103,91028391,,,,,,2026-07-15T19:41:40
239004082,0031,390040820031,2-3-9-004-082-0031,H 103,H103,MAUI KAMAOLE PHASE III,2777 S KIHEI RD UNIT H 103,91034945,,,,,,2026-07-15T19:41:40
239004082,0031,390040820031,2-3-9-004-082-0031,H 103,H103,MAUI KAMAOLE PHASE III,2777 S KIHEI RD UNIT H 103,92049953,,,,,,2026-07-15T19:41:40
239004082,0031,390040820031,2-3-9-004-082-0031,H 103,H103,MAUI KAMAOLE PHASE III,2777 S KIHEI RD UNIT H 103,95086742,,,,,,2026-07-15T19:41:40
239004082,0031,390040820031,2-3-9-004-082-0031,H 103,H103,MAUI KAMAOLE PHASE III,2777 S KIHEI RD UNIT H 103,98156941,NL,,,,,2026-07-15T19:41:40
239004082,0031,390040820031,2-3-9-004-082-0031,H 103,H103,MAUI KAMAOLE PHASE III,2777 S KIHEI RD UNIT H 103,99059933,M,,,,,2026-07-15T19:41:40
239004082,0031,390040820031,2-3-9-004-082-0031,H 103,H103,MAUI KAMAOLE PHASE III,2777 S KIHEI RD UNIT H 103,2000091355,NL,,,,,2026-07-15T19:41:40
239004082,0031,390040820031,2-3-9-004-082-0031,H 103,H103,MAUI KAMAOLE PHASE III,2777 S KIHEI RD UNIT H 103,2000146385,M,,,,,2026-07-15T19:41:40
239004082,0031,390040820031,2-3-9-004-082-0031,H 103,H103,MAUI KAMAOLE PHASE III,2777 S KIHEI RD UNIT H 103,2000146386,M,,,,,2026-07-15T19:41:40
239004082,0031,390040820031,2-3-9-004-082-0031,H 103,H103,MAUI KAMAOLE PHASE III,2777 S KIHEI RD UNIT H 103,2002088036,M,,,,,2026-07-15T19:41:40
239004082,0031,390040820031,2-3-9-004-082-0031,H 103,H103,MAUI KAMAOLE PHASE III,2777 S KIHEI RD UNIT H 103,2002149480,M,,,,,2026-07-15T19:41:40
239004082,0032,390040820032,2-3-9-004-082-0032,H 104,H104,MAUI KAMAOLE PHASE III,2777 S KIHEI RD UNIT H 104,80970246,M,,,,,2026-07-15T19:41:40
239004082,0032,390040820032,2-3-9-004-082-0032,H 104,H104,MAUI KAMAOLE PHASE III,2777 S KIHEI RD UNIT H 104,80970247,R,,,,,2026-07-15T19:41:40
239004082,0032,390040820032,2-3-9-004-082-0032,H 104,H104,MAUI KAMAOLE PHASE III,2777 S KIHEI RD UNIT H 104,82140769,,,,,,2026-07-15T19:41:40
239004082,0032,390040820032,2-3-9-004-082-0032,H 104,H104,MAUI KAMAOLE PHASE III,2777 S KIHEI RD UNIT H 104,91032769,,,,,,2026-07-15T19:41:40
239004082,0032,390040820032,2-3-9-004-082-0032,H 104,H104,MAUI KAMAOLE PHASE III,2777 S KIHEI RD UNIT H 104,91051781,,,,,,2026-07-15T19:41:40
239004082,0032,390040820032,2-3-9-004-082-0032,H 104,H104,MAUI KAMAOLE PHASE III,2777 S KIHEI RD UNIT H 104,91118453,,,,,,2026-07-15T19:41:40
239004082,0032,390040820032,2-3-9-004-082-0032,H 104,H104,MAUI KAMAOLE PHASE III,2777 S KIHEI RD UNIT H 104,98156941,NL,,,,,2026-07-15T19:41:40
239004082,0032,390040820032,2-3-9-004-082-0032,H 104,H104,MAUI KAMAOLE PHASE III,2777 S KIHEI RD UNIT H 104,2000091355,NL,,,,,2026-07-15T19:41:40
239004082,0032,390040820032,2-3-9-004-082-0032,H 104,H104,MAUI KAMAOLE PHASE III,2777 S KIHEI RD UNIT H 104,2004154985,,,,,,2026-07-15T19:41:40
239004082,0032,390040820032,2-3-9-004-082-0032,H 104,H104,MAUI KAMAOLE PHASE III,2777 S KIHEI RD UNIT H 104,9564000360,,,,,,2026-07-15T19:41:40
239004082,0032,390040820032,2-3-9-004-082-0032,H 104,H104,MAUI KAMAOLE PHASE III,2777 S KIHEI RD UNIT H 104,9595000223,M,,,,,2026-07-15T19:41:40
239004082,0033,390040820033,2-3-9-004-082-0033,H 105,H105,MAUI KAMAOLE PHASE III,2777 S KIHEI RD UNIT H 105,44820762,,,,,,2026-07-15T19:41:40
239004082,0033,390040820033,2-3-9-004-082-0033,H 105,H105,MAUI KAMAOLE PHASE III,2777 S KIHEI RD UNIT H 105,44820763,R,,,,,2026-07-15T19:41:40
239004082,0033,390040820033,2-3-9-004-082-0033,H 105,H105,MAUI KAMAOLE PHASE III,2777 S KIHEI RD UNIT H 105,44840281,M,,,,,2026-07-15T19:41:40
239004082,0033,390040820033,2-3-9-004-082-0033,H 105,H105,MAUI KAMAOLE PHASE III,2777 S KIHEI RD UNIT H 105,74750422,R,,,,,2026-07-15T19:41:40
239004082,0033,390040820033,2-3-9-004-082-0033,H 105,H105,MAUI KAMAOLE PHASE III,2777 S KIHEI RD UNIT H 105,74820519,M,,,,,2026-07-15T19:41:40
239004082,0033,390040820033,2-3-9-004-082-0033,H 105,H105,MAUI KAMAOLE PHASE III,2777 S KIHEI RD UNIT H 105,77870752,M,,,,,2026-07-15T19:41:40
239004082,0033,390040820033,2-3-9-004-082-0033,H 105,H105,MAUI KAMAOLE PHASE III,2777 S KIHEI RD UNIT H 105,78790544,,,,,,2026-07-15T19:41:40
239004082,0033,390040820033,2-3-9-004-082-0033,H 105,H105,MAUI KAMAOLE PHASE III,2777 S KIHEI RD UNIT H 105,91038708,,,,,,2026-07-15T19:41:40
239004082,0033,390040820033,2-3-9-004-082-0033,H 105,H105,MAUI KAMAOLE PHASE III,2777 S KIHEI RD UNIT H 105,91051779,,,,,,2026-07-15T19:41:40
239004082,0033,390040820033,2-3-9-004-082-0033,H 105,H105,MAUI KAMAOLE PHASE III,2777 S KIHEI RD UNIT H 105,91092696,,,,,,2026-07-15T19:41:40
239004082,0033,390040820033,2-3-9-004-082-0033,H 105,H105,MAUI KAMAOLE PHASE III,2777 S KIHEI RD UNIT H 105,98156941,NL,,,,,2026-07-15T19:41:40
239004082,0033,390040820033,2-3-9-004-082-0033,H 105,H105,MAUI KAMAOLE PHASE III,2777 S KIHEI RD UNIT H 105,2000091355,NL,,,,,2026-07-15T19:41:40
239004082,0033,390040820033,2-3-9-004-082-0033,H 105,H105,MAUI KAMAOLE PHASE III,2777 S KIHEI RD UNIT H 105,2006077506,,,,,,2026-07-15T19:41:40
239004082,0033,390040820033,2-3-9-004-082-0033,H 105,H105,MAUI KAMAOLE PHASE III,2777 S KIHEI RD UNIT H 105,2006077507,,,,,,2026-07-15T19:41:40
239004082,0033,390040820033,2-3-9-004-082-0033,H 105,H105,MAUI KAMAOLE PHASE III,2777 S KIHEI RD UNIT H 105,2010052136,M,,,,,2026-07-15T19:41:40
239004082,0033,390040820033,2-3-9-004-082-0033,H 105,H105,MAUI KAMAOLE PHASE III,2777 S KIHEI RD UNIT H 105,2010052137,M,,,,,2026-07-15T19:41:40
239004082,0033,390040820033,2-3-9-004-082-0033,H 105,H105,MAUI KAMAOLE PHASE III,2777 S KIHEI RD UNIT H 105,2011062797,M,,,,,2026-07-15T19:41:40
239004082,0033,390040820033,2-3-9-004-082-0033,H 105,H105,MAUI KAMAOLE PHASE III,2777 S KIHEI RD UNIT H 105,2011129648,M,,,,,2026-07-15T19:41:40
239004082,0034,390040820034,2-3-9-004-082-0034,H 106,H106,MAUI KAMAOLE PHASE III,2777 S KIHEI RD UNIT H 106,48110557,R,,,,,2026-07-15T19:41:40
239004082,0034,390040820034,2-3-9-004-082-0034,H 106,H106,MAUI KAMAOLE PHASE III,2777 S KIHEI RD UNIT H 106,48531571,M,,,,,2026-07-15T19:41:40
239004082,0034,390040820034,2-3-9-004-082-0034,H 106,H106,MAUI KAMAOLE PHASE III,2777 S KIHEI RD UNIT H 106,61490704,,,,,,2026-07-15T19:41:40
239004082,0034,390040820034,2-3-9-004-082-0034,H 106,H106,MAUI KAMAOLE PHASE III,2777 S KIHEI RD UNIT H 106,61490705,R,,,,,2026-07-15T19:41:40
239004082,0034,390040820034,2-3-9-004-082-0034,H 106,H106,MAUI KAMAOLE PHASE III,2777 S KIHEI RD UNIT H 106,62191038,M,,,,,2026-07-15T19:41:40
239004082,0034,390040820034,2-3-9-004-082-0034,H 106,H106,MAUI KAMAOLE PHASE III,2777 S KIHEI RD UNIT H 106,65850531,,,,,,2026-07-15T19:41:40
239004082,0034,390040820034,2-3-9-004-082-0034,H 106,H106,MAUI KAMAOLE PHASE III,2777 S KIHEI RD UNIT H 106,91038167,R,,,,,2026-07-15T19:41:40
239004082,0034,390040820034,2-3-9-004-082-0034,H 106,H106,MAUI KAMAOLE PHASE III,2777 S KIHEI RD UNIT H 106,91038168,R,,,,,2026-07-15T19:41:40
239004082,0034,390040820034,2-3-9-004-082-0034,H 106,H106,MAUI KAMAOLE PHASE III,2777 S KIHEI RD UNIT H 106,91051785,,,,,,2026-07-15T19:41:40
239004082,0034,390040820034,2-3-9-004-082-0034,H 106,H106,MAUI KAMAOLE PHASE III,2777 S KIHEI RD UNIT H 106,92113983,R,,,,,2026-07-15T19:41:40
239004082,0034,390040820034,2-3-9-004-082-0034,H 106,H106,MAUI KAMAOLE PHASE III,2777 S KIHEI RD UNIT H 106,94205279,,,,,,2026-07-15T19:41:40
239004082,0034,390040820034,2-3-9-004-082-0034,H 106,H106,MAUI KAMAOLE PHASE III,2777 S KIHEI RD UNIT H 106,98156941,NL,,,,,2026-07-15T19:41:40
239004082,0034,390040820034,2-3-9-004-082-0034,H 106,H106,MAUI KAMAOLE PHASE III,2777 S KIHEI RD UNIT H 106,2000010086,R,,,,,2026-07-15T19:41:40
239004082,0034,390040820034,2-3-9-004-082-0034,H 106,H106,MAUI KAMAOLE PHASE III,2777 S KIHEI RD UNIT H 106,2000010087,R,,,,,2026-07-15T19:41:40
239004082,0034,390040820034,2-3-9-004-082-0034,H 106,H106,MAUI KAMAOLE PHASE III,2777 S KIHEI RD UNIT H 106,2000011456,M,,,,,2026-07-15T19:41:40
239004082,0034,390040820034,2-3-9-004-082-0034,H 106,H106,MAUI KAMAOLE PHASE III,2777 S KIHEI RD UNIT H 106,2000023708,R,,,,,2026-07-15T19:41:40
239004082,0034,390040820034,2-3-9-004-082-0034,H 106,H106,MAUI KAMAOLE PHASE III,2777 S KIHEI RD UNIT H 106,2000091355,NL,,,,,2026-07-15T19:41:40
239004082,0034,390040820034,2-3-9-004-082-0034,H 106,H106,MAUI KAMAOLE PHASE III,2777 S KIHEI RD UNIT H 106,2001090782,R,,,,,2026-07-15T19:41:40
239004082,0034,390040820034,2-3-9-004-082-0034,H 106,H106,MAUI KAMAOLE PHASE III,2777 S KIHEI RD UNIT H 106,2001133982,M,,,,,2026-07-15T19:41:40
239004082,0034,390040820034,2-3-9-004-082-0034,H 106,H106,MAUI KAMAOLE PHASE III,2777 S KIHEI RD UNIT H 106,2003205389,,,,,,2026-07-15T19:41:40
239004082,0034,390040820034,2-3-9-004-082-0034,H 106,H106,MAUI KAMAOLE PHASE III,2777 S KIHEI RD UNIT H 106,2003264362,M,,,,,2026-07-15T19:41:40
239004082,0034,390040820034,2-3-9-004-082-0034,H 106,H106,MAUI KAMAOLE PHASE III,2777 S KIHEI RD UNIT H 106,2005213407,R,,,,,2026-07-15T19:41:40
239004082,0034,390040820034,2-3-9-004-082-0034,H 106,H106,MAUI KAMAOLE PHASE III,2777 S KIHEI RD UNIT H 106,2008150747,,,,,,2026-07-15T19:41:40
239004082,0034,390040820034,2-3-9-004-082-0034,H 106,H106,MAUI KAMAOLE PHASE III,2777 S KIHEI RD UNIT H 106,9585000565,,,,,,2026-07-15T19:41:40
239004082,0034,390040820034,2-3-9-004-082-0034,H 106,H106,MAUI KAMAOLE PHASE III,2777 S KIHEI RD UNIT H 106,9585000566,,,,,,2026-07-15T19:41:40
239004082,0034,390040820034,2-3-9-004-082-0034,H 106,H106,MAUI KAMAOLE PHASE III,2777 S KIHEI RD UNIT H 106,9603000079,M,,,,,2026-07-15T19:41:40
239004082,0035,390040820035,2-3-9-004-082-0035,H 107,H107,MAUI KAMAOLE PHASE III,2777 S KIHEI RD UNIT H 107,48690221,M,,,,,2026-07-15T19:41:40
239004082,0035,390040820035,2-3-9-004-082-0035,H 107,H107,MAUI KAMAOLE PHASE III,2777 S KIHEI RD UNIT H 107,48960557,M,,,,,2026-07-15T19:41:40
239004082,0035,390040820035,2-3-9-004-082-0035,H 107,H107,MAUI KAMAOLE PHASE III,2777 S KIHEI RD UNIT H 107,70520792,,,,,,2026-07-15T19:41:40
239004082,0035,390040820035,2-3-9-004-082-0035,H 107,H107,MAUI KAMAOLE PHASE III,2777 S KIHEI RD UNIT H 107,91037620,R,,,,,2026-07-15T19:41:40
239004082,0035,390040820035,2-3-9-004-082-0035,H 107,H107,MAUI KAMAOLE PHASE III,2777 S KIHEI RD UNIT H 107,91037621,,,,,,2026-07-15T19:41:40
239004082,0035,390040820035,2-3-9-004-082-0035,H 107,H107,MAUI KAMAOLE PHASE III,2777 S KIHEI RD UNIT H 107,91037622,,,,,,2026-07-15T19:41:40
239004082,0035,390040820035,2-3-9-004-082-0035,H 107,H107,MAUI KAMAOLE PHASE III,2777 S KIHEI RD UNIT H 107,91056666,,,,,,2026-07-15T19:41:40
239004082,0035,390040820035,2-3-9-004-082-0035,H 107,H107,MAUI KAMAOLE PHASE III,2777 S KIHEI RD UNIT H 107,96034329,,,,,,2026-07-15T19:41:40
239004082,0035,390040820035,2-3-9-004-082-0035,H 107,H107,MAUI KAMAOLE PHASE III,2777 S KIHEI RD UNIT H 107,96034330,R,,,,,2026-07-15T19:41:40
239004082,0035,390040820035,2-3-9-004-082-0035,H 107,H107,MAUI KAMAOLE PHASE III,2777 S KIHEI RD UNIT H 107,96034331,,,,,,2026-07-15T19:41:40
239004082,0035,390040820035,2-3-9-004-082-0035,H 107,H107,MAUI KAMAOLE PHASE III,2777 S KIHEI RD UNIT H 107,96034332,R,,,,,2026-07-15T19:41:40
239004082,0035,390040820035,2-3-9-004-082-0035,H 107,H107,MAUI KAMAOLE PHASE III,2777 S KIHEI RD UNIT H 107,98034387,,,,,,2026-07-15T19:41:40
239004082,0035,390040820035,2-3-9-004-082-0035,H 107,H107,MAUI KAMAOLE PHASE III,2777 S KIHEI RD UNIT H 107,98140332,,,,,,2026-07-15T19:41:40
239004082,0035,390040820035,2-3-9-004-082-0035,H 107,H107,MAUI KAMAOLE PHASE III,2777 S KIHEI RD UNIT H 107,98156941,NL,,,,,2026-07-15T19:41:40
239004082,0035,390040820035,2-3-9-004-082-0035,H 107,H107,MAUI KAMAOLE PHASE III,2777 S KIHEI RD UNIT H 107,2000091355,NL,,,,,2026-07-15T19:41:40
239004082,0035,390040820035,2-3-9-004-082-0035,H 107,H107,MAUI KAMAOLE PHASE III,2777 S KIHEI RD UNIT H 107,2004063758,,,,,,2026-07-15T19:41:40
239004082,0035,390040820035,2-3-9-004-082-0035,H 107,H107,MAUI KAMAOLE PHASE III,2777 S KIHEI RD UNIT H 107,2007048910,,,,,,2026-07-15T19:41:40
239004082,0035,390040820035,2-3-9-004-082-0035,H 107,H107,MAUI KAMAOLE PHASE III,2777 S KIHEI RD UNIT H 107,2007129131,,,,,,2026-07-15T19:41:40
239004082,0035,390040820035,2-3-9-004-082-0035,H 107,H107,MAUI KAMAOLE PHASE III,2777 S KIHEI RD UNIT H 107,2007152218,,,,,,2026-07-15T19:41:40
239004082,0035,390040820035,2-3-9-004-082-0035,H 107,H107,MAUI KAMAOLE PHASE III,2777 S KIHEI RD UNIT H 107,2010051391,,,,,,2026-07-15T19:41:40
239004082,0036,390040820036,2-3-9-004-082-0036,H 108,H108,MAUI KAMAOLE PHASE III,2777 S KIHEI RD UNIT H 108,53160636,,,,,,2026-07-15T19:41:40
239004082,0036,390040820036,2-3-9-004-082-0036,H 108,H108,MAUI KAMAOLE PHASE III,2777 S KIHEI RD UNIT H 108,53160637,,,,,,2026-07-15T19:41:40
239004082,0036,390040820036,2-3-9-004-082-0036,H 108,H108,MAUI KAMAOLE PHASE III,2777 S KIHEI RD UNIT H 108,91032099,,,,,,2026-07-15T19:41:40
239004082,0036,390040820036,2-3-9-004-082-0036,H 108,H108,MAUI KAMAOLE PHASE III,2777 S KIHEI RD UNIT H 108,91032100,,,,,,2026-07-15T19:41:40
239004082,0036,390040820036,2-3-9-004-082-0036,H 108,H108,MAUI KAMAOLE PHASE III,2777 S KIHEI RD UNIT H 108,91051787,,,,,,2026-07-15T19:41:40
239004082,0036,390040820036,2-3-9-004-082-0036,H 108,H108,MAUI KAMAOLE PHASE III,2777 S KIHEI RD UNIT H 108,92109712,M,,,,,2026-07-15T19:41:40
239004082,0036,390040820036,2-3-9-004-082-0036,H 108,H108,MAUI KAMAOLE PHASE III,2777 S KIHEI RD UNIT H 108,92109713,M,,,,,2026-07-15T19:41:40
239004082,0036,390040820036,2-3-9-004-082-0036,H 108,H108,MAUI KAMAOLE PHASE III,2777 S KIHEI RD UNIT H 108,92113034,,,,,,2026-07-15T19:41:40
239004082,0036,390040820036,2-3-9-004-082-0036,H 108,H108,MAUI KAMAOLE PHASE III,2777 S KIHEI RD UNIT H 108,92174723,M,,,,,2026-07-15T19:41:40
239004082,0036,390040820036,2-3-9-004-082-0036,H 108,H108,MAUI KAMAOLE PHASE III,2777 S KIHEI RD UNIT H 108,92174724,M,,,,,2026-07-15T19:41:40
239004082,0036,390040820036,2-3-9-004-082-0036,H 108,H108,MAUI KAMAOLE PHASE III,2777 S KIHEI RD UNIT H 108,98000064,M,,,,,2026-07-15T19:41:40
239004082,0036,390040820036,2-3-9-004-082-0036,H 108,H108,MAUI KAMAOLE PHASE III,2777 S KIHEI RD UNIT H 108,98156941,NL,,,,,2026-07-15T19:41:40
239004082,0036,390040820036,2-3-9-004-082-0036,H 108,H108,MAUI KAMAOLE PHASE III,2777 S KIHEI RD UNIT H 108,99055747,M,,,,,2026-07-15T19:41:40
239004082,0036,390040820036,2-3-9-004-082-0036,H 108,H108,MAUI KAMAOLE PHASE III,2777 S KIHEI RD UNIT H 108,99091636,,,,,,2026-07-15T19:41:40
239004082,0036,390040820036,2-3-9-004-082-0036,H 108,H108,MAUI KAMAOLE PHASE III,2777 S KIHEI RD UNIT H 108,99135927,M,,,,,2026-07-15T19:41:40
239004082,0036,390040820036,2-3-9-004-082-0036,H 108,H108,MAUI KAMAOLE PHASE III,2777 S KIHEI RD UNIT H 108,99135928,,,,,,2026-07-15T19:41:40
239004082,0036,390040820036,2-3-9-004-082-0036,H 108,H108,MAUI KAMAOLE PHASE III,2777 S KIHEI RD UNIT H 108,99141707,M,,,,,2026-07-15T19:41:40
239004082,0036,390040820036,2-3-9-004-082-0036,H 108,H108,MAUI KAMAOLE PHASE III,2777 S KIHEI RD UNIT H 108,99155578,M,,,,,2026-07-15T19:41:40
239004082,0036,390040820036,2-3-9-004-082-0036,H 108,H108,MAUI KAMAOLE PHASE III,2777 S KIHEI RD UNIT H 108,99181529,M,,,,,2026-07-15T19:41:40
239004082,0036,390040820036,2-3-9-004-082-0036,H 108,H108,MAUI KAMAOLE PHASE III,2777 S KIHEI RD UNIT H 108,2000091355,NL,,,,,2026-07-15T19:41:40
239004082,0037,390040820037,2-3-9-004-082-0037,H 109,H109,MAUI KAMAOLE PHASE III,2777 S KIHEI RD UNIT H 109,54100434,M,,,,,2026-07-15T19:41:40
239004082,0037,390040820037,2-3-9-004-082-0037,H 109,H109,MAUI KAMAOLE PHASE III,2777 S KIHEI RD UNIT H 109,54100435,,,,,,2026-07-15T19:41:40
239004082,0037,390040820037,2-3-9-004-082-0037,H 109,H109,MAUI KAMAOLE PHASE III,2777 S KIHEI RD UNIT H 109,54230674,M,,,,,2026-07-15T19:41:40
239004082,0037,390040820037,2-3-9-004-082-0037,H 109,H109,MAUI KAMAOLE PHASE III,2777 S KIHEI RD UNIT H 109,93103011,M,,,,,2026-07-15T19:41:40
239004082,0037,390040820037,2-3-9-004-082-0037,H 109,H109,MAUI KAMAOLE PHASE III,2777 S KIHEI RD UNIT H 109,93103012,M,,,,,2026-07-15T19:41:40
239004082,0037,390040820037,2-3-9-004-082-0037,H 109,H109,MAUI KAMAOLE PHASE III,2777 S KIHEI RD UNIT H 109,94090636,,,,,,2026-07-15T19:41:40
239004082,0037,390040820037,2-3-9-004-082-0037,H 109,H109,MAUI KAMAOLE PHASE III,2777 S KIHEI RD UNIT H 109,96146434,,,,,,2026-07-15T19:41:40
239004082,0037,390040820037,2-3-9-004-082-0037,H 109,H109,MAUI KAMAOLE PHASE III,2777 S KIHEI RD UNIT H 109,98120384,,,,,,2026-07-15T19:41:40
239004082,0037,390040820037,2-3-9-004-082-0037,H 109,H109,MAUI KAMAOLE PHASE III,2777 S KIHEI RD UNIT H 109,98156941,NL,,,,,2026-07-15T19:41:40
239004082,0037,390040820037,2-3-9-004-082-0037,H 109,H109,MAUI KAMAOLE PHASE III,2777 S KIHEI RD UNIT H 109,2000091355,NL,,,,,2026-07-15T19:41:40
239004082,0037,390040820037,2-3-9-004-082-0037,H 109,H109,MAUI KAMAOLE PHASE III,2777 S KIHEI RD UNIT H 109,2001137342,M,,,,,2026-07-15T19:41:40
239004082,0037,390040820037,2-3-9-004-082-0037,H 109,H109,MAUI KAMAOLE PHASE III,2777 S KIHEI RD UNIT H 109,2001173110,M,,,,,2026-07-15T19:41:40
239004082,0038,390040820038,2-3-9-004-082-0038,H 110,H110,MAUI KAMAOLE PHASE III,2777 S KIHEI RD UNIT H 110,65960028,,,,,,2026-07-15T19:41:40
239004082,0038,390040820038,2-3-9-004-082-0038,H 110,H110,MAUI KAMAOLE PHASE III,2777 S KIHEI RD UNIT H 110,65960029,,,,,,2026-07-15T19:41:40
239004082,0038,390040820038,2-3-9-004-082-0038,H 110,H110,MAUI KAMAOLE PHASE III,2777 S KIHEI RD UNIT H 110,91037345,,,,,,2026-07-15T19:41:40
239004082,0038,390040820038,2-3-9-004-082-0038,H 110,H110,MAUI KAMAOLE PHASE III,2777 S KIHEI RD UNIT H 110,91037346,,,,,,2026-07-15T19:41:40
239004082,0038,390040820038,2-3-9-004-082-0038,H 110,H110,MAUI KAMAOLE PHASE III,2777 S KIHEI RD UNIT H 110,91043314,,,,,,2026-07-15T19:41:40
239004082,0038,390040820038,2-3-9-004-082-0038,H 110,H110,MAUI KAMAOLE PHASE III,2777 S KIHEI RD UNIT H 110,94056685,,,,,,2026-07-15T19:41:40
239004082,0038,390040820038,2-3-9-004-082-0038,H 110,H110,MAUI KAMAOLE PHASE III,2777 S KIHEI RD UNIT H 110,94113893,,,,,,2026-07-15T19:41:40
239004082,0038,390040820038,2-3-9-004-082-0038,H 110,H110,MAUI KAMAOLE PHASE III,2777 S KIHEI RD UNIT H 110,94186170,,,,,,2026-07-15T19:41:40
239004082,0038,390040820038,2-3-9-004-082-0038,H 110,H110,MAUI KAMAOLE PHASE III,2777 S KIHEI RD UNIT H 110,96107992,,,,,,2026-07-15T19:41:40
239004082,0038,390040820038,2-3-9-004-082-0038,H 110,H110,MAUI KAMAOLE PHASE III,2777 S KIHEI RD UNIT H 110,98156941,NL,,,,,2026-07-15T19:41:40
239004082,0038,390040820038,2-3-9-004-082-0038,H 110,H110,MAUI KAMAOLE PHASE III,2777 S KIHEI RD UNIT H 110,99192344,,,,,,2026-07-15T19:41:40
239004082,0038,390040820038,2-3-9-004-082-0038,H 110,H110,MAUI KAMAOLE PHASE III,2777 S KIHEI RD UNIT H 110,2000091355,NL,,,,,2026-07-15T19:41:40
239004082,0038,390040820038,2-3-9-004-082-0038,H 110,H110,MAUI KAMAOLE PHASE III,2777 S KIHEI RD UNIT H 110,2003022337,,,,,,2026-07-15T19:41:40
239004082,0038,390040820038,2-3-9-004-082-0038,H 110,H110,MAUI KAMAOLE PHASE III,2777 S KIHEI RD UNIT H 110,2003071388,,,,,,2026-07-15T19:41:40
239004082,0039,390040820039,2-3-9-004-082-0039,H 111,H111,MAUI KAMAOLE PHASE III,2777 S KIHEI RD UNIT H 111,52040404,,,,,,2026-07-15T19:41:40
239004082,0039,390040820039,2-3-9-004-082-0039,H 111,H111,MAUI KAMAOLE PHASE III,2777 S KIHEI RD UNIT H 111,95036344,,,,,,2026-07-15T19:41:40
239004082,0039,390040820039,2-3-9-004-082-0039,H 111,H111,MAUI KAMAOLE PHASE III,2777 S KIHEI RD UNIT H 111,95036345,,,,,,2026-07-15T19:41:40
239004082,0039,390040820039,2-3-9-004-082-0039,H 111,H111,MAUI KAMAOLE PHASE III,2777 S KIHEI RD UNIT H 111,95054627,,,,,,2026-07-15T19:41:40
239004082,0039,390040820039,2-3-9-004-082-0039,H 111,H111,MAUI KAMAOLE PHASE III,2777 S KIHEI RD UNIT H 111,98156941,NL,,,,,2026-07-15T19:41:40
239004082,0039,390040820039,2-3-9-004-082-0039,H 111,H111,MAUI KAMAOLE PHASE III,2777 S KIHEI RD UNIT H 111,2000091355,NL,,,,,2026-07-15T19:41:40
239004082,0039,390040820039,2-3-9-004-082-0039,H 111,H111,MAUI KAMAOLE PHASE III,2777 S KIHEI RD UNIT H 111,2003171424,,,,,,2026-07-15T19:41:40
239004082,0039,390040820039,2-3-9-004-082-0039,H 111,H111,MAUI KAMAOLE PHASE III,2777 S KIHEI RD UNIT H 111,2003187433,,,,,,2026-07-15T19:41:40
239004082,0039,390040820039,2-3-9-004-082-0039,H 111,H111,MAUI KAMAOLE PHASE III,2777 S KIHEI RD UNIT H 111,2003187434,,,,,,2026-07-15T19:41:40
239004082,0039,390040820039,2-3-9-004-082-0039,H 111,H111,MAUI KAMAOLE PHASE III,2777 S KIHEI RD UNIT H 111,2003194890,,,,,,2026-07-15T19:41:40
239004082,0040,390040820040,2-3-9-004-082-0040,H 112,H112,MAUI KAMAOLE PHASE III,2777 S KIHEI RD UNIT H 112,44150835,M,,,,,2026-07-15T19:41:40
239004082,0040,390040820040,2-3-9-004-082-0040,H 112,H112,MAUI KAMAOLE PHASE III,2777 S KIHEI RD UNIT H 112,44260786,M,,,,,2026-07-15T19:41:40
239004082,0040,390040820040,2-3-9-004-082-0040,H 112,H112,MAUI KAMAOLE PHASE III,2777 S KIHEI RD UNIT H 112,44630484,,,,,,2026-07-15T19:41:40
239004082,0040,390040820040,2-3-9-004-082-0040,H 112,H112,MAUI KAMAOLE PHASE III,2777 S KIHEI RD UNIT H 112,47280633,M,,,,,2026-07-15T19:41:40
239004082,0040,390040820040,2-3-9-004-082-0040,H 112,H112,MAUI KAMAOLE PHASE III,2777 S KIHEI RD UNIT H 112,49400590,R,,,,,2026-07-15T19:41:40
239004082,0040,390040820040,2-3-9-004-082-0040,H 112,H112,MAUI KAMAOLE PHASE III,2777 S KIHEI RD UNIT H 112,52070330,,,,,,2026-07-15T19:41:40
239004082,0040,390040820040,2-3-9-004-082-0040,H 112,H112,MAUI KAMAOLE PHASE III,2777 S KIHEI RD UNIT H 112,53120876,R,,,,,2026-07-15T19:41:40
239004082,0040,390040820040,2-3-9-004-082-0040,H 112,H112,MAUI KAMAOLE PHASE III,2777 S KIHEI RD UNIT H 112,53730731,,,,,,2026-07-15T19:41:40
239004082,0040,390040820040,2-3-9-004-082-0040,H 112,H112,MAUI KAMAOLE PHASE III,2777 S KIHEI RD UNIT H 112,55840689,,,,,,2026-07-15T19:41:40
239004082,0040,390040820040,2-3-9-004-082-0040,H 112,H112,MAUI KAMAOLE PHASE III,2777 S KIHEI RD UNIT H 112,55840690,,,,,,2026-07-15T19:41:40
239004082,0040,390040820040,2-3-9-004-082-0040,H 112,H112,MAUI KAMAOLE PHASE III,2777 S KIHEI RD UNIT H 112,59400499,M,,,,,2026-07-15T19:41:40
239004082,0040,390040820040,2-3-9-004-082-0040,H 112,H112,MAUI KAMAOLE PHASE III,2777 S KIHEI RD UNIT H 112,70930384,R,,,,,2026-07-15T19:41:40
239004082,0040,390040820040,2-3-9-004-082-0040,H 112,H112,MAUI KAMAOLE PHASE III,2777 S KIHEI RD UNIT H 112,71100324,,,,,,2026-07-15T19:41:40
239004082,0040,390040820040,2-3-9-004-082-0040,H 112,H112,MAUI KAMAOLE PHASE III,2777 S KIHEI RD UNIT H 112,71100325,M,,,,,2026-07-15T19:41:40
239004082,0040,390040820040,2-3-9-004-082-0040,H 112,H112,MAUI KAMAOLE PHASE III,2777 S KIHEI RD UNIT H 112,71100326,,,,,,2026-07-15T19:41:40
239004082,0040,390040820040,2-3-9-004-082-0040,H 112,H112,MAUI KAMAOLE PHASE III,2777 S KIHEI RD UNIT H 112,71100327,,,,,,2026-07-15T19:41:40
239004082,0040,390040820040,2-3-9-004-082-0040,H 112,H112,MAUI KAMAOLE PHASE III,2777 S KIHEI RD UNIT H 112,71170527,NL,,,,,2026-07-15T19:41:40
239004082,0040,390040820040,2-3-9-004-082-0040,H 112,H112,MAUI KAMAOLE PHASE III,2777 S KIHEI RD UNIT H 112,71640383,,,,,,2026-07-15T19:41:40
239004082,0040,390040820040,2-3-9-004-082-0040,H 112,H112,MAUI KAMAOLE PHASE III,2777 S KIHEI RD UNIT H 112,94153467,,,,,,2026-07-15T19:41:40
239004082,0040,390040820040,2-3-9-004-082-0040,H 112,H112,MAUI KAMAOLE PHASE III,2777 S KIHEI RD UNIT H 112,94210721,,,,,,2026-07-15T19:41:40
239004082,0040,390040820040,2-3-9-004-082-0040,H 112,H112,MAUI KAMAOLE PHASE III,2777 S KIHEI RD UNIT H 112,98156941,NL,,,,,2026-07-15T19:41:40
239004082,0040,390040820040,2-3-9-004-082-0040,H 112,H112,MAUI KAMAOLE PHASE III,2777 S KIHEI RD UNIT H 112,99167187,,,,,,2026-07-15T19:41:40
239004082,0040,390040820040,2-3-9-004-082-0040,H 112,H112,MAUI KAMAOLE PHASE III,2777 S KIHEI RD UNIT H 112,99167188,,,,,,2026-07-15T19:41:40
239004082,0040,390040820040,2-3-9-004-082-0040,H 112,H112,MAUI KAMAOLE PHASE III,2777 S KIHEI RD UNIT H 112,2000091355,NL,,,,,2026-07-15T19:41:40
239004082,0040,390040820040,2-3-9-004-082-0040,H 112,H112,MAUI KAMAOLE PHASE III,2777 S KIHEI RD UNIT H 112,2002204350,R,,,,,2026-07-15T19:41:40
239004082,0040,390040820040,2-3-9-004-082-0040,H 112,H112,MAUI KAMAOLE PHASE III,2777 S KIHEI RD UNIT H 112,2003000748,,,,,,2026-07-15T19:41:40
239004082,0040,390040820040,2-3-9-004-082-0040,H 112,H112,MAUI KAMAOLE PHASE III,2777 S KIHEI RD UNIT H 112,2005228459,,,,,,2026-07-15T19:41:40
239004082,0040,390040820040,2-3-9-004-082-0040,H 112,H112,MAUI KAMAOLE PHASE III,2777 S KIHEI RD UNIT H 112,2005228460,R,,,,,2026-07-15T19:41:40
239004082,0040,390040820040,2-3-9-004-082-0040,H 112,H112,MAUI KAMAOLE PHASE III,2777 S KIHEI RD UNIT H 112,2006016762,,,,,,2026-07-15T19:41:40
239004082,0040,390040820040,2-3-9-004-082-0040,H 112,H112,MAUI KAMAOLE PHASE III,2777 S KIHEI RD UNIT H 112,2006027401,M,,,,,2026-07-15T19:41:40
239004082,0040,390040820040,2-3-9-004-082-0040,H 112,H112,MAUI KAMAOLE PHASE III,2777 S KIHEI RD UNIT H 112,2009102797,M,,,,,2026-07-15T19:41:40
239004082,0040,390040820040,2-3-9-004-082-0040,H 112,H112,MAUI KAMAOLE PHASE III,2777 S KIHEI RD UNIT H 112,2009102798,M,,,,,2026-07-15T19:41:40
239004082,0040,390040820040,2-3-9-004-082-0040,H 112,H112,MAUI KAMAOLE PHASE III,2777 S KIHEI RD UNIT H 112,2009142508,,,,,,2026-07-15T19:41:40
239004082,0040,390040820040,2-3-9-004-082-0040,H 112,H112,MAUI KAMAOLE PHASE III,2777 S KIHEI RD UNIT H 112,2011061026,M,,,,,2026-07-15T19:41:40
239004082,0041,390040820041,2-3-9-004-082-0041,H 201,H201,MAUI KAMAOLE PHASE III,2777 S KIHEI RD UNIT H 201,93166254,R,,,,,2026-07-15T19:41:40
239004082,0041,390040820041,2-3-9-004-082-0041,H 201,H201,MAUI KAMAOLE PHASE III,2777 S KIHEI RD UNIT H 201,93166255,R,,,,,2026-07-15T19:41:40
239004082,0041,390040820041,2-3-9-004-082-0041,H 201,H201,MAUI KAMAOLE PHASE III,2777 S KIHEI RD UNIT H 201,94032490,,,,,,2026-07-15T19:41:40
239004082,0041,390040820041,2-3-9-004-082-0041,H 201,H201,MAUI KAMAOLE PHASE III,2777 S KIHEI RD UNIT H 201,94104535,,,,,,2026-07-15T19:41:40
239004082,0041,390040820041,2-3-9-004-082-0041,H 201,H201,MAUI KAMAOLE PHASE III,2777 S KIHEI RD UNIT H 201,94104536,,,,,,2026-07-15T19:41:40
239004082,0041,390040820041,2-3-9-004-082-0041,H 201,H201,MAUI KAMAOLE PHASE III,2777 S KIHEI RD UNIT H 201,97015563,R,,,,,2026-07-15T19:41:40
239004082,0041,390040820041,2-3-9-004-082-0041,H 201,H201,MAUI KAMAOLE PHASE III,2777 S KIHEI RD UNIT H 201,97085866,,,,,,2026-07-15T19:41:40
239004082,0041,390040820041,2-3-9-004-082-0041,H 201,H201,MAUI KAMAOLE PHASE III,2777 S KIHEI RD UNIT H 201,98156941,NL,,,,,2026-07-15T19:41:40
239004082,0041,390040820041,2-3-9-004-082-0041,H 201,H201,MAUI KAMAOLE PHASE III,2777 S KIHEI RD UNIT H 201,2000091355,NL,,,,,2026-07-15T19:41:40
239004082,0041,390040820041,2-3-9-004-082-0041,H 201,H201,MAUI KAMAOLE PHASE III,2777 S KIHEI RD UNIT H 201,2004226596,R,,,,,2026-07-15T19:41:40
239004082,0042,390040820042,2-3-9-004-082-0042,H 202,H202,MAUI KAMAOLE PHASE III,2777 S KIHEI RD UNIT H 202,93091454,,,,,,2026-07-15T19:41:40
239004082,0042,390040820042,2-3-9-004-082-0042,H 202,H202,MAUI KAMAOLE PHASE III,2777 S KIHEI RD UNIT H 202,94090641,,,,,,2026-07-15T19:41:40
239004082,0042,390040820042,2-3-9-004-082-0042,H 202,H202,MAUI KAMAOLE PHASE III,2777 S KIHEI RD UNIT H 202,96023717,R,,,,,2026-07-15T19:41:40
239004082,0042,390040820042,2-3-9-004-082-0042,H 202,H202,MAUI KAMAOLE PHASE III,2777 S KIHEI RD UNIT H 202,96101074,M,,,,,2026-07-15T19:41:40
239004082,0042,390040820042,2-3-9-004-082-0042,H 202,H202,MAUI KAMAOLE PHASE III,2777 S KIHEI RD UNIT H 202,96101075,M,,,,,2026-07-15T19:41:40
239004082,0042,390040820042,2-3-9-004-082-0042,H 202,H202,MAUI KAMAOLE PHASE III,2777 S KIHEI RD UNIT H 202,96101076,M,,,,,2026-07-15T19:41:40
239004082,0042,390040820042,2-3-9-004-082-0042,H 202,H202,MAUI KAMAOLE PHASE III,2777 S KIHEI RD UNIT H 202,97031702,,,,,,2026-07-15T19:41:40
239004082,0042,390040820042,2-3-9-004-082-0042,H 202,H202,MAUI KAMAOLE PHASE III,2777 S KIHEI RD UNIT H 202,97031703,R,,,,,2026-07-15T19:41:40
239004082,0042,390040820042,2-3-9-004-082-0042,H 202,H202,MAUI KAMAOLE PHASE III,2777 S KIHEI RD UNIT H 202,97031704,M,,,,,2026-07-15T19:41:40
239004082,0042,390040820042,2-3-9-004-082-0042,H 202,H202,MAUI KAMAOLE PHASE III,2777 S KIHEI RD UNIT H 202,98156941,NL,,,,,2026-07-15T19:41:40
239004082,0042,390040820042,2-3-9-004-082-0042,H 202,H202,MAUI KAMAOLE PHASE III,2777 S KIHEI RD UNIT H 202,99117336,M,,,,,2026-07-15T19:41:40
239004082,0042,390040820042,2-3-9-004-082-0042,H 202,H202,MAUI KAMAOLE PHASE III,2777 S KIHEI RD UNIT H 202,2000091355,NL,,,,,2026-07-15T19:41:40
239004082,0042,390040820042,2-3-9-004-082-0042,H 202,H202,MAUI KAMAOLE PHASE III,2777 S KIHEI RD UNIT H 202,2004226585,R,,,,,2026-07-15T19:41:40
239004082,0043,390040820043,2-3-9-004-082-0043,H 203,H203,MAUI KAMAOLE PHASE III,2777 S KIHEI RD UNIT H 203,62571155,,,,,,2026-07-15T19:41:40
239004082,0043,390040820043,2-3-9-004-082-0043,H 203,H203,MAUI KAMAOLE PHASE III,2777 S KIHEI RD UNIT H 203,91036189,,,,,,2026-07-15T19:41:40
239004082,0043,390040820043,2-3-9-004-082-0043,H 203,H203,MAUI KAMAOLE PHASE III,2777 S KIHEI RD UNIT H 203,91036190,,,,,,2026-07-15T19:41:40
239004082,0043,390040820043,2-3-9-004-082-0043,H 203,H203,MAUI KAMAOLE PHASE III,2777 S KIHEI RD UNIT H 203,91043310,,,,,,2026-07-15T19:41:40
239004082,0043,390040820043,2-3-9-004-082-0043,H 203,H203,MAUI KAMAOLE PHASE III,2777 S KIHEI RD UNIT H 203,94018802,,,,,,2026-07-15T19:41:40
239004082,0043,390040820043,2-3-9-004-082-0043,H 203,H203,MAUI KAMAOLE PHASE III,2777 S KIHEI RD UNIT H 203,95072491,,,,,,2026-07-15T19:41:40
239004082,0043,390040820043,2-3-9-004-082-0043,H 203,H203,MAUI KAMAOLE PHASE III,2777 S KIHEI RD UNIT H 203,97126637,,,,,,2026-07-15T19:41:40
239004082,0043,390040820043,2-3-9-004-082-0043,H 203,H203,MAUI KAMAOLE PHASE III,2777 S KIHEI RD UNIT H 203,98088618,,,,,,2026-07-15T19:41:40
239004082,0043,390040820043,2-3-9-004-082-0043,H 203,H203,MAUI KAMAOLE PHASE III,2777 S KIHEI RD UNIT H 203,98156392,,,,,,2026-07-15T19:41:40
239004082,0043,390040820043,2-3-9-004-082-0043,H 203,H203,MAUI KAMAOLE PHASE III,2777 S KIHEI RD UNIT H 203,98156941,NL,,,,,2026-07-15T19:41:40
239004082,0043,390040820043,2-3-9-004-082-0043,H 203,H203,MAUI KAMAOLE PHASE III,2777 S KIHEI RD UNIT H 203,98190387,,,,,,2026-07-15T19:41:40
239004082,0043,390040820043,2-3-9-004-082-0043,H 203,H203,MAUI KAMAOLE PHASE III,2777 S KIHEI RD UNIT H 203,99060939,R,,,,,2026-07-15T19:41:40
239004082,0043,390040820043,2-3-9-004-082-0043,H 203,H203,MAUI KAMAOLE PHASE III,2777 S KIHEI RD UNIT H 203,99101479,,,,,,2026-07-15T19:41:40
239004082,0043,390040820043,2-3-9-004-082-0043,H 203,H203,MAUI KAMAOLE PHASE III,2777 S KIHEI RD UNIT H 203,99101503,,,,,,2026-07-15T19:41:40
239004082,0043,390040820043,2-3-9-004-082-0043,H 203,H203,MAUI KAMAOLE PHASE III,2777 S KIHEI RD UNIT H 203,2000091355,NL,,,,,2026-07-15T19:41:40
239004082,0044,390040820044,2-3-9-004-082-0044,H 204,H204,MAUI KAMAOLE PHASE III,2777 S KIHEI RD UNIT H 204,78630347,R,,,,,2026-07-15T19:41:40
239004082,0044,390040820044,2-3-9-004-082-0044,H 204,H204,MAUI KAMAOLE PHASE III,2777 S KIHEI RD UNIT H 204,91036967,,,,,,2026-07-15T19:41:40
239004082,0044,390040820044,2-3-9-004-082-0044,H 204,H204,MAUI KAMAOLE PHASE III,2777 S KIHEI RD UNIT H 204,91036968,,,,,,2026-07-15T19:41:40
239004082,0044,390040820044,2-3-9-004-082-0044,H 204,H204,MAUI KAMAOLE PHASE III,2777 S KIHEI RD UNIT H 204,91043312,,,,,,2026-07-15T19:41:40
239004082,0044,390040820044,2-3-9-004-082-0044,H 204,H204,MAUI KAMAOLE PHASE III,2777 S KIHEI RD UNIT H 204,98156941,NL,,,,,2026-07-15T19:41:40
239004082,0044,390040820044,2-3-9-004-082-0044,H 204,H204,MAUI KAMAOLE PHASE III,2777 S KIHEI RD UNIT H 204,2000091355,NL,,,,,2026-07-15T19:41:40
239004082,0044,390040820044,2-3-9-004-082-0044,H 204,H204,MAUI KAMAOLE PHASE III,2777 S KIHEI RD UNIT H 204,2001021850,R,,,,,2026-07-15T19:41:40
239004082,0044,390040820044,2-3-9-004-082-0044,H 204,H204,MAUI KAMAOLE PHASE III,2777 S KIHEI RD UNIT H 204,2001059538,,,,,,2026-07-15T19:41:40
239004082,0044,390040820044,2-3-9-004-082-0044,H 204,H204,MAUI KAMAOLE PHASE III,2777 S KIHEI RD UNIT H 204,2007073636,M,,,,,2026-07-15T19:41:40
239004082,0044,390040820044,2-3-9-004-082-0044,H 204,H204,MAUI KAMAOLE PHASE III,2777 S KIHEI RD UNIT H 204,2007073637,,,,,,2026-07-15T19:41:40
239004082,0044,390040820044,2-3-9-004-082-0044,H 204,H204,MAUI KAMAOLE PHASE III,2777 S KIHEI RD UNIT H 204,2007090648,M,,,,,2026-07-15T19:41:40
239004082,0044,390040820044,2-3-9-004-082-0044,H 204,H204,MAUI KAMAOLE PHASE III,2777 S KIHEI RD UNIT H 204,9008000156,M,,,,,2026-07-15T19:41:40
239004082,0044,390040820044,2-3-9-004-082-0044,H 204,H204,MAUI KAMAOLE PHASE III,2777 S KIHEI RD UNIT H 204,9008000157,R,,,,,2026-07-15T19:41:40
239004082,0044,390040820044,2-3-9-004-082-0044,H 204,H204,MAUI KAMAOLE PHASE III,2777 S KIHEI RD UNIT H 204,9560000246,M,,,,,2026-07-15T19:41:40
239004082,0044,390040820044,2-3-9-004-082-0044,H 204,H204,MAUI KAMAOLE PHASE III,2777 S KIHEI RD UNIT H 204,9560000247,,,,,,2026-07-15T19:41:40
239004082,0045,390040820045,2-3-9-004-082-0045,H 205,H205,MAUI KAMAOLE PHASE III,2777 S KIHEI RD UNIT H 205,54630062,,,,,,2026-07-15T19:41:40
239004082,0045,390040820045,2-3-9-004-082-0045,H 205,H205,MAUI KAMAOLE PHASE III,2777 S KIHEI RD UNIT H 205,54630063,R,,,,,2026-07-15T19:41:40
239004082,0045,390040820045,2-3-9-004-082-0045,H 205,H205,MAUI KAMAOLE PHASE III,2777 S KIHEI RD UNIT H 205,54850646,M,,,,,2026-07-15T19:41:40
239004082,0045,390040820045,2-3-9-004-082-0045,H 205,H205,MAUI KAMAOLE PHASE III,2777 S KIHEI RD UNIT H 205,64580637,M,,,,,2026-07-15T19:41:40
239004082,0045,390040820045,2-3-9-004-082-0045,H 205,H205,MAUI KAMAOLE PHASE III,2777 S KIHEI RD UNIT H 205,86780708,,,,,,2026-07-15T19:41:40
239004082,0045,390040820045,2-3-9-004-082-0045,H 205,H205,MAUI KAMAOLE PHASE III,2777 S KIHEI RD UNIT H 205,91090324,,,,,,2026-07-15T19:41:40
239004082,0045,390040820045,2-3-9-004-082-0045,H 205,H205,MAUI KAMAOLE PHASE III,2777 S KIHEI RD UNIT H 205,91103401,,,,,,2026-07-15T19:41:40
239004082,0045,390040820045,2-3-9-004-082-0045,H 205,H205,MAUI KAMAOLE PHASE III,2777 S KIHEI RD UNIT H 205,95097463,,,,,,2026-07-15T19:41:40
239004082,0045,390040820045,2-3-9-004-082-0045,H 205,H205,MAUI KAMAOLE PHASE III,2777 S KIHEI RD UNIT H 205,95100272,,,,,,2026-07-15T19:41:40
239004082,0045,390040820045,2-3-9-004-082-0045,H 205,H205,MAUI KAMAOLE PHASE III,2777 S KIHEI RD UNIT H 205,98156941,NL,,,,,2026-07-15T19:41:40
239004082,0045,390040820045,2-3-9-004-082-0045,H 205,H205,MAUI KAMAOLE PHASE III,2777 S KIHEI RD UNIT H 205,2000091355,NL,,,,,2026-07-15T19:41:40
239004082,0045,390040820045,2-3-9-004-082-0045,H 205,H205,MAUI KAMAOLE PHASE III,2777 S KIHEI RD UNIT H 205,2005046964,R,,,,,2026-07-15T19:41:40
239004082,0045,390040820045,2-3-9-004-082-0045,H 205,H205,MAUI KAMAOLE PHASE III,2777 S KIHEI RD UNIT H 205,2005046965,R,,,,,2026-07-15T19:41:40
239004082,0045,390040820045,2-3-9-004-082-0045,H 205,H205,MAUI KAMAOLE PHASE III,2777 S KIHEI RD UNIT H 205,2005117621,R,,,,,2026-07-15T19:41:40
239004082,0046,390040820046,2-3-9-004-082-0046,H 206,H206,MAUI KAMAOLE PHASE III,2777 S KIHEI RD UNIT H 206,43870102,,,,,,2026-07-15T19:41:40
239004082,0046,390040820046,2-3-9-004-082-0046,H 206,H206,MAUI KAMAOLE PHASE III,2777 S KIHEI RD UNIT H 206,43910075,M,,,,,2026-07-15T19:41:40
239004082,0046,390040820046,2-3-9-004-082-0046,H 206,H206,MAUI KAMAOLE PHASE III,2777 S KIHEI RD UNIT H 206,44210687,M,,,,,2026-07-15T19:41:40
239004082,0046,390040820046,2-3-9-004-082-0046,H 206,H206,MAUI KAMAOLE PHASE III,2777 S KIHEI RD UNIT H 206,91028390,,,,,,2026-07-15T19:41:40
239004082,0046,390040820046,2-3-9-004-082-0046,H 206,H206,MAUI KAMAOLE PHASE III,2777 S KIHEI RD UNIT H 206,91035371,,,,,,2026-07-15T19:41:40
239004082,0046,390040820046,2-3-9-004-082-0046,H 206,H206,MAUI KAMAOLE PHASE III,2777 S KIHEI RD UNIT H 206,97053021,,,,,,2026-07-15T19:41:40
239004082,0046,390040820046,2-3-9-004-082-0046,H 206,H206,MAUI KAMAOLE PHASE III,2777 S KIHEI RD UNIT H 206,97183015,,,,,,2026-07-15T19:41:40
239004082,0046,390040820046,2-3-9-004-082-0046,H 206,H206,MAUI KAMAOLE PHASE III,2777 S KIHEI RD UNIT H 206,98156941,NL,,,,,2026-07-15T19:41:40
239004082,0046,390040820046,2-3-9-004-082-0046,H 206,H206,MAUI KAMAOLE PHASE III,2777 S KIHEI RD UNIT H 206,99103885,,,,,,2026-07-15T19:41:40
239004082,0046,390040820046,2-3-9-004-082-0046,H 206,H206,MAUI KAMAOLE PHASE III,2777 S KIHEI RD UNIT H 206,99157012,,,,,,2026-07-15T19:41:40
239004082,0046,390040820046,2-3-9-004-082-0046,H 206,H206,MAUI KAMAOLE PHASE III,2777 S KIHEI RD UNIT H 206,2000091355,NL,,,,,2026-07-15T19:41:40
239004082,0046,390040820046,2-3-9-004-082-0046,H 206,H206,MAUI KAMAOLE PHASE III,2777 S KIHEI RD UNIT H 206,2003027288,R,,,,,2026-07-15T19:41:40
239004082,0046,390040820046,2-3-9-004-082-0046,H 206,H206,MAUI KAMAOLE PHASE III,2777 S KIHEI RD UNIT H 206,2003100654,,,,,,2026-07-15T19:41:40
239004082,0046,390040820046,2-3-9-004-082-0046,H 206,H206,MAUI KAMAOLE PHASE III,2777 S KIHEI RD UNIT H 206,2005235631,R,,,,,2026-07-15T19:41:40
239004082,0046,390040820046,2-3-9-004-082-0046,H 206,H206,MAUI KAMAOLE PHASE III,2777 S KIHEI RD UNIT H 206,2005262248,M,,,,,2026-07-15T19:41:40
239004082,0046,390040820046,2-3-9-004-082-0046,H 206,H206,MAUI KAMAOLE PHASE III,2777 S KIHEI RD UNIT H 206,9442000683,,,,,,2026-07-15T19:41:40
239004082,0047,390040820047,2-3-9-004-082-0047,H 207,H207,MAUI KAMAOLE PHASE III,2777 S KIHEI RD UNIT H 207,55830328,,,,,,2026-07-15T19:41:40
239004082,0047,390040820047,2-3-9-004-082-0047,H 207,H207,MAUI KAMAOLE PHASE III,2777 S KIHEI RD UNIT H 207,56270894,M,,,,,2026-07-15T19:41:40
239004082,0047,390040820047,2-3-9-004-082-0047,H 207,H207,MAUI KAMAOLE PHASE III,2777 S KIHEI RD UNIT H 207,56380746,MFS,,,,,2026-07-15T19:41:40
239004082,0047,390040820047,2-3-9-004-082-0047,H 207,H207,MAUI KAMAOLE PHASE III,2777 S KIHEI RD UNIT H 207,91031492,,,,,,2026-07-15T19:41:40
239004082,0047,390040820047,2-3-9-004-082-0047,H 207,H207,MAUI KAMAOLE PHASE III,2777 S KIHEI RD UNIT H 207,91031493,,,,,,2026-07-15T19:41:40
239004082,0047,390040820047,2-3-9-004-082-0047,H 207,H207,MAUI KAMAOLE PHASE III,2777 S KIHEI RD UNIT H 207,91051789,,,,,,2026-07-15T19:41:40
239004082,0047,390040820047,2-3-9-004-082-0047,H 207,H207,MAUI KAMAOLE PHASE III,2777 S KIHEI RD UNIT H 207,93059774,,,,,,2026-07-15T19:41:40
239004082,0047,390040820047,2-3-9-004-082-0047,H 207,H207,MAUI KAMAOLE PHASE III,2777 S KIHEI RD UNIT H 207,98156941,NL,,,,,2026-07-15T19:41:40
239004082,0047,390040820047,2-3-9-004-082-0047,H 207,H207,MAUI KAMAOLE PHASE III,2777 S KIHEI RD UNIT H 207,99003982,,,,,,2026-07-15T19:41:40
239004082,0047,390040820047,2-3-9-004-082-0047,H 207,H207,MAUI KAMAOLE PHASE III,2777 S KIHEI RD UNIT H 207,99090131,,,,,,2026-07-15T19:41:40
239004082,0047,390040820047,2-3-9-004-082-0047,H 207,H207,MAUI KAMAOLE PHASE III,2777 S KIHEI RD UNIT H 207,2000091355,NL,,,,,2026-07-15T19:41:40
239004082,0047,390040820047,2-3-9-004-082-0047,H 207,H207,MAUI KAMAOLE PHASE III,2777 S KIHEI RD UNIT H 207,2001082552,,,,,,2026-07-15T19:41:40
239004082,0047,390040820047,2-3-9-004-082-0047,H 207,H207,MAUI KAMAOLE PHASE III,2777 S KIHEI RD UNIT H 207,2001190027,,,,,,2026-07-15T19:41:40
239004082,0047,390040820047,2-3-9-004-082-0047,H 207,H207,MAUI KAMAOLE PHASE III,2777 S KIHEI RD UNIT H 207,2002172334,R,,,,,2026-07-15T19:41:40
239004082,0047,390040820047,2-3-9-004-082-0047,H 207,H207,MAUI KAMAOLE PHASE III,2777 S KIHEI RD UNIT H 207,2003077182,,,,,,2026-07-15T19:41:40
239004082,0047,390040820047,2-3-9-004-082-0047,H 207,H207,MAUI KAMAOLE PHASE III,2777 S KIHEI RD UNIT H 207,2003211851,M,,,,,2026-07-15T19:41:40
239004082,0047,390040820047,2-3-9-004-082-0047,H 207,H207,MAUI KAMAOLE PHASE III,2777 S KIHEI RD UNIT H 207,2003270202,MFS,,,,,2026-07-15T19:41:40
239004082,0047,390040820047,2-3-9-004-082-0047,H 207,H207,MAUI KAMAOLE PHASE III,2777 S KIHEI RD UNIT H 207,2003271355,MFS,,,,,2026-07-15T19:41:40
239004082,0047,390040820047,2-3-9-004-082-0047,H 207,H207,MAUI KAMAOLE PHASE III,2777 S KIHEI RD UNIT H 207,2005116144,,,,,,2026-07-15T19:41:40
239004082,0047,390040820047,2-3-9-004-082-0047,H 207,H207,MAUI KAMAOLE PHASE III,2777 S KIHEI RD UNIT H 207,2005116145,,,,,,2026-07-15T19:41:40
239004082,0047,390040820047,2-3-9-004-082-0047,H 207,H207,MAUI KAMAOLE PHASE III,2777 S KIHEI RD UNIT H 207,2005144492,M,,,,,2026-07-15T19:41:40
239004082,0047,390040820047,2-3-9-004-082-0047,H 207,H207,MAUI KAMAOLE PHASE III,2777 S KIHEI RD UNIT H 207,2006110280,,,,,,2026-07-15T19:41:40
239004082,0047,390040820047,2-3-9-004-082-0047,H 207,H207,MAUI KAMAOLE PHASE III,2777 S KIHEI RD UNIT H 207,2006110281,R,,,,,2026-07-15T19:41:40
239004082,0047,390040820047,2-3-9-004-082-0047,H 207,H207,MAUI KAMAOLE PHASE III,2777 S KIHEI RD UNIT H 207,2006110282,R,,,,,2026-07-15T19:41:40
239004082,0047,390040820047,2-3-9-004-082-0047,H 207,H207,MAUI KAMAOLE PHASE III,2777 S KIHEI RD UNIT H 207,2006146683,,,,,,2026-07-15T19:41:40
239004082,0048,390040820048,2-3-9-004-082-0048,H 208,H208,MAUI KAMAOLE PHASE III,2777 S KIHEI RD UNIT H 208,51280184,,,,,,2026-07-15T19:41:40
239004082,0048,390040820048,2-3-9-004-082-0048,H 208,H208,MAUI KAMAOLE PHASE III,2777 S KIHEI RD UNIT H 208,51280185,R,,,,,2026-07-15T19:41:40
239004082,0048,390040820048,2-3-9-004-082-0048,H 208,H208,MAUI KAMAOLE PHASE III,2777 S KIHEI RD UNIT H 208,55120731,M,,,,,2026-07-15T19:41:40
239004082,0048,390040820048,2-3-9-004-082-0048,H 208,H208,MAUI KAMAOLE PHASE III,2777 S KIHEI RD UNIT H 208,91032320,,,,,,2026-07-15T19:41:40
239004082,0048,390040820048,2-3-9-004-082-0048,H 208,H208,MAUI KAMAOLE PHASE III,2777 S KIHEI RD UNIT H 208,91051783,,,,,,2026-07-15T19:41:40
239004082,0048,390040820048,2-3-9-004-082-0048,H 208,H208,MAUI KAMAOLE PHASE III,2777 S KIHEI RD UNIT H 208,98156941,NL,,,,,2026-07-15T19:41:40
239004082,0048,390040820048,2-3-9-004-082-0048,H 208,H208,MAUI KAMAOLE PHASE III,2777 S KIHEI RD UNIT H 208,2000091355,NL,,,,,2026-07-15T19:41:40
239004082,0048,390040820048,2-3-9-004-082-0048,H 208,H208,MAUI KAMAOLE PHASE III,2777 S KIHEI RD UNIT H 208,2001156417,M,,,,,2026-07-15T19:41:40
239004082,0048,390040820048,2-3-9-004-082-0048,H 208,H208,MAUI KAMAOLE PHASE III,2777 S KIHEI RD UNIT H 208,2001156418,M,,,,,2026-07-15T19:41:40
239004082,0048,390040820048,2-3-9-004-082-0048,H 208,H208,MAUI KAMAOLE PHASE III,2777 S KIHEI RD UNIT H 208,2001191085,M,,,,,2026-07-15T19:41:40
239004082,0048,390040820048,2-3-9-004-082-0048,H 208,H208,MAUI KAMAOLE PHASE III,2777 S KIHEI RD UNIT H 208,2001199698,M,,,,,2026-07-15T19:41:40
239004082,0048,390040820048,2-3-9-004-082-0048,H 208,H208,MAUI KAMAOLE PHASE III,2777 S KIHEI RD UNIT H 208,2003019689,M,,,,,2026-07-15T19:41:40
239004082,0048,390040820048,2-3-9-004-082-0048,H 208,H208,MAUI KAMAOLE PHASE III,2777 S KIHEI RD UNIT H 208,2003019690,M,,,,,2026-07-15T19:41:40
239004082,0048,390040820048,2-3-9-004-082-0048,H 208,H208,MAUI KAMAOLE PHASE III,2777 S KIHEI RD UNIT H 208,2003019691,M,,,,,2026-07-15T19:41:40
239004082,0048,390040820048,2-3-9-004-082-0048,H 208,H208,MAUI KAMAOLE PHASE III,2777 S KIHEI RD UNIT H 208,2003065918,M,,,,,2026-07-15T19:41:40
239004082,0048,390040820048,2-3-9-004-082-0048,H 208,H208,MAUI KAMAOLE PHASE III,2777 S KIHEI RD UNIT H 208,2009170852,M,,,,,2026-07-15T19:41:40
239004082,0048,390040820048,2-3-9-004-082-0048,H 208,H208,MAUI KAMAOLE PHASE III,2777 S KIHEI RD UNIT H 208,2010013842,M,,,,,2026-07-15T19:41:40
239004082,0048,390040820048,2-3-9-004-082-0048,H 208,H208,MAUI KAMAOLE PHASE III,2777 S KIHEI RD UNIT H 208,9459000615,,,,,,2026-07-15T19:41:40
239004082,0049,390040820049,2-3-9-004-082-0049,H 209,H209,MAUI KAMAOLE PHASE III,2777 S KIHEI RD UNIT H 209,51790181,R,,,,,2026-07-15T19:41:40
239004082,0049,390040820049,2-3-9-004-082-0049,H 209,H209,MAUI KAMAOLE PHASE III,2777 S KIHEI RD UNIT H 209,51790182,R,,,,,2026-07-15T19:41:40
239004082,0049,390040820049,2-3-9-004-082-0049,H 209,H209,MAUI KAMAOLE PHASE III,2777 S KIHEI RD UNIT H 209,51970516,M,,,,,2026-07-15T19:41:40
239004082,0049,390040820049,2-3-9-004-082-0049,H 209,H209,MAUI KAMAOLE PHASE III,2777 S KIHEI RD UNIT H 209,91052834,,,,,,2026-07-15T19:41:40
239004082,0049,390040820049,2-3-9-004-082-0049,H 209,H209,MAUI KAMAOLE PHASE III,2777 S KIHEI RD UNIT H 209,91052835,,,,,,2026-07-15T19:41:40
239004082,0049,390040820049,2-3-9-004-082-0049,H 209,H209,MAUI KAMAOLE PHASE III,2777 S KIHEI RD UNIT H 209,91098988,,,,,,2026-07-15T19:41:40
239004082,0049,390040820049,2-3-9-004-082-0049,H 209,H209,MAUI KAMAOLE PHASE III,2777 S KIHEI RD UNIT H 209,92047087,,,,,,2026-07-15T19:41:40
239004082,0049,390040820049,2-3-9-004-082-0049,H 209,H209,MAUI KAMAOLE PHASE III,2777 S KIHEI RD UNIT H 209,94081771,,,,,,2026-07-15T19:41:40
239004082,0049,390040820049,2-3-9-004-082-0049,H 209,H209,MAUI KAMAOLE PHASE III,2777 S KIHEI RD UNIT H 209,94214326,M,,,,,2026-07-15T19:41:40
239004082,0049,390040820049,2-3-9-004-082-0049,H 209,H209,MAUI KAMAOLE PHASE III,2777 S KIHEI RD UNIT H 209,95111099,,,,,,2026-07-15T19:41:40
239004082,0049,390040820049,2-3-9-004-082-0049,H 209,H209,MAUI KAMAOLE PHASE III,2777 S KIHEI RD UNIT H 209,98043134,,,,,,2026-07-15T19:41:40
239004082,0049,390040820049,2-3-9-004-082-0049,H 209,H209,MAUI KAMAOLE PHASE III,2777 S KIHEI RD UNIT H 209,98043135,,,,,,2026-07-15T19:41:40
239004082,0049,390040820049,2-3-9-004-082-0049,H 209,H209,MAUI KAMAOLE PHASE III,2777 S KIHEI RD UNIT H 209,98043136,,,,,,2026-07-15T19:41:40
239004082,0049,390040820049,2-3-9-004-082-0049,H 209,H209,MAUI KAMAOLE PHASE III,2777 S KIHEI RD UNIT H 209,98050111,,,,,,2026-07-15T19:41:40
239004082,0049,390040820049,2-3-9-004-082-0049,H 209,H209,MAUI KAMAOLE PHASE III,2777 S KIHEI RD UNIT H 209,98145389,,,,,,2026-07-15T19:41:40
239004082,0049,390040820049,2-3-9-004-082-0049,H 209,H209,MAUI KAMAOLE PHASE III,2777 S KIHEI RD UNIT H 209,98156941,NL,,,,,2026-07-15T19:41:40
239004082,0049,390040820049,2-3-9-004-082-0049,H 209,H209,MAUI KAMAOLE PHASE III,2777 S KIHEI RD UNIT H 209,99192243,,,,,,2026-07-15T19:41:40
239004082,0049,390040820049,2-3-9-004-082-0049,H 209,H209,MAUI KAMAOLE PHASE III,2777 S KIHEI RD UNIT H 209,2000091355,NL,,,,,2026-07-15T19:41:40
239004082,0049,390040820049,2-3-9-004-082-0049,H 209,H209,MAUI KAMAOLE PHASE III,2777 S KIHEI RD UNIT H 209,2001139432,,,,,,2026-07-15T19:41:40
239004082,0049,390040820049,2-3-9-004-082-0049,H 209,H209,MAUI KAMAOLE PHASE III,2777 S KIHEI RD UNIT H 209,2001139433,R,,,,,2026-07-15T19:41:40
239004082,0049,390040820049,2-3-9-004-082-0049,H 209,H209,MAUI KAMAOLE PHASE III,2777 S KIHEI RD UNIT H 209,2001142415,M,,,,,2026-07-15T19:41:40
239004082,0049,390040820049,2-3-9-004-082-0049,H 209,H209,MAUI KAMAOLE PHASE III,2777 S KIHEI RD UNIT H 209,2001171337,,,,,,2026-07-15T19:41:40
239004082,0049,390040820049,2-3-9-004-082-0049,H 209,H209,MAUI KAMAOLE PHASE III,2777 S KIHEI RD UNIT H 209,2002226541,R,,,,,2026-07-15T19:41:40
239004082,0049,390040820049,2-3-9-004-082-0049,H 209,H209,MAUI KAMAOLE PHASE III,2777 S KIHEI RD UNIT H 209,2003016775,M,,,,,2026-07-15T19:41:40
239004082,0049,390040820049,2-3-9-004-082-0049,H 209,H209,MAUI KAMAOLE PHASE III,2777 S KIHEI RD UNIT H 209,2003254423,,,,,,2026-07-15T19:41:40
239004082,0049,390040820049,2-3-9-004-082-0049,H 209,H209,MAUI KAMAOLE PHASE III,2777 S KIHEI RD UNIT H 209,2003254424,R,,,,,2026-07-15T19:41:40
239004082,0049,390040820049,2-3-9-004-082-0049,H 209,H209,MAUI KAMAOLE PHASE III,2777 S KIHEI RD UNIT H 209,2004005596,M,,,,,2026-07-15T19:41:40
239004082,0049,390040820049,2-3-9-004-082-0049,H 209,H209,MAUI KAMAOLE PHASE III,2777 S KIHEI RD UNIT H 209,2004015955,M,,,,,2026-07-15T19:41:40
239004082,0049,390040820049,2-3-9-004-082-0049,H 209,H209,MAUI KAMAOLE PHASE III,2777 S KIHEI RD UNIT H 209,2005165769,R,,,,,2026-07-15T19:41:40
239004082,0049,390040820049,2-3-9-004-082-0049,H 209,H209,MAUI KAMAOLE PHASE III,2777 S KIHEI RD UNIT H 209,2005201103,M,,,,,2026-07-15T19:41:40
239004082,0049,390040820049,2-3-9-004-082-0049,H 209,H209,MAUI KAMAOLE PHASE III,2777 S KIHEI RD UNIT H 209,9613000572,,,,,,2026-07-15T19:41:40
239004082,0049,390040820049,2-3-9-004-082-0049,H 209,H209,MAUI KAMAOLE PHASE III,2777 S KIHEI RD UNIT H 209,9613000573,,,,,,2026-07-15T19:41:40
239004082,0049,390040820049,2-3-9-004-082-0049,H 209,H209,MAUI KAMAOLE PHASE III,2777 S KIHEI RD UNIT H 209,9613000574,,,,,,2026-07-15T19:41:40
239004082,0050,390040820050,2-3-9-004-082-0050,H 210,H210,MAUI KAMAOLE PHASE III,2777 S KIHEI RD UNIT H 210,91034965,R,,,,,2026-07-15T19:41:40
239004082,0050,390040820050,2-3-9-004-082-0050,H 210,H210,MAUI KAMAOLE PHASE III,2777 S KIHEI RD UNIT H 210,91034966,R,,,,,2026-07-15T19:41:40
239004082,0050,390040820050,2-3-9-004-082-0050,H 210,H210,MAUI KAMAOLE PHASE III,2777 S KIHEI RD UNIT H 210,91051775,,,,,,2026-07-15T19:41:40
239004082,0050,390040820050,2-3-9-004-082-0050,H 210,H210,MAUI KAMAOLE PHASE III,2777 S KIHEI RD UNIT H 210,97146638,,,,,,2026-07-15T19:41:40
239004082,0050,390040820050,2-3-9-004-082-0050,H 210,H210,MAUI KAMAOLE PHASE III,2777 S KIHEI RD UNIT H 210,98156941,NL,,,,,2026-07-15T19:41:40
239004082,0050,390040820050,2-3-9-004-082-0050,H 210,H210,MAUI KAMAOLE PHASE III,2777 S KIHEI RD UNIT H 210,99115485,R,,,,,2026-07-15T19:41:40
239004082,0050,390040820050,2-3-9-004-082-0050,H 210,H210,MAUI KAMAOLE PHASE III,2777 S KIHEI RD UNIT H 210,99134556,R,,,,,2026-07-15T19:41:40
239004082,0050,390040820050,2-3-9-004-082-0050,H 210,H210,MAUI KAMAOLE PHASE III,2777 S KIHEI RD UNIT H 210,2000091355,NL,,,,,2026-07-15T19:41:40
239004082,0050,390040820050,2-3-9-004-082-0050,H 210,H210,MAUI KAMAOLE PHASE III,2777 S KIHEI RD UNIT H 210,2005082203,R,,,,,2026-07-15T19:41:40
239004082,0050,390040820050,2-3-9-004-082-0050,H 210,H210,MAUI KAMAOLE PHASE III,2777 S KIHEI RD UNIT H 210,2011019899,R,,,,,2026-07-15T19:41:40
239004082,0051,390040820051,2-3-9-004-082-0051,H 211,H211,MAUI KAMAOLE PHASE III,2777 S KIHEI RD UNIT H 211,53040082,,,,,,2026-07-15T19:41:40
239004082,0051,390040820051,2-3-9-004-082-0051,H 211,H211,MAUI KAMAOLE PHASE III,2777 S KIHEI RD UNIT H 211,57950205,,,,,,2026-07-15T19:41:40
239004082,0051,390040820051,2-3-9-004-082-0051,H 211,H211,MAUI KAMAOLE PHASE III,2777 S KIHEI RD UNIT H 211,58330322,R,,,,,2026-07-15T19:41:40
239004082,0051,390040820051,2-3-9-004-082-0051,H 211,H211,MAUI KAMAOLE PHASE III,2777 S KIHEI RD UNIT H 211,58330323,R,,,,,2026-07-15T19:41:40
239004082,0051,390040820051,2-3-9-004-082-0051,H 211,H211,MAUI KAMAOLE PHASE III,2777 S KIHEI RD UNIT H 211,58490488,M,,,,,2026-07-15T19:41:40
239004082,0051,390040820051,2-3-9-004-082-0051,H 211,H211,MAUI KAMAOLE PHASE III,2777 S KIHEI RD UNIT H 211,68070201,R,,,,,2026-07-15T19:41:40
239004082,0051,390040820051,2-3-9-004-082-0051,H 211,H211,MAUI KAMAOLE PHASE III,2777 S KIHEI RD UNIT H 211,68140505,M,,,,,2026-07-15T19:41:40
239004082,0051,390040820051,2-3-9-004-082-0051,H 211,H211,MAUI KAMAOLE PHASE III,2777 S KIHEI RD UNIT H 211,91052832,,,,,,2026-07-15T19:41:40
239004082,0051,390040820051,2-3-9-004-082-0051,H 211,H211,MAUI KAMAOLE PHASE III,2777 S KIHEI RD UNIT H 211,91052833,,,,,,2026-07-15T19:41:40
239004082,0051,390040820051,2-3-9-004-082-0051,H 211,H211,MAUI KAMAOLE PHASE III,2777 S KIHEI RD UNIT H 211,91098984,,,,,,2026-07-15T19:41:40
239004082,0051,390040820051,2-3-9-004-082-0051,H 211,H211,MAUI KAMAOLE PHASE III,2777 S KIHEI RD UNIT H 211,97048537,,,,,,2026-07-15T19:41:40
239004082,0051,390040820051,2-3-9-004-082-0051,H 211,H211,MAUI KAMAOLE PHASE III,2777 S KIHEI RD UNIT H 211,97060377,,,,,,2026-07-15T19:41:40
239004082,0051,390040820051,2-3-9-004-082-0051,H 211,H211,MAUI KAMAOLE PHASE III,2777 S KIHEI RD UNIT H 211,98156941,NL,,,,,2026-07-15T19:41:40
239004082,0051,390040820051,2-3-9-004-082-0051,H 211,H211,MAUI KAMAOLE PHASE III,2777 S KIHEI RD UNIT H 211,2000091355,NL,,,,,2026-07-15T19:41:40
239004082,0051,390040820051,2-3-9-004-082-0051,H 211,H211,MAUI KAMAOLE PHASE III,2777 S KIHEI RD UNIT H 211,2001146932,,,,,,2026-07-15T19:41:40
239004082,0051,390040820051,2-3-9-004-082-0051,H 211,H211,MAUI KAMAOLE PHASE III,2777 S KIHEI RD UNIT H 211,2001146933,,,,,,2026-07-15T19:41:40
239004082,0051,390040820051,2-3-9-004-082-0051,H 211,H211,MAUI KAMAOLE PHASE III,2777 S KIHEI RD UNIT H 211,2002076912,,,,,,2026-07-15T19:41:40
239004082,0051,390040820051,2-3-9-004-082-0051,H 211,H211,MAUI KAMAOLE PHASE III,2777 S KIHEI RD UNIT H 211,2002076913,R,,,,,2026-07-15T19:41:40
239004082,0051,390040820051,2-3-9-004-082-0051,H 211,H211,MAUI KAMAOLE PHASE III,2777 S KIHEI RD UNIT H 211,2002098906,,,,,,2026-07-15T19:41:40
239004082,0051,390040820051,2-3-9-004-082-0051,H 211,H211,MAUI KAMAOLE PHASE III,2777 S KIHEI RD UNIT H 211,2004238585,,,,,,2026-07-15T19:41:40
239004082,0051,390040820051,2-3-9-004-082-0051,H 211,H211,MAUI KAMAOLE PHASE III,2777 S KIHEI RD UNIT H 211,2004238586,R,,,,,2026-07-15T19:41:40
239004082,0051,390040820051,2-3-9-004-082-0051,H 211,H211,MAUI KAMAOLE PHASE III,2777 S KIHEI RD UNIT H 211,2005019677,M,,,,,2026-07-15T19:41:40
239004082,0051,390040820051,2-3-9-004-082-0051,H 211,H211,MAUI KAMAOLE PHASE III,2777 S KIHEI RD UNIT H 211,2005026556,,,,,,2026-07-15T19:41:40
239004082,0052,390040820052,2-3-9-004-082-0052,H 212,H212,MAUI KAMAOLE PHASE III,2777 S KIHEI RD UNIT H 212,68510113,,,,,,2026-07-15T19:41:40
239004082,0052,390040820052,2-3-9-004-082-0052,H 212,H212,MAUI KAMAOLE PHASE III,2777 S KIHEI RD UNIT H 212,88380106,M,,,,,2026-07-15T19:41:40
239004082,0052,390040820052,2-3-9-004-082-0052,H 212,H212,MAUI KAMAOLE PHASE III,2777 S KIHEI RD UNIT H 212,88380107,,,,,,2026-07-15T19:41:40
239004082,0052,390040820052,2-3-9-004-082-0052,H 212,H212,MAUI KAMAOLE PHASE III,2777 S KIHEI RD UNIT H 212,88450163,,,,,,2026-07-15T19:41:40
239004082,0052,390040820052,2-3-9-004-082-0052,H 212,H212,MAUI KAMAOLE PHASE III,2777 S KIHEI RD UNIT H 212,91057135,,,,,,2026-07-15T19:41:40
239004082,0052,390040820052,2-3-9-004-082-0052,H 212,H212,MAUI KAMAOLE PHASE III,2777 S KIHEI RD UNIT H 212,91098986,,,,,,2026-07-15T19:41:40
239004082,0052,390040820052,2-3-9-004-082-0052,H 212,H212,MAUI KAMAOLE PHASE III,2777 S KIHEI RD UNIT H 212,98156941,NL,,,,,2026-07-15T19:41:40
239004082,0052,390040820052,2-3-9-004-082-0052,H 212,H212,MAUI KAMAOLE PHASE III,2777 S KIHEI RD UNIT H 212,2000091355,NL,,,,,2026-07-15T19:41:40
239004082,0052,390040820052,2-3-9-004-082-0052,H 212,H212,MAUI KAMAOLE PHASE III,2777 S KIHEI RD UNIT H 212,2003008970,,,,,,2026-07-15T19:41:40
239004082,0052,390040820052,2-3-9-004-082-0052,H 212,H212,MAUI KAMAOLE PHASE III,2777 S KIHEI RD UNIT H 212,2003008971,,,,,,2026-07-15T19:41:40
239004082,0052,390040820052,2-3-9-004-082-0052,H 212,H212,MAUI KAMAOLE PHASE III,2777 S KIHEI RD UNIT H 212,2003008972,,,,,,2026-07-15T19:41:40
239004082,0052,390040820052,2-3-9-004-082-0052,H 212,H212,MAUI KAMAOLE PHASE III,2777 S KIHEI RD UNIT H 212,2003008973,R,,,,,2026-07-15T19:41:40
239004082,0052,390040820052,2-3-9-004-082-0052,H 212,H212,MAUI KAMAOLE PHASE III,2777 S KIHEI RD UNIT H 212,2003057356,,,,,,2026-07-15T19:41:40
239004082,0052,390040820052,2-3-9-004-082-0052,H 212,H212,MAUI KAMAOLE PHASE III,2777 S KIHEI RD UNIT H 212,2008166792,M,,,,,2026-07-15T19:41:40
239004082,0053,390040820053,2-3-9-004-082-0053,I 101,I101,MAUI KAMAOLE PHASE III,2777 S KIHEI RD UNIT I 101,49161154,M,,,,,2026-07-15T19:41:40
239004082,0053,390040820053,2-3-9-004-082-0053,I 101,I101,MAUI KAMAOLE PHASE III,2777 S KIHEI RD UNIT I 101,52600769,,,,,,2026-07-15T19:41:40
239004082,0053,390040820053,2-3-9-004-082-0053,I 101,I101,MAUI KAMAOLE PHASE III,2777 S KIHEI RD UNIT I 101,53990485,,,,,,2026-07-15T19:41:40
239004082,0053,390040820053,2-3-9-004-082-0053,I 101,I101,MAUI KAMAOLE PHASE III,2777 S KIHEI RD UNIT I 101,55610745,NL,,,,,2026-07-15T19:41:40
239004082,0053,390040820053,2-3-9-004-082-0053,I 101,I101,MAUI KAMAOLE PHASE III,2777 S KIHEI RD UNIT I 101,55610760,,,,,,2026-07-15T19:41:40
239004082,0053,390040820053,2-3-9-004-082-0053,I 101,I101,MAUI KAMAOLE PHASE III,2777 S KIHEI RD UNIT I 101,77830115,M,,,,,2026-07-15T19:41:40
239004082,0053,390040820053,2-3-9-004-082-0053,I 101,I101,MAUI KAMAOLE PHASE III,2777 S KIHEI RD UNIT I 101,77830116,,,,,,2026-07-15T19:41:40
239004082,0053,390040820053,2-3-9-004-082-0053,I 101,I101,MAUI KAMAOLE PHASE III,2777 S KIHEI RD UNIT I 101,78420832,M,,,,,2026-07-15T19:41:40
239004082,0053,390040820053,2-3-9-004-082-0053,I 101,I101,MAUI KAMAOLE PHASE III,2777 S KIHEI RD UNIT I 101,91090325,M,,,,,2026-07-15T19:41:40
239004082,0053,390040820053,2-3-9-004-082-0053,I 101,I101,MAUI KAMAOLE PHASE III,2777 S KIHEI RD UNIT I 101,91090326,M,,,,,2026-07-15T19:41:40
239004082,0053,390040820053,2-3-9-004-082-0053,I 101,I101,MAUI KAMAOLE PHASE III,2777 S KIHEI RD UNIT I 101,91103402,,,,,,2026-07-15T19:41:40
239004082,0053,390040820053,2-3-9-004-082-0053,I 101,I101,MAUI KAMAOLE PHASE III,2777 S KIHEI RD UNIT I 101,92063447,,,,,,2026-07-15T19:41:40
239004082,0053,390040820053,2-3-9-004-082-0053,I 101,I101,MAUI KAMAOLE PHASE III,2777 S KIHEI RD UNIT I 101,97146645,,,,,,2026-07-15T19:41:40
239004082,0053,390040820053,2-3-9-004-082-0053,I 101,I101,MAUI KAMAOLE PHASE III,2777 S KIHEI RD UNIT I 101,98156941,NL,,,,,2026-07-15T19:41:40
239004082,0053,390040820053,2-3-9-004-082-0053,I 101,I101,MAUI KAMAOLE PHASE III,2777 S KIHEI RD UNIT I 101,2000166850,M,,,,,2026-07-15T19:41:40
239004082,0053,390040820053,2-3-9-004-082-0053,I 101,I101,MAUI KAMAOLE PHASE III,2777 S KIHEI RD UNIT I 101,2003228033,M,,,,,2026-07-15T19:41:40
239004082,0053,390040820053,2-3-9-004-082-0053,I 101,I101,MAUI KAMAOLE PHASE III,2777 S KIHEI RD UNIT I 101,2003263358,M,,,,,2026-07-15T19:41:40
239004082,0053,390040820053,2-3-9-004-082-0053,I 101,I101,MAUI KAMAOLE PHASE III,2777 S KIHEI RD UNIT I 101,2004155635,M,,,,,2026-07-15T19:41:40
239004082,0053,390040820053,2-3-9-004-082-0053,I 101,I101,MAUI KAMAOLE PHASE III,2777 S KIHEI RD UNIT I 101,2004155636,R,,,,,2026-07-15T19:41:40
239004082,0053,390040820053,2-3-9-004-082-0053,I 101,I101,MAUI KAMAOLE PHASE III,2777 S KIHEI RD UNIT I 101,2004179355,M,,,,,2026-07-15T19:41:40
239004082,0053,390040820053,2-3-9-004-082-0053,I 101,I101,MAUI KAMAOLE PHASE III,2777 S KIHEI RD UNIT I 101,2006120698,,,,,,2026-07-15T19:41:40
239004082,0053,390040820053,2-3-9-004-082-0053,I 101,I101,MAUI KAMAOLE PHASE III,2777 S KIHEI RD UNIT I 101,2006120699,R,,,,,2026-07-15T19:41:40
239004082,0053,390040820053,2-3-9-004-082-0053,I 101,I101,MAUI KAMAOLE PHASE III,2777 S KIHEI RD UNIT I 101,2006130905,M,,,,,2026-07-15T19:41:40
239004082,0054,390040820054,2-3-9-004-082-0054,I 102,I102,MAUI KAMAOLE PHASE III,2777 S KIHEI RD UNIT I 102,73600193,M,,,,,2026-07-15T19:41:40
239004082,0054,390040820054,2-3-9-004-082-0054,I 102,I102,MAUI KAMAOLE PHASE III,2777 S KIHEI RD UNIT I 102,91098259,,,,,,2026-07-15T19:41:40
239004082,0054,390040820054,2-3-9-004-082-0054,I 102,I102,MAUI KAMAOLE PHASE III,2777 S KIHEI RD UNIT I 102,91098260,,,,,,2026-07-15T19:41:40
239004082,0054,390040820054,2-3-9-004-082-0054,I 102,I102,MAUI KAMAOLE PHASE III,2777 S KIHEI RD UNIT I 102,91105440,,,,,,2026-07-15T19:41:40
239004082,0054,390040820054,2-3-9-004-082-0054,I 102,I102,MAUI KAMAOLE PHASE III,2777 S KIHEI RD UNIT I 102,91127804,,,,,,2026-07-15T19:41:40
239004082,0054,390040820054,2-3-9-004-082-0054,I 102,I102,MAUI KAMAOLE PHASE III,2777 S KIHEI RD UNIT I 102,97146644,,,,,,2026-07-15T19:41:40
239004082,0054,390040820054,2-3-9-004-082-0054,I 102,I102,MAUI KAMAOLE PHASE III,2777 S KIHEI RD UNIT I 102,98156941,NL,,,,,2026-07-15T19:41:40
239004082,0054,390040820054,2-3-9-004-082-0054,I 102,I102,MAUI KAMAOLE PHASE III,2777 S KIHEI RD UNIT I 102,2000087882,,,,,,2026-07-15T19:41:40
239004082,0054,390040820054,2-3-9-004-082-0054,I 102,I102,MAUI KAMAOLE PHASE III,2777 S KIHEI RD UNIT I 102,2000087883,R,,,,,2026-07-15T19:41:40
239004082,0054,390040820054,2-3-9-004-082-0054,I 102,I102,MAUI KAMAOLE PHASE III,2777 S KIHEI RD UNIT I 102,2000102995,,,,,,2026-07-15T19:41:40
239004082,0054,390040820054,2-3-9-004-082-0054,I 102,I102,MAUI KAMAOLE PHASE III,2777 S KIHEI RD UNIT I 102,2002022724,,,,,,2026-07-15T19:41:40
239004082,0054,390040820054,2-3-9-004-082-0054,I 102,I102,MAUI KAMAOLE PHASE III,2777 S KIHEI RD UNIT I 102,2002022725,R,,,,,2026-07-15T19:41:40
239004082,0054,390040820054,2-3-9-004-082-0054,I 102,I102,MAUI KAMAOLE PHASE III,2777 S KIHEI RD UNIT I 102,2002043383,MFS,,,,,2026-07-15T19:41:40
239004082,0055,390040820055,2-3-9-004-082-0055,I 103,I103,MAUI KAMAOLE PHASE III,2777 S KIHEI RD UNIT I 103,92103760,,,,,,2026-07-15T19:41:40
239004082,0055,390040820055,2-3-9-004-082-0055,I 103,I103,MAUI KAMAOLE PHASE III,2777 S KIHEI RD UNIT I 103,92103761,,,,,,2026-07-15T19:41:40
239004082,0055,390040820055,2-3-9-004-082-0055,I 103,I103,MAUI KAMAOLE PHASE III,2777 S KIHEI RD UNIT I 103,92131048,,,,,,2026-07-15T19:41:40
239004082,0055,390040820055,2-3-9-004-082-0055,I 103,I103,MAUI KAMAOLE PHASE III,2777 S KIHEI RD UNIT I 103,97020716,,,,,,2026-07-15T19:41:40
239004082,0055,390040820055,2-3-9-004-082-0055,I 103,I103,MAUI KAMAOLE PHASE III,2777 S KIHEI RD UNIT I 103,97020717,,,,,,2026-07-15T19:41:40
239004082,0055,390040820055,2-3-9-004-082-0055,I 103,I103,MAUI KAMAOLE PHASE III,2777 S KIHEI RD UNIT I 103,97028895,,,,,,2026-07-15T19:41:40
239004082,0055,390040820055,2-3-9-004-082-0055,I 103,I103,MAUI KAMAOLE PHASE III,2777 S KIHEI RD UNIT I 103,98156941,NL,,,,,2026-07-15T19:41:40
239004082,0055,390040820055,2-3-9-004-082-0055,I 103,I103,MAUI KAMAOLE PHASE III,2777 S KIHEI RD UNIT I 103,2000016378,,,,,,2026-07-15T19:41:40
239004082,0055,390040820055,2-3-9-004-082-0055,I 103,I103,MAUI KAMAOLE PHASE III,2777 S KIHEI RD UNIT I 103,2000016379,R,,,,,2026-07-15T19:41:40
239004082,0055,390040820055,2-3-9-004-082-0055,I 103,I103,MAUI KAMAOLE PHASE III,2777 S KIHEI RD UNIT I 103,2000031642,,,,,,2026-07-15T19:41:40
239004082,0055,390040820055,2-3-9-004-082-0055,I 103,I103,MAUI KAMAOLE PHASE III,2777 S KIHEI RD UNIT I 103,2002170739,,,,,,2026-07-15T19:41:40
239004082,0055,390040820055,2-3-9-004-082-0055,I 103,I103,MAUI KAMAOLE PHASE III,2777 S KIHEI RD UNIT I 103,2002170740,,,,,,2026-07-15T19:41:40
239004082,0055,390040820055,2-3-9-004-082-0055,I 103,I103,MAUI KAMAOLE PHASE III,2777 S KIHEI RD UNIT I 103,2002170741,R,,,,,2026-07-15T19:41:40
239004082,0055,390040820055,2-3-9-004-082-0055,I 103,I103,MAUI KAMAOLE PHASE III,2777 S KIHEI RD UNIT I 103,2003034878,M,,,,,2026-07-15T19:41:40
239004082,0055,390040820055,2-3-9-004-082-0055,I 103,I103,MAUI KAMAOLE PHASE III,2777 S KIHEI RD UNIT I 103,2007094669,,,,,,2026-07-15T19:41:40
239004082,0055,390040820055,2-3-9-004-082-0055,I 103,I103,MAUI KAMAOLE PHASE III,2777 S KIHEI RD UNIT I 103,2010051997,M,,,,,2026-07-15T19:41:40
239004082,0055,390040820055,2-3-9-004-082-0055,I 103,I103,MAUI KAMAOLE PHASE III,2777 S KIHEI RD UNIT I 103,2010164682,,,,,,2026-07-15T19:41:40
239004082,0055,390040820055,2-3-9-004-082-0055,I 103,I103,MAUI KAMAOLE PHASE III,2777 S KIHEI RD UNIT I 103,2010184119,M,,,,,2026-07-15T19:41:40
239004082,0056,390040820056,2-3-9-004-082-0056,I 104,I104,MAUI KAMAOLE PHASE III,2777 S KIHEI RD UNIT I 104,45870152,,,,,,2026-07-15T19:41:40
239004082,0056,390040820056,2-3-9-004-082-0056,I 104,I104,MAUI KAMAOLE PHASE III,2777 S KIHEI RD UNIT I 104,45890355,M,,,,,2026-07-15T19:41:40
239004082,0056,390040820056,2-3-9-004-082-0056,I 104,I104,MAUI KAMAOLE PHASE III,2777 S KIHEI RD UNIT I 104,46170950,M,,,,,2026-07-15T19:41:40
239004082,0056,390040820056,2-3-9-004-082-0056,I 104,I104,MAUI KAMAOLE PHASE III,2777 S KIHEI RD UNIT I 104,88570344,,,,,,2026-07-15T19:41:40
239004082,0056,390040820056,2-3-9-004-082-0056,I 104,I104,MAUI KAMAOLE PHASE III,2777 S KIHEI RD UNIT I 104,93128619,,,,,,2026-07-15T19:41:40
239004082,0056,390040820056,2-3-9-004-082-0056,I 104,I104,MAUI KAMAOLE PHASE III,2777 S KIHEI RD UNIT I 104,93128620,,,,,,2026-07-15T19:41:40
239004082,0056,390040820056,2-3-9-004-082-0056,I 104,I104,MAUI KAMAOLE PHASE III,2777 S KIHEI RD UNIT I 104,94035582,,,,,,2026-07-15T19:41:40
239004082,0056,390040820056,2-3-9-004-082-0056,I 104,I104,MAUI KAMAOLE PHASE III,2777 S KIHEI RD UNIT I 104,94073519,,,,,,2026-07-15T19:41:40
239004082,0056,390040820056,2-3-9-004-082-0056,I 104,I104,MAUI KAMAOLE PHASE III,2777 S KIHEI RD UNIT I 104,98156941,NL,,,,,2026-07-15T19:41:40
239004082,0056,390040820056,2-3-9-004-082-0056,I 104,I104,MAUI KAMAOLE PHASE III,2777 S KIHEI RD UNIT I 104,2001196904,,,,,,2026-07-15T19:41:40
239004082,0056,390040820056,2-3-9-004-082-0056,I 104,I104,MAUI KAMAOLE PHASE III,2777 S KIHEI RD UNIT I 104,2004022281,R,,,,,2026-07-15T19:41:40
239004082,0056,390040820056,2-3-9-004-082-0056,I 104,I104,MAUI KAMAOLE PHASE III,2777 S KIHEI RD UNIT I 104,2004022282,R,,,,,2026-07-15T19:41:40
239004082,0056,390040820056,2-3-9-004-082-0056,I 104,I104,MAUI KAMAOLE PHASE III,2777 S KIHEI RD UNIT I 104,2005253597,R,,,,,2026-07-15T19:41:40
239004082,0056,390040820056,2-3-9-004-082-0056,I 104,I104,MAUI KAMAOLE PHASE III,2777 S KIHEI RD UNIT I 104,2005255583,M,,,,,2026-07-15T19:41:40
239004082,0056,390040820056,2-3-9-004-082-0056,I 104,I104,MAUI KAMAOLE PHASE III,2777 S KIHEI RD UNIT I 104,2006011034,M,,,,,2026-07-15T19:41:40
239004082,0056,390040820056,2-3-9-004-082-0056,I 104,I104,MAUI KAMAOLE PHASE III,2777 S KIHEI RD UNIT I 104,2007040909,R,,,,,2026-07-15T19:41:40
239004082,0056,390040820056,2-3-9-004-082-0056,I 104,I104,MAUI KAMAOLE PHASE III,2777 S KIHEI RD UNIT I 104,2010019276,M,,,,,2026-07-15T19:41:40
239004082,0056,390040820056,2-3-9-004-082-0056,I 104,I104,MAUI KAMAOLE PHASE III,2777 S KIHEI RD UNIT I 104,2010132413,R,,,,,2026-07-15T19:41:40
239004082,0056,390040820056,2-3-9-004-082-0056,I 104,I104,MAUI KAMAOLE PHASE III,2777 S KIHEI RD UNIT I 104,2010141412,R,,,,,2026-07-15T19:41:40
239004082,0056,390040820056,2-3-9-004-082-0056,I 104,I104,MAUI KAMAOLE PHASE III,2777 S KIHEI RD UNIT I 104,2010201263,M,,,,,2026-07-15T19:41:40
239004082,0056,390040820056,2-3-9-004-082-0056,I 104,I104,MAUI KAMAOLE PHASE III,2777 S KIHEI RD UNIT I 104,2011032346,,,,,,2026-07-15T19:41:40
239004082,0056,390040820056,2-3-9-004-082-0056,I 104,I104,MAUI KAMAOLE PHASE III,2777 S KIHEI RD UNIT I 104,2011109232,,,,,,2026-07-15T19:41:40
239004082,0056,390040820056,2-3-9-004-082-0056,I 104,I104,MAUI KAMAOLE PHASE III,2777 S KIHEI RD UNIT I 104,2011109233,R,,,,,2026-07-15T19:41:40
239004082,0056,390040820056,2-3-9-004-082-0056,I 104,I104,MAUI KAMAOLE PHASE III,2777 S KIHEI RD UNIT I 104,2011109545,M,,,,,2026-07-15T19:41:40
239004082,0057,390040820057,2-3-9-004-082-0057,I 105,I105,MAUI KAMAOLE PHASE III,2777 S KIHEI RD UNIT I 105,91083270,,,,,,2026-07-15T19:41:40
239004082,0057,390040820057,2-3-9-004-082-0057,I 105,I105,MAUI KAMAOLE PHASE III,2777 S KIHEI RD UNIT I 105,91083271,,,,,,2026-07-15T19:41:40
239004082,0057,390040820057,2-3-9-004-082-0057,I 105,I105,MAUI KAMAOLE PHASE III,2777 S KIHEI RD UNIT I 105,91103403,,,,,,2026-07-15T19:41:40
239004082,0057,390040820057,2-3-9-004-082-0057,I 105,I105,MAUI KAMAOLE PHASE III,2777 S KIHEI RD UNIT I 105,98156941,NL,,,,,2026-07-15T19:41:40
239004082,0057,390040820057,2-3-9-004-082-0057,I 105,I105,MAUI KAMAOLE PHASE III,2777 S KIHEI RD UNIT I 105,98165037,,,,,,2026-07-15T19:41:40
239004082,0057,390040820057,2-3-9-004-082-0057,I 105,I105,MAUI KAMAOLE PHASE III,2777 S KIHEI RD UNIT I 105,2004150180,M,,,,,2026-07-15T19:41:40
239004082,0057,390040820057,2-3-9-004-082-0057,I 105,I105,MAUI KAMAOLE PHASE III,2777 S KIHEI RD UNIT I 105,2004150181,M,,,,,2026-07-15T19:41:40
239004082,0058,390040820058,2-3-9-004-082-0058,I 106,I106,MAUI KAMAOLE PHASE III,2777 S KIHEI RD UNIT I 106,43950153,R,,,,,2026-07-15T19:41:40
239004082,0058,390040820058,2-3-9-004-082-0058,I 106,I106,MAUI KAMAOLE PHASE III,2777 S KIHEI RD UNIT I 106,44000350,M,,,,,2026-07-15T19:41:40
239004082,0058,390040820058,2-3-9-004-082-0058,I 106,I106,MAUI KAMAOLE PHASE III,2777 S KIHEI RD UNIT I 106,44440648,M,,,,,2026-07-15T19:41:40
239004082,0058,390040820058,2-3-9-004-082-0058,I 106,I106,MAUI KAMAOLE PHASE III,2777 S KIHEI RD UNIT I 106,49590068,R,,,,,2026-07-15T19:41:40
239004082,0058,390040820058,2-3-9-004-082-0058,I 106,I106,MAUI KAMAOLE PHASE III,2777 S KIHEI RD UNIT I 106,71870040,R,,,,,2026-07-15T19:41:40
239004082,0058,390040820058,2-3-9-004-082-0058,I 106,I106,MAUI KAMAOLE PHASE III,2777 S KIHEI RD UNIT I 106,71980412,M,,,,,2026-07-15T19:41:40
239004082,0058,390040820058,2-3-9-004-082-0058,I 106,I106,MAUI KAMAOLE PHASE III,2777 S KIHEI RD UNIT I 106,77340464,,,,,,2026-07-15T19:41:40
239004082,0058,390040820058,2-3-9-004-082-0058,I 106,I106,MAUI KAMAOLE PHASE III,2777 S KIHEI RD UNIT I 106,77340465,,,,,,2026-07-15T19:41:40
239004082,0058,390040820058,2-3-9-004-082-0058,I 106,I106,MAUI KAMAOLE PHASE III,2777 S KIHEI RD UNIT I 106,91112880,,,,,,2026-07-15T19:41:40
239004082,0058,390040820058,2-3-9-004-082-0058,I 106,I106,MAUI KAMAOLE PHASE III,2777 S KIHEI RD UNIT I 106,91112881,,,,,,2026-07-15T19:41:40
239004082,0058,390040820058,2-3-9-004-082-0058,I 106,I106,MAUI KAMAOLE PHASE III,2777 S KIHEI RD UNIT I 106,92011862,,,,,,2026-07-15T19:41:40
239004082,0058,390040820058,2-3-9-004-082-0058,I 106,I106,MAUI KAMAOLE PHASE III,2777 S KIHEI RD UNIT I 106,93035540,,,,,,2026-07-15T19:41:40
239004082,0058,390040820058,2-3-9-004-082-0058,I 106,I106,MAUI KAMAOLE PHASE III,2777 S KIHEI RD UNIT I 106,94010934,,,,,,2026-07-15T19:41:40
239004082,0058,390040820058,2-3-9-004-082-0058,I 106,I106,MAUI KAMAOLE PHASE III,2777 S KIHEI RD UNIT I 106,94086388,,,,,,2026-07-15T19:41:40
239004082,0058,390040820058,2-3-9-004-082-0058,I 106,I106,MAUI KAMAOLE PHASE III,2777 S KIHEI RD UNIT I 106,98156941,NL,,,,,2026-07-15T19:41:40
239004082,0058,390040820058,2-3-9-004-082-0058,I 106,I106,MAUI KAMAOLE PHASE III,2777 S KIHEI RD UNIT I 106,2001083994,,,,,,2026-07-15T19:41:40
239004082,0058,390040820058,2-3-9-004-082-0058,I 106,I106,MAUI KAMAOLE PHASE III,2777 S KIHEI RD UNIT I 106,2001118579,R,,,,,2026-07-15T19:41:40
239004082,0058,390040820058,2-3-9-004-082-0058,I 106,I106,MAUI KAMAOLE PHASE III,2777 S KIHEI RD UNIT I 106,2001118580,R,,,,,2026-07-15T19:41:40
239004082,0058,390040820058,2-3-9-004-082-0058,I 106,I106,MAUI KAMAOLE PHASE III,2777 S KIHEI RD UNIT I 106,2001145526,M,,,,,2026-07-15T19:41:40
239004082,0058,390040820058,2-3-9-004-082-0058,I 106,I106,MAUI KAMAOLE PHASE III,2777 S KIHEI RD UNIT I 106,2003157381,R,,,,,2026-07-15T19:41:40
239004082,0059,390040820059,2-3-9-004-082-0059,I 107,I107,MAUI KAMAOLE PHASE III,2777 S KIHEI RD UNIT I 107,95044329,R,,,,,2026-07-15T19:41:40
239004082,0059,390040820059,2-3-9-004-082-0059,I 107,I107,MAUI KAMAOLE PHASE III,2777 S KIHEI RD UNIT I 107,96118632,,,,,,2026-07-15T19:41:40
239004082,0059,390040820059,2-3-9-004-082-0059,I 107,I107,MAUI KAMAOLE PHASE III,2777 S KIHEI RD UNIT I 107,98156941,NL,,,,,2026-07-15T19:41:40
239004082,0059,390040820059,2-3-9-004-082-0059,I 107,I107,MAUI KAMAOLE PHASE III,2777 S KIHEI RD UNIT I 107,2001050742,R,,,,,2026-07-15T19:41:40
239004082,0059,390040820059,2-3-9-004-082-0059,I 107,I107,MAUI KAMAOLE PHASE III,2777 S KIHEI RD UNIT I 107,2001050743,R,,,,,2026-07-15T19:41:40
239004082,0059,390040820059,2-3-9-004-082-0059,I 107,I107,MAUI KAMAOLE PHASE III,2777 S KIHEI RD UNIT I 107,2002167877,M,,,,,2026-07-15T19:41:40
239004082,0059,390040820059,2-3-9-004-082-0059,I 107,I107,MAUI KAMAOLE PHASE III,2777 S KIHEI RD UNIT I 107,2007199903,,,,,,2026-07-15T19:41:40
239004082,0060,390040820060,2-3-9-004-082-0060,I 108,I108,MAUI KAMAOLE PHASE III,2777 S KIHEI RD UNIT I 108,73470360,,,,,,2026-07-15T19:41:40
239004082,0060,390040820060,2-3-9-004-082-0060,I 108,I108,MAUI KAMAOLE PHASE III,2777 S KIHEI RD UNIT I 108,73470361,R,,,,,2026-07-15T19:41:40
239004082,0060,390040820060,2-3-9-004-082-0060,I 108,I108,MAUI KAMAOLE PHASE III,2777 S KIHEI RD UNIT I 108,75230006,,,,,,2026-07-15T19:41:40
239004082,0060,390040820060,2-3-9-004-082-0060,I 108,I108,MAUI KAMAOLE PHASE III,2777 S KIHEI RD UNIT I 108,75580621,M,,,,,2026-07-15T19:41:40
239004082,0060,390040820060,2-3-9-004-082-0060,I 108,I108,MAUI KAMAOLE PHASE III,2777 S KIHEI RD UNIT I 108,95033059,,,,,,2026-07-15T19:41:40
239004082,0060,390040820060,2-3-9-004-082-0060,I 108,I108,MAUI KAMAOLE PHASE III,2777 S KIHEI RD UNIT I 108,95033060,,,,,,2026-07-15T19:41:40
239004082,0060,390040820060,2-3-9-004-082-0060,I 108,I108,MAUI KAMAOLE PHASE III,2777 S KIHEI RD UNIT I 108,95054628,,,,,,2026-07-15T19:41:40
239004082,0060,390040820060,2-3-9-004-082-0060,I 108,I108,MAUI KAMAOLE PHASE III,2777 S KIHEI RD UNIT I 108,97085855,,,,,,2026-07-15T19:41:40
239004082,0060,390040820060,2-3-9-004-082-0060,I 108,I108,MAUI KAMAOLE PHASE III,2777 S KIHEI RD UNIT I 108,98156941,NL,,,,,2026-07-15T19:41:40
239004082,0060,390040820060,2-3-9-004-082-0060,I 108,I108,MAUI KAMAOLE PHASE III,2777 S KIHEI RD UNIT I 108,2000057908,R,,,,,2026-07-15T19:41:40
239004082,0060,390040820060,2-3-9-004-082-0060,I 108,I108,MAUI KAMAOLE PHASE III,2777 S KIHEI RD UNIT I 108,2000093584,,,,,,2026-07-15T19:41:40
239004082,0060,390040820060,2-3-9-004-082-0060,I 108,I108,MAUI KAMAOLE PHASE III,2777 S KIHEI RD UNIT I 108,2003070771,R,,,,,2026-07-15T19:41:40
239004082,0060,390040820060,2-3-9-004-082-0060,I 108,I108,MAUI KAMAOLE PHASE III,2777 S KIHEI RD UNIT I 108,2003102651,M,,,,,2026-07-15T19:41:40
239004082,0060,390040820060,2-3-9-004-082-0060,I 108,I108,MAUI KAMAOLE PHASE III,2777 S KIHEI RD UNIT I 108,2009103718,,,,,,2026-07-15T19:41:40
239004082,0060,390040820060,2-3-9-004-082-0060,I 108,I108,MAUI KAMAOLE PHASE III,2777 S KIHEI RD UNIT I 108,2010020588,M,,,,,2026-07-15T19:41:40
239004082,0061,390040820061,2-3-9-004-082-0061,I 109,I109,MAUI KAMAOLE PHASE III,2777 S KIHEI RD UNIT I 109,44230400,M,,,,,2026-07-15T19:41:40
239004082,0061,390040820061,2-3-9-004-082-0061,I 109,I109,MAUI KAMAOLE PHASE III,2777 S KIHEI RD UNIT I 109,52610310,,,,,,2026-07-15T19:41:40
239004082,0061,390040820061,2-3-9-004-082-0061,I 109,I109,MAUI KAMAOLE PHASE III,2777 S KIHEI RD UNIT I 109,67510082,M,,,,,2026-07-15T19:41:40
239004082,0061,390040820061,2-3-9-004-082-0061,I 109,I109,MAUI KAMAOLE PHASE III,2777 S KIHEI RD UNIT I 109,67510083,M,,,,,2026-07-15T19:41:40
239004082,0061,390040820061,2-3-9-004-082-0061,I 109,I109,MAUI KAMAOLE PHASE III,2777 S KIHEI RD UNIT I 109,72070269,M,,,,,2026-07-15T19:41:40
239004082,0061,390040820061,2-3-9-004-082-0061,I 109,I109,MAUI KAMAOLE PHASE III,2777 S KIHEI RD UNIT I 109,91110373,,,,,,2026-07-15T19:41:40
239004082,0061,390040820061,2-3-9-004-082-0061,I 109,I109,MAUI KAMAOLE PHASE III,2777 S KIHEI RD UNIT I 109,91110374,,,,,,2026-07-15T19:41:40
239004082,0061,390040820061,2-3-9-004-082-0061,I 109,I109,MAUI KAMAOLE PHASE III,2777 S KIHEI RD UNIT I 109,92011864,,,,,,2026-07-15T19:41:40
239004082,0061,390040820061,2-3-9-004-082-0061,I 109,I109,MAUI KAMAOLE PHASE III,2777 S KIHEI RD UNIT I 109,96080978,M,,,,,2026-07-15T19:41:40
239004082,0061,390040820061,2-3-9-004-082-0061,I 109,I109,MAUI KAMAOLE PHASE III,2777 S KIHEI RD UNIT I 109,96080979,M,,,,,2026-07-15T19:41:40
239004082,0061,390040820061,2-3-9-004-082-0061,I 109,I109,MAUI KAMAOLE PHASE III,2777 S KIHEI RD UNIT I 109,96106242,,,,,,2026-07-15T19:41:40
239004082,0061,390040820061,2-3-9-004-082-0061,I 109,I109,MAUI KAMAOLE PHASE III,2777 S KIHEI RD UNIT I 109,98156941,NL,,,,,2026-07-15T19:41:40
239004082,0061,390040820061,2-3-9-004-082-0061,I 109,I109,MAUI KAMAOLE PHASE III,2777 S KIHEI RD UNIT I 109,99106707,M,,,,,2026-07-15T19:41:40
239004082,0061,390040820061,2-3-9-004-082-0061,I 109,I109,MAUI KAMAOLE PHASE III,2777 S KIHEI RD UNIT I 109,99181507,M,,,,,2026-07-15T19:41:40
239004082,0061,390040820061,2-3-9-004-082-0061,I 109,I109,MAUI KAMAOLE PHASE III,2777 S KIHEI RD UNIT I 109,99185685,M,,,,,2026-07-15T19:41:40
239004082,0061,390040820061,2-3-9-004-082-0061,I 109,I109,MAUI KAMAOLE PHASE III,2777 S KIHEI RD UNIT I 109,2001027036,R,,,,,2026-07-15T19:41:40
239004082,0061,390040820061,2-3-9-004-082-0061,I 109,I109,MAUI KAMAOLE PHASE III,2777 S KIHEI RD UNIT I 109,2001027037,R,,,,,2026-07-15T19:41:40
239004082,0061,390040820061,2-3-9-004-082-0061,I 109,I109,MAUI KAMAOLE PHASE III,2777 S KIHEI RD UNIT I 109,2002138222,,,,,,2026-07-15T19:41:40
239004082,0061,390040820061,2-3-9-004-082-0061,I 109,I109,MAUI KAMAOLE PHASE III,2777 S KIHEI RD UNIT I 109,2005092835,M,,,,,2026-07-15T19:41:40
239004082,0061,390040820061,2-3-9-004-082-0061,I 109,I109,MAUI KAMAOLE PHASE III,2777 S KIHEI RD UNIT I 109,2005092836,,,,,,2026-07-15T19:41:40
239004082,0062,390040820062,2-3-9-004-082-0062,I 110,I110,MAUI KAMAOLE PHASE III,2777 S KIHEI RD UNIT I 110,Certificate,,,,,,2026-07-15T19:41:40
239004082,0063,390040820063,2-3-9-004-082-0063,I 111,I111,MAUI KAMAOLE PHASE III,2777 S KIHEI RD UNIT I 111,94193291,,,,,,2026-07-15T19:41:40
239004082,0063,390040820063,2-3-9-004-082-0063,I 111,I111,MAUI KAMAOLE PHASE III,2777 S KIHEI RD UNIT I 111,94193292,,,,,,2026-07-15T19:41:40
239004082,0063,390040820063,2-3-9-004-082-0063,I 111,I111,MAUI KAMAOLE PHASE III,2777 S KIHEI RD UNIT I 111,95007239,,,,,,2026-07-15T19:41:40
239004082,0063,390040820063,2-3-9-004-082-0063,I 111,I111,MAUI KAMAOLE PHASE III,2777 S KIHEI RD UNIT I 111,98156941,NL,,,,,2026-07-15T19:41:40
239004082,0063,390040820063,2-3-9-004-082-0063,I 111,I111,MAUI KAMAOLE PHASE III,2777 S KIHEI RD UNIT I 111,2004118054,,,,,,2026-07-15T19:41:40
239004082,0064,390040820064,2-3-9-004-082-0064,I 112,I112,MAUI KAMAOLE PHASE III,2777 S KIHEI RD UNIT I 112,53040419,M,,,,,2026-07-15T19:41:40
239004082,0064,390040820064,2-3-9-004-082-0064,I 112,I112,MAUI KAMAOLE PHASE III,2777 S KIHEI RD UNIT I 112,54430338,M,,,,,2026-07-15T19:41:40
239004082,0064,390040820064,2-3-9-004-082-0064,I 112,I112,MAUI KAMAOLE PHASE III,2777 S KIHEI RD UNIT I 112,54430339,M,,,,,2026-07-15T19:41:40
239004082,0064,390040820064,2-3-9-004-082-0064,I 112,I112,MAUI KAMAOLE PHASE III,2777 S KIHEI RD UNIT I 112,54580574,M,,,,,2026-07-15T19:41:40
239004082,0064,390040820064,2-3-9-004-082-0064,I 112,I112,MAUI KAMAOLE PHASE III,2777 S KIHEI RD UNIT I 112,93208644,M,,,,,2026-07-15T19:41:40
239004082,0064,390040820064,2-3-9-004-082-0064,I 112,I112,MAUI KAMAOLE PHASE III,2777 S KIHEI RD UNIT I 112,94035580,,,,,,2026-07-15T19:41:40
239004082,0064,390040820064,2-3-9-004-082-0064,I 112,I112,MAUI KAMAOLE PHASE III,2777 S KIHEI RD UNIT I 112,98156941,NL,,,,,2026-07-15T19:41:40
239004082,0064,390040820064,2-3-9-004-082-0064,I 112,I112,MAUI KAMAOLE PHASE III,2777 S KIHEI RD UNIT I 112,2004187155,M,,,,,2026-07-15T19:41:40
239004082,0064,390040820064,2-3-9-004-082-0064,I 112,I112,MAUI KAMAOLE PHASE III,2777 S KIHEI RD UNIT I 112,2011040694,,,,,,2026-07-15T19:41:40
239004082,0065,390040820065,2-3-9-004-082-0065,I 114,I114,MAUI KAMAOLE PHASE III,2777 S KIHEI RD UNIT I 114,58630547,M,,,,,2026-07-15T19:41:40
239004082,0065,390040820065,2-3-9-004-082-0065,I 114,I114,MAUI KAMAOLE PHASE III,2777 S KIHEI RD UNIT I 114,69670158,,,,,,2026-07-15T19:41:40
239004082,0065,390040820065,2-3-9-004-082-0065,I 114,I114,MAUI KAMAOLE PHASE III,2777 S KIHEI RD UNIT I 114,80000213,,,,,,2026-07-15T19:41:40
239004082,0065,390040820065,2-3-9-004-082-0065,I 114,I114,MAUI KAMAOLE PHASE III,2777 S KIHEI RD UNIT I 114,83550430,,,,,,2026-07-15T19:41:40
239004082,0065,390040820065,2-3-9-004-082-0065,I 114,I114,MAUI KAMAOLE PHASE III,2777 S KIHEI RD UNIT I 114,94164741,,,,,,2026-07-15T19:41:40
239004082,0065,390040820065,2-3-9-004-082-0065,I 114,I114,MAUI KAMAOLE PHASE III,2777 S KIHEI RD UNIT I 114,94164742,,,,,,2026-07-15T19:41:40
239004082,0065,390040820065,2-3-9-004-082-0065,I 114,I114,MAUI KAMAOLE PHASE III,2777 S KIHEI RD UNIT I 114,94164743,,,,,,2026-07-15T19:41:40
239004082,0065,390040820065,2-3-9-004-082-0065,I 114,I114,MAUI KAMAOLE PHASE III,2777 S KIHEI RD UNIT I 114,94189010,,,,,,2026-07-15T19:41:40
239004082,0065,390040820065,2-3-9-004-082-0065,I 114,I114,MAUI KAMAOLE PHASE III,2777 S KIHEI RD UNIT I 114,97131232,,,,,,2026-07-15T19:41:40
239004082,0065,390040820065,2-3-9-004-082-0065,I 114,I114,MAUI KAMAOLE PHASE III,2777 S KIHEI RD UNIT I 114,97149300,,,,,,2026-07-15T19:41:40
239004082,0065,390040820065,2-3-9-004-082-0065,I 114,I114,MAUI KAMAOLE PHASE III,2777 S KIHEI RD UNIT I 114,98156941,NL,,,,,2026-07-15T19:41:40
239004082,0065,390040820065,2-3-9-004-082-0065,I 114,I114,MAUI KAMAOLE PHASE III,2777 S KIHEI RD UNIT I 114,99002919,R,,,,,2026-07-15T19:41:40
239004082,0065,390040820065,2-3-9-004-082-0065,I 114,I114,MAUI KAMAOLE PHASE III,2777 S KIHEI RD UNIT I 114,99033124,,,,,,2026-07-15T19:41:40
239004082,0065,390040820065,2-3-9-004-082-0065,I 114,I114,MAUI KAMAOLE PHASE III,2777 S KIHEI RD UNIT I 114,99059215,,,,,,2026-07-15T19:41:40
239004082,0065,390040820065,2-3-9-004-082-0065,I 114,I114,MAUI KAMAOLE PHASE III,2777 S KIHEI RD UNIT I 114,99185053,,,,,,2026-07-15T19:41:40
239004082,0066,390040820066,2-3-9-004-082-0066,I 115,I115,MAUI KAMAOLE PHASE III,2777 S KIHEI RD UNIT I 115,78080152,M,,,,,2026-07-15T19:41:40
239004082,0066,390040820066,2-3-9-004-082-0066,I 115,I115,MAUI KAMAOLE PHASE III,2777 S KIHEI RD UNIT I 115,88740410,,,,,,2026-07-15T19:41:40
239004082,0066,390040820066,2-3-9-004-082-0066,I 115,I115,MAUI KAMAOLE PHASE III,2777 S KIHEI RD UNIT I 115,93026878,,,,,,2026-07-15T19:41:40
239004082,0066,390040820066,2-3-9-004-082-0066,I 115,I115,MAUI KAMAOLE PHASE III,2777 S KIHEI RD UNIT I 115,93026879,,,,,,2026-07-15T19:41:40
239004082,0066,390040820066,2-3-9-004-082-0066,I 115,I115,MAUI KAMAOLE PHASE III,2777 S KIHEI RD UNIT I 115,94090635,,,,,,2026-07-15T19:41:40
239004082,0066,390040820066,2-3-9-004-082-0066,I 115,I115,MAUI KAMAOLE PHASE III,2777 S KIHEI RD UNIT I 115,95002729,,,,,,2026-07-15T19:41:40
239004082,0066,390040820066,2-3-9-004-082-0066,I 115,I115,MAUI KAMAOLE PHASE III,2777 S KIHEI RD UNIT I 115,98156941,NL,,,,,2026-07-15T19:41:40
239004082,0066,390040820066,2-3-9-004-082-0066,I 115,I115,MAUI KAMAOLE PHASE III,2777 S KIHEI RD UNIT I 115,2001023622,,,,,,2026-07-15T19:41:40
239004082,0066,390040820066,2-3-9-004-082-0066,I 115,I115,MAUI KAMAOLE PHASE III,2777 S KIHEI RD UNIT I 115,2001023623,,,,,,2026-07-15T19:41:40
239004082,0067,390040820067,2-3-9-004-082-0067,I 116,I116,MAUI KAMAOLE PHASE III,2777 S KIHEI RD UNIT I 116,60540288,,,,,,2026-07-15T19:41:40
239004082,0067,390040820067,2-3-9-004-082-0067,I 116,I116,MAUI KAMAOLE PHASE III,2777 S KIHEI RD UNIT I 116,60540289,,,,,,2026-07-15T19:41:40
239004082,0067,390040820067,2-3-9-004-082-0067,I 116,I116,MAUI KAMAOLE PHASE III,2777 S KIHEI RD UNIT I 116,91110375,,,,,,2026-07-15T19:41:40
239004082,0067,390040820067,2-3-9-004-082-0067,I 116,I116,MAUI KAMAOLE PHASE III,2777 S KIHEI RD UNIT I 116,91110376,,,,,,2026-07-15T19:41:40
239004082,0067,390040820067,2-3-9-004-082-0067,I 116,I116,MAUI KAMAOLE PHASE III,2777 S KIHEI RD UNIT I 116,92011865,,,,,,2026-07-15T19:41:40
239004082,0067,390040820067,2-3-9-004-082-0067,I 116,I116,MAUI KAMAOLE PHASE III,2777 S KIHEI RD UNIT I 116,94117870,,,,,,2026-07-15T19:41:40
239004082,0067,390040820067,2-3-9-004-082-0067,I 116,I116,MAUI KAMAOLE PHASE III,2777 S KIHEI RD UNIT I 116,94117871,,,,,,2026-07-15T19:41:40
239004082,0067,390040820067,2-3-9-004-082-0067,I 116,I116,MAUI KAMAOLE PHASE III,2777 S KIHEI RD UNIT I 116,94171579,,,,,,2026-07-15T19:41:40
239004082,0067,390040820067,2-3-9-004-082-0067,I 116,I116,MAUI KAMAOLE PHASE III,2777 S KIHEI RD UNIT I 116,98156941,NL,,,,,2026-07-15T19:41:40
239004082,0067,390040820067,2-3-9-004-082-0067,I 116,I116,MAUI KAMAOLE PHASE III,2777 S KIHEI RD UNIT I 116,99054147,,,,,,2026-07-15T19:41:40
239004082,0067,390040820067,2-3-9-004-082-0067,I 116,I116,MAUI KAMAOLE PHASE III,2777 S KIHEI RD UNIT I 116,2008018146,,,,,,2026-07-15T19:41:40
239004082,0067,390040820067,2-3-9-004-082-0067,I 116,I116,MAUI KAMAOLE PHASE III,2777 S KIHEI RD UNIT I 116,2008018147,M,,,,,2026-07-15T19:41:40
239004082,0067,390040820067,2-3-9-004-082-0067,I 116,I116,MAUI KAMAOLE PHASE III,2777 S KIHEI RD UNIT I 116,2011108377,M,,,,,2026-07-15T19:41:40
239004082,0068,390040820068,2-3-9-004-082-0068,I 117,I117,MAUI KAMAOLE PHASE III,2777 S KIHEI RD UNIT I 117,91071929,,,,,,2026-07-15T19:41:40
239004082,0068,390040820068,2-3-9-004-082-0068,I 117,I117,MAUI KAMAOLE PHASE III,2777 S KIHEI RD UNIT I 117,91098985,,,,,,2026-07-15T19:41:40
239004082,0068,390040820068,2-3-9-004-082-0068,I 117,I117,MAUI KAMAOLE PHASE III,2777 S KIHEI RD UNIT I 117,98156941,NL,,,,,2026-07-15T19:41:40
239004082,0069,390040820069,2-3-9-004-082-0069,I 118,I118,MAUI KAMAOLE PHASE III,2777 S KIHEI RD UNIT I 118,58990989,,,,,,2026-07-15T19:41:40
239004082,0069,390040820069,2-3-9-004-082-0069,I 118,I118,MAUI KAMAOLE PHASE III,2777 S KIHEI RD UNIT I 118,65580109,,,,,,2026-07-15T19:41:40
239004082,0069,390040820069,2-3-9-004-082-0069,I 118,I118,MAUI KAMAOLE PHASE III,2777 S KIHEI RD UNIT I 118,65580110,,,,,,2026-07-15T19:41:40
239004082,0069,390040820069,2-3-9-004-082-0069,I 118,I118,MAUI KAMAOLE PHASE III,2777 S KIHEI RD UNIT I 118,65630974,NL,,,,,2026-07-15T19:41:40
239004082,0069,390040820069,2-3-9-004-082-0069,I 118,I118,MAUI KAMAOLE PHASE III,2777 S KIHEI RD UNIT I 118,65720743,MFS,,,,,2026-07-15T19:41:40
239004082,0069,390040820069,2-3-9-004-082-0069,I 118,I118,MAUI KAMAOLE PHASE III,2777 S KIHEI RD UNIT I 118,65960535,M,,,,,2026-07-15T19:41:40
239004082,0069,390040820069,2-3-9-004-082-0069,I 118,I118,MAUI KAMAOLE PHASE III,2777 S KIHEI RD UNIT I 118,71300383,,,,,,2026-07-15T19:41:40
239004082,0069,390040820069,2-3-9-004-082-0069,I 118,I118,MAUI KAMAOLE PHASE III,2777 S KIHEI RD UNIT I 118,88520597,,,,,,2026-07-15T19:41:40
239004082,0069,390040820069,2-3-9-004-082-0069,I 118,I118,MAUI KAMAOLE PHASE III,2777 S KIHEI RD UNIT I 118,91076774,,,,,,2026-07-15T19:41:40
239004082,0069,390040820069,2-3-9-004-082-0069,I 118,I118,MAUI KAMAOLE PHASE III,2777 S KIHEI RD UNIT I 118,91076775,,,,,,2026-07-15T19:41:40
239004082,0069,390040820069,2-3-9-004-082-0069,I 118,I118,MAUI KAMAOLE PHASE III,2777 S KIHEI RD UNIT I 118,91098990,,,,,,2026-07-15T19:41:40
239004082,0069,390040820069,2-3-9-004-082-0069,I 118,I118,MAUI KAMAOLE PHASE III,2777 S KIHEI RD UNIT I 118,92172827,,,,,,2026-07-15T19:41:40
239004082,0069,390040820069,2-3-9-004-082-0069,I 118,I118,MAUI KAMAOLE PHASE III,2777 S KIHEI RD UNIT I 118,92172828,,,,,,2026-07-15T19:41:40
239004082,0069,390040820069,2-3-9-004-082-0069,I 118,I118,MAUI KAMAOLE PHASE III,2777 S KIHEI RD UNIT I 118,92172829,,,,,,2026-07-15T19:41:40
239004082,0069,390040820069,2-3-9-004-082-0069,I 118,I118,MAUI KAMAOLE PHASE III,2777 S KIHEI RD UNIT I 118,92172830,,,,,,2026-07-15T19:41:40
239004082,0069,390040820069,2-3-9-004-082-0069,I 118,I118,MAUI KAMAOLE PHASE III,2777 S KIHEI RD UNIT I 118,97169612,R,,,,,2026-07-15T19:41:40
239004082,0069,390040820069,2-3-9-004-082-0069,I 118,I118,MAUI KAMAOLE PHASE III,2777 S KIHEI RD UNIT I 118,98156941,NL,,,,,2026-07-15T19:41:40
239004082,0069,390040820069,2-3-9-004-082-0069,I 118,I118,MAUI KAMAOLE PHASE III,2777 S KIHEI RD UNIT I 118,99128503,,,,,,2026-07-15T19:41:40
239004082,0069,390040820069,2-3-9-004-082-0069,I 118,I118,MAUI KAMAOLE PHASE III,2777 S KIHEI RD UNIT I 118,99128504,,,,,,2026-07-15T19:41:40
239004082,0069,390040820069,2-3-9-004-082-0069,I 118,I118,MAUI KAMAOLE PHASE III,2777 S KIHEI RD UNIT I 118,99145873,,,,,,2026-07-15T19:41:40
239004082,0069,390040820069,2-3-9-004-082-0069,I 118,I118,MAUI KAMAOLE PHASE III,2777 S KIHEI RD UNIT I 118,99146317,,,,,,2026-07-15T19:41:40
239004082,0069,390040820069,2-3-9-004-082-0069,I 118,I118,MAUI KAMAOLE PHASE III,2777 S KIHEI RD UNIT I 118,99154906,,,,,,2026-07-15T19:41:40
239004082,0069,390040820069,2-3-9-004-082-0069,I 118,I118,MAUI KAMAOLE PHASE III,2777 S KIHEI RD UNIT I 118,2002200985,R,,,,,2026-07-15T19:41:40
239004082,0069,390040820069,2-3-9-004-082-0069,I 118,I118,MAUI KAMAOLE PHASE III,2777 S KIHEI RD UNIT I 118,2005219785,,,,,,2026-07-15T19:41:40
239004082,0069,390040820069,2-3-9-004-082-0069,I 118,I118,MAUI KAMAOLE PHASE III,2777 S KIHEI RD UNIT I 118,2005219786,R,,,,,2026-07-15T19:41:40
239004082,0069,390040820069,2-3-9-004-082-0069,I 118,I118,MAUI KAMAOLE PHASE III,2777 S KIHEI RD UNIT I 118,2005238269,R,,,,,2026-07-15T19:41:40
239004082,0069,390040820069,2-3-9-004-082-0069,I 118,I118,MAUI KAMAOLE PHASE III,2777 S KIHEI RD UNIT I 118,2005265351,M,,,,,2026-07-15T19:41:40
239004082,0069,390040820069,2-3-9-004-082-0069,I 118,I118,MAUI KAMAOLE PHASE III,2777 S KIHEI RD UNIT I 118,2006010397,,,,,,2026-07-15T19:41:40
239004082,0069,390040820069,2-3-9-004-082-0069,I 118,I118,MAUI KAMAOLE PHASE III,2777 S KIHEI RD UNIT I 118,2010052159,M,,,,,2026-07-15T19:41:40
239004082,0069,390040820069,2-3-9-004-082-0069,I 118,I118,MAUI KAMAOLE PHASE III,2777 S KIHEI RD UNIT I 118,2010052160,M,,,,,2026-07-15T19:41:40
239004082,0069,390040820069,2-3-9-004-082-0069,I 118,I118,MAUI KAMAOLE PHASE III,2777 S KIHEI RD UNIT I 118,2010082636,,,,,,2026-07-15T19:41:40
239004082,0070,390040820070,2-3-9-004-082-0070,I 119,I119,MAUI KAMAOLE PHASE III,2777 S KIHEI RD UNIT I 119,46080821,M,,,,,2026-07-15T19:41:40
239004082,0070,390040820070,2-3-9-004-082-0070,I 119,I119,MAUI KAMAOLE PHASE III,2777 S KIHEI RD UNIT I 119,62081074,M,,,,,2026-07-15T19:41:40
239004082,0070,390040820070,2-3-9-004-082-0070,I 119,I119,MAUI KAMAOLE PHASE III,2777 S KIHEI RD UNIT I 119,68760051,M,,,,,2026-07-15T19:41:40
239004082,0070,390040820070,2-3-9-004-082-0070,I 119,I119,MAUI KAMAOLE PHASE III,2777 S KIHEI RD UNIT I 119,69410510,M,,,,,2026-07-15T19:41:40
239004082,0070,390040820070,2-3-9-004-082-0070,I 119,I119,MAUI KAMAOLE PHASE III,2777 S KIHEI RD UNIT I 119,91081010,,,,,,2026-07-15T19:41:40
239004082,0070,390040820070,2-3-9-004-082-0070,I 119,I119,MAUI KAMAOLE PHASE III,2777 S KIHEI RD UNIT I 119,91103400,,,,,,2026-07-15T19:41:40
239004082,0070,390040820070,2-3-9-004-082-0070,I 119,I119,MAUI KAMAOLE PHASE III,2777 S KIHEI RD UNIT I 119,98069268,M,,,,,2026-07-15T19:41:40
239004082,0070,390040820070,2-3-9-004-082-0070,I 119,I119,MAUI KAMAOLE PHASE III,2777 S KIHEI RD UNIT I 119,98156941,NL,,,,,2026-07-15T19:41:40
239004082,0070,390040820070,2-3-9-004-082-0070,I 119,I119,MAUI KAMAOLE PHASE III,2777 S KIHEI RD UNIT I 119,99182337,M,,,,,2026-07-15T19:41:40
239004082,0070,390040820070,2-3-9-004-082-0070,I 119,I119,MAUI KAMAOLE PHASE III,2777 S KIHEI RD UNIT I 119,2001042408,M,,,,,2026-07-15T19:41:40
239004082,0070,390040820070,2-3-9-004-082-0070,I 119,I119,MAUI KAMAOLE PHASE III,2777 S KIHEI RD UNIT I 119,2001042409,M,,,,,2026-07-15T19:41:40
239004082,0070,390040820070,2-3-9-004-082-0070,I 119,I119,MAUI KAMAOLE PHASE III,2777 S KIHEI RD UNIT I 119,2001048729,M,,,,,2026-07-15T19:41:40
239004082,0070,390040820070,2-3-9-004-082-0070,I 119,I119,MAUI KAMAOLE PHASE III,2777 S KIHEI RD UNIT I 119,2001206761,M,,,,,2026-07-15T19:41:40
239004082,0070,390040820070,2-3-9-004-082-0070,I 119,I119,MAUI KAMAOLE PHASE III,2777 S KIHEI RD UNIT I 119,2002143228,M,,,,,2026-07-15T19:41:40
239004082,0070,390040820070,2-3-9-004-082-0070,I 119,I119,MAUI KAMAOLE PHASE III,2777 S KIHEI RD UNIT I 119,2002143229,M,,,,,2026-07-15T19:41:40
239004082,0070,390040820070,2-3-9-004-082-0070,I 119,I119,MAUI KAMAOLE PHASE III,2777 S KIHEI RD UNIT I 119,2002163922,M,,,,,2026-07-15T19:41:40
239004082,0070,390040820070,2-3-9-004-082-0070,I 119,I119,MAUI KAMAOLE PHASE III,2777 S KIHEI RD UNIT I 119,2003031992,M,,,,,2026-07-15T19:41:40
239004082,0070,390040820070,2-3-9-004-082-0070,I 119,I119,MAUI KAMAOLE PHASE III,2777 S KIHEI RD UNIT I 119,2003031993,R,,,,,2026-07-15T19:41:40
239004082,0070,390040820070,2-3-9-004-082-0070,I 119,I119,MAUI KAMAOLE PHASE III,2777 S KIHEI RD UNIT I 119,2003066421,MFS,,,,,2026-07-15T19:41:40
239004082,0070,390040820070,2-3-9-004-082-0070,I 119,I119,MAUI KAMAOLE PHASE III,2777 S KIHEI RD UNIT I 119,2003151484,R,,,,,2026-07-15T19:41:40
239004082,0070,390040820070,2-3-9-004-082-0070,I 119,I119,MAUI KAMAOLE PHASE III,2777 S KIHEI RD UNIT I 119,2003218009,M,,,,,2026-07-15T19:41:40
239004082,0070,390040820070,2-3-9-004-082-0070,I 119,I119,MAUI KAMAOLE PHASE III,2777 S KIHEI RD UNIT I 119,2005116468,R,,,,,2026-07-15T19:41:40
239004082,0070,390040820070,2-3-9-004-082-0070,I 119,I119,MAUI KAMAOLE PHASE III,2777 S KIHEI RD UNIT I 119,2005154287,M,,,,,2026-07-15T19:41:40
239004082,0070,390040820070,2-3-9-004-082-0070,I 119,I119,MAUI KAMAOLE PHASE III,2777 S KIHEI RD UNIT I 119,2006112518,,,,,,2026-07-15T19:41:40
239004082,0070,390040820070,2-3-9-004-082-0070,I 119,I119,MAUI KAMAOLE PHASE III,2777 S KIHEI RD UNIT I 119,2006112519,R,,,,,2026-07-15T19:41:40
239004082,0070,390040820070,2-3-9-004-082-0070,I 119,I119,MAUI KAMAOLE PHASE III,2777 S KIHEI RD UNIT I 119,2006116686,M,,,,,2026-07-15T19:41:40
239004082,0070,390040820070,2-3-9-004-082-0070,I 119,I119,MAUI KAMAOLE PHASE III,2777 S KIHEI RD UNIT I 119,2006152855,M,,,,,2026-07-15T19:41:40
239004082,0070,390040820070,2-3-9-004-082-0070,I 119,I119,MAUI KAMAOLE PHASE III,2777 S KIHEI RD UNIT I 119,2007222761,R,,,,,2026-07-15T19:41:40
239004082,0070,390040820070,2-3-9-004-082-0070,I 119,I119,MAUI KAMAOLE PHASE III,2777 S KIHEI RD UNIT I 119,2008000448,,,,,,2026-07-15T19:41:40
239004082,0070,390040820070,2-3-9-004-082-0070,I 119,I119,MAUI KAMAOLE PHASE III,2777 S KIHEI RD UNIT I 119,2008006483,M,,,,,2026-07-15T19:41:40
239004082,0071,390040820071,2-3-9-004-082-0071,I 201,I201,MAUI KAMAOLE PHASE III,2777 S KIHEI RD UNIT I 201,52600385,,,,,,2026-07-15T19:41:40
239004082,0071,390040820071,2-3-9-004-082-0071,I 201,I201,MAUI KAMAOLE PHASE III,2777 S KIHEI RD UNIT I 201,78580354,M,,,,,2026-07-15T19:41:40
239004082,0071,390040820071,2-3-9-004-082-0071,I 201,I201,MAUI KAMAOLE PHASE III,2777 S KIHEI RD UNIT I 201,79200259,,,,,,2026-07-15T19:41:40
239004082,0071,390040820071,2-3-9-004-082-0071,I 201,I201,MAUI KAMAOLE PHASE III,2777 S KIHEI RD UNIT I 201,86990486,M,,,,,2026-07-15T19:41:40
239004082,0071,390040820071,2-3-9-004-082-0071,I 201,I201,MAUI KAMAOLE PHASE III,2777 S KIHEI RD UNIT I 201,93054157,,,,,,2026-07-15T19:41:40
239004082,0071,390040820071,2-3-9-004-082-0071,I 201,I201,MAUI KAMAOLE PHASE III,2777 S KIHEI RD UNIT I 201,93054158,,,,,,2026-07-15T19:41:40
239004082,0071,390040820071,2-3-9-004-082-0071,I 201,I201,MAUI KAMAOLE PHASE III,2777 S KIHEI RD UNIT I 201,94090637,,,,,,2026-07-15T19:41:40
239004082,0071,390040820071,2-3-9-004-082-0071,I 201,I201,MAUI KAMAOLE PHASE III,2777 S KIHEI RD UNIT I 201,96121916,,,,,,2026-07-15T19:41:40
239004082,0071,390040820071,2-3-9-004-082-0071,I 201,I201,MAUI KAMAOLE PHASE III,2777 S KIHEI RD UNIT I 201,98156941,NL,,,,,2026-07-15T19:41:40
239004082,0071,390040820071,2-3-9-004-082-0071,I 201,I201,MAUI KAMAOLE PHASE III,2777 S KIHEI RD UNIT I 201,2007142840,,,,,,2026-07-15T19:41:40
239004082,0071,390040820071,2-3-9-004-082-0071,I 201,I201,MAUI KAMAOLE PHASE III,2777 S KIHEI RD UNIT I 201,2008079515,,,,,,2026-07-15T19:41:40
239004082,0072,390040820072,2-3-9-004-082-0072,I 202,I202,MAUI KAMAOLE PHASE III,2777 S KIHEI RD UNIT I 202,43950154,R,,,,,2026-07-15T19:41:40
239004082,0072,390040820072,2-3-9-004-082-0072,I 202,I202,MAUI KAMAOLE PHASE III,2777 S KIHEI RD UNIT I 202,44000348,M,,,,,2026-07-15T19:41:40
239004082,0072,390040820072,2-3-9-004-082-0072,I 202,I202,MAUI KAMAOLE PHASE III,2777 S KIHEI RD UNIT I 202,44150708,M,,,,,2026-07-15T19:41:40
239004082,0072,390040820072,2-3-9-004-082-0072,I 202,I202,MAUI KAMAOLE PHASE III,2777 S KIHEI RD UNIT I 202,73760343,R,,,,,2026-07-15T19:41:40
239004082,0072,390040820072,2-3-9-004-082-0072,I 202,I202,MAUI KAMAOLE PHASE III,2777 S KIHEI RD UNIT I 202,73890466,M,,,,,2026-07-15T19:41:40
239004082,0072,390040820072,2-3-9-004-082-0072,I 202,I202,MAUI KAMAOLE PHASE III,2777 S KIHEI RD UNIT I 202,78450101,R,,,,,2026-07-15T19:41:40
239004082,0072,390040820072,2-3-9-004-082-0072,I 202,I202,MAUI KAMAOLE PHASE III,2777 S KIHEI RD UNIT I 202,78450102,R,,,,,2026-07-15T19:41:40
239004082,0072,390040820072,2-3-9-004-082-0072,I 202,I202,MAUI KAMAOLE PHASE III,2777 S KIHEI RD UNIT I 202,79510007,,,,,,2026-07-15T19:41:40
239004082,0072,390040820072,2-3-9-004-082-0072,I 202,I202,MAUI KAMAOLE PHASE III,2777 S KIHEI RD UNIT I 202,80110192,M,,,,,2026-07-15T19:41:40
239004082,0072,390040820072,2-3-9-004-082-0072,I 202,I202,MAUI KAMAOLE PHASE III,2777 S KIHEI RD UNIT I 202,80190831,M,,,,,2026-07-15T19:41:40
239004082,0072,390040820072,2-3-9-004-082-0072,I 202,I202,MAUI KAMAOLE PHASE III,2777 S KIHEI RD UNIT I 202,93048231,,,,,,2026-07-15T19:41:40
239004082,0072,390040820072,2-3-9-004-082-0072,I 202,I202,MAUI KAMAOLE PHASE III,2777 S KIHEI RD UNIT I 202,93048232,,,,,,2026-07-15T19:41:40
239004082,0072,390040820072,2-3-9-004-082-0072,I 202,I202,MAUI KAMAOLE PHASE III,2777 S KIHEI RD UNIT I 202,93048233,,,,,,2026-07-15T19:41:40
239004082,0072,390040820072,2-3-9-004-082-0072,I 202,I202,MAUI KAMAOLE PHASE III,2777 S KIHEI RD UNIT I 202,94035581,,,,,,2026-07-15T19:41:40
239004082,0072,390040820072,2-3-9-004-082-0072,I 202,I202,MAUI KAMAOLE PHASE III,2777 S KIHEI RD UNIT I 202,94130921,,,,,,2026-07-15T19:41:40
239004082,0072,390040820072,2-3-9-004-082-0072,I 202,I202,MAUI KAMAOLE PHASE III,2777 S KIHEI RD UNIT I 202,98156941,NL,,,,,2026-07-15T19:41:40
239004082,0072,390040820072,2-3-9-004-082-0072,I 202,I202,MAUI KAMAOLE PHASE III,2777 S KIHEI RD UNIT I 202,99036177,M,,,,,2026-07-15T19:41:40
239004082,0072,390040820072,2-3-9-004-082-0072,I 202,I202,MAUI KAMAOLE PHASE III,2777 S KIHEI RD UNIT I 202,99036178,R,,,,,2026-07-15T19:41:40
239004082,0072,390040820072,2-3-9-004-082-0072,I 202,I202,MAUI KAMAOLE PHASE III,2777 S KIHEI RD UNIT I 202,99064318,,,,,,2026-07-15T19:41:40
239004082,0072,390040820072,2-3-9-004-082-0072,I 202,I202,MAUI KAMAOLE PHASE III,2777 S KIHEI RD UNIT I 202,99116468,,,,,,2026-07-15T19:41:40
239004082,0072,390040820072,2-3-9-004-082-0072,I 202,I202,MAUI KAMAOLE PHASE III,2777 S KIHEI RD UNIT I 202,2000053687,,,,,,2026-07-15T19:41:40
239004082,0072,390040820072,2-3-9-004-082-0072,I 202,I202,MAUI KAMAOLE PHASE III,2777 S KIHEI RD UNIT I 202,2001099550,R,,,,,2026-07-15T19:41:40
239004082,0072,390040820072,2-3-9-004-082-0072,I 202,I202,MAUI KAMAOLE PHASE III,2777 S KIHEI RD UNIT I 202,2001141870,R,,,,,2026-07-15T19:41:40
239004082,0072,390040820072,2-3-9-004-082-0072,I 202,I202,MAUI KAMAOLE PHASE III,2777 S KIHEI RD UNIT I 202,2004084729,R,,,,,2026-07-15T19:41:40
239004082,0072,390040820072,2-3-9-004-082-0072,I 202,I202,MAUI KAMAOLE PHASE III,2777 S KIHEI RD UNIT I 202,2004123692,M,,,,,2026-07-15T19:41:40
239004082,0073,390040820073,2-3-9-004-082-0073,I 203,I203,MAUI KAMAOLE PHASE III,2777 S KIHEI RD UNIT I 203,53300260,M,,,,,2026-07-15T19:41:40
239004082,0073,390040820073,2-3-9-004-082-0073,I 203,I203,MAUI KAMAOLE PHASE III,2777 S KIHEI RD UNIT I 203,53300261,R,,,,,2026-07-15T19:41:40
239004082,0073,390040820073,2-3-9-004-082-0073,I 203,I203,MAUI KAMAOLE PHASE III,2777 S KIHEI RD UNIT I 203,55530087,,,,,,2026-07-15T19:41:40
239004082,0073,390040820073,2-3-9-004-082-0073,I 203,I203,MAUI KAMAOLE PHASE III,2777 S KIHEI RD UNIT I 203,56040181,M,,,,,2026-07-15T19:41:40
239004082,0073,390040820073,2-3-9-004-082-0073,I 203,I203,MAUI KAMAOLE PHASE III,2777 S KIHEI RD UNIT I 203,70160349,,,,,,2026-07-15T19:41:40
239004082,0073,390040820073,2-3-9-004-082-0073,I 203,I203,MAUI KAMAOLE PHASE III,2777 S KIHEI RD UNIT I 203,94010206,,,,,,2026-07-15T19:41:40
239004082,0073,390040820073,2-3-9-004-082-0073,I 203,I203,MAUI KAMAOLE PHASE III,2777 S KIHEI RD UNIT I 203,94010207,,,,,,2026-07-15T19:41:40
239004082,0073,390040820073,2-3-9-004-082-0073,I 203,I203,MAUI KAMAOLE PHASE III,2777 S KIHEI RD UNIT I 203,94035583,,,,,,2026-07-15T19:41:40
239004082,0073,390040820073,2-3-9-004-082-0073,I 203,I203,MAUI KAMAOLE PHASE III,2777 S KIHEI RD UNIT I 203,95011748,,,,,,2026-07-15T19:41:40
239004082,0073,390040820073,2-3-9-004-082-0073,I 203,I203,MAUI KAMAOLE PHASE III,2777 S KIHEI RD UNIT I 203,98156941,NL,,,,,2026-07-15T19:41:40
239004082,0073,390040820073,2-3-9-004-082-0073,I 203,I203,MAUI KAMAOLE PHASE III,2777 S KIHEI RD UNIT I 203,99050823,,,,,,2026-07-15T19:41:40
239004082,0073,390040820073,2-3-9-004-082-0073,I 203,I203,MAUI KAMAOLE PHASE III,2777 S KIHEI RD UNIT I 203,99050824,,,,,,2026-07-15T19:41:40
239004082,0073,390040820073,2-3-9-004-082-0073,I 203,I203,MAUI KAMAOLE PHASE III,2777 S KIHEI RD UNIT I 203,99121290,,,,,,2026-07-15T19:41:40
239004082,0073,390040820073,2-3-9-004-082-0073,I 203,I203,MAUI KAMAOLE PHASE III,2777 S KIHEI RD UNIT I 203,2003245331,R,,,,,2026-07-15T19:41:40
239004082,0073,390040820073,2-3-9-004-082-0073,I 203,I203,MAUI KAMAOLE PHASE III,2777 S KIHEI RD UNIT I 203,2004169511,,,,,,2026-07-15T19:41:40
239004082,0073,390040820073,2-3-9-004-082-0073,I 203,I203,MAUI KAMAOLE PHASE III,2777 S KIHEI RD UNIT I 203,2008011827,,,,,,2026-07-15T19:41:40
239004082,0074,390040820074,2-3-9-004-082-0074,I 204,I204,MAUI KAMAOLE PHASE III,2777 S KIHEI RD UNIT I 204,94037477,,,,,,2026-07-15T19:41:40
239004082,0074,390040820074,2-3-9-004-082-0074,I 204,I204,MAUI KAMAOLE PHASE III,2777 S KIHEI RD UNIT I 204,94117117,,,,,,2026-07-15T19:41:40
239004082,0074,390040820074,2-3-9-004-082-0074,I 204,I204,MAUI KAMAOLE PHASE III,2777 S KIHEI RD UNIT I 204,97046526,,,,,,2026-07-15T19:41:40
239004082,0074,390040820074,2-3-9-004-082-0074,I 204,I204,MAUI KAMAOLE PHASE III,2777 S KIHEI RD UNIT I 204,98156941,NL,,,,,2026-07-15T19:41:40
239004082,0074,390040820074,2-3-9-004-082-0074,I 204,I204,MAUI KAMAOLE PHASE III,2777 S KIHEI RD UNIT I 204,2007032821,,,,,,2026-07-15T19:41:40
239004082,0074,390040820074,2-3-9-004-082-0074,I 204,I204,MAUI KAMAOLE PHASE III,2777 S KIHEI RD UNIT I 204,2007032822,R,,,,,2026-07-15T19:41:40
239004082,0074,390040820074,2-3-9-004-082-0074,I 204,I204,MAUI KAMAOLE PHASE III,2777 S KIHEI RD UNIT I 204,2007111803,,,,,,2026-07-15T19:41:40
239004082,0074,390040820074,2-3-9-004-082-0074,I 204,I204,MAUI KAMAOLE PHASE III,2777 S KIHEI RD UNIT I 204,2011124460,M,,,,,2026-07-15T19:41:40
239004082,0075,390040820075,2-3-9-004-082-0075,I 205,I205,MAUI KAMAOLE PHASE III,2777 S KIHEI RD UNIT I 205,70200402,,,,,,2026-07-15T19:41:40
239004082,0075,390040820075,2-3-9-004-082-0075,I 205,I205,MAUI KAMAOLE PHASE III,2777 S KIHEI RD UNIT I 205,70200403,,,,,,2026-07-15T19:41:40
239004082,0075,390040820075,2-3-9-004-082-0075,I 205,I205,MAUI KAMAOLE PHASE III,2777 S KIHEI RD UNIT I 205,92063449,,,,,,2026-07-15T19:41:40
239004082,0075,390040820075,2-3-9-004-082-0075,I 205,I205,MAUI KAMAOLE PHASE III,2777 S KIHEI RD UNIT I 205,94035585,,,,,,2026-07-15T19:41:40
239004082,0075,390040820075,2-3-9-004-082-0075,I 205,I205,MAUI KAMAOLE PHASE III,2777 S KIHEI RD UNIT I 205,95011796,,,,,,2026-07-15T19:41:40
239004082,0075,390040820075,2-3-9-004-082-0075,I 205,I205,MAUI KAMAOLE PHASE III,2777 S KIHEI RD UNIT I 205,98156941,NL,,,,,2026-07-15T19:41:40
239004082,0075,390040820075,2-3-9-004-082-0075,I 205,I205,MAUI KAMAOLE PHASE III,2777 S KIHEI RD UNIT I 205,2002098044,,,,,,2026-07-15T19:41:40
239004082,0076,390040820076,2-3-9-004-082-0076,I 206,I206,MAUI KAMAOLE PHASE III,2777 S KIHEI RD UNIT I 206,94002645,,,,,,2026-07-15T19:41:40
239004082,0076,390040820076,2-3-9-004-082-0076,I 206,I206,MAUI KAMAOLE PHASE III,2777 S KIHEI RD UNIT I 206,94002646,,,,,,2026-07-15T19:41:40
239004082,0076,390040820076,2-3-9-004-082-0076,I 206,I206,MAUI KAMAOLE PHASE III,2777 S KIHEI RD UNIT I 206,94035584,,,,,,2026-07-15T19:41:40
239004082,0076,390040820076,2-3-9-004-082-0076,I 206,I206,MAUI KAMAOLE PHASE III,2777 S KIHEI RD UNIT I 206,94129371,,,,,,2026-07-15T19:41:40
239004082,0076,390040820076,2-3-9-004-082-0076,I 206,I206,MAUI KAMAOLE PHASE III,2777 S KIHEI RD UNIT I 206,98156941,NL,,,,,2026-07-15T19:41:40
239004082,0076,390040820076,2-3-9-004-082-0076,I 206,I206,MAUI KAMAOLE PHASE III,2777 S KIHEI RD UNIT I 206,2000041292,,,,,,2026-07-15T19:41:40
239004082,0076,390040820076,2-3-9-004-082-0076,I 206,I206,MAUI KAMAOLE PHASE III,2777 S KIHEI RD UNIT I 206,2000105871,,,,,,2026-07-15T19:41:40
239004082,0076,390040820076,2-3-9-004-082-0076,I 206,I206,MAUI KAMAOLE PHASE III,2777 S KIHEI RD UNIT I 206,2001083994,,,,,,2026-07-15T19:41:40
239004082,0076,390040820076,2-3-9-004-082-0076,I 206,I206,MAUI KAMAOLE PHASE III,2777 S KIHEI RD UNIT I 206,2002048149,,,,,,2026-07-15T19:41:40
239004082,0076,390040820076,2-3-9-004-082-0076,I 206,I206,MAUI KAMAOLE PHASE III,2777 S KIHEI RD UNIT I 206,2002048150,R,,,,,2026-07-15T19:41:40
239004082,0076,390040820076,2-3-9-004-082-0076,I 206,I206,MAUI KAMAOLE PHASE III,2777 S KIHEI RD UNIT I 206,2004113971,M,,,,,2026-07-15T19:41:40
239004082,0076,390040820076,2-3-9-004-082-0076,I 206,I206,MAUI KAMAOLE PHASE III,2777 S KIHEI RD UNIT I 206,2005209575,,,,,,2026-07-15T19:41:40
239004082,0076,390040820076,2-3-9-004-082-0076,I 206,I206,MAUI KAMAOLE PHASE III,2777 S KIHEI RD UNIT I 206,2011020740,R,,,,,2026-07-15T19:41:40
239004082,0076,390040820076,2-3-9-004-082-0076,I 206,I206,MAUI KAMAOLE PHASE III,2777 S KIHEI RD UNIT I 206,2011103075,M,,,,,2026-07-15T19:41:40
239004082,0077,390040820077,2-3-9-004-082-0077,I 207,I207,MAUI KAMAOLE PHASE III,2777 S KIHEI RD UNIT I 207,52830748,M,,,,,2026-07-15T19:41:40
239004082,0077,390040820077,2-3-9-004-082-0077,I 207,I207,MAUI KAMAOLE PHASE III,2777 S KIHEI RD UNIT I 207,52830749,M,,,,,2026-07-15T19:41:40
239004082,0077,390040820077,2-3-9-004-082-0077,I 207,I207,MAUI KAMAOLE PHASE III,2777 S KIHEI RD UNIT I 207,94050535,M,,,,,2026-07-15T19:41:40
239004082,0077,390040820077,2-3-9-004-082-0077,I 207,I207,MAUI KAMAOLE PHASE III,2777 S KIHEI RD UNIT I 207,94050536,M,,,,,2026-07-15T19:41:40
239004082,0077,390040820077,2-3-9-004-082-0077,I 207,I207,MAUI KAMAOLE PHASE III,2777 S KIHEI RD UNIT I 207,94117116,,,,,,2026-07-15T19:41:40
239004082,0077,390040820077,2-3-9-004-082-0077,I 207,I207,MAUI KAMAOLE PHASE III,2777 S KIHEI RD UNIT I 207,95036000,,,,,,2026-07-15T19:41:40
239004082,0077,390040820077,2-3-9-004-082-0077,I 207,I207,MAUI KAMAOLE PHASE III,2777 S KIHEI RD UNIT I 207,96041549,,,,,,2026-07-15T19:41:40
239004082,0077,390040820077,2-3-9-004-082-0077,I 207,I207,MAUI KAMAOLE PHASE III,2777 S KIHEI RD UNIT I 207,96041552,,,,,,2026-07-15T19:41:40
239004082,0077,390040820077,2-3-9-004-082-0077,I 207,I207,MAUI KAMAOLE PHASE III,2777 S KIHEI RD UNIT I 207,98156941,NL,,,,,2026-07-15T19:41:40
239004082,0077,390040820077,2-3-9-004-082-0077,I 207,I207,MAUI KAMAOLE PHASE III,2777 S KIHEI RD UNIT I 207,2002130001,M,,,,,2026-07-15T19:41:40
239004082,0077,390040820077,2-3-9-004-082-0077,I 207,I207,MAUI KAMAOLE PHASE III,2777 S KIHEI RD UNIT I 207,2002185378,M,,,,,2026-07-15T19:41:40
239004082,0077,390040820077,2-3-9-004-082-0077,I 207,I207,MAUI KAMAOLE PHASE III,2777 S KIHEI RD UNIT I 207,2005083804,R,,,,,2026-07-15T19:41:40
239004082,0077,390040820077,2-3-9-004-082-0077,I 207,I207,MAUI KAMAOLE PHASE III,2777 S KIHEI RD UNIT I 207,2007095972,R,,,,,2026-07-15T19:41:40
239004082,0077,390040820077,2-3-9-004-082-0077,I 207,I207,MAUI KAMAOLE PHASE III,2777 S KIHEI RD UNIT I 207,2007095973,R,,,,,2026-07-15T19:41:40
239004082,0077,390040820077,2-3-9-004-082-0077,I 207,I207,MAUI KAMAOLE PHASE III,2777 S KIHEI RD UNIT I 207,2007102098,M,,,,,2026-07-15T19:41:40
239004082,0077,390040820077,2-3-9-004-082-0077,I 207,I207,MAUI KAMAOLE PHASE III,2777 S KIHEI RD UNIT I 207,2007110281,M,,,,,2026-07-15T19:41:40
239004082,0077,390040820077,2-3-9-004-082-0077,I 207,I207,MAUI KAMAOLE PHASE III,2777 S KIHEI RD UNIT I 207,2007199903,,,,,,2026-07-15T19:41:40
239004082,0077,390040820077,2-3-9-004-082-0077,I 207,I207,MAUI KAMAOLE PHASE III,2777 S KIHEI RD UNIT I 207,2010045113,M,,,,,2026-07-15T19:41:40
239004082,0078,390040820078,2-3-9-004-082-0078,I 208,I208,MAUI KAMAOLE PHASE III,2777 S KIHEI RD UNIT I 208,72090706,,,,,,2026-07-15T19:41:40
239004082,0078,390040820078,2-3-9-004-082-0078,I 208,I208,MAUI KAMAOLE PHASE III,2777 S KIHEI RD UNIT I 208,91112211,NL,,,,,2026-07-15T19:41:40
239004082,0078,390040820078,2-3-9-004-082-0078,I 208,I208,MAUI KAMAOLE PHASE III,2777 S KIHEI RD UNIT I 208,91112212,,,,,,2026-07-15T19:41:40
239004082,0078,390040820078,2-3-9-004-082-0078,I 208,I208,MAUI KAMAOLE PHASE III,2777 S KIHEI RD UNIT I 208,92011633,,,,,,2026-07-15T19:41:40
239004082,0078,390040820078,2-3-9-004-082-0078,I 208,I208,MAUI KAMAOLE PHASE III,2777 S KIHEI RD UNIT I 208,97161082,,,,,,2026-07-15T19:41:40
239004082,0078,390040820078,2-3-9-004-082-0078,I 208,I208,MAUI KAMAOLE PHASE III,2777 S KIHEI RD UNIT I 208,97170768,,,,,,2026-07-15T19:41:40
239004082,0078,390040820078,2-3-9-004-082-0078,I 208,I208,MAUI KAMAOLE PHASE III,2777 S KIHEI RD UNIT I 208,98156941,NL,,,,,2026-07-15T19:41:40
239004082,0078,390040820078,2-3-9-004-082-0078,I 208,I208,MAUI KAMAOLE PHASE III,2777 S KIHEI RD UNIT I 208,2002038795,,,,,,2026-07-15T19:41:40
239004082,0078,390040820078,2-3-9-004-082-0078,I 208,I208,MAUI KAMAOLE PHASE III,2777 S KIHEI RD UNIT I 208,2002038796,,,,,,2026-07-15T19:41:40
239004082,0078,390040820078,2-3-9-004-082-0078,I 208,I208,MAUI KAMAOLE PHASE III,2777 S KIHEI RD UNIT I 208,2002091997,,,,,,2026-07-15T19:41:40
239004082,0079,390040820079,2-3-9-004-082-0079,I 209,I209,MAUI KAMAOLE PHASE III,2777 S KIHEI RD UNIT I 209,58580620,M,,,,,2026-07-15T19:41:40
239004082,0079,390040820079,2-3-9-004-082-0079,I 209,I209,MAUI KAMAOLE PHASE III,2777 S KIHEI RD UNIT I 209,94068628,,,,,,2026-07-15T19:41:40
239004082,0079,390040820079,2-3-9-004-082-0079,I 209,I209,MAUI KAMAOLE PHASE III,2777 S KIHEI RD UNIT I 209,94068629,,,,,,2026-07-15T19:41:40
239004082,0079,390040820079,2-3-9-004-082-0079,I 209,I209,MAUI KAMAOLE PHASE III,2777 S KIHEI RD UNIT I 209,94068630,,,,,,2026-07-15T19:41:40
239004082,0079,390040820079,2-3-9-004-082-0079,I 209,I209,MAUI KAMAOLE PHASE III,2777 S KIHEI RD UNIT I 209,94133795,,,,,,2026-07-15T19:41:40
239004082,0079,390040820079,2-3-9-004-082-0079,I 209,I209,MAUI KAMAOLE PHASE III,2777 S KIHEI RD UNIT I 209,98025773,,,,,,2026-07-15T19:41:40
239004082,0079,390040820079,2-3-9-004-082-0079,I 209,I209,MAUI KAMAOLE PHASE III,2777 S KIHEI RD UNIT I 209,98055114,,,,,,2026-07-15T19:41:40
239004082,0079,390040820079,2-3-9-004-082-0079,I 209,I209,MAUI KAMAOLE PHASE III,2777 S KIHEI RD UNIT I 209,98156941,NL,,,,,2026-07-15T19:41:40
239004082,0079,390040820079,2-3-9-004-082-0079,I 209,I209,MAUI KAMAOLE PHASE III,2777 S KIHEI RD UNIT I 209,2006102847,,,,,,2026-07-15T19:41:40
239004082,0079,390040820079,2-3-9-004-082-0079,I 209,I209,MAUI KAMAOLE PHASE III,2777 S KIHEI RD UNIT I 209,2007019181,R,,,,,2026-07-15T19:41:40
239004082,0079,390040820079,2-3-9-004-082-0079,I 209,I209,MAUI KAMAOLE PHASE III,2777 S KIHEI RD UNIT I 209,2009030098,R,,,,,2026-07-15T19:41:40
239004082,0079,390040820079,2-3-9-004-082-0079,I 209,I209,MAUI KAMAOLE PHASE III,2777 S KIHEI RD UNIT I 209,2009037042,M,,,,,2026-07-15T19:41:40
239004082,0080,390040820080,2-3-9-004-082-0080,I 210,I210,MAUI KAMAOLE PHASE III,2777 S KIHEI RD UNIT I 210,92052575,,,,,,2026-07-15T19:41:40
239004082,0080,390040820080,2-3-9-004-082-0080,I 210,I210,MAUI KAMAOLE PHASE III,2777 S KIHEI RD UNIT I 210,92052576,,,,,,2026-07-15T19:41:40
239004082,0080,390040820080,2-3-9-004-082-0080,I 210,I210,MAUI KAMAOLE PHASE III,2777 S KIHEI RD UNIT I 210,92114504,,,,,,2026-07-15T19:41:40
239004082,0080,390040820080,2-3-9-004-082-0080,I 210,I210,MAUI KAMAOLE PHASE III,2777 S KIHEI RD UNIT I 210,94086770,,,,,,2026-07-15T19:41:40
239004082,0080,390040820080,2-3-9-004-082-0080,I 210,I210,MAUI KAMAOLE PHASE III,2777 S KIHEI RD UNIT I 210,98156941,NL,,,,,2026-07-15T19:41:40
239004082,0080,390040820080,2-3-9-004-082-0080,I 210,I210,MAUI KAMAOLE PHASE III,2777 S KIHEI RD UNIT I 210,99153652,R,,,,,2026-07-15T19:41:40
239004082,0080,390040820080,2-3-9-004-082-0080,I 210,I210,MAUI KAMAOLE PHASE III,2777 S KIHEI RD UNIT I 210,99192902,,,,,,2026-07-15T19:41:40
239004082,0081,390040820081,2-3-9-004-082-0081,I 211,I211,MAUI KAMAOLE PHASE III,2777 S KIHEI RD UNIT I 211,44010689,M,,,,,2026-07-15T19:41:40
239004082,0081,390040820081,2-3-9-004-082-0081,I 211,I211,MAUI KAMAOLE PHASE III,2777 S KIHEI RD UNIT I 211,44470454,M,,,,,2026-07-15T19:41:40
239004082,0081,390040820081,2-3-9-004-082-0081,I 211,I211,MAUI KAMAOLE PHASE III,2777 S KIHEI RD UNIT I 211,44470455,M,,,,,2026-07-15T19:41:40
239004082,0081,390040820081,2-3-9-004-082-0081,I 211,I211,MAUI KAMAOLE PHASE III,2777 S KIHEI RD UNIT I 211,72790131,M,,,,,2026-07-15T19:41:40
239004082,0081,390040820081,2-3-9-004-082-0081,I 211,I211,MAUI KAMAOLE PHASE III,2777 S KIHEI RD UNIT I 211,72990529,M,,,,,2026-07-15T19:41:40
239004082,0081,390040820081,2-3-9-004-082-0081,I 211,I211,MAUI KAMAOLE PHASE III,2777 S KIHEI RD UNIT I 211,91074036,,,,,,2026-07-15T19:41:40
239004082,0081,390040820081,2-3-9-004-082-0081,I 211,I211,MAUI KAMAOLE PHASE III,2777 S KIHEI RD UNIT I 211,91074037,,,,,,2026-07-15T19:41:40
239004082,0081,390040820081,2-3-9-004-082-0081,I 211,I211,MAUI KAMAOLE PHASE III,2777 S KIHEI RD UNIT I 211,91098987,,,,,,2026-07-15T19:41:40
239004082,0081,390040820081,2-3-9-004-082-0081,I 211,I211,MAUI KAMAOLE PHASE III,2777 S KIHEI RD UNIT I 211,94208069,,,,,,2026-07-15T19:41:40
239004082,0081,390040820081,2-3-9-004-082-0081,I 211,I211,MAUI KAMAOLE PHASE III,2777 S KIHEI RD UNIT I 211,98156941,NL,,,,,2026-07-15T19:41:40
239004082,0081,390040820081,2-3-9-004-082-0081,I 211,I211,MAUI KAMAOLE PHASE III,2777 S KIHEI RD UNIT I 211,2001046031,M,,,,,2026-07-15T19:41:40
239004082,0081,390040820081,2-3-9-004-082-0081,I 211,I211,MAUI KAMAOLE PHASE III,2777 S KIHEI RD UNIT I 211,2001046032,M,,,,,2026-07-15T19:41:40
239004082,0081,390040820081,2-3-9-004-082-0081,I 211,I211,MAUI KAMAOLE PHASE III,2777 S KIHEI RD UNIT I 211,2001046033,M,,,,,2026-07-15T19:41:40
239004082,0081,390040820081,2-3-9-004-082-0081,I 211,I211,MAUI KAMAOLE PHASE III,2777 S KIHEI RD UNIT I 211,2001050229,M,,,,,2026-07-15T19:41:40
239004082,0081,390040820081,2-3-9-004-082-0081,I 211,I211,MAUI KAMAOLE PHASE III,2777 S KIHEI RD UNIT I 211,2002027007,M,,,,,2026-07-15T19:41:40
239004082,0081,390040820081,2-3-9-004-082-0081,I 211,I211,MAUI KAMAOLE PHASE III,2777 S KIHEI RD UNIT I 211,2003062369,M,,,,,2026-07-15T19:41:40
239004082,0081,390040820081,2-3-9-004-082-0081,I 211,I211,MAUI KAMAOLE PHASE III,2777 S KIHEI RD UNIT I 211,2003116439,M,,,,,2026-07-15T19:41:40
239004082,0081,390040820081,2-3-9-004-082-0081,I 211,I211,MAUI KAMAOLE PHASE III,2777 S KIHEI RD UNIT I 211,2004118054,,,,,,2026-07-15T19:41:40
239004082,0081,390040820081,2-3-9-004-082-0081,I 211,I211,MAUI KAMAOLE PHASE III,2777 S KIHEI RD UNIT I 211,2006089923,M,,,,,2026-07-15T19:41:40
239004082,0081,390040820081,2-3-9-004-082-0081,I 211,I211,MAUI KAMAOLE PHASE III,2777 S KIHEI RD UNIT I 211,2006089924,M,,,,,2026-07-15T19:41:40
239004082,0081,390040820081,2-3-9-004-082-0081,I 211,I211,MAUI KAMAOLE PHASE III,2777 S KIHEI RD UNIT I 211,2006089925,M,,,,,2026-07-15T19:41:40
239004082,0081,390040820081,2-3-9-004-082-0081,I 211,I211,MAUI KAMAOLE PHASE III,2777 S KIHEI RD UNIT I 211,2006103380,M,,,,,2026-07-15T19:41:40
239004082,0081,390040820081,2-3-9-004-082-0081,I 211,I211,MAUI KAMAOLE PHASE III,2777 S KIHEI RD UNIT I 211,2006115107,MFS,,,,,2026-07-15T19:41:40
239004082,0081,390040820081,2-3-9-004-082-0081,I 211,I211,MAUI KAMAOLE PHASE III,2777 S KIHEI RD UNIT I 211,2011203386,M,,,,,2026-07-15T19:41:40
239004082,0081,390040820081,2-3-9-004-082-0081,I 211,I211,MAUI KAMAOLE PHASE III,2777 S KIHEI RD UNIT I 211,2011203387,M,,,,,2026-07-15T19:41:40
239004082,0081,390040820081,2-3-9-004-082-0081,I 211,I211,MAUI KAMAOLE PHASE III,2777 S KIHEI RD UNIT I 211,2011208005,M,,,,,2026-07-15T19:41:40
239004082,0082,390040820082,2-3-9-004-082-0082,I 212,I212,MAUI KAMAOLE PHASE III,2777 S KIHEI RD UNIT I 212,74650161,,,,,,2026-07-15T19:41:40
239004082,0082,390040820082,2-3-9-004-082-0082,I 212,I212,MAUI KAMAOLE PHASE III,2777 S KIHEI RD UNIT I 212,74650162,,,,,,2026-07-15T19:41:40
239004082,0082,390040820082,2-3-9-004-082-0082,I 212,I212,MAUI KAMAOLE PHASE III,2777 S KIHEI RD UNIT I 212,74880546,M,,,,,2026-07-15T19:41:40
239004082,0082,390040820082,2-3-9-004-082-0082,I 212,I212,MAUI KAMAOLE PHASE III,2777 S KIHEI RD UNIT I 212,84380241,M,,,,,2026-07-15T19:41:40
239004082,0082,390040820082,2-3-9-004-082-0082,I 212,I212,MAUI KAMAOLE PHASE III,2777 S KIHEI RD UNIT I 212,86270566,M,,,,,2026-07-15T19:41:40
239004082,0082,390040820082,2-3-9-004-082-0082,I 212,I212,MAUI KAMAOLE PHASE III,2777 S KIHEI RD UNIT I 212,91092085,,,,,,2026-07-15T19:41:40
239004082,0082,390040820082,2-3-9-004-082-0082,I 212,I212,MAUI KAMAOLE PHASE III,2777 S KIHEI RD UNIT I 212,91092086,,,,,,2026-07-15T19:41:40
239004082,0082,390040820082,2-3-9-004-082-0082,I 212,I212,MAUI KAMAOLE PHASE III,2777 S KIHEI RD UNIT I 212,91112872,,,,,,2026-07-15T19:41:40
239004082,0082,390040820082,2-3-9-004-082-0082,I 212,I212,MAUI KAMAOLE PHASE III,2777 S KIHEI RD UNIT I 212,92214418,,,,,,2026-07-15T19:41:40
239004082,0082,390040820082,2-3-9-004-082-0082,I 212,I212,MAUI KAMAOLE PHASE III,2777 S KIHEI RD UNIT I 212,93004316,,,,,,2026-07-15T19:41:40
239004082,0082,390040820082,2-3-9-004-082-0082,I 212,I212,MAUI KAMAOLE PHASE III,2777 S KIHEI RD UNIT I 212,94148944,,,,,,2026-07-15T19:41:40
239004082,0082,390040820082,2-3-9-004-082-0082,I 212,I212,MAUI KAMAOLE PHASE III,2777 S KIHEI RD UNIT I 212,98156941,NL,,,,,2026-07-15T19:41:40
239004082,0082,390040820082,2-3-9-004-082-0082,I 212,I212,MAUI KAMAOLE PHASE III,2777 S KIHEI RD UNIT I 212,2002228880,,,,,,2026-07-15T19:41:40
239004082,0082,390040820082,2-3-9-004-082-0082,I 212,I212,MAUI KAMAOLE PHASE III,2777 S KIHEI RD UNIT I 212,2004075258,M,,,,,2026-07-15T19:41:40
239004082,0082,390040820082,2-3-9-004-082-0082,I 212,I212,MAUI KAMAOLE PHASE III,2777 S KIHEI RD UNIT I 212,2004075259,M,,,,,2026-07-15T19:41:40
239004082,0082,390040820082,2-3-9-004-082-0082,I 212,I212,MAUI KAMAOLE PHASE III,2777 S KIHEI RD UNIT I 212,2004075260,M,,,,,2026-07-15T19:41:40
239004082,0082,390040820082,2-3-9-004-082-0082,I 212,I212,MAUI KAMAOLE PHASE III,2777 S KIHEI RD UNIT I 212,2004092253,,,,,,2026-07-15T19:41:40
239004082,0083,390040820083,2-3-9-004-082-0083,I 214,I214,MAUI KAMAOLE PHASE III,2777 S KIHEI RD UNIT I 214,50500479,M,,,,,2026-07-15T19:41:40
239004082,0083,390040820083,2-3-9-004-082-0083,I 214,I214,MAUI KAMAOLE PHASE III,2777 S KIHEI RD UNIT I 214,51560720,,,,,,2026-07-15T19:41:40
239004082,0083,390040820083,2-3-9-004-082-0083,I 214,I214,MAUI KAMAOLE PHASE III,2777 S KIHEI RD UNIT I 214,52490679,,,,,,2026-07-15T19:41:40
239004082,0083,390040820083,2-3-9-004-082-0083,I 214,I214,MAUI KAMAOLE PHASE III,2777 S KIHEI RD UNIT I 214,71090112,,,,,,2026-07-15T19:41:40
239004082,0083,390040820083,2-3-9-004-082-0083,I 214,I214,MAUI KAMAOLE PHASE III,2777 S KIHEI RD UNIT I 214,93050339,,,,,,2026-07-15T19:41:40
239004082,0083,390040820083,2-3-9-004-082-0083,I 214,I214,MAUI KAMAOLE PHASE III,2777 S KIHEI RD UNIT I 214,93050340,R,,,,,2026-07-15T19:41:40
239004082,0083,390040820083,2-3-9-004-082-0083,I 214,I214,MAUI KAMAOLE PHASE III,2777 S KIHEI RD UNIT I 214,94027585,,,,,,2026-07-15T19:41:40
239004082,0083,390040820083,2-3-9-004-082-0083,I 214,I214,MAUI KAMAOLE PHASE III,2777 S KIHEI RD UNIT I 214,94090638,,,,,,2026-07-15T19:41:40
239004082,0083,390040820083,2-3-9-004-082-0083,I 214,I214,MAUI KAMAOLE PHASE III,2777 S KIHEI RD UNIT I 214,98156941,NL,,,,,2026-07-15T19:41:40
239004082,0084,390040820084,2-3-9-004-082-0084,I 215,I215,MAUI KAMAOLE PHASE III,2777 S KIHEI RD UNIT I 215,57040615,,,,,,2026-07-15T19:41:40
239004082,0084,390040820084,2-3-9-004-082-0084,I 215,I215,MAUI KAMAOLE PHASE III,2777 S KIHEI RD UNIT I 215,57040616,R,,,,,2026-07-15T19:41:40
239004082,0084,390040820084,2-3-9-004-082-0084,I 215,I215,MAUI KAMAOLE PHASE III,2777 S KIHEI RD UNIT I 215,77670309,,,,,,2026-07-15T19:41:40
239004082,0084,390040820084,2-3-9-004-082-0084,I 215,I215,MAUI KAMAOLE PHASE III,2777 S KIHEI RD UNIT I 215,79650330,MFS,,,,,2026-07-15T19:41:40
239004082,0084,390040820084,2-3-9-004-082-0084,I 215,I215,MAUI KAMAOLE PHASE III,2777 S KIHEI RD UNIT I 215,88330232,,,,,,2026-07-15T19:41:40
239004082,0084,390040820084,2-3-9-004-082-0084,I 215,I215,MAUI KAMAOLE PHASE III,2777 S KIHEI RD UNIT I 215,91120784,,,,,,2026-07-15T19:41:40
239004082,0084,390040820084,2-3-9-004-082-0084,I 215,I215,MAUI KAMAOLE PHASE III,2777 S KIHEI RD UNIT I 215,91120785,,,,,,2026-07-15T19:41:40
239004082,0084,390040820084,2-3-9-004-082-0084,I 215,I215,MAUI KAMAOLE PHASE III,2777 S KIHEI RD UNIT I 215,92011866,,,,,,2026-07-15T19:41:40
239004082,0084,390040820084,2-3-9-004-082-0084,I 215,I215,MAUI KAMAOLE PHASE III,2777 S KIHEI RD UNIT I 215,94084613,,,,,,2026-07-15T19:41:40
239004082,0084,390040820084,2-3-9-004-082-0084,I 215,I215,MAUI KAMAOLE PHASE III,2777 S KIHEI RD UNIT I 215,94102130,,,,,,2026-07-15T19:41:40
239004082,0084,390040820084,2-3-9-004-082-0084,I 215,I215,MAUI KAMAOLE PHASE III,2777 S KIHEI RD UNIT I 215,95025743,,,,,,2026-07-15T19:41:40
239004082,0084,390040820084,2-3-9-004-082-0084,I 215,I215,MAUI KAMAOLE PHASE III,2777 S KIHEI RD UNIT I 215,95041723,,,,,,2026-07-15T19:41:40
239004082,0084,390040820084,2-3-9-004-082-0084,I 215,I215,MAUI KAMAOLE PHASE III,2777 S KIHEI RD UNIT I 215,98156941,NL,,,,,2026-07-15T19:41:40
239004082,0084,390040820084,2-3-9-004-082-0084,I 215,I215,MAUI KAMAOLE PHASE III,2777 S KIHEI RD UNIT I 215,2003196732,,,,,,2026-07-15T19:41:40
239004082,0085,390040820085,2-3-9-004-082-0085,I 216,I216,MAUI KAMAOLE PHASE III,2777 S KIHEI RD UNIT I 216,46510763,M,,,,,2026-07-15T19:41:40
239004082,0085,390040820085,2-3-9-004-082-0085,I 216,I216,MAUI KAMAOLE PHASE III,2777 S KIHEI RD UNIT I 216,60610328,,,,,,2026-07-15T19:41:40
239004082,0085,390040820085,2-3-9-004-082-0085,I 216,I216,MAUI KAMAOLE PHASE III,2777 S KIHEI RD UNIT I 216,93099053,,,,,,2026-07-15T19:41:40
239004082,0085,390040820085,2-3-9-004-082-0085,I 216,I216,MAUI KAMAOLE PHASE III,2777 S KIHEI RD UNIT I 216,93175752,,,,,,2026-07-15T19:41:40
239004082,0085,390040820085,2-3-9-004-082-0085,I 216,I216,MAUI KAMAOLE PHASE III,2777 S KIHEI RD UNIT I 216,94090640,,,,,,2026-07-15T19:41:40
239004082,0085,390040820085,2-3-9-004-082-0085,I 216,I216,MAUI KAMAOLE PHASE III,2777 S KIHEI RD UNIT I 216,98156941,NL,,,,,2026-07-15T19:41:40
239004082,0085,390040820085,2-3-9-004-082-0085,I 216,I216,MAUI KAMAOLE PHASE III,2777 S KIHEI RD UNIT I 216,2000034013,,,,,,2026-07-15T19:41:40
239004082,0085,390040820085,2-3-9-004-082-0085,I 216,I216,MAUI KAMAOLE PHASE III,2777 S KIHEI RD UNIT I 216,2000034014,R,,,,,2026-07-15T19:41:40
239004082,0085,390040820085,2-3-9-004-082-0085,I 216,I216,MAUI KAMAOLE PHASE III,2777 S KIHEI RD UNIT I 216,2003133822,,,,,,2026-07-15T19:41:40
239004082,0085,390040820085,2-3-9-004-082-0085,I 216,I216,MAUI KAMAOLE PHASE III,2777 S KIHEI RD UNIT I 216,2003133823,R,,,,,2026-07-15T19:41:40
239004082,0085,390040820085,2-3-9-004-082-0085,I 216,I216,MAUI KAMAOLE PHASE III,2777 S KIHEI RD UNIT I 216,2003152956,,,,,,2026-07-15T19:41:40
239004082,0085,390040820085,2-3-9-004-082-0085,I 216,I216,MAUI KAMAOLE PHASE III,2777 S KIHEI RD UNIT I 216,2003181945,M,,,,,2026-07-15T19:41:40
239004082,0085,390040820085,2-3-9-004-082-0085,I 216,I216,MAUI KAMAOLE PHASE III,2777 S KIHEI RD UNIT I 216,2005001673,R,,,,,2026-07-15T19:41:40
239004082,0085,390040820085,2-3-9-004-082-0085,I 216,I216,MAUI KAMAOLE PHASE III,2777 S KIHEI RD UNIT I 216,2010032072,,,,,,2026-07-15T19:41:40
239004082,0085,390040820085,2-3-9-004-082-0085,I 216,I216,MAUI KAMAOLE PHASE III,2777 S KIHEI RD UNIT I 216,2010062961,M,,,,,2026-07-15T19:41:40
239004082,0085,390040820085,2-3-9-004-082-0085,I 216,I216,MAUI KAMAOLE PHASE III,2777 S KIHEI RD UNIT I 216,2010082362,MFS,,,,,2026-07-15T19:41:40
239004082,0085,390040820085,2-3-9-004-082-0085,I 216,I216,MAUI KAMAOLE PHASE III,2777 S KIHEI RD UNIT I 216,2011100753,M,,,,,2026-07-15T19:41:40
239004082,0086,390040820086,2-3-9-004-082-0086,I 217,I217,MAUI KAMAOLE PHASE III,2777 S KIHEI RD UNIT I 217,50950572,,,,,,2026-07-15T19:41:40
239004082,0086,390040820086,2-3-9-004-082-0086,I 217,I217,MAUI KAMAOLE PHASE III,2777 S KIHEI RD UNIT I 217,63390007,,,,,,2026-07-15T19:41:40
239004082,0086,390040820086,2-3-9-004-082-0086,I 217,I217,MAUI KAMAOLE PHASE III,2777 S KIHEI RD UNIT I 217,63390008,,,,,,2026-07-15T19:41:40
239004082,0086,390040820086,2-3-9-004-082-0086,I 217,I217,MAUI KAMAOLE PHASE III,2777 S KIHEI RD UNIT I 217,63390009,R,,,,,2026-07-15T19:41:40
239004082,0086,390040820086,2-3-9-004-082-0086,I 217,I217,MAUI KAMAOLE PHASE III,2777 S KIHEI RD UNIT I 217,74540034,,,,,,2026-07-15T19:41:40
239004082,0086,390040820086,2-3-9-004-082-0086,I 217,I217,MAUI KAMAOLE PHASE III,2777 S KIHEI RD UNIT I 217,74870238,M,,,,,2026-07-15T19:41:40
239004082,0086,390040820086,2-3-9-004-082-0086,I 217,I217,MAUI KAMAOLE PHASE III,2777 S KIHEI RD UNIT I 217,93156417,M,,,,,2026-07-15T19:41:40
239004082,0086,390040820086,2-3-9-004-082-0086,I 217,I217,MAUI KAMAOLE PHASE III,2777 S KIHEI RD UNIT I 217,93156418,M,,,,,2026-07-15T19:41:40
239004082,0086,390040820086,2-3-9-004-082-0086,I 217,I217,MAUI KAMAOLE PHASE III,2777 S KIHEI RD UNIT I 217,94045508,,,,,,2026-07-15T19:41:40
239004082,0086,390040820086,2-3-9-004-082-0086,I 217,I217,MAUI KAMAOLE PHASE III,2777 S KIHEI RD UNIT I 217,94103858,,,,,,2026-07-15T19:41:40
239004082,0086,390040820086,2-3-9-004-082-0086,I 217,I217,MAUI KAMAOLE PHASE III,2777 S KIHEI RD UNIT I 217,98156941,NL,,,,,2026-07-15T19:41:40
239004082,0086,390040820086,2-3-9-004-082-0086,I 217,I217,MAUI KAMAOLE PHASE III,2777 S KIHEI RD UNIT I 217,2006102839,M,,,,,2026-07-15T19:41:40
239004082,0086,390040820086,2-3-9-004-082-0086,I 217,I217,MAUI KAMAOLE PHASE III,2777 S KIHEI RD UNIT I 217,9260000916,,,,,,2026-07-15T19:41:40
239004082,0087,390040820087,2-3-9-004-082-0087,I 218,I218,MAUI KAMAOLE PHASE III,2777 S KIHEI RD UNIT I 218,44290128,R,,,,,2026-07-15T19:41:40
239004082,0087,390040820087,2-3-9-004-082-0087,I 218,I218,MAUI KAMAOLE PHASE III,2777 S KIHEI RD UNIT I 218,44610452,M,,,,,2026-07-15T19:41:40
239004082,0087,390040820087,2-3-9-004-082-0087,I 218,I218,MAUI KAMAOLE PHASE III,2777 S KIHEI RD UNIT I 218,46591150,M,,,,,2026-07-15T19:41:40
239004082,0087,390040820087,2-3-9-004-082-0087,I 218,I218,MAUI KAMAOLE PHASE III,2777 S KIHEI RD UNIT I 218,48530701,M,,,,,2026-07-15T19:41:40
239004082,0087,390040820087,2-3-9-004-082-0087,I 218,I218,MAUI KAMAOLE PHASE III,2777 S KIHEI RD UNIT I 218,73170141,,,,,,2026-07-15T19:41:40
239004082,0087,390040820087,2-3-9-004-082-0087,I 218,I218,MAUI KAMAOLE PHASE III,2777 S KIHEI RD UNIT I 218,73170142,,,,,,2026-07-15T19:41:40
239004082,0087,390040820087,2-3-9-004-082-0087,I 218,I218,MAUI KAMAOLE PHASE III,2777 S KIHEI RD UNIT I 218,91120787,,,,,,2026-07-15T19:41:40
239004082,0087,390040820087,2-3-9-004-082-0087,I 218,I218,MAUI KAMAOLE PHASE III,2777 S KIHEI RD UNIT I 218,91120788,,,,,,2026-07-15T19:41:40
239004082,0087,390040820087,2-3-9-004-082-0087,I 218,I218,MAUI KAMAOLE PHASE III,2777 S KIHEI RD UNIT I 218,92011863,,,,,,2026-07-15T19:41:40
239004082,0087,390040820087,2-3-9-004-082-0087,I 218,I218,MAUI KAMAOLE PHASE III,2777 S KIHEI RD UNIT I 218,95074150,R,,,,,2026-07-15T19:41:40
239004082,0087,390040820087,2-3-9-004-082-0087,I 218,I218,MAUI KAMAOLE PHASE III,2777 S KIHEI RD UNIT I 218,95074151,R,,,,,2026-07-15T19:41:40
239004082,0087,390040820087,2-3-9-004-082-0087,I 218,I218,MAUI KAMAOLE PHASE III,2777 S KIHEI RD UNIT I 218,95085098,,,,,,2026-07-15T19:41:40
239004082,0087,390040820087,2-3-9-004-082-0087,I 218,I218,MAUI KAMAOLE PHASE III,2777 S KIHEI RD UNIT I 218,98156941,NL,,,,,2026-07-15T19:41:40
239004082,0087,390040820087,2-3-9-004-082-0087,I 218,I218,MAUI KAMAOLE PHASE III,2777 S KIHEI RD UNIT I 218,2004030024,R,,,,,2026-07-15T19:41:40
239004082,0087,390040820087,2-3-9-004-082-0087,I 218,I218,MAUI KAMAOLE PHASE III,2777 S KIHEI RD UNIT I 218,2004030025,R,,,,,2026-07-15T19:41:40
239004082,0087,390040820087,2-3-9-004-082-0087,I 218,I218,MAUI KAMAOLE PHASE III,2777 S KIHEI RD UNIT I 218,2004102166,R,,,,,2026-07-15T19:41:40
239004082,0087,390040820087,2-3-9-004-082-0087,I 218,I218,MAUI KAMAOLE PHASE III,2777 S KIHEI RD UNIT I 218,2010169121,R,,,,,2026-07-15T19:41:40
239004082,0088,390040820088,2-3-9-004-082-0088,I 219,I219,MAUI KAMAOLE PHASE III,2777 S KIHEI RD UNIT I 219,91081011,,,,,,2026-07-15T19:41:40
239004082,0088,390040820088,2-3-9-004-082-0088,I 219,I219,MAUI KAMAOLE PHASE III,2777 S KIHEI RD UNIT I 219,91103419,,,,,,2026-07-15T19:41:40
239004082,0088,390040820088,2-3-9-004-082-0088,I 219,I219,MAUI KAMAOLE PHASE III,2777 S KIHEI RD UNIT I 219,97126215,,,,,,2026-07-15T19:41:40
239004082,0088,390040820088,2-3-9-004-082-0088,I 219,I219,MAUI KAMAOLE PHASE III,2777 S KIHEI RD UNIT I 219,97126216,,,,,,2026-07-15T19:41:40
239004082,0088,390040820088,2-3-9-004-082-0088,I 219,I219,MAUI KAMAOLE PHASE III,2777 S KIHEI RD UNIT I 219,98123599,,,,,,2026-07-15T19:41:40
239004082,0088,390040820088,2-3-9-004-082-0088,I 219,I219,MAUI KAMAOLE PHASE III,2777 S KIHEI RD UNIT I 219,98156941,NL,,,,,2026-07-15T19:41:40
239004082,0088,390040820088,2-3-9-004-082-0088,I 219,I219,MAUI KAMAOLE PHASE III,2777 S KIHEI RD UNIT I 219,2001027926,,,,,,2026-07-15T19:41:40
239004082,0088,390040820088,2-3-9-004-082-0088,I 219,I219,MAUI KAMAOLE PHASE III,2777 S KIHEI RD UNIT I 219,2010134239,,,,,,2026-07-15T19:41:40
239004082,0089,390040820089,2-3-9-004-082-0089,D 101,D101,MAUI KAMAOLE,2777 S KIHEI RD UNIT D 101,44770938,M,,,,,2026-07-15T19:41:40
239004082,0089,390040820089,2-3-9-004-082-0089,D 101,D101,MAUI KAMAOLE,2777 S KIHEI RD UNIT D 101,97014631,,,,,,2026-07-15T19:41:40
239004082,0089,390040820089,2-3-9-004-082-0089,D 101,D101,MAUI KAMAOLE,2777 S KIHEI RD UNIT D 101,97014632,,,,,,2026-07-15T19:41:40
239004082,0089,390040820089,2-3-9-004-082-0089,D 101,D101,MAUI KAMAOLE,2777 S KIHEI RD UNIT D 101,97014633,,,,,,2026-07-15T19:41:40
239004082,0089,390040820089,2-3-9-004-082-0089,D 101,D101,MAUI KAMAOLE,2777 S KIHEI RD UNIT D 101,98156941,NL,,,,,2026-07-15T19:41:40
239004082,0089,390040820089,2-3-9-004-082-0089,D 101,D101,MAUI KAMAOLE,2777 S KIHEI RD UNIT D 101,2001059714,R,,,,,2026-07-15T19:41:40
239004082,0089,390040820089,2-3-9-004-082-0089,D 101,D101,MAUI KAMAOLE,2777 S KIHEI RD UNIT D 101,2001133766,,,,,,2026-07-15T19:41:40
239004082,0089,390040820089,2-3-9-004-082-0089,D 101,D101,MAUI KAMAOLE,2777 S KIHEI RD UNIT D 101,2002217580,R,,,,,2026-07-15T19:41:40
239004082,0089,390040820089,2-3-9-004-082-0089,D 101,D101,MAUI KAMAOLE,2777 S KIHEI RD UNIT D 101,2003013869,M,,,,,2026-07-15T19:41:40
239004082,0090,390040820090,2-3-9-004-082-0090,D 102,D102,MAUI KAMAOLE,2777 S KIHEI RD UNIT D 102,45690180,R,,,,,2026-07-15T19:41:40
239004082,0090,390040820090,2-3-9-004-082-0090,D 102,D102,MAUI KAMAOLE,2777 S KIHEI RD UNIT D 102,45980883,M,,,,,2026-07-15T19:41:40
239004082,0090,390040820090,2-3-9-004-082-0090,D 102,D102,MAUI KAMAOLE,2777 S KIHEI RD UNIT D 102,76140802,M,,,,,2026-07-15T19:41:40
239004082,0090,390040820090,2-3-9-004-082-0090,D 102,D102,MAUI KAMAOLE,2777 S KIHEI RD UNIT D 102,77830203,,,,,,2026-07-15T19:41:40
239004082,0090,390040820090,2-3-9-004-082-0090,D 102,D102,MAUI KAMAOLE,2777 S KIHEI RD UNIT D 102,97173532,,,,,,2026-07-15T19:41:40
239004082,0090,390040820090,2-3-9-004-082-0090,D 102,D102,MAUI KAMAOLE,2777 S KIHEI RD UNIT D 102,97173533,,,,,,2026-07-15T19:41:40
239004082,0090,390040820090,2-3-9-004-082-0090,D 102,D102,MAUI KAMAOLE,2777 S KIHEI RD UNIT D 102,97173534,,,,,,2026-07-15T19:41:40
239004082,0090,390040820090,2-3-9-004-082-0090,D 102,D102,MAUI KAMAOLE,2777 S KIHEI RD UNIT D 102,97173535,,,,,,2026-07-15T19:41:40
239004082,0090,390040820090,2-3-9-004-082-0090,D 102,D102,MAUI KAMAOLE,2777 S KIHEI RD UNIT D 102,98138917,,,,,,2026-07-15T19:41:40
239004082,0090,390040820090,2-3-9-004-082-0090,D 102,D102,MAUI KAMAOLE,2777 S KIHEI RD UNIT D 102,98156941,NL,,,,,2026-07-15T19:41:40
239004082,0090,390040820090,2-3-9-004-082-0090,D 102,D102,MAUI KAMAOLE,2777 S KIHEI RD UNIT D 102,99198735,,,,,,2026-07-15T19:41:40
239004082,0090,390040820090,2-3-9-004-082-0090,D 102,D102,MAUI KAMAOLE,2777 S KIHEI RD UNIT D 102,99198736,,,,,,2026-07-15T19:41:40
239004082,0090,390040820090,2-3-9-004-082-0090,D 102,D102,MAUI KAMAOLE,2777 S KIHEI RD UNIT D 102,2000022745,,,,,,2026-07-15T19:41:40
239004082,0090,390040820090,2-3-9-004-082-0090,D 102,D102,MAUI KAMAOLE,2777 S KIHEI RD UNIT D 102,2002141879,,,,,,2026-07-15T19:41:40
239004082,0090,390040820090,2-3-9-004-082-0090,D 102,D102,MAUI KAMAOLE,2777 S KIHEI RD UNIT D 102,2002215143,,,,,,2026-07-15T19:41:40
239004082,0090,390040820090,2-3-9-004-082-0090,D 102,D102,MAUI KAMAOLE,2777 S KIHEI RD UNIT D 102,2004171838,,,,,,2026-07-15T19:41:40
239004082,0090,390040820090,2-3-9-004-082-0090,D 102,D102,MAUI KAMAOLE,2777 S KIHEI RD UNIT D 102,2004171839,R,,,,,2026-07-15T19:41:40
239004082,0090,390040820090,2-3-9-004-082-0090,D 102,D102,MAUI KAMAOLE,2777 S KIHEI RD UNIT D 102,2004171840,R,,,,,2026-07-15T19:41:40
239004082,0090,390040820090,2-3-9-004-082-0090,D 102,D102,MAUI KAMAOLE,2777 S KIHEI RD UNIT D 102,2004181483,M,,,,,2026-07-15T19:41:40
239004082,0090,390040820090,2-3-9-004-082-0090,D 102,D102,MAUI KAMAOLE,2777 S KIHEI RD UNIT D 102,2005105750,R,,,,,2026-07-15T19:41:40
239004082,0090,390040820090,2-3-9-004-082-0090,D 102,D102,MAUI KAMAOLE,2777 S KIHEI RD UNIT D 102,2005128338,M,,,,,2026-07-15T19:41:40
239004082,0090,390040820090,2-3-9-004-082-0090,D 102,D102,MAUI KAMAOLE,2777 S KIHEI RD UNIT D 102,2005128522,M,,,,,2026-07-15T19:41:40
239004082,0091,390040820091,2-3-9-004-082-0091,D 103,D103,MAUI KAMAOLE,2777 S KIHEI RD UNIT D 103,49120529,,,,,,2026-07-15T19:41:40
239004082,0091,390040820091,2-3-9-004-082-0091,D 103,D103,MAUI KAMAOLE,2777 S KIHEI RD UNIT D 103,49320707,M,,,,,2026-07-15T19:41:40
239004082,0091,390040820091,2-3-9-004-082-0091,D 103,D103,MAUI KAMAOLE,2777 S KIHEI RD UNIT D 103,49550545,,,,,,2026-07-15T19:41:40
239004082,0091,390040820091,2-3-9-004-082-0091,D 103,D103,MAUI KAMAOLE,2777 S KIHEI RD UNIT D 103,79160333,,,,,,2026-07-15T19:41:40
239004082,0091,390040820091,2-3-9-004-082-0091,D 103,D103,MAUI KAMAOLE,2777 S KIHEI RD UNIT D 103,98144745,,,,,,2026-07-15T19:41:40
239004082,0091,390040820091,2-3-9-004-082-0091,D 103,D103,MAUI KAMAOLE,2777 S KIHEI RD UNIT D 103,98144746,,,,,,2026-07-15T19:41:40
239004082,0091,390040820091,2-3-9-004-082-0091,D 103,D103,MAUI KAMAOLE,2777 S KIHEI RD UNIT D 103,98144752,,,,,,2026-07-15T19:41:40
239004082,0091,390040820091,2-3-9-004-082-0091,D 103,D103,MAUI KAMAOLE,2777 S KIHEI RD UNIT D 103,98144753,,,,,,2026-07-15T19:41:40
239004082,0091,390040820091,2-3-9-004-082-0091,D 103,D103,MAUI KAMAOLE,2777 S KIHEI RD UNIT D 103,98144754,,,,,,2026-07-15T19:41:40
239004082,0091,390040820091,2-3-9-004-082-0091,D 103,D103,MAUI KAMAOLE,2777 S KIHEI RD UNIT D 103,98156941,NL,,,,,2026-07-15T19:41:40
239004082,0091,390040820091,2-3-9-004-082-0091,D 103,D103,MAUI KAMAOLE,2777 S KIHEI RD UNIT D 103,99004672,,,,,,2026-07-15T19:41:40
239004082,0091,390040820091,2-3-9-004-082-0091,D 103,D103,MAUI KAMAOLE,2777 S KIHEI RD UNIT D 103,99004673,,,,,,2026-07-15T19:41:40
239004082,0091,390040820091,2-3-9-004-082-0091,D 103,D103,MAUI KAMAOLE,2777 S KIHEI RD UNIT D 103,99004674,R,,,,,2026-07-15T19:41:40
239004082,0091,390040820091,2-3-9-004-082-0091,D 103,D103,MAUI KAMAOLE,2777 S KIHEI RD UNIT D 103,99004675,R,,,,,2026-07-15T19:41:40
239004082,0091,390040820091,2-3-9-004-082-0091,D 103,D103,MAUI KAMAOLE,2777 S KIHEI RD UNIT D 103,2001029771,R,,,,,2026-07-15T19:41:40
239004082,0091,390040820091,2-3-9-004-082-0091,D 103,D103,MAUI KAMAOLE,2777 S KIHEI RD UNIT D 103,2001063032,R,,,,,2026-07-15T19:41:40
239004082,0091,390040820091,2-3-9-004-082-0091,D 103,D103,MAUI KAMAOLE,2777 S KIHEI RD UNIT D 103,2001128090,M,,,,,2026-07-15T19:41:40
239004082,0091,390040820091,2-3-9-004-082-0091,D 103,D103,MAUI KAMAOLE,2777 S KIHEI RD UNIT D 103,2001175635,,,,,,2026-07-15T19:41:40
239004082,0091,390040820091,2-3-9-004-082-0091,D 103,D103,MAUI KAMAOLE,2777 S KIHEI RD UNIT D 103,2002155578,R,,,,,2026-07-15T19:41:40
239004082,0091,390040820091,2-3-9-004-082-0091,D 103,D103,MAUI KAMAOLE,2777 S KIHEI RD UNIT D 103,2002155579,R,,,,,2026-07-15T19:41:40
239004082,0091,390040820091,2-3-9-004-082-0091,D 103,D103,MAUI KAMAOLE,2777 S KIHEI RD UNIT D 103,2002155580,R,,,,,2026-07-15T19:41:40
239004082,0091,390040820091,2-3-9-004-082-0091,D 103,D103,MAUI KAMAOLE,2777 S KIHEI RD UNIT D 103,2002162881,M,,,,,2026-07-15T19:41:40
239004082,0091,390040820091,2-3-9-004-082-0091,D 103,D103,MAUI KAMAOLE,2777 S KIHEI RD UNIT D 103,2002162882,R,,,,,2026-07-15T19:41:40
239004082,0091,390040820091,2-3-9-004-082-0091,D 103,D103,MAUI KAMAOLE,2777 S KIHEI RD UNIT D 103,2003020784,R,,,,,2026-07-15T19:41:40
239004082,0091,390040820091,2-3-9-004-082-0091,D 103,D103,MAUI KAMAOLE,2777 S KIHEI RD UNIT D 103,2004060678,R,,,,,2026-07-15T19:41:40
239004082,0091,390040820091,2-3-9-004-082-0091,D 103,D103,MAUI KAMAOLE,2777 S KIHEI RD UNIT D 103,2004091157,MFS,,,,,2026-07-15T19:41:40
239004082,0091,390040820091,2-3-9-004-082-0091,D 103,D103,MAUI KAMAOLE,2777 S KIHEI RD UNIT D 103,2004092707,M,,,,,2026-07-15T19:41:40
239004082,0091,390040820091,2-3-9-004-082-0091,D 103,D103,MAUI KAMAOLE,2777 S KIHEI RD UNIT D 103,2006016113,R,,,,,2026-07-15T19:41:40
239004082,0091,390040820091,2-3-9-004-082-0091,D 103,D103,MAUI KAMAOLE,2777 S KIHEI RD UNIT D 103,2007148717,R,,,,,2026-07-15T19:41:40
239004082,0091,390040820091,2-3-9-004-082-0091,D 103,D103,MAUI KAMAOLE,2777 S KIHEI RD UNIT D 103,2007170353,M,,,,,2026-07-15T19:41:40
239004082,0091,390040820091,2-3-9-004-082-0091,D 103,D103,MAUI KAMAOLE,2777 S KIHEI RD UNIT D 103,2007179101,MFS,,,,,2026-07-15T19:41:40
239004082,0092,390040820092,2-3-9-004-082-0092,D 104,D104,MAUI KAMAOLE,2777 S KIHEI RD UNIT D 104,45261188,M,,,,,2026-07-15T19:41:40
239004082,0092,390040820092,2-3-9-004-082-0092,D 104,D104,MAUI KAMAOLE,2777 S KIHEI RD UNIT D 104,98092064,,,,,,2026-07-15T19:41:40
239004082,0092,390040820092,2-3-9-004-082-0092,D 104,D104,MAUI KAMAOLE,2777 S KIHEI RD UNIT D 104,98092065,R,,,,,2026-07-15T19:41:40
239004082,0092,390040820092,2-3-9-004-082-0092,D 104,D104,MAUI KAMAOLE,2777 S KIHEI RD UNIT D 104,98092066,R,,,,,2026-07-15T19:41:40
239004082,0092,390040820092,2-3-9-004-082-0092,D 104,D104,MAUI KAMAOLE,2777 S KIHEI RD UNIT D 104,98156941,NL,,,,,2026-07-15T19:41:40
239004082,0092,390040820092,2-3-9-004-082-0092,D 104,D104,MAUI KAMAOLE,2777 S KIHEI RD UNIT D 104,99138910,R,,,,,2026-07-15T19:41:40
239004082,0092,390040820092,2-3-9-004-082-0092,D 104,D104,MAUI KAMAOLE,2777 S KIHEI RD UNIT D 104,99138911,,,,,,2026-07-15T19:41:40
239004082,0092,390040820092,2-3-9-004-082-0092,D 104,D104,MAUI KAMAOLE,2777 S KIHEI RD UNIT D 104,99165104,R,,,,,2026-07-15T19:41:40
239004082,0092,390040820092,2-3-9-004-082-0092,D 104,D104,MAUI KAMAOLE,2777 S KIHEI RD UNIT D 104,2000168883,M,,,,,2026-07-15T19:41:40
239004082,0092,390040820092,2-3-9-004-082-0092,D 104,D104,MAUI KAMAOLE,2777 S KIHEI RD UNIT D 104,2001043775,R,,,,,2026-07-15T19:41:40
239004082,0092,390040820092,2-3-9-004-082-0092,D 104,D104,MAUI KAMAOLE,2777 S KIHEI RD UNIT D 104,2001095052,,,,,,2026-07-15T19:41:40
239004082,0092,390040820092,2-3-9-004-082-0092,D 104,D104,MAUI KAMAOLE,2777 S KIHEI RD UNIT D 104,2004081169,M,,,,,2026-07-15T19:41:40
239004082,0092,390040820092,2-3-9-004-082-0092,D 104,D104,MAUI KAMAOLE,2777 S KIHEI RD UNIT D 104,2004081170,R,,,,,2026-07-15T19:41:40
239004082,0092,390040820092,2-3-9-004-082-0092,D 104,D104,MAUI KAMAOLE,2777 S KIHEI RD UNIT D 104,2004225506,R,,,,,2026-07-15T19:41:40
239004082,0093,390040820093,2-3-9-004-082-0093,D 105,D105,MAUI KAMAOLE,2777 S KIHEI RD UNIT D 105,65970869,R,,,,,2026-07-15T19:41:40
239004082,0093,390040820093,2-3-9-004-082-0093,D 105,D105,MAUI KAMAOLE,2777 S KIHEI RD UNIT D 105,67860054,,,,,,2026-07-15T19:41:40
239004082,0093,390040820093,2-3-9-004-082-0093,D 105,D105,MAUI KAMAOLE,2777 S KIHEI RD UNIT D 105,68420493,M,,,,,2026-07-15T19:41:40
239004082,0093,390040820093,2-3-9-004-082-0093,D 105,D105,MAUI KAMAOLE,2777 S KIHEI RD UNIT D 105,69710404,NL,,,,,2026-07-15T19:41:40
239004082,0093,390040820093,2-3-9-004-082-0093,D 105,D105,MAUI KAMAOLE,2777 S KIHEI RD UNIT D 105,97001056,,,,,,2026-07-15T19:41:40
239004082,0093,390040820093,2-3-9-004-082-0093,D 105,D105,MAUI KAMAOLE,2777 S KIHEI RD UNIT D 105,97001057,,,,,,2026-07-15T19:41:40
239004082,0093,390040820093,2-3-9-004-082-0093,D 105,D105,MAUI KAMAOLE,2777 S KIHEI RD UNIT D 105,97001058,,,,,,2026-07-15T19:41:40
239004082,0093,390040820093,2-3-9-004-082-0093,D 105,D105,MAUI KAMAOLE,2777 S KIHEI RD UNIT D 105,98156941,NL,,,,,2026-07-15T19:41:40
239004082,0093,390040820093,2-3-9-004-082-0093,D 105,D105,MAUI KAMAOLE,2777 S KIHEI RD UNIT D 105,2004010715,,,,,,2026-07-15T19:41:40
239004082,0093,390040820093,2-3-9-004-082-0093,D 105,D105,MAUI KAMAOLE,2777 S KIHEI RD UNIT D 105,2004010716,R,,,,,2026-07-15T19:41:40
239004082,0093,390040820093,2-3-9-004-082-0093,D 105,D105,MAUI KAMAOLE,2777 S KIHEI RD UNIT D 105,2004057619,,,,,,2026-07-15T19:41:40
239004082,0093,390040820093,2-3-9-004-082-0093,D 105,D105,MAUI KAMAOLE,2777 S KIHEI RD UNIT D 105,2011061404,,,,,,2026-07-15T19:41:40
239004082,0093,390040820093,2-3-9-004-082-0093,D 105,D105,MAUI KAMAOLE,2777 S KIHEI RD UNIT D 105,2011061405,R,,,,,2026-07-15T19:41:40
239004082,0093,390040820093,2-3-9-004-082-0093,D 105,D105,MAUI KAMAOLE,2777 S KIHEI RD UNIT D 105,2011071721,M,,,,,2026-07-15T19:41:40
239004082,0094,390040820094,2-3-9-004-082-0094,D 106,D106,MAUI KAMAOLE,2777 S KIHEI RD UNIT D 106,67880734,M,,,,,2026-07-15T19:41:40
239004082,0094,390040820094,2-3-9-004-082-0094,D 106,D106,MAUI KAMAOLE,2777 S KIHEI RD UNIT D 106,97113610,,,,,,2026-07-15T19:41:40
239004082,0094,390040820094,2-3-9-004-082-0094,D 106,D106,MAUI KAMAOLE,2777 S KIHEI RD UNIT D 106,97113611,,,,,,2026-07-15T19:41:40
239004082,0094,390040820094,2-3-9-004-082-0094,D 106,D106,MAUI KAMAOLE,2777 S KIHEI RD UNIT D 106,98156941,NL,,,,,2026-07-15T19:41:40
239004082,0094,390040820094,2-3-9-004-082-0094,D 106,D106,MAUI KAMAOLE,2777 S KIHEI RD UNIT D 106,2001150739,,,,,,2026-07-15T19:41:40
239004082,0094,390040820094,2-3-9-004-082-0094,D 106,D106,MAUI KAMAOLE,2777 S KIHEI RD UNIT D 106,2003207298,,,,,,2026-07-15T19:41:40
239004082,0094,390040820094,2-3-9-004-082-0094,D 106,D106,MAUI KAMAOLE,2777 S KIHEI RD UNIT D 106,2003207299,R,,,,,2026-07-15T19:41:40
239004082,0094,390040820094,2-3-9-004-082-0094,D 106,D106,MAUI KAMAOLE,2777 S KIHEI RD UNIT D 106,2003209702,,,,,,2026-07-15T19:41:40
239004082,0094,390040820094,2-3-9-004-082-0094,D 106,D106,MAUI KAMAOLE,2777 S KIHEI RD UNIT D 106,2011103199,R,,,,,2026-07-15T19:41:40
239004082,0094,390040820094,2-3-9-004-082-0094,D 106,D106,MAUI KAMAOLE,2777 S KIHEI RD UNIT D 106,2011120865,M,,,,,2026-07-15T19:41:40
239004082,0095,390040820095,2-3-9-004-082-0095,D 107,D107,MAUI KAMAOLE,2777 S KIHEI RD UNIT D 107,48960337,,,,,,2026-07-15T19:41:40
239004082,0095,390040820095,2-3-9-004-082-0095,D 107,D107,MAUI KAMAOLE,2777 S KIHEI RD UNIT D 107,49590790,M,,,,,2026-07-15T19:41:40
239004082,0095,390040820095,2-3-9-004-082-0095,D 107,D107,MAUI KAMAOLE,2777 S KIHEI RD UNIT D 107,98043903,,,,,,2026-07-15T19:41:40
239004082,0095,390040820095,2-3-9-004-082-0095,D 107,D107,MAUI KAMAOLE,2777 S KIHEI RD UNIT D 107,98043904,,,,,,2026-07-15T19:41:40
239004082,0095,390040820095,2-3-9-004-082-0095,D 107,D107,MAUI KAMAOLE,2777 S KIHEI RD UNIT D 107,98043905,,,,,,2026-07-15T19:41:40
239004082,0095,390040820095,2-3-9-004-082-0095,D 107,D107,MAUI KAMAOLE,2777 S KIHEI RD UNIT D 107,98043906,,,,,,2026-07-15T19:41:40
239004082,0095,390040820095,2-3-9-004-082-0095,D 107,D107,MAUI KAMAOLE,2777 S KIHEI RD UNIT D 107,98156941,NL,,,,,2026-07-15T19:41:40
239004082,0095,390040820095,2-3-9-004-082-0095,D 107,D107,MAUI KAMAOLE,2777 S KIHEI RD UNIT D 107,99192248,,,,,,2026-07-15T19:41:40
239004082,0095,390040820095,2-3-9-004-082-0095,D 107,D107,MAUI KAMAOLE,2777 S KIHEI RD UNIT D 107,2004133657,,,,,,2026-07-15T19:41:40
239004082,0095,390040820095,2-3-9-004-082-0095,D 107,D107,MAUI KAMAOLE,2777 S KIHEI RD UNIT D 107,2004133658,,,,,,2026-07-15T19:41:40
239004082,0095,390040820095,2-3-9-004-082-0095,D 107,D107,MAUI KAMAOLE,2777 S KIHEI RD UNIT D 107,2004133659,R,,,,,2026-07-15T19:41:40
239004082,0095,390040820095,2-3-9-004-082-0095,D 107,D107,MAUI KAMAOLE,2777 S KIHEI RD UNIT D 107,2004163441,,,,,,2026-07-15T19:41:40
239004082,0095,390040820095,2-3-9-004-082-0095,D 107,D107,MAUI KAMAOLE,2777 S KIHEI RD UNIT D 107,2004187153,M,,,,,2026-07-15T19:41:40
239004082,0095,390040820095,2-3-9-004-082-0095,D 107,D107,MAUI KAMAOLE,2777 S KIHEI RD UNIT D 107,2005108514,R,,,,,2026-07-15T19:41:40
239004082,0095,390040820095,2-3-9-004-082-0095,D 107,D107,MAUI KAMAOLE,2777 S KIHEI RD UNIT D 107,2007070213,M,,,,,2026-07-15T19:41:40
239004082,0095,390040820095,2-3-9-004-082-0095,D 107,D107,MAUI KAMAOLE,2777 S KIHEI RD UNIT D 107,2007070214,,,,,,2026-07-15T19:41:40
239004082,0095,390040820095,2-3-9-004-082-0095,D 107,D107,MAUI KAMAOLE,2777 S KIHEI RD UNIT D 107,2007070215,R,,,,,2026-07-15T19:41:40
239004082,0095,390040820095,2-3-9-004-082-0095,D 107,D107,MAUI KAMAOLE,2777 S KIHEI RD UNIT D 107,2007082532,M,,,,,2026-07-15T19:41:40
239004082,0096,390040820096,2-3-9-004-082-0096,D 108,D108,MAUI KAMAOLE,2777 S KIHEI RD UNIT D 108,97046461,,,,,,2026-07-15T19:41:40
239004082,0096,390040820096,2-3-9-004-082-0096,D 108,D108,MAUI KAMAOLE,2777 S KIHEI RD UNIT D 108,97046462,,,,,,2026-07-15T19:41:40
239004082,0096,390040820096,2-3-9-004-082-0096,D 108,D108,MAUI KAMAOLE,2777 S KIHEI RD UNIT D 108,97046463,,,,,,2026-07-15T19:41:40
239004082,0096,390040820096,2-3-9-004-082-0096,D 108,D108,MAUI KAMAOLE,2777 S KIHEI RD UNIT D 108,97158878,,,,,,2026-07-15T19:41:40
239004082,0096,390040820096,2-3-9-004-082-0096,D 108,D108,MAUI KAMAOLE,2777 S KIHEI RD UNIT D 108,98156941,NL,,,,,2026-07-15T19:41:40
239004082,0096,390040820096,2-3-9-004-082-0096,D 108,D108,MAUI KAMAOLE,2777 S KIHEI RD UNIT D 108,2000034531,,,,,,2026-07-15T19:41:40
239004082,0096,390040820096,2-3-9-004-082-0096,D 108,D108,MAUI KAMAOLE,2777 S KIHEI RD UNIT D 108,2006142031,,,,,,2026-07-15T19:41:40
239004082,0097,390040820097,2-3-9-004-082-0097,D 109,D109,MAUI KAMAOLE,2777 S KIHEI RD UNIT D 109,Certificate,,,,,,2026-07-15T19:41:40
239004082,0098,390040820098,2-3-9-004-082-0098,D 110,D110,MAUI KAMAOLE,2777 S KIHEI RD UNIT D 110,69980505,,,,,,2026-07-15T19:41:40
239004082,0098,390040820098,2-3-9-004-082-0098,D 110,D110,MAUI KAMAOLE,2777 S KIHEI RD UNIT D 110,69980506,R,,,,,2026-07-15T19:41:40
239004082,0098,390040820098,2-3-9-004-082-0098,D 110,D110,MAUI KAMAOLE,2777 S KIHEI RD UNIT D 110,70100514,M,,,,,2026-07-15T19:41:40
239004082,0098,390040820098,2-3-9-004-082-0098,D 110,D110,MAUI KAMAOLE,2777 S KIHEI RD UNIT D 110,73350036,R,,,,,2026-07-15T19:41:40
239004082,0098,390040820098,2-3-9-004-082-0098,D 110,D110,MAUI KAMAOLE,2777 S KIHEI RD UNIT D 110,78770149,M,,,,,2026-07-15T19:41:40
239004082,0098,390040820098,2-3-9-004-082-0098,D 110,D110,MAUI KAMAOLE,2777 S KIHEI RD UNIT D 110,81260480,,,,,,2026-07-15T19:41:40
239004082,0098,390040820098,2-3-9-004-082-0098,D 110,D110,MAUI KAMAOLE,2777 S KIHEI RD UNIT D 110,81640228,M,,,,,2026-07-15T19:41:40
239004082,0098,390040820098,2-3-9-004-082-0098,D 110,D110,MAUI KAMAOLE,2777 S KIHEI RD UNIT D 110,86330243,R,,,,,2026-07-15T19:41:40
239004082,0098,390040820098,2-3-9-004-082-0098,D 110,D110,MAUI KAMAOLE,2777 S KIHEI RD UNIT D 110,97019276,,,,,,2026-07-15T19:41:40
239004082,0098,390040820098,2-3-9-004-082-0098,D 110,D110,MAUI KAMAOLE,2777 S KIHEI RD UNIT D 110,97019277,,,,,,2026-07-15T19:41:40
239004082,0098,390040820098,2-3-9-004-082-0098,D 110,D110,MAUI KAMAOLE,2777 S KIHEI RD UNIT D 110,98156941,NL,,,,,2026-07-15T19:41:40
239004082,0098,390040820098,2-3-9-004-082-0098,D 110,D110,MAUI KAMAOLE,2777 S KIHEI RD UNIT D 110,2006045921,,,,,,2026-07-15T19:41:40
239004082,0098,390040820098,2-3-9-004-082-0098,D 110,D110,MAUI KAMAOLE,2777 S KIHEI RD UNIT D 110,2006045922,R,,,,,2026-07-15T19:41:40
239004082,0098,390040820098,2-3-9-004-082-0098,D 110,D110,MAUI KAMAOLE,2777 S KIHEI RD UNIT D 110,2010021710,,,,,,2026-07-15T19:41:40
239004082,0098,390040820098,2-3-9-004-082-0098,D 110,D110,MAUI KAMAOLE,2777 S KIHEI RD UNIT D 110,2011134865,R,,,,,2026-07-15T19:41:40
239004082,0098,390040820098,2-3-9-004-082-0098,D 110,D110,MAUI KAMAOLE,2777 S KIHEI RD UNIT D 110,2011137470,M,,,,,2026-07-15T19:41:40
239004082,0098,390040820098,2-3-9-004-082-0098,D 110,D110,MAUI KAMAOLE,2777 S KIHEI RD UNIT D 110,2011158006,M,,,,,2026-07-15T19:41:40
239004082,0099,390040820099,2-3-9-004-082-0099,D 111,D111,MAUI KAMAOLE,2777 S KIHEI RD UNIT D 111,98144746,,,,,,2026-07-15T19:41:40
239004082,0099,390040820099,2-3-9-004-082-0099,D 111,D111,MAUI KAMAOLE,2777 S KIHEI RD UNIT D 111,98144752,,,,,,2026-07-15T19:41:40
239004082,0099,390040820099,2-3-9-004-082-0099,D 111,D111,MAUI KAMAOLE,2777 S KIHEI RD UNIT D 111,98144754,,,,,,2026-07-15T19:41:40
239004082,0099,390040820099,2-3-9-004-082-0099,D 111,D111,MAUI KAMAOLE,2777 S KIHEI RD UNIT D 111,98156941,NL,,,,,2026-07-15T19:41:40
239004082,0099,390040820099,2-3-9-004-082-0099,D 111,D111,MAUI KAMAOLE,2777 S KIHEI RD UNIT D 111,99075731,,,,,,2026-07-15T19:41:40
239004082,0099,390040820099,2-3-9-004-082-0099,D 111,D111,MAUI KAMAOLE,2777 S KIHEI RD UNIT D 111,99075732,,,,,,2026-07-15T19:41:40
239004082,0099,390040820099,2-3-9-004-082-0099,D 111,D111,MAUI KAMAOLE,2777 S KIHEI RD UNIT D 111,99075733,M,,,,,2026-07-15T19:41:40
239004082,0099,390040820099,2-3-9-004-082-0099,D 111,D111,MAUI KAMAOLE,2777 S KIHEI RD UNIT D 111,2001022870,R,,,,,2026-07-15T19:41:40
239004082,0099,390040820099,2-3-9-004-082-0099,D 111,D111,MAUI KAMAOLE,2777 S KIHEI RD UNIT D 111,2001175635,,,,,,2026-07-15T19:41:40
239004082,0099,390040820099,2-3-9-004-082-0099,D 111,D111,MAUI KAMAOLE,2777 S KIHEI RD UNIT D 111,9218000477,M,,,,,2026-07-15T19:41:40
239004082,0100,390040820100,2-3-9-004-082-0100,D 112,D112,MAUI KAMAOLE,2777 S KIHEI RD UNIT D 112,Certificate,,,,,,2026-07-15T19:41:40
239004082,0101,390040820101,2-3-9-004-082-0101,D 201,D201,MAUI KAMAOLE,2777 S KIHEI RD UNIT D 201,98144746,,,,,,2026-07-15T19:41:40
239004082,0101,390040820101,2-3-9-004-082-0101,D 201,D201,MAUI KAMAOLE,2777 S KIHEI RD UNIT D 201,98144752,,,,,,2026-07-15T19:41:40
239004082,0101,390040820101,2-3-9-004-082-0101,D 201,D201,MAUI KAMAOLE,2777 S KIHEI RD UNIT D 201,98144754,,,,,,2026-07-15T19:41:40
239004082,0101,390040820101,2-3-9-004-082-0101,D 201,D201,MAUI KAMAOLE,2777 S KIHEI RD UNIT D 201,98156941,NL,,,,,2026-07-15T19:41:40
239004082,0101,390040820101,2-3-9-004-082-0101,D 201,D201,MAUI KAMAOLE,2777 S KIHEI RD UNIT D 201,98163735,,,,,,2026-07-15T19:41:40
239004082,0101,390040820101,2-3-9-004-082-0101,D 201,D201,MAUI KAMAOLE,2777 S KIHEI RD UNIT D 201,98163736,,,,,,2026-07-15T19:41:40
239004082,0101,390040820101,2-3-9-004-082-0101,D 201,D201,MAUI KAMAOLE,2777 S KIHEI RD UNIT D 201,98163737,R,,,,,2026-07-15T19:41:40
239004082,0101,390040820101,2-3-9-004-082-0101,D 201,D201,MAUI KAMAOLE,2777 S KIHEI RD UNIT D 201,98163738,R,,,,,2026-07-15T19:41:40
239004082,0101,390040820101,2-3-9-004-082-0101,D 201,D201,MAUI KAMAOLE,2777 S KIHEI RD UNIT D 201,98163739,,,,,,2026-07-15T19:41:40
239004082,0101,390040820101,2-3-9-004-082-0101,D 201,D201,MAUI KAMAOLE,2777 S KIHEI RD UNIT D 201,2001022870,R,,,,,2026-07-15T19:41:40
239004082,0101,390040820101,2-3-9-004-082-0101,D 201,D201,MAUI KAMAOLE,2777 S KIHEI RD UNIT D 201,2001175635,,,,,,2026-07-15T19:41:40
239004082,0101,390040820101,2-3-9-004-082-0101,D 201,D201,MAUI KAMAOLE,2777 S KIHEI RD UNIT D 201,2001176553,R,,,,,2026-07-15T19:41:40
239004082,0101,390040820101,2-3-9-004-082-0101,D 201,D201,MAUI KAMAOLE,2777 S KIHEI RD UNIT D 201,2002011395,,,,,,2026-07-15T19:41:40
239004082,0101,390040820101,2-3-9-004-082-0101,D 201,D201,MAUI KAMAOLE,2777 S KIHEI RD UNIT D 201,2002039975,R,,,,,2026-07-15T19:41:40
239004082,0101,390040820101,2-3-9-004-082-0101,D 201,D201,MAUI KAMAOLE,2777 S KIHEI RD UNIT D 201,2002157868,R,,,,,2026-07-15T19:41:40
239004082,0101,390040820101,2-3-9-004-082-0101,D 201,D201,MAUI KAMAOLE,2777 S KIHEI RD UNIT D 201,2009188165,M,,,,,2026-07-15T19:41:40
239004082,0102,390040820102,2-3-9-004-082-0102,D 202,D202,MAUI KAMAOLE,2777 S KIHEI RD UNIT D 202,57420010,,,,,,2026-07-15T19:41:40
239004082,0102,390040820102,2-3-9-004-082-0102,D 202,D202,MAUI KAMAOLE,2777 S KIHEI RD UNIT D 202,98080777,,,,,,2026-07-15T19:41:40
239004082,0102,390040820102,2-3-9-004-082-0102,D 202,D202,MAUI KAMAOLE,2777 S KIHEI RD UNIT D 202,98080778,M,,,,,2026-07-15T19:41:40
239004082,0102,390040820102,2-3-9-004-082-0102,D 202,D202,MAUI KAMAOLE,2777 S KIHEI RD UNIT D 202,98080779,M,,,,,2026-07-15T19:41:40
239004082,0102,390040820102,2-3-9-004-082-0102,D 202,D202,MAUI KAMAOLE,2777 S KIHEI RD UNIT D 202,98080780,,,,,,2026-07-15T19:41:40
239004082,0102,390040820102,2-3-9-004-082-0102,D 202,D202,MAUI KAMAOLE,2777 S KIHEI RD UNIT D 202,98156941,NL,,,,,2026-07-15T19:41:40
239004082,0102,390040820102,2-3-9-004-082-0102,D 202,D202,MAUI KAMAOLE,2777 S KIHEI RD UNIT D 202,99090343,,,,,,2026-07-15T19:41:40
239004082,0102,390040820102,2-3-9-004-082-0102,D 202,D202,MAUI KAMAOLE,2777 S KIHEI RD UNIT D 202,99108593,M,,,,,2026-07-15T19:41:40
239004082,0102,390040820102,2-3-9-004-082-0102,D 202,D202,MAUI KAMAOLE,2777 S KIHEI RD UNIT D 202,99131243,M,,,,,2026-07-15T19:41:40
239004082,0102,390040820102,2-3-9-004-082-0102,D 202,D202,MAUI KAMAOLE,2777 S KIHEI RD UNIT D 202,2007218588,,,,,,2026-07-15T19:41:40
239004082,0103,390040820103,2-3-9-004-082-0103,D 203,D203,MAUI KAMAOLE PHASE III,2777 S KIHEI RD UNIT D 203,64381146,,,,,,2026-07-15T19:41:40
239004082,0103,390040820103,2-3-9-004-082-0103,D 203,D203,MAUI KAMAOLE PHASE III,2777 S KIHEI RD UNIT D 203,66050479,,,,,,2026-07-15T19:41:40
239004082,0103,390040820103,2-3-9-004-082-0103,D 203,D203,MAUI KAMAOLE PHASE III,2777 S KIHEI RD UNIT D 203,71370141,,,,,,2026-07-15T19:41:40
239004082,0103,390040820103,2-3-9-004-082-0103,D 203,D203,MAUI KAMAOLE PHASE III,2777 S KIHEI RD UNIT D 203,97174464,,,,,,2026-07-15T19:41:40
239004082,0103,390040820103,2-3-9-004-082-0103,D 203,D203,MAUI KAMAOLE PHASE III,2777 S KIHEI RD UNIT D 203,97174465,,,,,,2026-07-15T19:41:40
239004082,0103,390040820103,2-3-9-004-082-0103,D 203,D203,MAUI KAMAOLE PHASE III,2777 S KIHEI RD UNIT D 203,98156941,NL,,,,,2026-07-15T19:41:40
239004082,0103,390040820103,2-3-9-004-082-0103,D 203,D203,MAUI KAMAOLE PHASE III,2777 S KIHEI RD UNIT D 203,2001022870,R,,,,,2026-07-15T19:41:40
239004082,0103,390040820103,2-3-9-004-082-0103,D 203,D203,MAUI KAMAOLE PHASE III,2777 S KIHEI RD UNIT D 203,2001123372,,,,,,2026-07-15T19:41:40
239004082,0103,390040820103,2-3-9-004-082-0103,D 203,D203,MAUI KAMAOLE PHASE III,2777 S KIHEI RD UNIT D 203,2001123373,R,,,,,2026-07-15T19:41:40
239004082,0103,390040820103,2-3-9-004-082-0103,D 203,D203,MAUI KAMAOLE PHASE III,2777 S KIHEI RD UNIT D 203,2001123374,M,,,,,2026-07-15T19:41:40
239004082,0103,390040820103,2-3-9-004-082-0103,D 203,D203,MAUI KAMAOLE PHASE III,2777 S KIHEI RD UNIT D 203,2002076420,M,,,,,2026-07-15T19:41:40
239004082,0103,390040820103,2-3-9-004-082-0103,D 203,D203,MAUI KAMAOLE PHASE III,2777 S KIHEI RD UNIT D 203,2003095696,R,,,,,2026-07-15T19:41:40
239004082,0103,390040820103,2-3-9-004-082-0103,D 203,D203,MAUI KAMAOLE PHASE III,2777 S KIHEI RD UNIT D 203,2003113461,M,,,,,2026-07-15T19:41:40
239004082,0103,390040820103,2-3-9-004-082-0103,D 203,D203,MAUI KAMAOLE PHASE III,2777 S KIHEI RD UNIT D 203,2011122946,R,,,,,2026-07-15T19:41:40
239004082,0103,390040820103,2-3-9-004-082-0103,D 203,D203,MAUI KAMAOLE PHASE III,2777 S KIHEI RD UNIT D 203,2011125419,M,,,,,2026-07-15T19:41:40
239004082,0104,390040820104,2-3-9-004-082-0104,D 204,D204,MAUI KAMAOLE,2777 S KIHEI RD UNIT D 204,98007478,,,,,,2026-07-15T19:41:40
239004082,0104,390040820104,2-3-9-004-082-0104,D 204,D204,MAUI KAMAOLE,2777 S KIHEI RD UNIT D 204,98007479,,,,,,2026-07-15T19:41:40
239004082,0104,390040820104,2-3-9-004-082-0104,D 204,D204,MAUI KAMAOLE,2777 S KIHEI RD UNIT D 204,98007480,,,,,,2026-07-15T19:41:40
239004082,0104,390040820104,2-3-9-004-082-0104,D 204,D204,MAUI KAMAOLE,2777 S KIHEI RD UNIT D 204,98007481,,,,,,2026-07-15T19:41:40
239004082,0104,390040820104,2-3-9-004-082-0104,D 204,D204,MAUI KAMAOLE,2777 S KIHEI RD UNIT D 204,98156941,NL,,,,,2026-07-15T19:41:40
239004082,0104,390040820104,2-3-9-004-082-0104,D 204,D204,MAUI KAMAOLE,2777 S KIHEI RD UNIT D 204,98177567,,,,,,2026-07-15T19:41:40
239004082,0104,390040820104,2-3-9-004-082-0104,D 204,D204,MAUI KAMAOLE,2777 S KIHEI RD UNIT D 204,2003062648,,,,,,2026-07-15T19:41:40
239004082,0104,390040820104,2-3-9-004-082-0104,D 204,D204,MAUI KAMAOLE,2777 S KIHEI RD UNIT D 204,2003062649,R,,,,,2026-07-15T19:41:40
239004082,0104,390040820104,2-3-9-004-082-0104,D 204,D204,MAUI KAMAOLE,2777 S KIHEI RD UNIT D 204,2003103193,,,,,,2026-07-15T19:41:40
239004082,0104,390040820104,2-3-9-004-082-0104,D 204,D204,MAUI KAMAOLE,2777 S KIHEI RD UNIT D 204,2005126360,R,,,,,2026-07-15T19:41:40
239004082,0104,390040820104,2-3-9-004-082-0104,D 204,D204,MAUI KAMAOLE,2777 S KIHEI RD UNIT D 204,2005126361,R,,,,,2026-07-15T19:41:40
239004082,0104,390040820104,2-3-9-004-082-0104,D 204,D204,MAUI KAMAOLE,2777 S KIHEI RD UNIT D 204,2005163130,M,,,,,2026-07-15T19:41:40
239004082,0104,390040820104,2-3-9-004-082-0104,D 204,D204,MAUI KAMAOLE,2777 S KIHEI RD UNIT D 204,2005206502,M,,,,,2026-07-15T19:41:40
239004082,0104,390040820104,2-3-9-004-082-0104,D 204,D204,MAUI KAMAOLE,2777 S KIHEI RD UNIT D 204,2010047492,M,,,,,2026-07-15T19:41:40
239004082,0104,390040820104,2-3-9-004-082-0104,D 204,D204,MAUI KAMAOLE,2777 S KIHEI RD UNIT D 204,2010077244,M,,,,,2026-07-15T19:41:40
239004082,0104,390040820104,2-3-9-004-082-0104,D 204,D204,MAUI KAMAOLE,2777 S KIHEI RD UNIT D 204,2010083250,MFS,,,,,2026-07-15T19:41:40
239004082,0105,390040820105,2-3-9-004-082-0105,D 205,D205,MAUI KAMAOLE PHASE III,2777 S KIHEI RD UNIT D 205,64420595,M,,,,,2026-07-15T19:41:40
239004082,0105,390040820105,2-3-9-004-082-0105,D 205,D205,MAUI KAMAOLE PHASE III,2777 S KIHEI RD UNIT D 205,68870150,M,,,,,2026-07-15T19:41:40
239004082,0105,390040820105,2-3-9-004-082-0105,D 205,D205,MAUI KAMAOLE PHASE III,2777 S KIHEI RD UNIT D 205,68991023,M,,,,,2026-07-15T19:41:40
239004082,0105,390040820105,2-3-9-004-082-0105,D 205,D205,MAUI KAMAOLE PHASE III,2777 S KIHEI RD UNIT D 205,97113608,,,,,,2026-07-15T19:41:40
239004082,0105,390040820105,2-3-9-004-082-0105,D 205,D205,MAUI KAMAOLE PHASE III,2777 S KIHEI RD UNIT D 205,97113609,,,,,,2026-07-15T19:41:40
239004082,0105,390040820105,2-3-9-004-082-0105,D 205,D205,MAUI KAMAOLE PHASE III,2777 S KIHEI RD UNIT D 205,98156941,NL,,,,,2026-07-15T19:41:40
239004082,0105,390040820105,2-3-9-004-082-0105,D 205,D205,MAUI KAMAOLE PHASE III,2777 S KIHEI RD UNIT D 205,2001150740,,,,,,2026-07-15T19:41:40
239004082,0105,390040820105,2-3-9-004-082-0105,D 205,D205,MAUI KAMAOLE PHASE III,2777 S KIHEI RD UNIT D 205,2007131797,,,,,,2026-07-15T19:41:40
239004082,0105,390040820105,2-3-9-004-082-0105,D 205,D205,MAUI KAMAOLE PHASE III,2777 S KIHEI RD UNIT D 205,2007131798,R,,,,,2026-07-15T19:41:40
239004082,0105,390040820105,2-3-9-004-082-0105,D 205,D205,MAUI KAMAOLE PHASE III,2777 S KIHEI RD UNIT D 205,2007131799,R,,,,,2026-07-15T19:41:40
239004082,0106,390040820106,2-3-9-004-082-0106,D 206,D206,MAUI KAMAOLE,2777 S KIHEI RD UNIT D 206,47450483,,,,,,2026-07-15T19:41:40
239004082,0106,390040820106,2-3-9-004-082-0106,D 206,D206,MAUI KAMAOLE,2777 S KIHEI RD UNIT D 206,47870585,M,,,,,2026-07-15T19:41:40
239004082,0106,390040820106,2-3-9-004-082-0106,D 206,D206,MAUI KAMAOLE,2777 S KIHEI RD UNIT D 206,83360764,NL,,,,,2026-07-15T19:41:40
239004082,0106,390040820106,2-3-9-004-082-0106,D 206,D206,MAUI KAMAOLE,2777 S KIHEI RD UNIT D 206,84540672,,,,,,2026-07-15T19:41:40
239004082,0106,390040820106,2-3-9-004-082-0106,D 206,D206,MAUI KAMAOLE,2777 S KIHEI RD UNIT D 206,98055796,,,,,,2026-07-15T19:41:40
239004082,0106,390040820106,2-3-9-004-082-0106,D 206,D206,MAUI KAMAOLE,2777 S KIHEI RD UNIT D 206,98055797,,,,,,2026-07-15T19:41:40
239004082,0106,390040820106,2-3-9-004-082-0106,D 206,D206,MAUI KAMAOLE,2777 S KIHEI RD UNIT D 206,98055798,,,,,,2026-07-15T19:41:40
239004082,0106,390040820106,2-3-9-004-082-0106,D 206,D206,MAUI KAMAOLE,2777 S KIHEI RD UNIT D 206,98055799,,,,,,2026-07-15T19:41:40
239004082,0106,390040820106,2-3-9-004-082-0106,D 206,D206,MAUI KAMAOLE,2777 S KIHEI RD UNIT D 206,98156941,NL,,,,,2026-07-15T19:41:40
239004082,0106,390040820106,2-3-9-004-082-0106,D 206,D206,MAUI KAMAOLE,2777 S KIHEI RD UNIT D 206,99109489,,,,,,2026-07-15T19:41:40
239004082,0106,390040820106,2-3-9-004-082-0106,D 206,D206,MAUI KAMAOLE,2777 S KIHEI RD UNIT D 206,99130302,,,,,,2026-07-15T19:41:40
239004082,0106,390040820106,2-3-9-004-082-0106,D 206,D206,MAUI KAMAOLE,2777 S KIHEI RD UNIT D 206,99136136,,,,,,2026-07-15T19:41:40
239004082,0106,390040820106,2-3-9-004-082-0106,D 206,D206,MAUI KAMAOLE,2777 S KIHEI RD UNIT D 206,2003221907,R,,,,,2026-07-15T19:41:40
239004082,0106,390040820106,2-3-9-004-082-0106,D 206,D206,MAUI KAMAOLE,2777 S KIHEI RD UNIT D 206,2004003326,,,,,,2026-07-15T19:41:40
239004082,0107,390040820107,2-3-9-004-082-0107,D 207,D207,MAUI KAMAOLE,2777 S KIHEI RD UNIT D 207,61630430,,,,,,2026-07-15T19:41:40
239004082,0107,390040820107,2-3-9-004-082-0107,D 207,D207,MAUI KAMAOLE,2777 S KIHEI RD UNIT D 207,96181489,,,,,,2026-07-15T19:41:40
239004082,0107,390040820107,2-3-9-004-082-0107,D 207,D207,MAUI KAMAOLE,2777 S KIHEI RD UNIT D 207,96181490,,,,,,2026-07-15T19:41:40
239004082,0107,390040820107,2-3-9-004-082-0107,D 207,D207,MAUI KAMAOLE,2777 S KIHEI RD UNIT D 207,97077664,,,,,,2026-07-15T19:41:40
239004082,0107,390040820107,2-3-9-004-082-0107,D 207,D207,MAUI KAMAOLE,2777 S KIHEI RD UNIT D 207,98156941,NL,,,,,2026-07-15T19:41:40
239004082,0108,390040820108,2-3-9-004-082-0108,D 208,D208,MAUI KAMAOLE,2777 S KIHEI RD UNIT D 208,77970394,,,,,,2026-07-15T19:41:40
239004082,0108,390040820108,2-3-9-004-082-0108,D 208,D208,MAUI KAMAOLE,2777 S KIHEI RD UNIT D 208,83810335,,,,,,2026-07-15T19:41:40
239004082,0108,390040820108,2-3-9-004-082-0108,D 208,D208,MAUI KAMAOLE,2777 S KIHEI RD UNIT D 208,96182278,,,,,,2026-07-15T19:41:40
239004082,0108,390040820108,2-3-9-004-082-0108,D 208,D208,MAUI KAMAOLE,2777 S KIHEI RD UNIT D 208,96182279,M,,,,,2026-07-15T19:41:40
239004082,0108,390040820108,2-3-9-004-082-0108,D 208,D208,MAUI KAMAOLE,2777 S KIHEI RD UNIT D 208,98156941,NL,,,,,2026-07-15T19:41:40
239004082,0108,390040820108,2-3-9-004-082-0108,D 208,D208,MAUI KAMAOLE,2777 S KIHEI RD UNIT D 208,2006142031,,,,,,2026-07-15T19:41:40
239004082,0109,390040820109,2-3-9-004-082-0109,D 209,D209,MAUI KAMAOLE,2777 S KIHEI RD UNIT D 209,64770015,,,,,,2026-07-15T19:41:40
239004082,0109,390040820109,2-3-9-004-082-0109,D 209,D209,MAUI KAMAOLE,2777 S KIHEI RD UNIT D 209,96180021,,,,,,2026-07-15T19:41:40
239004082,0109,390040820109,2-3-9-004-082-0109,D 209,D209,MAUI KAMAOLE,2777 S KIHEI RD UNIT D 209,96180022,M,,,,,2026-07-15T19:41:40
239004082,0109,390040820109,2-3-9-004-082-0109,D 209,D209,MAUI KAMAOLE,2777 S KIHEI RD UNIT D 209,98156941,NL,,,,,2026-07-15T19:41:40
239004082,0110,390040820110,2-3-9-004-082-0110,D 210,D210,MAUI KAMAOLE,2777 S KIHEI RD UNIT D 210,50500112,M,,,,,2026-07-15T19:41:40
239004082,0110,390040820110,2-3-9-004-082-0110,D 210,D210,MAUI KAMAOLE,2777 S KIHEI RD UNIT D 210,53780001,,,,,,2026-07-15T19:41:40
239004082,0110,390040820110,2-3-9-004-082-0110,D 210,D210,MAUI KAMAOLE,2777 S KIHEI RD UNIT D 210,96181485,,,,,,2026-07-15T19:41:40
239004082,0110,390040820110,2-3-9-004-082-0110,D 210,D210,MAUI KAMAOLE,2777 S KIHEI RD UNIT D 210,96181486,R,,,,,2026-07-15T19:41:40
239004082,0110,390040820110,2-3-9-004-082-0110,D 210,D210,MAUI KAMAOLE,2777 S KIHEI RD UNIT D 210,98156941,NL,,,,,2026-07-15T19:41:40
239004082,0110,390040820110,2-3-9-004-082-0110,D 210,D210,MAUI KAMAOLE,2777 S KIHEI RD UNIT D 210,2001013628,R,,,,,2026-07-15T19:41:40
239004082,0110,390040820110,2-3-9-004-082-0110,D 210,D210,MAUI KAMAOLE,2777 S KIHEI RD UNIT D 210,2001013629,R,,,,,2026-07-15T19:41:40
239004082,0110,390040820110,2-3-9-004-082-0110,D 210,D210,MAUI KAMAOLE,2777 S KIHEI RD UNIT D 210,2003033029,M,,,,,2026-07-15T19:41:40
239004082,0110,390040820110,2-3-9-004-082-0110,D 210,D210,MAUI KAMAOLE,2777 S KIHEI RD UNIT D 210,2004124516,,,,,,2026-07-15T19:41:40
239004082,0110,390040820110,2-3-9-004-082-0110,D 210,D210,MAUI KAMAOLE,2777 S KIHEI RD UNIT D 210,2011179315,R,,,,,2026-07-15T19:41:40
239004082,0111,390040820111,2-3-9-004-082-0111,D 211,D211,MAUI KAMAOLE,2777 S KIHEI RD UNIT D 211,97047111,,,,,,2026-07-15T19:41:40
239004082,0111,390040820111,2-3-9-004-082-0111,D 211,D211,MAUI KAMAOLE,2777 S KIHEI RD UNIT D 211,97047112,,,,,,2026-07-15T19:41:40
239004082,0111,390040820111,2-3-9-004-082-0111,D 211,D211,MAUI KAMAOLE,2777 S KIHEI RD UNIT D 211,98156941,NL,,,,,2026-07-15T19:41:40
239004082,0112,390040820112,2-3-9-004-082-0112,D 212,D212,MAUI KAMAOLE,2777 S KIHEI RD UNIT D 212,64070505,M,,,,,2026-07-15T19:41:40
239004082,0112,390040820112,2-3-9-004-082-0112,D 212,D212,MAUI KAMAOLE,2777 S KIHEI RD UNIT D 212,71850407,M,,,,,2026-07-15T19:41:40
239004082,0112,390040820112,2-3-9-004-082-0112,D 212,D212,MAUI KAMAOLE,2777 S KIHEI RD UNIT D 212,77480416,M,,,,,2026-07-15T19:41:40
239004082,0112,390040820112,2-3-9-004-082-0112,D 212,D212,MAUI KAMAOLE,2777 S KIHEI RD UNIT D 212,77480417,,,,,,2026-07-15T19:41:40
239004082,0112,390040820112,2-3-9-004-082-0112,D 212,D212,MAUI KAMAOLE,2777 S KIHEI RD UNIT D 212,79130571,,,,,,2026-07-15T19:41:40
239004082,0112,390040820112,2-3-9-004-082-0112,D 212,D212,MAUI KAMAOLE,2777 S KIHEI RD UNIT D 212,97007985,,,,,,2026-07-15T19:41:40
239004082,0112,390040820112,2-3-9-004-082-0112,D 212,D212,MAUI KAMAOLE,2777 S KIHEI RD UNIT D 212,97007986,,,,,,2026-07-15T19:41:40
239004082,0112,390040820112,2-3-9-004-082-0112,D 212,D212,MAUI KAMAOLE,2777 S KIHEI RD UNIT D 212,98156941,NL,,,,,2026-07-15T19:41:40
239004082,0112,390040820112,2-3-9-004-082-0112,D 212,D212,MAUI KAMAOLE,2777 S KIHEI RD UNIT D 212,2007113315,M,,,,,2026-07-15T19:41:40
239004082,0112,390040820112,2-3-9-004-082-0112,D 212,D212,MAUI KAMAOLE,2777 S KIHEI RD UNIT D 212,2007113316,,,,,,2026-07-15T19:41:40
239004082,0112,390040820112,2-3-9-004-082-0112,D 212,D212,MAUI KAMAOLE,2777 S KIHEI RD UNIT D 212,2007113318,R,,,,,2026-07-15T19:41:40
239004082,0112,390040820112,2-3-9-004-082-0112,D 212,D212,MAUI KAMAOLE,2777 S KIHEI RD UNIT D 212,2007113319,R,,,,,2026-07-15T19:41:40
239004082,0113,390040820113,2-3-9-004-082-0113,E 101,E101,MAUI KAMAOLE,2777 S KIHEI RD UNIT E 101,45630356,,,,,,2026-07-15T19:41:40
239004082,0113,390040820113,2-3-9-004-082-0113,E 101,E101,MAUI KAMAOLE,2777 S KIHEI RD UNIT E 101,45630357,,,,,,2026-07-15T19:41:40
239004082,0113,390040820113,2-3-9-004-082-0113,E 101,E101,MAUI KAMAOLE,2777 S KIHEI RD UNIT E 101,45630358,,,,,,2026-07-15T19:41:40
239004082,0113,390040820113,2-3-9-004-082-0113,E 101,E101,MAUI KAMAOLE,2777 S KIHEI RD UNIT E 101,45630359,,,,,,2026-07-15T19:41:40
239004082,0113,390040820113,2-3-9-004-082-0113,E 101,E101,MAUI KAMAOLE,2777 S KIHEI RD UNIT E 101,45630360,R,,,,,2026-07-15T19:41:40
239004082,0113,390040820113,2-3-9-004-082-0113,E 101,E101,MAUI KAMAOLE,2777 S KIHEI RD UNIT E 101,45670377,M,,,,,2026-07-15T19:41:40
239004082,0113,390040820113,2-3-9-004-082-0113,E 101,E101,MAUI KAMAOLE,2777 S KIHEI RD UNIT E 101,45800607,M,,,,,2026-07-15T19:41:40
239004082,0113,390040820113,2-3-9-004-082-0113,E 101,E101,MAUI KAMAOLE,2777 S KIHEI RD UNIT E 101,56550923,,,,,,2026-07-15T19:41:40
239004082,0113,390040820113,2-3-9-004-082-0113,E 101,E101,MAUI KAMAOLE,2777 S KIHEI RD UNIT E 101,70510052,,,,,,2026-07-15T19:41:40
239004082,0113,390040820113,2-3-9-004-082-0113,E 101,E101,MAUI KAMAOLE,2777 S KIHEI RD UNIT E 101,70510053,R,,,,,2026-07-15T19:41:40
239004082,0113,390040820113,2-3-9-004-082-0113,E 101,E101,MAUI KAMAOLE,2777 S KIHEI RD UNIT E 101,70720465,M,,,,,2026-07-15T19:41:40
239004082,0113,390040820113,2-3-9-004-082-0113,E 101,E101,MAUI KAMAOLE,2777 S KIHEI RD UNIT E 101,75210768,,,,,,2026-07-15T19:41:40
239004082,0113,390040820113,2-3-9-004-082-0113,E 101,E101,MAUI KAMAOLE,2777 S KIHEI RD UNIT E 101,75210769,,,,,,2026-07-15T19:41:40
239004082,0113,390040820113,2-3-9-004-082-0113,E 101,E101,MAUI KAMAOLE,2777 S KIHEI RD UNIT E 101,96065166,,,,,,2026-07-15T19:41:40
239004082,0113,390040820113,2-3-9-004-082-0113,E 101,E101,MAUI KAMAOLE,2777 S KIHEI RD UNIT E 101,96065167,,,,,,2026-07-15T19:41:40
239004082,0113,390040820113,2-3-9-004-082-0113,E 101,E101,MAUI KAMAOLE,2777 S KIHEI RD UNIT E 101,96065168,,,,,,2026-07-15T19:41:40
239004082,0113,390040820113,2-3-9-004-082-0113,E 101,E101,MAUI KAMAOLE,2777 S KIHEI RD UNIT E 101,96111524,,,,,,2026-07-15T19:41:40
239004082,0113,390040820113,2-3-9-004-082-0113,E 101,E101,MAUI KAMAOLE,2777 S KIHEI RD UNIT E 101,97146475,,,,,,2026-07-15T19:41:40
239004082,0113,390040820113,2-3-9-004-082-0113,E 101,E101,MAUI KAMAOLE,2777 S KIHEI RD UNIT E 101,98156941,NL,,,,,2026-07-15T19:41:40
239004082,0113,390040820113,2-3-9-004-082-0113,E 101,E101,MAUI KAMAOLE,2777 S KIHEI RD UNIT E 101,99078582,,,,,,2026-07-15T19:41:40
239004082,0113,390040820113,2-3-9-004-082-0113,E 101,E101,MAUI KAMAOLE,2777 S KIHEI RD UNIT E 101,99108935,,,,,,2026-07-15T19:41:40
239004082,0113,390040820113,2-3-9-004-082-0113,E 101,E101,MAUI KAMAOLE,2777 S KIHEI RD UNIT E 101,2002101006,R,,,,,2026-07-15T19:41:40
239004082,0113,390040820113,2-3-9-004-082-0113,E 101,E101,MAUI KAMAOLE,2777 S KIHEI RD UNIT E 101,2002147995,,,,,,2026-07-15T19:41:40
239004082,0113,390040820113,2-3-9-004-082-0113,E 101,E101,MAUI KAMAOLE,2777 S KIHEI RD UNIT E 101,2002147996,,,,,,2026-07-15T19:41:40
239004082,0113,390040820113,2-3-9-004-082-0113,E 101,E101,MAUI KAMAOLE,2777 S KIHEI RD UNIT E 101,2004064748,R,,,,,2026-07-15T19:41:40
239004082,0113,390040820113,2-3-9-004-082-0113,E 101,E101,MAUI KAMAOLE,2777 S KIHEI RD UNIT E 101,2004100860,M,,,,,2026-07-15T19:41:40
239004082,0113,390040820113,2-3-9-004-082-0113,E 101,E101,MAUI KAMAOLE,2777 S KIHEI RD UNIT E 101,2006198295,R,,,,,2026-07-15T19:41:40
239004082,0113,390040820113,2-3-9-004-082-0113,E 101,E101,MAUI KAMAOLE,2777 S KIHEI RD UNIT E 101,2006221258,M,,,,,2026-07-15T19:41:40
239004082,0113,390040820113,2-3-9-004-082-0113,E 101,E101,MAUI KAMAOLE,2777 S KIHEI RD UNIT E 101,2006221259,M,,,,,2026-07-15T19:41:40
239004082,0113,390040820113,2-3-9-004-082-0113,E 101,E101,MAUI KAMAOLE,2777 S KIHEI RD UNIT E 101,9244000133,M,,,,,2026-07-15T19:41:40
239004082,0113,390040820113,2-3-9-004-082-0113,E 101,E101,MAUI KAMAOLE,2777 S KIHEI RD UNIT E 101,9244000134,,,,,,2026-07-15T19:41:40
239004082,0113,390040820113,2-3-9-004-082-0113,E 101,E101,MAUI KAMAOLE,2777 S KIHEI RD UNIT E 101,9327000174,MFS,,,,,2026-07-15T19:41:40
239004082,0114,390040820114,2-3-9-004-082-0114,E 102,E102,MAUI KAMAOLE,2777 S KIHEI RD UNIT E 102,73890282,,,,,,2026-07-15T19:41:40
239004082,0114,390040820114,2-3-9-004-082-0114,E 102,E102,MAUI KAMAOLE,2777 S KIHEI RD UNIT E 102,73890283,R,,,,,2026-07-15T19:41:40
239004082,0114,390040820114,2-3-9-004-082-0114,E 102,E102,MAUI KAMAOLE,2777 S KIHEI RD UNIT E 102,96044752,,,,,,2026-07-15T19:41:40
239004082,0114,390040820114,2-3-9-004-082-0114,E 102,E102,MAUI KAMAOLE,2777 S KIHEI RD UNIT E 102,96044753,,,,,,2026-07-15T19:41:40
239004082,0114,390040820114,2-3-9-004-082-0114,E 102,E102,MAUI KAMAOLE,2777 S KIHEI RD UNIT E 102,98156941,NL,,,,,2026-07-15T19:41:40
239004082,0114,390040820114,2-3-9-004-082-0114,E 102,E102,MAUI KAMAOLE,2777 S KIHEI RD UNIT E 102,2004226294,,,,,,2026-07-15T19:41:40
239004082,0114,390040820114,2-3-9-004-082-0114,E 102,E102,MAUI KAMAOLE,2777 S KIHEI RD UNIT E 102,2004226295,R,,,,,2026-07-15T19:41:40
239004082,0114,390040820114,2-3-9-004-082-0114,E 102,E102,MAUI KAMAOLE,2777 S KIHEI RD UNIT E 102,2005000177,,,,,,2026-07-15T19:41:40
239004082,0114,390040820114,2-3-9-004-082-0114,E 102,E102,MAUI KAMAOLE,2777 S KIHEI RD UNIT E 102,2007142924,,,,,,2026-07-15T19:41:40
239004082,0114,390040820114,2-3-9-004-082-0114,E 102,E102,MAUI KAMAOLE,2777 S KIHEI RD UNIT E 102,2011092380,,,,,,2026-07-15T19:41:40
239004082,0114,390040820114,2-3-9-004-082-0114,E 102,E102,MAUI KAMAOLE,2777 S KIHEI RD UNIT E 102,9477000260,M,,,,,2026-07-15T19:41:40
239004082,0114,390040820114,2-3-9-004-082-0114,E 102,E102,MAUI KAMAOLE,2777 S KIHEI RD UNIT E 102,9477000261,,,,,,2026-07-15T19:41:40
239004082,0114,390040820114,2-3-9-004-082-0114,E 102,E102,MAUI KAMAOLE,2777 S KIHEI RD UNIT E 102,9587000160,M,,,,,2026-07-15T19:41:40
239004082,0115,390040820115,2-3-9-004-082-0115,E 103,E103,MAUI KAMAOLE,2777 S KIHEI RD UNIT E 103,74030450,,,,,,2026-07-15T19:41:40
239004082,0115,390040820115,2-3-9-004-082-0115,E 103,E103,MAUI KAMAOLE,2777 S KIHEI RD UNIT E 103,74030451,,,,,,2026-07-15T19:41:40
239004082,0115,390040820115,2-3-9-004-082-0115,E 103,E103,MAUI KAMAOLE,2777 S KIHEI RD UNIT E 103,95077998,,,,,,2026-07-15T19:41:40
239004082,0115,390040820115,2-3-9-004-082-0115,E 103,E103,MAUI KAMAOLE,2777 S KIHEI RD UNIT E 103,95077999,,,,,,2026-07-15T19:41:40
239004082,0115,390040820115,2-3-9-004-082-0115,E 103,E103,MAUI KAMAOLE,2777 S KIHEI RD UNIT E 103,95078000,,,,,,2026-07-15T19:41:40
239004082,0115,390040820115,2-3-9-004-082-0115,E 103,E103,MAUI KAMAOLE,2777 S KIHEI RD UNIT E 103,98156941,NL,,,,,2026-07-15T19:41:40
239004082,0115,390040820115,2-3-9-004-082-0115,E 103,E103,MAUI KAMAOLE,2777 S KIHEI RD UNIT E 103,2002112505,,,,,,2026-07-15T19:41:40
239004082,0115,390040820115,2-3-9-004-082-0115,E 103,E103,MAUI KAMAOLE,2777 S KIHEI RD UNIT E 103,2003206689,R,,,,,2026-07-15T19:41:40
239004082,0115,390040820115,2-3-9-004-082-0115,E 103,E103,MAUI KAMAOLE,2777 S KIHEI RD UNIT E 103,2003247549,,,,,,2026-07-15T19:41:40
239004082,0115,390040820115,2-3-9-004-082-0115,E 103,E103,MAUI KAMAOLE,2777 S KIHEI RD UNIT E 103,2007022407,M,,,,,2026-07-15T19:41:40
239004082,0115,390040820115,2-3-9-004-082-0115,E 103,E103,MAUI KAMAOLE,2777 S KIHEI RD UNIT E 103,2009090392,,,,,,2026-07-15T19:41:40
239004082,0115,390040820115,2-3-9-004-082-0115,E 103,E103,MAUI KAMAOLE,2777 S KIHEI RD UNIT E 103,2009090393,R,,,,,2026-07-15T19:41:40
239004082,0115,390040820115,2-3-9-004-082-0115,E 103,E103,MAUI KAMAOLE,2777 S KIHEI RD UNIT E 103,2010124380,MFS,,,,,2026-07-15T19:41:40
239004082,0116,390040820116,2-3-9-004-082-0116,E 104,E104,MAUI KAMAOLE,2777 S KIHEI RD UNIT E 104,49320308,,,,,,2026-07-15T19:41:40
239004082,0116,390040820116,2-3-9-004-082-0116,E 104,E104,MAUI KAMAOLE,2777 S KIHEI RD UNIT E 104,49320309,R,,,,,2026-07-15T19:41:40
239004082,0116,390040820116,2-3-9-004-082-0116,E 104,E104,MAUI KAMAOLE,2777 S KIHEI RD UNIT E 104,50000036,M,,,,,2026-07-15T19:41:40
239004082,0116,390040820116,2-3-9-004-082-0116,E 104,E104,MAUI KAMAOLE,2777 S KIHEI RD UNIT E 104,64810736,M,,,,,2026-07-15T19:41:40
239004082,0116,390040820116,2-3-9-004-082-0116,E 104,E104,MAUI KAMAOLE,2777 S KIHEI RD UNIT E 104,71440487,R,,,,,2026-07-15T19:41:40
239004082,0116,390040820116,2-3-9-004-082-0116,E 104,E104,MAUI KAMAOLE,2777 S KIHEI RD UNIT E 104,84100537,MFS,,,,,2026-07-15T19:41:40
239004082,0116,390040820116,2-3-9-004-082-0116,E 104,E104,MAUI KAMAOLE,2777 S KIHEI RD UNIT E 104,95078575,,,,,,2026-07-15T19:41:40
239004082,0116,390040820116,2-3-9-004-082-0116,E 104,E104,MAUI KAMAOLE,2777 S KIHEI RD UNIT E 104,95078576,,,,,,2026-07-15T19:41:40
239004082,0116,390040820116,2-3-9-004-082-0116,E 104,E104,MAUI KAMAOLE,2777 S KIHEI RD UNIT E 104,95078577,,,,,,2026-07-15T19:41:40
239004082,0116,390040820116,2-3-9-004-082-0116,E 104,E104,MAUI KAMAOLE,2777 S KIHEI RD UNIT E 104,98156941,NL,,,,,2026-07-15T19:41:40
239004082,0116,390040820116,2-3-9-004-082-0116,E 104,E104,MAUI KAMAOLE,2777 S KIHEI RD UNIT E 104,2000061421,R,,,,,2026-07-15T19:41:40
239004082,0116,390040820116,2-3-9-004-082-0116,E 104,E104,MAUI KAMAOLE,2777 S KIHEI RD UNIT E 104,2000061422,R,,,,,2026-07-15T19:41:40
239004082,0116,390040820116,2-3-9-004-082-0116,E 104,E104,MAUI KAMAOLE,2777 S KIHEI RD UNIT E 104,2000125911,M,,,,,2026-07-15T19:41:40
239004082,0116,390040820116,2-3-9-004-082-0116,E 104,E104,MAUI KAMAOLE,2777 S KIHEI RD UNIT E 104,2001015153,,,,,,2026-07-15T19:41:40
239004082,0116,390040820116,2-3-9-004-082-0116,E 104,E104,MAUI KAMAOLE,2777 S KIHEI RD UNIT E 104,2001085749,R,,,,,2026-07-15T19:41:40
239004082,0116,390040820116,2-3-9-004-082-0116,E 104,E104,MAUI KAMAOLE,2777 S KIHEI RD UNIT E 104,2001109766,R,,,,,2026-07-15T19:41:40
239004082,0116,390040820116,2-3-9-004-082-0116,E 104,E104,MAUI KAMAOLE,2777 S KIHEI RD UNIT E 104,2001109767,R,,,,,2026-07-15T19:41:40
239004082,0116,390040820116,2-3-9-004-082-0116,E 104,E104,MAUI KAMAOLE,2777 S KIHEI RD UNIT E 104,2001141881,M,,,,,2026-07-15T19:41:40
239004082,0116,390040820116,2-3-9-004-082-0116,E 104,E104,MAUI KAMAOLE,2777 S KIHEI RD UNIT E 104,2008033126,,,,,,2026-07-15T19:41:40
239004082,0116,390040820116,2-3-9-004-082-0116,E 104,E104,MAUI KAMAOLE,2777 S KIHEI RD UNIT E 104,2010055528,R,,,,,2026-07-15T19:41:40
239004082,0116,390040820116,2-3-9-004-082-0116,E 104,E104,MAUI KAMAOLE,2777 S KIHEI RD UNIT E 104,2010066223,M,,,,,2026-07-15T19:41:40
239004082,0116,390040820116,2-3-9-004-082-0116,E 104,E104,MAUI KAMAOLE,2777 S KIHEI RD UNIT E 104,9281000270,,,,,,2026-07-15T19:41:40
239004082,0117,390040820117,2-3-9-004-082-0117,E 201,E201,MAUI KAMAOLE,2777 S KIHEI RD UNIT E 201,79980919,,,,,,2026-07-15T19:41:40
239004082,0117,390040820117,2-3-9-004-082-0117,E 201,E201,MAUI KAMAOLE,2777 S KIHEI RD UNIT E 201,81030540,MFS,,,,,2026-07-15T19:41:40
239004082,0117,390040820117,2-3-9-004-082-0117,E 201,E201,MAUI KAMAOLE,2777 S KIHEI RD UNIT E 201,83360082,,,,,,2026-07-15T19:41:40
239004082,0117,390040820117,2-3-9-004-082-0117,E 201,E201,MAUI KAMAOLE,2777 S KIHEI RD UNIT E 201,95076715,,,,,,2026-07-15T19:41:40
239004082,0117,390040820117,2-3-9-004-082-0117,E 201,E201,MAUI KAMAOLE,2777 S KIHEI RD UNIT E 201,95076716,,,,,,2026-07-15T19:41:40
239004082,0117,390040820117,2-3-9-004-082-0117,E 201,E201,MAUI KAMAOLE,2777 S KIHEI RD UNIT E 201,98156941,NL,,,,,2026-07-15T19:41:40
239004082,0117,390040820117,2-3-9-004-082-0117,E 201,E201,MAUI KAMAOLE,2777 S KIHEI RD UNIT E 201,2006024094,,,,,,2026-07-15T19:41:40
239004082,0117,390040820117,2-3-9-004-082-0117,E 201,E201,MAUI KAMAOLE,2777 S KIHEI RD UNIT E 201,2006024095,R,,,,,2026-07-15T19:41:40
239004082,0117,390040820117,2-3-9-004-082-0117,E 201,E201,MAUI KAMAOLE,2777 S KIHEI RD UNIT E 201,2010053715,MFS,,,,,2026-07-15T19:41:40
239004082,0118,390040820118,2-3-9-004-082-0118,E 202,E202,MAUI KAMAOLE PHASE III,2777 S KIHEI RD UNIT E 202,64310921,M,,,,,2026-07-15T19:41:40
239004082,0118,390040820118,2-3-9-004-082-0118,E 202,E202,MAUI KAMAOLE PHASE III,2777 S KIHEI RD UNIT E 202,78250344,M,,,,,2026-07-15T19:41:40
239004082,0118,390040820118,2-3-9-004-082-0118,E 202,E202,MAUI KAMAOLE PHASE III,2777 S KIHEI RD UNIT E 202,78250345,,,,,,2026-07-15T19:41:40
239004082,0118,390040820118,2-3-9-004-082-0118,E 202,E202,MAUI KAMAOLE PHASE III,2777 S KIHEI RD UNIT E 202,95124840,,,,,,2026-07-15T19:41:40
239004082,0118,390040820118,2-3-9-004-082-0118,E 202,E202,MAUI KAMAOLE PHASE III,2777 S KIHEI RD UNIT E 202,95124841,,,,,,2026-07-15T19:41:40
239004082,0118,390040820118,2-3-9-004-082-0118,E 202,E202,MAUI KAMAOLE PHASE III,2777 S KIHEI RD UNIT E 202,95124842,,,,,,2026-07-15T19:41:40
239004082,0118,390040820118,2-3-9-004-082-0118,E 202,E202,MAUI KAMAOLE PHASE III,2777 S KIHEI RD UNIT E 202,95124843,,,,,,2026-07-15T19:41:40
239004082,0118,390040820118,2-3-9-004-082-0118,E 202,E202,MAUI KAMAOLE PHASE III,2777 S KIHEI RD UNIT E 202,96103385,,,,,,2026-07-15T19:41:40
239004082,0118,390040820118,2-3-9-004-082-0118,E 202,E202,MAUI KAMAOLE PHASE III,2777 S KIHEI RD UNIT E 202,98156941,NL,,,,,2026-07-15T19:41:40
239004082,0118,390040820118,2-3-9-004-082-0118,E 202,E202,MAUI KAMAOLE PHASE III,2777 S KIHEI RD UNIT E 202,2003158945,R,,,,,2026-07-15T19:41:40
239004082,0118,390040820118,2-3-9-004-082-0118,E 202,E202,MAUI KAMAOLE PHASE III,2777 S KIHEI RD UNIT E 202,2003160091,,,,,,2026-07-15T19:41:40
239004082,0118,390040820118,2-3-9-004-082-0118,E 202,E202,MAUI KAMAOLE PHASE III,2777 S KIHEI RD UNIT E 202,2003201004,,,,,,2026-07-15T19:41:40
239004082,0118,390040820118,2-3-9-004-082-0118,E 202,E202,MAUI KAMAOLE PHASE III,2777 S KIHEI RD UNIT E 202,9650000842,,,,,,2026-07-15T19:41:40
239004082,0119,390040820119,2-3-9-004-082-0119,E 203,E203,MAUI KAMAOLE,2777 S KIHEI RD UNIT E 203,61930703,,,,,,2026-07-15T19:41:40
239004082,0119,390040820119,2-3-9-004-082-0119,E 203,E203,MAUI KAMAOLE,2777 S KIHEI RD UNIT E 203,62050712,R,,,,,2026-07-15T19:41:40
239004082,0119,390040820119,2-3-9-004-082-0119,E 203,E203,MAUI KAMAOLE,2777 S KIHEI RD UNIT E 203,62050713,,,,,,2026-07-15T19:41:40
239004082,0119,390040820119,2-3-9-004-082-0119,E 203,E203,MAUI KAMAOLE,2777 S KIHEI RD UNIT E 203,80940285,R,,,,,2026-07-15T19:41:40
239004082,0119,390040820119,2-3-9-004-082-0119,E 203,E203,MAUI KAMAOLE,2777 S KIHEI RD UNIT E 203,95134761,,,,,,2026-07-15T19:41:40
239004082,0119,390040820119,2-3-9-004-082-0119,E 203,E203,MAUI KAMAOLE,2777 S KIHEI RD UNIT E 203,95134762,M,,,,,2026-07-15T19:41:40
239004082,0119,390040820119,2-3-9-004-082-0119,E 203,E203,MAUI KAMAOLE,2777 S KIHEI RD UNIT E 203,95134763,M,,,,,2026-07-15T19:41:40
239004082,0119,390040820119,2-3-9-004-082-0119,E 203,E203,MAUI KAMAOLE,2777 S KIHEI RD UNIT E 203,95134764,,,,,,2026-07-15T19:41:40
239004082,0119,390040820119,2-3-9-004-082-0119,E 203,E203,MAUI KAMAOLE,2777 S KIHEI RD UNIT E 203,96091803,,,,,,2026-07-15T19:41:40
239004082,0119,390040820119,2-3-9-004-082-0119,E 203,E203,MAUI KAMAOLE,2777 S KIHEI RD UNIT E 203,98156941,NL,,,,,2026-07-15T19:41:40
239004082,0119,390040820119,2-3-9-004-082-0119,E 203,E203,MAUI KAMAOLE,2777 S KIHEI RD UNIT E 203,2000025003,M,,,,,2026-07-15T19:41:40
239004082,0119,390040820119,2-3-9-004-082-0119,E 203,E203,MAUI KAMAOLE,2777 S KIHEI RD UNIT E 203,2000025004,R,,,,,2026-07-15T19:41:40
239004082,0119,390040820119,2-3-9-004-082-0119,E 203,E203,MAUI KAMAOLE,2777 S KIHEI RD UNIT E 203,2000051917,M,,,,,2026-07-15T19:41:40
239004082,0119,390040820119,2-3-9-004-082-0119,E 203,E203,MAUI KAMAOLE,2777 S KIHEI RD UNIT E 203,2002208351,R,,,,,2026-07-15T19:41:40
239004082,0119,390040820119,2-3-9-004-082-0119,E 203,E203,MAUI KAMAOLE,2777 S KIHEI RD UNIT E 203,2003077163,MFS,,,,,2026-07-15T19:41:40
239004082,0120,390040820120,2-3-9-004-082-0120,E 204,E204,MAUI KAMAOLE,2777 S KIHEI RD UNIT E 204,44130483,,,,,,2026-07-15T19:41:40
239004082,0120,390040820120,2-3-9-004-082-0120,E 204,E204,MAUI KAMAOLE,2777 S KIHEI RD UNIT E 204,44360648,M,,,,,2026-07-15T19:41:40
239004082,0120,390040820120,2-3-9-004-082-0120,E 204,E204,MAUI KAMAOLE,2777 S KIHEI RD UNIT E 204,44410604,M,,,,,2026-07-15T19:41:40
239004082,0120,390040820120,2-3-9-004-082-0120,E 204,E204,MAUI KAMAOLE,2777 S KIHEI RD UNIT E 204,65720024,,,,,,2026-07-15T19:41:40
239004082,0120,390040820120,2-3-9-004-082-0120,E 204,E204,MAUI KAMAOLE,2777 S KIHEI RD UNIT E 204,95078553,,,,,,2026-07-15T19:41:40
239004082,0120,390040820120,2-3-9-004-082-0120,E 204,E204,MAUI KAMAOLE,2777 S KIHEI RD UNIT E 204,95078554,,,,,,2026-07-15T19:41:40
239004082,0120,390040820120,2-3-9-004-082-0120,E 204,E204,MAUI KAMAOLE,2777 S KIHEI RD UNIT E 204,95078555,,,,,,2026-07-15T19:41:40
239004082,0120,390040820120,2-3-9-004-082-0120,E 204,E204,MAUI KAMAOLE,2777 S KIHEI RD UNIT E 204,96015359,,,,,,2026-07-15T19:41:40
239004082,0120,390040820120,2-3-9-004-082-0120,E 204,E204,MAUI KAMAOLE,2777 S KIHEI RD UNIT E 204,96015360,,,,,,2026-07-15T19:41:40
239004082,0120,390040820120,2-3-9-004-082-0120,E 204,E204,MAUI KAMAOLE,2777 S KIHEI RD UNIT E 204,96041568,,,,,,2026-07-15T19:41:40
239004082,0120,390040820120,2-3-9-004-082-0120,E 204,E204,MAUI KAMAOLE,2777 S KIHEI RD UNIT E 204,96050079,,,,,,2026-07-15T19:41:40
239004082,0120,390040820120,2-3-9-004-082-0120,E 204,E204,MAUI KAMAOLE,2777 S KIHEI RD UNIT E 204,98156941,NL,,,,,2026-07-15T19:41:40
239004082,0120,390040820120,2-3-9-004-082-0120,E 204,E204,MAUI KAMAOLE,2777 S KIHEI RD UNIT E 204,2002191764,,,,,,2026-07-15T19:41:40
239004082,0120,390040820120,2-3-9-004-082-0120,E 204,E204,MAUI KAMAOLE,2777 S KIHEI RD UNIT E 204,2002191765,R,,,,,2026-07-15T19:41:40
239004082,0120,390040820120,2-3-9-004-082-0120,E 204,E204,MAUI KAMAOLE,2777 S KIHEI RD UNIT E 204,2003012376,,,,,,2026-07-15T19:41:40
239004082,0120,390040820120,2-3-9-004-082-0120,E 204,E204,MAUI KAMAOLE,2777 S KIHEI RD UNIT E 204,2003275828,R,,,,,2026-07-15T19:41:40
239004082,0121,390040820121,2-3-9-004-082-0121,J 101,J101,MAUI KAMAOLE PHASE III,2777 S KIHEI RD UNIT J 101,Certificate,,,,,,2026-07-15T19:41:40
239004082,0122,390040820122,2-3-9-004-082-0122,J 102,J102,MAUI KAMAOLE PHASE III,2777 S KIHEI RD UNIT J 102,47480891,M,,,,,2026-07-15T19:41:40
239004082,0122,390040820122,2-3-9-004-082-0122,J 102,J102,MAUI KAMAOLE PHASE III,2777 S KIHEI RD UNIT J 102,83220755,,,,,,2026-07-15T19:41:40
239004082,0122,390040820122,2-3-9-004-082-0122,J 102,J102,MAUI KAMAOLE PHASE III,2777 S KIHEI RD UNIT J 102,83640410,,,,,,2026-07-15T19:41:40
239004082,0122,390040820122,2-3-9-004-082-0122,J 102,J102,MAUI KAMAOLE PHASE III,2777 S KIHEI RD UNIT J 102,99143522,NL,,,,,2026-07-15T19:41:40
239004082,0122,390040820122,2-3-9-004-082-0122,J 102,J102,MAUI KAMAOLE PHASE III,2777 S KIHEI RD UNIT J 102,99157955,,,,,,2026-07-15T19:41:40
239004082,0122,390040820122,2-3-9-004-082-0122,J 102,J102,MAUI KAMAOLE PHASE III,2777 S KIHEI RD UNIT J 102,99157956,,,,,,2026-07-15T19:41:40
239004082,0122,390040820122,2-3-9-004-082-0122,J 102,J102,MAUI KAMAOLE PHASE III,2777 S KIHEI RD UNIT J 102,99171574,,,,,,2026-07-15T19:41:40
239004082,0122,390040820122,2-3-9-004-082-0122,J 102,J102,MAUI KAMAOLE PHASE III,2777 S KIHEI RD UNIT J 102,2000042517,,,,,,2026-07-15T19:41:40
239004082,0122,390040820122,2-3-9-004-082-0122,J 102,J102,MAUI KAMAOLE PHASE III,2777 S KIHEI RD UNIT J 102,2000042518,,,,,,2026-07-15T19:41:40
239004082,0122,390040820122,2-3-9-004-082-0122,J 102,J102,MAUI KAMAOLE PHASE III,2777 S KIHEI RD UNIT J 102,2000091260,,,,,,2026-07-15T19:41:40
239004082,0122,390040820122,2-3-9-004-082-0122,J 102,J102,MAUI KAMAOLE PHASE III,2777 S KIHEI RD UNIT J 102,2000091261,,,,,,2026-07-15T19:41:40
239004082,0122,390040820122,2-3-9-004-082-0122,J 102,J102,MAUI KAMAOLE PHASE III,2777 S KIHEI RD UNIT J 102,2000135316,,,,,,2026-07-15T19:41:40
239004082,0122,390040820122,2-3-9-004-082-0122,J 102,J102,MAUI KAMAOLE PHASE III,2777 S KIHEI RD UNIT J 102,2000135317,,,,,,2026-07-15T19:41:40
239004082,0122,390040820122,2-3-9-004-082-0122,J 102,J102,MAUI KAMAOLE PHASE III,2777 S KIHEI RD UNIT J 102,2000135318,,,,,,2026-07-15T19:41:40
239004082,0122,390040820122,2-3-9-004-082-0122,J 102,J102,MAUI KAMAOLE PHASE III,2777 S KIHEI RD UNIT J 102,2000135319,R,,,,,2026-07-15T19:41:40
239004082,0122,390040820122,2-3-9-004-082-0122,J 102,J102,MAUI KAMAOLE PHASE III,2777 S KIHEI RD UNIT J 102,2003001863,,,,,,2026-07-15T19:41:40
239004082,0122,390040820122,2-3-9-004-082-0122,J 102,J102,MAUI KAMAOLE PHASE III,2777 S KIHEI RD UNIT J 102,2003001864,R,,,,,2026-07-15T19:41:40
239004082,0122,390040820122,2-3-9-004-082-0122,J 102,J102,MAUI KAMAOLE PHASE III,2777 S KIHEI RD UNIT J 102,2003036287,M,,,,,2026-07-15T19:41:40
239004082,0122,390040820122,2-3-9-004-082-0122,J 102,J102,MAUI KAMAOLE PHASE III,2777 S KIHEI RD UNIT J 102,2004113749,R,,,,,2026-07-15T19:41:40
239004082,0122,390040820122,2-3-9-004-082-0122,J 102,J102,MAUI KAMAOLE PHASE III,2777 S KIHEI RD UNIT J 102,2004163743,M,,,,,2026-07-15T19:41:40
239004082,0122,390040820122,2-3-9-004-082-0122,J 102,J102,MAUI KAMAOLE PHASE III,2777 S KIHEI RD UNIT J 102,2005088117,,,,,,2026-07-15T19:41:40
239004082,0123,390040820123,2-3-9-004-082-0123,J 103,J103,MAUI KAMAOLE PHASE III,2777 S KIHEI RD UNIT J 103,52280001,R,,,,,2026-07-15T19:41:40
239004082,0123,390040820123,2-3-9-004-082-0123,J 103,J103,MAUI KAMAOLE PHASE III,2777 S KIHEI RD UNIT J 103,52610645,M,,,,,2026-07-15T19:41:40
239004082,0123,390040820123,2-3-9-004-082-0123,J 103,J103,MAUI KAMAOLE PHASE III,2777 S KIHEI RD UNIT J 103,60650879,R,,,,,2026-07-15T19:41:40
239004082,0123,390040820123,2-3-9-004-082-0123,J 103,J103,MAUI KAMAOLE PHASE III,2777 S KIHEI RD UNIT J 103,64920031,M,,,,,2026-07-15T19:41:40
239004082,0123,390040820123,2-3-9-004-082-0123,J 103,J103,MAUI KAMAOLE PHASE III,2777 S KIHEI RD UNIT J 103,65150621,M,,,,,2026-07-15T19:41:40
239004082,0123,390040820123,2-3-9-004-082-0123,J 103,J103,MAUI KAMAOLE PHASE III,2777 S KIHEI RD UNIT J 103,67400040,M,,,,,2026-07-15T19:41:40
239004082,0123,390040820123,2-3-9-004-082-0123,J 103,J103,MAUI KAMAOLE PHASE III,2777 S KIHEI RD UNIT J 103,99143522,NL,,,,,2026-07-15T19:41:40
239004082,0123,390040820123,2-3-9-004-082-0123,J 103,J103,MAUI KAMAOLE PHASE III,2777 S KIHEI RD UNIT J 103,99157955,,,,,,2026-07-15T19:41:40
239004082,0123,390040820123,2-3-9-004-082-0123,J 103,J103,MAUI KAMAOLE PHASE III,2777 S KIHEI RD UNIT J 103,99157956,,,,,,2026-07-15T19:41:40
239004082,0123,390040820123,2-3-9-004-082-0123,J 103,J103,MAUI KAMAOLE PHASE III,2777 S KIHEI RD UNIT J 103,99171574,,,,,,2026-07-15T19:41:40
239004082,0123,390040820123,2-3-9-004-082-0123,J 103,J103,MAUI KAMAOLE PHASE III,2777 S KIHEI RD UNIT J 103,2000042517,,,,,,2026-07-15T19:41:40
239004082,0123,390040820123,2-3-9-004-082-0123,J 103,J103,MAUI KAMAOLE PHASE III,2777 S KIHEI RD UNIT J 103,2000042518,,,,,,2026-07-15T19:41:40
239004082,0123,390040820123,2-3-9-004-082-0123,J 103,J103,MAUI KAMAOLE PHASE III,2777 S KIHEI RD UNIT J 103,2000091260,,,,,,2026-07-15T19:41:40
239004082,0123,390040820123,2-3-9-004-082-0123,J 103,J103,MAUI KAMAOLE PHASE III,2777 S KIHEI RD UNIT J 103,2000091261,,,,,,2026-07-15T19:41:40
239004082,0123,390040820123,2-3-9-004-082-0123,J 103,J103,MAUI KAMAOLE PHASE III,2777 S KIHEI RD UNIT J 103,2001096496,,,,,,2026-07-15T19:41:40
239004082,0123,390040820123,2-3-9-004-082-0123,J 103,J103,MAUI KAMAOLE PHASE III,2777 S KIHEI RD UNIT J 103,2001096497,,,,,,2026-07-15T19:41:40
239004082,0123,390040820123,2-3-9-004-082-0123,J 103,J103,MAUI KAMAOLE PHASE III,2777 S KIHEI RD UNIT J 103,2001096498,R,,,,,2026-07-15T19:41:40
239004082,0123,390040820123,2-3-9-004-082-0123,J 103,J103,MAUI KAMAOLE PHASE III,2777 S KIHEI RD UNIT J 103,2003143422,,,,,,2026-07-15T19:41:40
239004082,0123,390040820123,2-3-9-004-082-0123,J 103,J103,MAUI KAMAOLE PHASE III,2777 S KIHEI RD UNIT J 103,2003143423,R,,,,,2026-07-15T19:41:40
239004082,0123,390040820123,2-3-9-004-082-0123,J 103,J103,MAUI KAMAOLE PHASE III,2777 S KIHEI RD UNIT J 103,2003250414,M,,,,,2026-07-15T19:41:40
239004082,0123,390040820123,2-3-9-004-082-0123,J 103,J103,MAUI KAMAOLE PHASE III,2777 S KIHEI RD UNIT J 103,2004130839,,,,,,2026-07-15T19:41:40
239004082,0123,390040820123,2-3-9-004-082-0123,J 103,J103,MAUI KAMAOLE PHASE III,2777 S KIHEI RD UNIT J 103,2005153752,M,,,,,2026-07-15T19:41:40
239004082,0123,390040820123,2-3-9-004-082-0123,J 103,J103,MAUI KAMAOLE PHASE III,2777 S KIHEI RD UNIT J 103,2005153753,M,,,,,2026-07-15T19:41:40
239004082,0123,390040820123,2-3-9-004-082-0123,J 103,J103,MAUI KAMAOLE PHASE III,2777 S KIHEI RD UNIT J 103,2005219257,M,,,,,2026-07-15T19:41:40
239004082,0123,390040820123,2-3-9-004-082-0123,J 103,J103,MAUI KAMAOLE PHASE III,2777 S KIHEI RD UNIT J 103,2010027780,M,,,,,2026-07-15T19:41:40
239004082,0123,390040820123,2-3-9-004-082-0123,J 103,J103,MAUI KAMAOLE PHASE III,2777 S KIHEI RD UNIT J 103,2010027781,M,,,,,2026-07-15T19:41:40
239004082,0123,390040820123,2-3-9-004-082-0123,J 103,J103,MAUI KAMAOLE PHASE III,2777 S KIHEI RD UNIT J 103,2010033506,M,,,,,2026-07-15T19:41:40
239004082,0124,390040820124,2-3-9-004-082-0124,J 104,J104,MAUI KAMAOLE PHASE III,2777 S KIHEI RD UNIT J 104,47100748,,,,,,2026-07-15T19:41:40
239004082,0124,390040820124,2-3-9-004-082-0124,J 104,J104,MAUI KAMAOLE PHASE III,2777 S KIHEI RD UNIT J 104,68020517,,,,,,2026-07-15T19:41:40
239004082,0124,390040820124,2-3-9-004-082-0124,J 104,J104,MAUI KAMAOLE PHASE III,2777 S KIHEI RD UNIT J 104,68230633,MFS,,,,,2026-07-15T19:41:40
239004082,0124,390040820124,2-3-9-004-082-0124,J 104,J104,MAUI KAMAOLE PHASE III,2777 S KIHEI RD UNIT J 104,99143522,NL,,,,,2026-07-15T19:41:40
239004082,0124,390040820124,2-3-9-004-082-0124,J 104,J104,MAUI KAMAOLE PHASE III,2777 S KIHEI RD UNIT J 104,99157955,,,,,,2026-07-15T19:41:40
239004082,0124,390040820124,2-3-9-004-082-0124,J 104,J104,MAUI KAMAOLE PHASE III,2777 S KIHEI RD UNIT J 104,99157956,,,,,,2026-07-15T19:41:40
239004082,0124,390040820124,2-3-9-004-082-0124,J 104,J104,MAUI KAMAOLE PHASE III,2777 S KIHEI RD UNIT J 104,99171574,,,,,,2026-07-15T19:41:40
239004082,0124,390040820124,2-3-9-004-082-0124,J 104,J104,MAUI KAMAOLE PHASE III,2777 S KIHEI RD UNIT J 104,2000042517,,,,,,2026-07-15T19:41:40
239004082,0124,390040820124,2-3-9-004-082-0124,J 104,J104,MAUI KAMAOLE PHASE III,2777 S KIHEI RD UNIT J 104,2000042518,,,,,,2026-07-15T19:41:40
239004082,0124,390040820124,2-3-9-004-082-0124,J 104,J104,MAUI KAMAOLE PHASE III,2777 S KIHEI RD UNIT J 104,2000091260,,,,,,2026-07-15T19:41:40
239004082,0124,390040820124,2-3-9-004-082-0124,J 104,J104,MAUI KAMAOLE PHASE III,2777 S KIHEI RD UNIT J 104,2000091261,,,,,,2026-07-15T19:41:40
239004082,0124,390040820124,2-3-9-004-082-0124,J 104,J104,MAUI KAMAOLE PHASE III,2777 S KIHEI RD UNIT J 104,2001021316,,,,,,2026-07-15T19:41:40
239004082,0124,390040820124,2-3-9-004-082-0124,J 104,J104,MAUI KAMAOLE PHASE III,2777 S KIHEI RD UNIT J 104,2001021317,,,,,,2026-07-15T19:41:40
239004082,0124,390040820124,2-3-9-004-082-0124,J 104,J104,MAUI KAMAOLE PHASE III,2777 S KIHEI RD UNIT J 104,2001021318,,,,,,2026-07-15T19:41:40
239004082,0124,390040820124,2-3-9-004-082-0124,J 104,J104,MAUI KAMAOLE PHASE III,2777 S KIHEI RD UNIT J 104,2001021319,R,,,,,2026-07-15T19:41:40
239004082,0124,390040820124,2-3-9-004-082-0124,J 104,J104,MAUI KAMAOLE PHASE III,2777 S KIHEI RD UNIT J 104,2006033730,M,,,,,2026-07-15T19:41:40
239004082,0124,390040820124,2-3-9-004-082-0124,J 104,J104,MAUI KAMAOLE PHASE III,2777 S KIHEI RD UNIT J 104,2006047827,,,,,,2026-07-15T19:41:40
239004082,0124,390040820124,2-3-9-004-082-0124,J 104,J104,MAUI KAMAOLE PHASE III,2777 S KIHEI RD UNIT J 104,2007036587,M,,,,,2026-07-15T19:41:40
239004082,0124,390040820124,2-3-9-004-082-0124,J 104,J104,MAUI KAMAOLE PHASE III,2777 S KIHEI RD UNIT J 104,2007036588,M,,,,,2026-07-15T19:41:40
239004082,0124,390040820124,2-3-9-004-082-0124,J 104,J104,MAUI KAMAOLE PHASE III,2777 S KIHEI RD UNIT J 104,2007039561,M,,,,,2026-07-15T19:41:40
239004082,0124,390040820124,2-3-9-004-082-0124,J 104,J104,MAUI KAMAOLE PHASE III,2777 S KIHEI RD UNIT J 104,2009100774,M,,,,,2026-07-15T19:41:40
239004082,0124,390040820124,2-3-9-004-082-0124,J 104,J104,MAUI KAMAOLE PHASE III,2777 S KIHEI RD UNIT J 104,2009100775,M,,,,,2026-07-15T19:41:40
239004082,0124,390040820124,2-3-9-004-082-0124,J 104,J104,MAUI KAMAOLE PHASE III,2777 S KIHEI RD UNIT J 104,2009108145,M,,,,,2026-07-15T19:41:40
239004082,0124,390040820124,2-3-9-004-082-0124,J 104,J104,MAUI KAMAOLE PHASE III,2777 S KIHEI RD UNIT J 104,2009111164,MFS,,,,,2026-07-15T19:41:40
239004082,0125,390040820125,2-3-9-004-082-0125,J 105,J105,MAUI KAMAOLE PHASE III,2777 S KIHEI RD UNIT J 105,99143522,NL,,,,,2026-07-15T19:41:40
239004082,0125,390040820125,2-3-9-004-082-0125,J 105,J105,MAUI KAMAOLE PHASE III,2777 S KIHEI RD UNIT J 105,99157955,,,,,,2026-07-15T19:41:40
239004082,0125,390040820125,2-3-9-004-082-0125,J 105,J105,MAUI KAMAOLE PHASE III,2777 S KIHEI RD UNIT J 105,99157956,,,,,,2026-07-15T19:41:40
239004082,0125,390040820125,2-3-9-004-082-0125,J 105,J105,MAUI KAMAOLE PHASE III,2777 S KIHEI RD UNIT J 105,99171574,,,,,,2026-07-15T19:41:40
239004082,0125,390040820125,2-3-9-004-082-0125,J 105,J105,MAUI KAMAOLE PHASE III,2777 S KIHEI RD UNIT J 105,2000042517,,,,,,2026-07-15T19:41:40
239004082,0125,390040820125,2-3-9-004-082-0125,J 105,J105,MAUI KAMAOLE PHASE III,2777 S KIHEI RD UNIT J 105,2000042518,,,,,,2026-07-15T19:41:40
239004082,0125,390040820125,2-3-9-004-082-0125,J 105,J105,MAUI KAMAOLE PHASE III,2777 S KIHEI RD UNIT J 105,2000091260,,,,,,2026-07-15T19:41:40
239004082,0125,390040820125,2-3-9-004-082-0125,J 105,J105,MAUI KAMAOLE PHASE III,2777 S KIHEI RD UNIT J 105,2000091261,,,,,,2026-07-15T19:41:40
239004082,0125,390040820125,2-3-9-004-082-0125,J 105,J105,MAUI KAMAOLE PHASE III,2777 S KIHEI RD UNIT J 105,2000158638,,,,,,2026-07-15T19:41:40
239004082,0125,390040820125,2-3-9-004-082-0125,J 105,J105,MAUI KAMAOLE PHASE III,2777 S KIHEI RD UNIT J 105,2000158639,,,,,,2026-07-15T19:41:40
239004082,0125,390040820125,2-3-9-004-082-0125,J 105,J105,MAUI KAMAOLE PHASE III,2777 S KIHEI RD UNIT J 105,2000158640,,,,,,2026-07-15T19:41:40
239004082,0125,390040820125,2-3-9-004-082-0125,J 105,J105,MAUI KAMAOLE PHASE III,2777 S KIHEI RD UNIT J 105,2000158641,R,,,,,2026-07-15T19:41:40
239004082,0125,390040820125,2-3-9-004-082-0125,J 105,J105,MAUI KAMAOLE PHASE III,2777 S KIHEI RD UNIT J 105,2002055936,R,,,,,2026-07-15T19:41:40
239004082,0125,390040820125,2-3-9-004-082-0125,J 105,J105,MAUI KAMAOLE PHASE III,2777 S KIHEI RD UNIT J 105,2003048244,,,,,,2026-07-15T19:41:40
239004082,0125,390040820125,2-3-9-004-082-0125,J 105,J105,MAUI KAMAOLE PHASE III,2777 S KIHEI RD UNIT J 105,2003230371,M,,,,,2026-07-15T19:41:40
239004082,0125,390040820125,2-3-9-004-082-0125,J 105,J105,MAUI KAMAOLE PHASE III,2777 S KIHEI RD UNIT J 105,2003230372,M,,,,,2026-07-15T19:41:40
239004082,0125,390040820125,2-3-9-004-082-0125,J 105,J105,MAUI KAMAOLE PHASE III,2777 S KIHEI RD UNIT J 105,2003237296,M,,,,,2026-07-15T19:41:40
239004082,0125,390040820125,2-3-9-004-082-0125,J 105,J105,MAUI KAMAOLE PHASE III,2777 S KIHEI RD UNIT J 105,2003265792,MFS,,,,,2026-07-15T19:41:40
239004082,0125,390040820125,2-3-9-004-082-0125,J 105,J105,MAUI KAMAOLE PHASE III,2777 S KIHEI RD UNIT J 105,2003269008,MFS,,,,,2026-07-15T19:41:40
239004082,0125,390040820125,2-3-9-004-082-0125,J 105,J105,MAUI KAMAOLE PHASE III,2777 S KIHEI RD UNIT J 105,2003279240,MFS,,,,,2026-07-15T19:41:40
239004082,0125,390040820125,2-3-9-004-082-0125,J 105,J105,MAUI KAMAOLE PHASE III,2777 S KIHEI RD UNIT J 105,2004020032,MFS,,,,,2026-07-15T19:41:40
239004082,0125,390040820125,2-3-9-004-082-0125,J 105,J105,MAUI KAMAOLE PHASE III,2777 S KIHEI RD UNIT J 105,2010039937,M,,,,,2026-07-15T19:41:40
239004082,0126,390040820126,2-3-9-004-082-0126,J 106,J106,MAUI KAMAOLE PHASE III,2777 S KIHEI RD UNIT J 106,79860510,,,,,,2026-07-15T19:41:40
239004082,0126,390040820126,2-3-9-004-082-0126,J 106,J106,MAUI KAMAOLE PHASE III,2777 S KIHEI RD UNIT J 106,99143522,NL,,,,,2026-07-15T19:41:40
239004082,0126,390040820126,2-3-9-004-082-0126,J 106,J106,MAUI KAMAOLE PHASE III,2777 S KIHEI RD UNIT J 106,99157955,,,,,,2026-07-15T19:41:40
239004082,0126,390040820126,2-3-9-004-082-0126,J 106,J106,MAUI KAMAOLE PHASE III,2777 S KIHEI RD UNIT J 106,99157956,,,,,,2026-07-15T19:41:40
239004082,0126,390040820126,2-3-9-004-082-0126,J 106,J106,MAUI KAMAOLE PHASE III,2777 S KIHEI RD UNIT J 106,99171574,,,,,,2026-07-15T19:41:40
239004082,0126,390040820126,2-3-9-004-082-0126,J 106,J106,MAUI KAMAOLE PHASE III,2777 S KIHEI RD UNIT J 106,2000042517,,,,,,2026-07-15T19:41:40
239004082,0126,390040820126,2-3-9-004-082-0126,J 106,J106,MAUI KAMAOLE PHASE III,2777 S KIHEI RD UNIT J 106,2000042518,,,,,,2026-07-15T19:41:40
239004082,0126,390040820126,2-3-9-004-082-0126,J 106,J106,MAUI KAMAOLE PHASE III,2777 S KIHEI RD UNIT J 106,2000091260,,,,,,2026-07-15T19:41:40
239004082,0126,390040820126,2-3-9-004-082-0126,J 106,J106,MAUI KAMAOLE PHASE III,2777 S KIHEI RD UNIT J 106,2000091261,,,,,,2026-07-15T19:41:40
239004082,0126,390040820126,2-3-9-004-082-0126,J 106,J106,MAUI KAMAOLE PHASE III,2777 S KIHEI RD UNIT J 106,2000142703,,,,,,2026-07-15T19:41:40
239004082,0126,390040820126,2-3-9-004-082-0126,J 106,J106,MAUI KAMAOLE PHASE III,2777 S KIHEI RD UNIT J 106,2000142704,,,,,,2026-07-15T19:41:40
239004082,0126,390040820126,2-3-9-004-082-0126,J 106,J106,MAUI KAMAOLE PHASE III,2777 S KIHEI RD UNIT J 106,2000142705,M,,,,,2026-07-15T19:41:40
239004082,0126,390040820126,2-3-9-004-082-0126,J 106,J106,MAUI KAMAOLE PHASE III,2777 S KIHEI RD UNIT J 106,2000142706,M,,,,,2026-07-15T19:41:40
239004082,0126,390040820126,2-3-9-004-082-0126,J 106,J106,MAUI KAMAOLE PHASE III,2777 S KIHEI RD UNIT J 106,2001180573,M,,,,,2026-07-15T19:41:40
239004082,0126,390040820126,2-3-9-004-082-0126,J 106,J106,MAUI KAMAOLE PHASE III,2777 S KIHEI RD UNIT J 106,2005051748,M,,,,,2026-07-15T19:41:40
239004082,0126,390040820126,2-3-9-004-082-0126,J 106,J106,MAUI KAMAOLE PHASE III,2777 S KIHEI RD UNIT J 106,2005051749,M,,,,,2026-07-15T19:41:40
239004082,0126,390040820126,2-3-9-004-082-0126,J 106,J106,MAUI KAMAOLE PHASE III,2777 S KIHEI RD UNIT J 106,2010161643,M,,,,,2026-07-15T19:41:40
239004082,0126,390040820126,2-3-9-004-082-0126,J 106,J106,MAUI KAMAOLE PHASE III,2777 S KIHEI RD UNIT J 106,2010196646,M,,,,,2026-07-15T19:41:40
239004082,0127,390040820127,2-3-9-004-082-0127,J 107,J107,MAUI KAMAOLE PHASE III,2777 S KIHEI RD UNIT J 107,70590608,M,,,,,2026-07-15T19:41:40
239004082,0127,390040820127,2-3-9-004-082-0127,J 107,J107,MAUI KAMAOLE PHASE III,2777 S KIHEI RD UNIT J 107,99143522,NL,,,,,2026-07-15T19:41:40
239004082,0127,390040820127,2-3-9-004-082-0127,J 107,J107,MAUI KAMAOLE PHASE III,2777 S KIHEI RD UNIT J 107,99157955,,,,,,2026-07-15T19:41:40
239004082,0127,390040820127,2-3-9-004-082-0127,J 107,J107,MAUI KAMAOLE PHASE III,2777 S KIHEI RD UNIT J 107,99157956,,,,,,2026-07-15T19:41:40
239004082,0127,390040820127,2-3-9-004-082-0127,J 107,J107,MAUI KAMAOLE PHASE III,2777 S KIHEI RD UNIT J 107,99171574,,,,,,2026-07-15T19:41:40
239004082,0127,390040820127,2-3-9-004-082-0127,J 107,J107,MAUI KAMAOLE PHASE III,2777 S KIHEI RD UNIT J 107,2000042517,,,,,,2026-07-15T19:41:40
239004082,0127,390040820127,2-3-9-004-082-0127,J 107,J107,MAUI KAMAOLE PHASE III,2777 S KIHEI RD UNIT J 107,2000042518,,,,,,2026-07-15T19:41:40
239004082,0127,390040820127,2-3-9-004-082-0127,J 107,J107,MAUI KAMAOLE PHASE III,2777 S KIHEI RD UNIT J 107,2000091260,,,,,,2026-07-15T19:41:40
239004082,0127,390040820127,2-3-9-004-082-0127,J 107,J107,MAUI KAMAOLE PHASE III,2777 S KIHEI RD UNIT J 107,2000091261,,,,,,2026-07-15T19:41:40
239004082,0127,390040820127,2-3-9-004-082-0127,J 107,J107,MAUI KAMAOLE PHASE III,2777 S KIHEI RD UNIT J 107,2000134420,,,,,,2026-07-15T19:41:40
239004082,0127,390040820127,2-3-9-004-082-0127,J 107,J107,MAUI KAMAOLE PHASE III,2777 S KIHEI RD UNIT J 107,2000134421,,,,,,2026-07-15T19:41:40
239004082,0127,390040820127,2-3-9-004-082-0127,J 107,J107,MAUI KAMAOLE PHASE III,2777 S KIHEI RD UNIT J 107,2000134422,,,,,,2026-07-15T19:41:40
239004082,0127,390040820127,2-3-9-004-082-0127,J 107,J107,MAUI KAMAOLE PHASE III,2777 S KIHEI RD UNIT J 107,2000134423,R,,,,,2026-07-15T19:41:40
239004082,0127,390040820127,2-3-9-004-082-0127,J 107,J107,MAUI KAMAOLE PHASE III,2777 S KIHEI RD UNIT J 107,2002057041,R,,,,,2026-07-15T19:41:40
239004082,0127,390040820127,2-3-9-004-082-0127,J 107,J107,MAUI KAMAOLE PHASE III,2777 S KIHEI RD UNIT J 107,2002085273,M,,,,,2026-07-15T19:41:40
239004082,0127,390040820127,2-3-9-004-082-0127,J 107,J107,MAUI KAMAOLE PHASE III,2777 S KIHEI RD UNIT J 107,2003018036,R,,,,,2026-07-15T19:41:40
239004082,0127,390040820127,2-3-9-004-082-0127,J 107,J107,MAUI KAMAOLE PHASE III,2777 S KIHEI RD UNIT J 107,2003052840,M,,,,,2026-07-15T19:41:40
239004082,0127,390040820127,2-3-9-004-082-0127,J 107,J107,MAUI KAMAOLE PHASE III,2777 S KIHEI RD UNIT J 107,2008123829,M,,,,,2026-07-15T19:41:40
239004082,0127,390040820127,2-3-9-004-082-0127,J 107,J107,MAUI KAMAOLE PHASE III,2777 S KIHEI RD UNIT J 107,2008170829,,,,,,2026-07-15T19:41:40
239004082,0128,390040820128,2-3-9-004-082-0128,J 108,J108,MAUI KAMAOLE PHASE III,2777 S KIHEI RD UNIT J 108,65220283,,,,,,2026-07-15T19:41:40
239004082,0128,390040820128,2-3-9-004-082-0128,J 108,J108,MAUI KAMAOLE PHASE III,2777 S KIHEI RD UNIT J 108,65220284,,,,,,2026-07-15T19:41:40
239004082,0128,390040820128,2-3-9-004-082-0128,J 108,J108,MAUI KAMAOLE PHASE III,2777 S KIHEI RD UNIT J 108,65470549,M,,,,,2026-07-15T19:41:40
239004082,0128,390040820128,2-3-9-004-082-0128,J 108,J108,MAUI KAMAOLE PHASE III,2777 S KIHEI RD UNIT J 108,99143522,NL,,,,,2026-07-15T19:41:40
239004082,0128,390040820128,2-3-9-004-082-0128,J 108,J108,MAUI KAMAOLE PHASE III,2777 S KIHEI RD UNIT J 108,99157955,,,,,,2026-07-15T19:41:40
239004082,0128,390040820128,2-3-9-004-082-0128,J 108,J108,MAUI KAMAOLE PHASE III,2777 S KIHEI RD UNIT J 108,99157956,,,,,,2026-07-15T19:41:40
239004082,0128,390040820128,2-3-9-004-082-0128,J 108,J108,MAUI KAMAOLE PHASE III,2777 S KIHEI RD UNIT J 108,99171574,,,,,,2026-07-15T19:41:40
239004082,0128,390040820128,2-3-9-004-082-0128,J 108,J108,MAUI KAMAOLE PHASE III,2777 S KIHEI RD UNIT J 108,2000042517,,,,,,2026-07-15T19:41:40
239004082,0128,390040820128,2-3-9-004-082-0128,J 108,J108,MAUI KAMAOLE PHASE III,2777 S KIHEI RD UNIT J 108,2000042518,,,,,,2026-07-15T19:41:40
239004082,0128,390040820128,2-3-9-004-082-0128,J 108,J108,MAUI KAMAOLE PHASE III,2777 S KIHEI RD UNIT J 108,2000091260,,,,,,2026-07-15T19:41:40
239004082,0128,390040820128,2-3-9-004-082-0128,J 108,J108,MAUI KAMAOLE PHASE III,2777 S KIHEI RD UNIT J 108,2000091261,,,,,,2026-07-15T19:41:40
239004082,0128,390040820128,2-3-9-004-082-0128,J 108,J108,MAUI KAMAOLE PHASE III,2777 S KIHEI RD UNIT J 108,2001066490,,,,,,2026-07-15T19:41:40
239004082,0128,390040820128,2-3-9-004-082-0128,J 108,J108,MAUI KAMAOLE PHASE III,2777 S KIHEI RD UNIT J 108,2001066491,,,,,,2026-07-15T19:41:40
239004082,0128,390040820128,2-3-9-004-082-0128,J 108,J108,MAUI KAMAOLE PHASE III,2777 S KIHEI RD UNIT J 108,2001066492,R,,,,,2026-07-15T19:41:40
239004082,0128,390040820128,2-3-9-004-082-0128,J 108,J108,MAUI KAMAOLE PHASE III,2777 S KIHEI RD UNIT J 108,2003193974,R,,,,,2026-07-15T19:41:40
239004082,0128,390040820128,2-3-9-004-082-0128,J 108,J108,MAUI KAMAOLE PHASE III,2777 S KIHEI RD UNIT J 108,2003240743,,,,,,2026-07-15T19:41:40
239004082,0128,390040820128,2-3-9-004-082-0128,J 108,J108,MAUI KAMAOLE PHASE III,2777 S KIHEI RD UNIT J 108,2003241600,M,,,,,2026-07-15T19:41:40
239004082,0128,390040820128,2-3-9-004-082-0128,J 108,J108,MAUI KAMAOLE PHASE III,2777 S KIHEI RD UNIT J 108,9642000752,,,,,,2026-07-15T19:41:40
239004082,0129,390040820129,2-3-9-004-082-0129,J 109,J109,MAUI KAMAOLE PHASE III,2777 S KIHEI RD UNIT J 109,71390269,M,,,,,2026-07-15T19:41:40
239004082,0129,390040820129,2-3-9-004-082-0129,J 109,J109,MAUI KAMAOLE PHASE III,2777 S KIHEI RD UNIT J 109,71390270,M,,,,,2026-07-15T19:41:40
239004082,0129,390040820129,2-3-9-004-082-0129,J 109,J109,MAUI KAMAOLE PHASE III,2777 S KIHEI RD UNIT J 109,71390271,M,,,,,2026-07-15T19:41:40
239004082,0129,390040820129,2-3-9-004-082-0129,J 109,J109,MAUI KAMAOLE PHASE III,2777 S KIHEI RD UNIT J 109,71390272,M,,,,,2026-07-15T19:41:40
239004082,0129,390040820129,2-3-9-004-082-0129,J 109,J109,MAUI KAMAOLE PHASE III,2777 S KIHEI RD UNIT J 109,71390273,,,,,,2026-07-15T19:41:40
239004082,0129,390040820129,2-3-9-004-082-0129,J 109,J109,MAUI KAMAOLE PHASE III,2777 S KIHEI RD UNIT J 109,99143522,NL,,,,,2026-07-15T19:41:40
239004082,0129,390040820129,2-3-9-004-082-0129,J 109,J109,MAUI KAMAOLE PHASE III,2777 S KIHEI RD UNIT J 109,99157955,,,,,,2026-07-15T19:41:40
239004082,0129,390040820129,2-3-9-004-082-0129,J 109,J109,MAUI KAMAOLE PHASE III,2777 S KIHEI RD UNIT J 109,99157956,,,,,,2026-07-15T19:41:40
239004082,0129,390040820129,2-3-9-004-082-0129,J 109,J109,MAUI KAMAOLE PHASE III,2777 S KIHEI RD UNIT J 109,99171574,,,,,,2026-07-15T19:41:40
239004082,0129,390040820129,2-3-9-004-082-0129,J 109,J109,MAUI KAMAOLE PHASE III,2777 S KIHEI RD UNIT J 109,2000042517,,,,,,2026-07-15T19:41:40
239004082,0129,390040820129,2-3-9-004-082-0129,J 109,J109,MAUI KAMAOLE PHASE III,2777 S KIHEI RD UNIT J 109,2000042518,,,,,,2026-07-15T19:41:40
239004082,0129,390040820129,2-3-9-004-082-0129,J 109,J109,MAUI KAMAOLE PHASE III,2777 S KIHEI RD UNIT J 109,2000091260,,,,,,2026-07-15T19:41:40
239004082,0129,390040820129,2-3-9-004-082-0129,J 109,J109,MAUI KAMAOLE PHASE III,2777 S KIHEI RD UNIT J 109,2000091261,,,,,,2026-07-15T19:41:40
239004082,0129,390040820129,2-3-9-004-082-0129,J 109,J109,MAUI KAMAOLE PHASE III,2777 S KIHEI RD UNIT J 109,2001009317,,,,,,2026-07-15T19:41:40
239004082,0129,390040820129,2-3-9-004-082-0129,J 109,J109,MAUI KAMAOLE PHASE III,2777 S KIHEI RD UNIT J 109,2001009318,,,,,,2026-07-15T19:41:40
239004082,0129,390040820129,2-3-9-004-082-0129,J 109,J109,MAUI KAMAOLE PHASE III,2777 S KIHEI RD UNIT J 109,2001009319,,,,,,2026-07-15T19:41:40
239004082,0129,390040820129,2-3-9-004-082-0129,J 109,J109,MAUI KAMAOLE PHASE III,2777 S KIHEI RD UNIT J 109,2002170973,,,,,,2026-07-15T19:41:40
239004082,0130,390040820130,2-3-9-004-082-0130,J 110,J110,MAUI KAMAOLE PHASE III,2777 S KIHEI RD UNIT J 110,48700311,,,,,,2026-07-15T19:41:40
239004082,0130,390040820130,2-3-9-004-082-0130,J 110,J110,MAUI KAMAOLE PHASE III,2777 S KIHEI RD UNIT J 110,48700312,R,,,,,2026-07-15T19:41:40
239004082,0130,390040820130,2-3-9-004-082-0130,J 110,J110,MAUI KAMAOLE PHASE III,2777 S KIHEI RD UNIT J 110,48830673,M,,,,,2026-07-15T19:41:40
239004082,0130,390040820130,2-3-9-004-082-0130,J 110,J110,MAUI KAMAOLE PHASE III,2777 S KIHEI RD UNIT J 110,56100776,M,,,,,2026-07-15T19:41:40
239004082,0130,390040820130,2-3-9-004-082-0130,J 110,J110,MAUI KAMAOLE PHASE III,2777 S KIHEI RD UNIT J 110,64940223,M,,,,,2026-07-15T19:41:40
239004082,0130,390040820130,2-3-9-004-082-0130,J 110,J110,MAUI KAMAOLE PHASE III,2777 S KIHEI RD UNIT J 110,64940224,,,,,,2026-07-15T19:41:40
239004082,0130,390040820130,2-3-9-004-082-0130,J 110,J110,MAUI KAMAOLE PHASE III,2777 S KIHEI RD UNIT J 110,65190786,,,,,,2026-07-15T19:41:40
239004082,0130,390040820130,2-3-9-004-082-0130,J 110,J110,MAUI KAMAOLE PHASE III,2777 S KIHEI RD UNIT J 110,65190788,M,,,,,2026-07-15T19:41:40
239004082,0130,390040820130,2-3-9-004-082-0130,J 110,J110,MAUI KAMAOLE PHASE III,2777 S KIHEI RD UNIT J 110,83490154,,,,,,2026-07-15T19:41:40
239004082,0130,390040820130,2-3-9-004-082-0130,J 110,J110,MAUI KAMAOLE PHASE III,2777 S KIHEI RD UNIT J 110,99143522,NL,,,,,2026-07-15T19:41:40
239004082,0130,390040820130,2-3-9-004-082-0130,J 110,J110,MAUI KAMAOLE PHASE III,2777 S KIHEI RD UNIT J 110,99157955,,,,,,2026-07-15T19:41:40
239004082,0130,390040820130,2-3-9-004-082-0130,J 110,J110,MAUI KAMAOLE PHASE III,2777 S KIHEI RD UNIT J 110,99157956,,,,,,2026-07-15T19:41:40
239004082,0130,390040820130,2-3-9-004-082-0130,J 110,J110,MAUI KAMAOLE PHASE III,2777 S KIHEI RD UNIT J 110,99171574,,,,,,2026-07-15T19:41:40
239004082,0130,390040820130,2-3-9-004-082-0130,J 110,J110,MAUI KAMAOLE PHASE III,2777 S KIHEI RD UNIT J 110,2000042517,,,,,,2026-07-15T19:41:40
239004082,0130,390040820130,2-3-9-004-082-0130,J 110,J110,MAUI KAMAOLE PHASE III,2777 S KIHEI RD UNIT J 110,2000042518,,,,,,2026-07-15T19:41:40
239004082,0130,390040820130,2-3-9-004-082-0130,J 110,J110,MAUI KAMAOLE PHASE III,2777 S KIHEI RD UNIT J 110,2000091260,,,,,,2026-07-15T19:41:40
239004082,0130,390040820130,2-3-9-004-082-0130,J 110,J110,MAUI KAMAOLE PHASE III,2777 S KIHEI RD UNIT J 110,2000091261,,,,,,2026-07-15T19:41:40
239004082,0130,390040820130,2-3-9-004-082-0130,J 110,J110,MAUI KAMAOLE PHASE III,2777 S KIHEI RD UNIT J 110,2000140821,,,,,,2026-07-15T19:41:40
239004082,0130,390040820130,2-3-9-004-082-0130,J 110,J110,MAUI KAMAOLE PHASE III,2777 S KIHEI RD UNIT J 110,2000140822,,,,,,2026-07-15T19:41:40
239004082,0130,390040820130,2-3-9-004-082-0130,J 110,J110,MAUI KAMAOLE PHASE III,2777 S KIHEI RD UNIT J 110,2000140823,,,,,,2026-07-15T19:41:40
239004082,0130,390040820130,2-3-9-004-082-0130,J 110,J110,MAUI KAMAOLE PHASE III,2777 S KIHEI RD UNIT J 110,2002044197,,,,,,2026-07-15T19:41:40
239004082,0130,390040820130,2-3-9-004-082-0130,J 110,J110,MAUI KAMAOLE PHASE III,2777 S KIHEI RD UNIT J 110,2002044198,R,,,,,2026-07-15T19:41:40
239004082,0130,390040820130,2-3-9-004-082-0130,J 110,J110,MAUI KAMAOLE PHASE III,2777 S KIHEI RD UNIT J 110,2004088346,R,,,,,2026-07-15T19:41:40
239004082,0130,390040820130,2-3-9-004-082-0130,J 110,J110,MAUI KAMAOLE PHASE III,2777 S KIHEI RD UNIT J 110,2004129870,M,,,,,2026-07-15T19:41:40
239004082,0130,390040820130,2-3-9-004-082-0130,J 110,J110,MAUI KAMAOLE PHASE III,2777 S KIHEI RD UNIT J 110,2009037319,R,,,,,2026-07-15T19:41:40
239004082,0130,390040820130,2-3-9-004-082-0130,J 110,J110,MAUI KAMAOLE PHASE III,2777 S KIHEI RD UNIT J 110,2009048278,M,,,,,2026-07-15T19:41:40
239004082,0131,390040820131,2-3-9-004-082-0131,J 111,J111,MAUI KAMAOLE PHASE III,2777 S KIHEI RD UNIT J 111,44070800,,,,,,2026-07-15T19:41:40
239004082,0131,390040820131,2-3-9-004-082-0131,J 111,J111,MAUI KAMAOLE PHASE III,2777 S KIHEI RD UNIT J 111,99143522,NL,,,,,2026-07-15T19:41:40
239004082,0131,390040820131,2-3-9-004-082-0131,J 111,J111,MAUI KAMAOLE PHASE III,2777 S KIHEI RD UNIT J 111,99157955,,,,,,2026-07-15T19:41:40
239004082,0131,390040820131,2-3-9-004-082-0131,J 111,J111,MAUI KAMAOLE PHASE III,2777 S KIHEI RD UNIT J 111,99157956,,,,,,2026-07-15T19:41:40
239004082,0131,390040820131,2-3-9-004-082-0131,J 111,J111,MAUI KAMAOLE PHASE III,2777 S KIHEI RD UNIT J 111,99171574,,,,,,2026-07-15T19:41:40
239004082,0131,390040820131,2-3-9-004-082-0131,J 111,J111,MAUI KAMAOLE PHASE III,2777 S KIHEI RD UNIT J 111,2000042517,,,,,,2026-07-15T19:41:40
239004082,0131,390040820131,2-3-9-004-082-0131,J 111,J111,MAUI KAMAOLE PHASE III,2777 S KIHEI RD UNIT J 111,2000042518,,,,,,2026-07-15T19:41:40
239004082,0131,390040820131,2-3-9-004-082-0131,J 111,J111,MAUI KAMAOLE PHASE III,2777 S KIHEI RD UNIT J 111,2000091260,,,,,,2026-07-15T19:41:40
239004082,0131,390040820131,2-3-9-004-082-0131,J 111,J111,MAUI KAMAOLE PHASE III,2777 S KIHEI RD UNIT J 111,2000091261,,,,,,2026-07-15T19:41:40
239004082,0131,390040820131,2-3-9-004-082-0131,J 111,J111,MAUI KAMAOLE PHASE III,2777 S KIHEI RD UNIT J 111,2000134424,,,,,,2026-07-15T19:41:40
239004082,0131,390040820131,2-3-9-004-082-0131,J 111,J111,MAUI KAMAOLE PHASE III,2777 S KIHEI RD UNIT J 111,2000134425,,,,,,2026-07-15T19:41:40
239004082,0131,390040820131,2-3-9-004-082-0131,J 111,J111,MAUI KAMAOLE PHASE III,2777 S KIHEI RD UNIT J 111,2000134426,,,,,,2026-07-15T19:41:40
239004082,0131,390040820131,2-3-9-004-082-0131,J 111,J111,MAUI KAMAOLE PHASE III,2777 S KIHEI RD UNIT J 111,2000134427,R,,,,,2026-07-15T19:41:40
239004082,0131,390040820131,2-3-9-004-082-0131,J 111,J111,MAUI KAMAOLE PHASE III,2777 S KIHEI RD UNIT J 111,2000138278,,,,,,2026-07-15T19:41:40
239004082,0131,390040820131,2-3-9-004-082-0131,J 111,J111,MAUI KAMAOLE PHASE III,2777 S KIHEI RD UNIT J 111,2003004194,,,,,,2026-07-15T19:41:40
239004082,0131,390040820131,2-3-9-004-082-0131,J 111,J111,MAUI KAMAOLE PHASE III,2777 S KIHEI RD UNIT J 111,2003034851,M,,,,,2026-07-15T19:41:40
239004082,0131,390040820131,2-3-9-004-082-0131,J 111,J111,MAUI KAMAOLE PHASE III,2777 S KIHEI RD UNIT J 111,2005084010,,,,,,2026-07-15T19:41:40
239004082,0132,390040820132,2-3-9-004-082-0132,J 112,J112,MAUI KAMAOLE PHASE III,2777 S KIHEI RD UNIT J 112,54170133,,,,,,2026-07-15T19:41:40
239004082,0132,390040820132,2-3-9-004-082-0132,J 112,J112,MAUI KAMAOLE PHASE III,2777 S KIHEI RD UNIT J 112,54170134,R,,,,,2026-07-15T19:41:40
239004082,0132,390040820132,2-3-9-004-082-0132,J 112,J112,MAUI KAMAOLE PHASE III,2777 S KIHEI RD UNIT J 112,79550806,M,,,,,2026-07-15T19:41:40
239004082,0132,390040820132,2-3-9-004-082-0132,J 112,J112,MAUI KAMAOLE PHASE III,2777 S KIHEI RD UNIT J 112,79700809,,,,,,2026-07-15T19:41:40
239004082,0132,390040820132,2-3-9-004-082-0132,J 112,J112,MAUI KAMAOLE PHASE III,2777 S KIHEI RD UNIT J 112,99143522,NL,,,,,2026-07-15T19:41:40
239004082,0132,390040820132,2-3-9-004-082-0132,J 112,J112,MAUI KAMAOLE PHASE III,2777 S KIHEI RD UNIT J 112,99157955,,,,,,2026-07-15T19:41:40
239004082,0132,390040820132,2-3-9-004-082-0132,J 112,J112,MAUI KAMAOLE PHASE III,2777 S KIHEI RD UNIT J 112,99157956,,,,,,2026-07-15T19:41:40
239004082,0132,390040820132,2-3-9-004-082-0132,J 112,J112,MAUI KAMAOLE PHASE III,2777 S KIHEI RD UNIT J 112,99171574,,,,,,2026-07-15T19:41:40
239004082,0132,390040820132,2-3-9-004-082-0132,J 112,J112,MAUI KAMAOLE PHASE III,2777 S KIHEI RD UNIT J 112,2000042517,,,,,,2026-07-15T19:41:40
239004082,0132,390040820132,2-3-9-004-082-0132,J 112,J112,MAUI KAMAOLE PHASE III,2777 S KIHEI RD UNIT J 112,2000042518,,,,,,2026-07-15T19:41:40
239004082,0132,390040820132,2-3-9-004-082-0132,J 112,J112,MAUI KAMAOLE PHASE III,2777 S KIHEI RD UNIT J 112,2000091260,,,,,,2026-07-15T19:41:40
239004082,0132,390040820132,2-3-9-004-082-0132,J 112,J112,MAUI KAMAOLE PHASE III,2777 S KIHEI RD UNIT J 112,2000091261,,,,,,2026-07-15T19:41:40
239004082,0132,390040820132,2-3-9-004-082-0132,J 112,J112,MAUI KAMAOLE PHASE III,2777 S KIHEI RD UNIT J 112,2000134428,,,,,,2026-07-15T19:41:40
239004082,0132,390040820132,2-3-9-004-082-0132,J 112,J112,MAUI KAMAOLE PHASE III,2777 S KIHEI RD UNIT J 112,2000134429,,,,,,2026-07-15T19:41:40
239004082,0132,390040820132,2-3-9-004-082-0132,J 112,J112,MAUI KAMAOLE PHASE III,2777 S KIHEI RD UNIT J 112,2000134430,,,,,,2026-07-15T19:41:40
239004082,0132,390040820132,2-3-9-004-082-0132,J 112,J112,MAUI KAMAOLE PHASE III,2777 S KIHEI RD UNIT J 112,2004111653,M,,,,,2026-07-15T19:41:40
239004082,0132,390040820132,2-3-9-004-082-0132,J 112,J112,MAUI KAMAOLE PHASE III,2777 S KIHEI RD UNIT J 112,2004111654,R,,,,,2026-07-15T19:41:40
239004082,0132,390040820132,2-3-9-004-082-0132,J 112,J112,MAUI KAMAOLE PHASE III,2777 S KIHEI RD UNIT J 112,2004111655,R,,,,,2026-07-15T19:41:40
239004082,0133,390040820133,2-3-9-004-082-0133,J 114,J114,MAUI KAMAOLE PHASE III,2777 S KIHEI RD UNIT J 114,61770449,,,,,,2026-07-15T19:41:40
239004082,0133,390040820133,2-3-9-004-082-0133,J 114,J114,MAUI KAMAOLE PHASE III,2777 S KIHEI RD UNIT J 114,64910294,M,,,,,2026-07-15T19:41:40
239004082,0133,390040820133,2-3-9-004-082-0133,J 114,J114,MAUI KAMAOLE PHASE III,2777 S KIHEI RD UNIT J 114,66390556,M,,,,,2026-07-15T19:41:40
239004082,0133,390040820133,2-3-9-004-082-0133,J 114,J114,MAUI KAMAOLE PHASE III,2777 S KIHEI RD UNIT J 114,69840870,,,,,,2026-07-15T19:41:40
239004082,0133,390040820133,2-3-9-004-082-0133,J 114,J114,MAUI KAMAOLE PHASE III,2777 S KIHEI RD UNIT J 114,70030538,M,,,,,2026-07-15T19:41:40
239004082,0133,390040820133,2-3-9-004-082-0133,J 114,J114,MAUI KAMAOLE PHASE III,2777 S KIHEI RD UNIT J 114,70740583,,,,,,2026-07-15T19:41:40
239004082,0133,390040820133,2-3-9-004-082-0133,J 114,J114,MAUI KAMAOLE PHASE III,2777 S KIHEI RD UNIT J 114,70740584,,,,,,2026-07-15T19:41:40
239004082,0133,390040820133,2-3-9-004-082-0133,J 114,J114,MAUI KAMAOLE PHASE III,2777 S KIHEI RD UNIT J 114,70930714,M,,,,,2026-07-15T19:41:40
239004082,0133,390040820133,2-3-9-004-082-0133,J 114,J114,MAUI KAMAOLE PHASE III,2777 S KIHEI RD UNIT J 114,71150705,,,,,,2026-07-15T19:41:40
239004082,0133,390040820133,2-3-9-004-082-0133,J 114,J114,MAUI KAMAOLE PHASE III,2777 S KIHEI RD UNIT J 114,99143522,NL,,,,,2026-07-15T19:41:40
239004082,0133,390040820133,2-3-9-004-082-0133,J 114,J114,MAUI KAMAOLE PHASE III,2777 S KIHEI RD UNIT J 114,99157955,,,,,,2026-07-15T19:41:40
239004082,0133,390040820133,2-3-9-004-082-0133,J 114,J114,MAUI KAMAOLE PHASE III,2777 S KIHEI RD UNIT J 114,99157956,,,,,,2026-07-15T19:41:40
239004082,0133,390040820133,2-3-9-004-082-0133,J 114,J114,MAUI KAMAOLE PHASE III,2777 S KIHEI RD UNIT J 114,99171574,,,,,,2026-07-15T19:41:40
239004082,0133,390040820133,2-3-9-004-082-0133,J 114,J114,MAUI KAMAOLE PHASE III,2777 S KIHEI RD UNIT J 114,2000042517,,,,,,2026-07-15T19:41:40
239004082,0133,390040820133,2-3-9-004-082-0133,J 114,J114,MAUI KAMAOLE PHASE III,2777 S KIHEI RD UNIT J 114,2000042518,,,,,,2026-07-15T19:41:40
239004082,0133,390040820133,2-3-9-004-082-0133,J 114,J114,MAUI KAMAOLE PHASE III,2777 S KIHEI RD UNIT J 114,2000091260,,,,,,2026-07-15T19:41:40
239004082,0133,390040820133,2-3-9-004-082-0133,J 114,J114,MAUI KAMAOLE PHASE III,2777 S KIHEI RD UNIT J 114,2000091261,,,,,,2026-07-15T19:41:40
239004082,0133,390040820133,2-3-9-004-082-0133,J 114,J114,MAUI KAMAOLE PHASE III,2777 S KIHEI RD UNIT J 114,2000140824,,,,,,2026-07-15T19:41:40
239004082,0133,390040820133,2-3-9-004-082-0133,J 114,J114,MAUI KAMAOLE PHASE III,2777 S KIHEI RD UNIT J 114,2000140825,,,,,,2026-07-15T19:41:40
239004082,0133,390040820133,2-3-9-004-082-0133,J 114,J114,MAUI KAMAOLE PHASE III,2777 S KIHEI RD UNIT J 114,2000140826,R,,,,,2026-07-15T19:41:40
239004082,0133,390040820133,2-3-9-004-082-0133,J 114,J114,MAUI KAMAOLE PHASE III,2777 S KIHEI RD UNIT J 114,2001002154,R,,,,,2026-07-15T19:41:40
239004082,0133,390040820133,2-3-9-004-082-0133,J 114,J114,MAUI KAMAOLE PHASE III,2777 S KIHEI RD UNIT J 114,2003133793,,,,,,2026-07-15T19:41:40
239004082,0133,390040820133,2-3-9-004-082-0133,J 114,J114,MAUI KAMAOLE PHASE III,2777 S KIHEI RD UNIT J 114,2003133794,R,,,,,2026-07-15T19:41:40
239004082,0133,390040820133,2-3-9-004-082-0133,J 114,J114,MAUI KAMAOLE PHASE III,2777 S KIHEI RD UNIT J 114,2003133795,R,,,,,2026-07-15T19:41:40
239004082,0133,390040820133,2-3-9-004-082-0133,J 114,J114,MAUI KAMAOLE PHASE III,2777 S KIHEI RD UNIT J 114,2006114548,MFS,,,,,2026-07-15T19:41:40
239004082,0133,390040820133,2-3-9-004-082-0133,J 114,J114,MAUI KAMAOLE PHASE III,2777 S KIHEI RD UNIT J 114,2006115219,,,,,,2026-07-15T19:41:40
239004082,0134,390040820134,2-3-9-004-082-0134,J 115,J115,MAUI KAMAOLE PHASE III,2777 S KIHEI RD UNIT J 115,99143522,NL,,,,,2026-07-15T19:41:40
239004082,0134,390040820134,2-3-9-004-082-0134,J 115,J115,MAUI KAMAOLE PHASE III,2777 S KIHEI RD UNIT J 115,99157955,,,,,,2026-07-15T19:41:40
239004082,0134,390040820134,2-3-9-004-082-0134,J 115,J115,MAUI KAMAOLE PHASE III,2777 S KIHEI RD UNIT J 115,99157956,,,,,,2026-07-15T19:41:40
239004082,0134,390040820134,2-3-9-004-082-0134,J 115,J115,MAUI KAMAOLE PHASE III,2777 S KIHEI RD UNIT J 115,99171574,,,,,,2026-07-15T19:41:40
239004082,0134,390040820134,2-3-9-004-082-0134,J 115,J115,MAUI KAMAOLE PHASE III,2777 S KIHEI RD UNIT J 115,2000042517,,,,,,2026-07-15T19:41:40
239004082,0134,390040820134,2-3-9-004-082-0134,J 115,J115,MAUI KAMAOLE PHASE III,2777 S KIHEI RD UNIT J 115,2000042518,,,,,,2026-07-15T19:41:40
239004082,0134,390040820134,2-3-9-004-082-0134,J 115,J115,MAUI KAMAOLE PHASE III,2777 S KIHEI RD UNIT J 115,2000091260,,,,,,2026-07-15T19:41:40
239004082,0134,390040820134,2-3-9-004-082-0134,J 115,J115,MAUI KAMAOLE PHASE III,2777 S KIHEI RD UNIT J 115,2000091261,,,,,,2026-07-15T19:41:40
239004082,0134,390040820134,2-3-9-004-082-0134,J 115,J115,MAUI KAMAOLE PHASE III,2777 S KIHEI RD UNIT J 115,2000134431,,,,,,2026-07-15T19:41:40
239004082,0134,390040820134,2-3-9-004-082-0134,J 115,J115,MAUI KAMAOLE PHASE III,2777 S KIHEI RD UNIT J 115,2000134432,,,,,,2026-07-15T19:41:40
239004082,0134,390040820134,2-3-9-004-082-0134,J 115,J115,MAUI KAMAOLE PHASE III,2777 S KIHEI RD UNIT J 115,2000134433,,,,,,2026-07-15T19:41:40
239004082,0134,390040820134,2-3-9-004-082-0134,J 115,J115,MAUI KAMAOLE PHASE III,2777 S KIHEI RD UNIT J 115,2000134434,R,,,,,2026-07-15T19:41:40
239004082,0134,390040820134,2-3-9-004-082-0134,J 115,J115,MAUI KAMAOLE PHASE III,2777 S KIHEI RD UNIT J 115,2001152722,R,,,,,2026-07-15T19:41:40
239004082,0134,390040820134,2-3-9-004-082-0134,J 115,J115,MAUI KAMAOLE PHASE III,2777 S KIHEI RD UNIT J 115,2001195507,M,,,,,2026-07-15T19:41:40
239004082,0134,390040820134,2-3-9-004-082-0134,J 115,J115,MAUI KAMAOLE PHASE III,2777 S KIHEI RD UNIT J 115,2004062733,M,,,,,2026-07-15T19:41:40
239004082,0134,390040820134,2-3-9-004-082-0134,J 115,J115,MAUI KAMAOLE PHASE III,2777 S KIHEI RD UNIT J 115,2004082201,,,,,,2026-07-15T19:41:40
239004082,0134,390040820134,2-3-9-004-082-0134,J 115,J115,MAUI KAMAOLE PHASE III,2777 S KIHEI RD UNIT J 115,2005185174,,,,,,2026-07-15T19:41:40
239004082,0134,390040820134,2-3-9-004-082-0134,J 115,J115,MAUI KAMAOLE PHASE III,2777 S KIHEI RD UNIT J 115,2005185175,R,,,,,2026-07-15T19:41:40
239004082,0134,390040820134,2-3-9-004-082-0134,J 115,J115,MAUI KAMAOLE PHASE III,2777 S KIHEI RD UNIT J 115,2005193635,,,,,,2026-07-15T19:41:40
239004082,0134,390040820134,2-3-9-004-082-0134,J 115,J115,MAUI KAMAOLE PHASE III,2777 S KIHEI RD UNIT J 115,2007095193,,,,,,2026-07-15T19:41:40
239004082,0134,390040820134,2-3-9-004-082-0134,J 115,J115,MAUI KAMAOLE PHASE III,2777 S KIHEI RD UNIT J 115,2007095194,R,,,,,2026-07-15T19:41:40
239004082,0134,390040820134,2-3-9-004-082-0134,J 115,J115,MAUI KAMAOLE PHASE III,2777 S KIHEI RD UNIT J 115,2007119429,M,,,,,2026-07-15T19:41:40
239004082,0134,390040820134,2-3-9-004-082-0134,J 115,J115,MAUI KAMAOLE PHASE III,2777 S KIHEI RD UNIT J 115,2010068641,M,,,,,2026-07-15T19:41:40
239004082,0134,390040820134,2-3-9-004-082-0134,J 115,J115,MAUI KAMAOLE PHASE III,2777 S KIHEI RD UNIT J 115,2010083461,M,,,,,2026-07-15T19:41:40
239004082,0134,390040820134,2-3-9-004-082-0134,J 115,J115,MAUI KAMAOLE PHASE III,2777 S KIHEI RD UNIT J 115,9510000358,M,,,,,2026-07-15T19:41:40
239004082,0135,390040820135,2-3-9-004-082-0135,J 116,J116,MAUI KAMAOLE PHASE III,2777 S KIHEI RD UNIT J 116,99143522,NL,,,,,2026-07-15T19:41:40
239004082,0135,390040820135,2-3-9-004-082-0135,J 116,J116,MAUI KAMAOLE PHASE III,2777 S KIHEI RD UNIT J 116,99157955,,,,,,2026-07-15T19:41:40
239004082,0135,390040820135,2-3-9-004-082-0135,J 116,J116,MAUI KAMAOLE PHASE III,2777 S KIHEI RD UNIT J 116,99157956,,,,,,2026-07-15T19:41:40
239004082,0135,390040820135,2-3-9-004-082-0135,J 116,J116,MAUI KAMAOLE PHASE III,2777 S KIHEI RD UNIT J 116,99171574,,,,,,2026-07-15T19:41:40
239004082,0135,390040820135,2-3-9-004-082-0135,J 116,J116,MAUI KAMAOLE PHASE III,2777 S KIHEI RD UNIT J 116,2000042517,,,,,,2026-07-15T19:41:40
239004082,0135,390040820135,2-3-9-004-082-0135,J 116,J116,MAUI KAMAOLE PHASE III,2777 S KIHEI RD UNIT J 116,2000042518,,,,,,2026-07-15T19:41:40
239004082,0135,390040820135,2-3-9-004-082-0135,J 116,J116,MAUI KAMAOLE PHASE III,2777 S KIHEI RD UNIT J 116,2000091260,,,,,,2026-07-15T19:41:40
239004082,0135,390040820135,2-3-9-004-082-0135,J 116,J116,MAUI KAMAOLE PHASE III,2777 S KIHEI RD UNIT J 116,2000091261,,,,,,2026-07-15T19:41:40
239004082,0135,390040820135,2-3-9-004-082-0135,J 116,J116,MAUI KAMAOLE PHASE III,2777 S KIHEI RD UNIT J 116,2000134435,,,,,,2026-07-15T19:41:40
239004082,0135,390040820135,2-3-9-004-082-0135,J 116,J116,MAUI KAMAOLE PHASE III,2777 S KIHEI RD UNIT J 116,2000134436,,,,,,2026-07-15T19:41:40
239004082,0135,390040820135,2-3-9-004-082-0135,J 116,J116,MAUI KAMAOLE PHASE III,2777 S KIHEI RD UNIT J 116,2000134437,M,,,,,2026-07-15T19:41:40
239004082,0135,390040820135,2-3-9-004-082-0135,J 116,J116,MAUI KAMAOLE PHASE III,2777 S KIHEI RD UNIT J 116,2000134438,M,,,,,2026-07-15T19:41:40
239004082,0135,390040820135,2-3-9-004-082-0135,J 116,J116,MAUI KAMAOLE PHASE III,2777 S KIHEI RD UNIT J 116,2001120095,M,,,,,2026-07-15T19:41:40
239004082,0135,390040820135,2-3-9-004-082-0135,J 116,J116,MAUI KAMAOLE PHASE III,2777 S KIHEI RD UNIT J 116,2003020470,M,,,,,2026-07-15T19:41:40
239004082,0135,390040820135,2-3-9-004-082-0135,J 116,J116,MAUI KAMAOLE PHASE III,2777 S KIHEI RD UNIT J 116,2003020471,R,,,,,2026-07-15T19:41:40
239004082,0135,390040820135,2-3-9-004-082-0135,J 116,J116,MAUI KAMAOLE PHASE III,2777 S KIHEI RD UNIT J 116,2004251808,M,,,,,2026-07-15T19:41:40
239004082,0135,390040820135,2-3-9-004-082-0135,J 116,J116,MAUI KAMAOLE PHASE III,2777 S KIHEI RD UNIT J 116,2005189034,,,,,,2026-07-15T19:41:40
239004082,0135,390040820135,2-3-9-004-082-0135,J 116,J116,MAUI KAMAOLE PHASE III,2777 S KIHEI RD UNIT J 116,2005189035,,,,,,2026-07-15T19:41:40
239004082,0135,390040820135,2-3-9-004-082-0135,J 116,J116,MAUI KAMAOLE PHASE III,2777 S KIHEI RD UNIT J 116,2005211542,M,,,,,2026-07-15T19:41:40
239004082,0135,390040820135,2-3-9-004-082-0135,J 116,J116,MAUI KAMAOLE PHASE III,2777 S KIHEI RD UNIT J 116,2006111967,,,,,,2026-07-15T19:41:40
239004082,0135,390040820135,2-3-9-004-082-0135,J 116,J116,MAUI KAMAOLE PHASE III,2777 S KIHEI RD UNIT J 116,2007198282,,,,,,2026-07-15T19:41:40
239004082,0136,390040820136,2-3-9-004-082-0136,J 117,J117,MAUI KAMAOLE PHASE III,2777 S KIHEI RD UNIT J 117,82570146,M,,,,,2026-07-15T19:41:40
239004082,0136,390040820136,2-3-9-004-082-0136,J 117,J117,MAUI KAMAOLE PHASE III,2777 S KIHEI RD UNIT J 117,82570147,,,,,,2026-07-15T19:41:40
239004082,0136,390040820136,2-3-9-004-082-0136,J 117,J117,MAUI KAMAOLE PHASE III,2777 S KIHEI RD UNIT J 117,99143522,NL,,,,,2026-07-15T19:41:40
239004082,0136,390040820136,2-3-9-004-082-0136,J 117,J117,MAUI KAMAOLE PHASE III,2777 S KIHEI RD UNIT J 117,99157955,,,,,,2026-07-15T19:41:40
239004082,0136,390040820136,2-3-9-004-082-0136,J 117,J117,MAUI KAMAOLE PHASE III,2777 S KIHEI RD UNIT J 117,99157956,,,,,,2026-07-15T19:41:40
239004082,0136,390040820136,2-3-9-004-082-0136,J 117,J117,MAUI KAMAOLE PHASE III,2777 S KIHEI RD UNIT J 117,99171574,,,,,,2026-07-15T19:41:40
239004082,0136,390040820136,2-3-9-004-082-0136,J 117,J117,MAUI KAMAOLE PHASE III,2777 S KIHEI RD UNIT J 117,2000042517,,,,,,2026-07-15T19:41:40
239004082,0136,390040820136,2-3-9-004-082-0136,J 117,J117,MAUI KAMAOLE PHASE III,2777 S KIHEI RD UNIT J 117,2000042518,,,,,,2026-07-15T19:41:40
239004082,0136,390040820136,2-3-9-004-082-0136,J 117,J117,MAUI KAMAOLE PHASE III,2777 S KIHEI RD UNIT J 117,2000091260,,,,,,2026-07-15T19:41:40
239004082,0136,390040820136,2-3-9-004-082-0136,J 117,J117,MAUI KAMAOLE PHASE III,2777 S KIHEI RD UNIT J 117,2000091261,,,,,,2026-07-15T19:41:40
239004082,0136,390040820136,2-3-9-004-082-0136,J 117,J117,MAUI KAMAOLE PHASE III,2777 S KIHEI RD UNIT J 117,2000134439,,,,,,2026-07-15T19:41:40
239004082,0136,390040820136,2-3-9-004-082-0136,J 117,J117,MAUI KAMAOLE PHASE III,2777 S KIHEI RD UNIT J 117,2000134440,,,,,,2026-07-15T19:41:40
239004082,0136,390040820136,2-3-9-004-082-0136,J 117,J117,MAUI KAMAOLE PHASE III,2777 S KIHEI RD UNIT J 117,2000134441,,,,,,2026-07-15T19:41:40
239004082,0136,390040820136,2-3-9-004-082-0136,J 117,J117,MAUI KAMAOLE PHASE III,2777 S KIHEI RD UNIT J 117,2000134442,R,,,,,2026-07-15T19:41:40
239004082,0136,390040820136,2-3-9-004-082-0136,J 117,J117,MAUI KAMAOLE PHASE III,2777 S KIHEI RD UNIT J 117,2001021272,M,,,,,2026-07-15T19:41:40
239004082,0136,390040820136,2-3-9-004-082-0136,J 117,J117,MAUI KAMAOLE PHASE III,2777 S KIHEI RD UNIT J 117,2001133987,,,,,,2026-07-15T19:41:40
239004082,0136,390040820136,2-3-9-004-082-0136,J 117,J117,MAUI KAMAOLE PHASE III,2777 S KIHEI RD UNIT J 117,9062000640,,,,,,2026-07-15T19:41:40
239004082,0137,390040820137,2-3-9-004-082-0137,J 118,J118,MAUI KAMAOLE PHASE III,2777 S KIHEI RD UNIT J 118,78020553,,,,,,2026-07-15T19:41:40
239004082,0137,390040820137,2-3-9-004-082-0137,J 118,J118,MAUI KAMAOLE PHASE III,2777 S KIHEI RD UNIT J 118,99143522,NL,,,,,2026-07-15T19:41:40
239004082,0137,390040820137,2-3-9-004-082-0137,J 118,J118,MAUI KAMAOLE PHASE III,2777 S KIHEI RD UNIT J 118,99157955,,,,,,2026-07-15T19:41:40
239004082,0137,390040820137,2-3-9-004-082-0137,J 118,J118,MAUI KAMAOLE PHASE III,2777 S KIHEI RD UNIT J 118,99157956,,,,,,2026-07-15T19:41:40
239004082,0137,390040820137,2-3-9-004-082-0137,J 118,J118,MAUI KAMAOLE PHASE III,2777 S KIHEI RD UNIT J 118,99171574,,,,,,2026-07-15T19:41:40
239004082,0137,390040820137,2-3-9-004-082-0137,J 118,J118,MAUI KAMAOLE PHASE III,2777 S KIHEI RD UNIT J 118,2000042517,,,,,,2026-07-15T19:41:40
239004082,0137,390040820137,2-3-9-004-082-0137,J 118,J118,MAUI KAMAOLE PHASE III,2777 S KIHEI RD UNIT J 118,2000042518,,,,,,2026-07-15T19:41:40
239004082,0137,390040820137,2-3-9-004-082-0137,J 118,J118,MAUI KAMAOLE PHASE III,2777 S KIHEI RD UNIT J 118,2000091260,,,,,,2026-07-15T19:41:40
239004082,0137,390040820137,2-3-9-004-082-0137,J 118,J118,MAUI KAMAOLE PHASE III,2777 S KIHEI RD UNIT J 118,2000091261,,,,,,2026-07-15T19:41:40
239004082,0137,390040820137,2-3-9-004-082-0137,J 118,J118,MAUI KAMAOLE PHASE III,2777 S KIHEI RD UNIT J 118,2000134443,,,,,,2026-07-15T19:41:40
239004082,0137,390040820137,2-3-9-004-082-0137,J 118,J118,MAUI KAMAOLE PHASE III,2777 S KIHEI RD UNIT J 118,2000134444,,,,,,2026-07-15T19:41:40
239004082,0137,390040820137,2-3-9-004-082-0137,J 118,J118,MAUI KAMAOLE PHASE III,2777 S KIHEI RD UNIT J 118,2000134445,,,,,,2026-07-15T19:41:40
239004082,0137,390040820137,2-3-9-004-082-0137,J 118,J118,MAUI KAMAOLE PHASE III,2777 S KIHEI RD UNIT J 118,2000134446,R,,,,,2026-07-15T19:41:40
239004082,0137,390040820137,2-3-9-004-082-0137,J 118,J118,MAUI KAMAOLE PHASE III,2777 S KIHEI RD UNIT J 118,2004040267,M,,,,,2026-07-15T19:41:40
239004082,0138,390040820138,2-3-9-004-082-0138,J 119,J119,MAUI KAMAOLE PHASE III,2777 S KIHEI RD UNIT J 119,43990485,M,,,,,2026-07-15T19:41:40
239004082,0138,390040820138,2-3-9-004-082-0138,J 119,J119,MAUI KAMAOLE PHASE III,2777 S KIHEI RD UNIT J 119,99143522,NL,,,,,2026-07-15T19:41:40
239004082,0138,390040820138,2-3-9-004-082-0138,J 119,J119,MAUI KAMAOLE PHASE III,2777 S KIHEI RD UNIT J 119,99157955,,,,,,2026-07-15T19:41:40
239004082,0138,390040820138,2-3-9-004-082-0138,J 119,J119,MAUI KAMAOLE PHASE III,2777 S KIHEI RD UNIT J 119,99157956,,,,,,2026-07-15T19:41:40
239004082,0138,390040820138,2-3-9-004-082-0138,J 119,J119,MAUI KAMAOLE PHASE III,2777 S KIHEI RD UNIT J 119,99171574,,,,,,2026-07-15T19:41:40
239004082,0138,390040820138,2-3-9-004-082-0138,J 119,J119,MAUI KAMAOLE PHASE III,2777 S KIHEI RD UNIT J 119,2000042517,,,,,,2026-07-15T19:41:40
239004082,0138,390040820138,2-3-9-004-082-0138,J 119,J119,MAUI KAMAOLE PHASE III,2777 S KIHEI RD UNIT J 119,2000042518,,,,,,2026-07-15T19:41:40
239004082,0138,390040820138,2-3-9-004-082-0138,J 119,J119,MAUI KAMAOLE PHASE III,2777 S KIHEI RD UNIT J 119,2000091260,,,,,,2026-07-15T19:41:40
239004082,0138,390040820138,2-3-9-004-082-0138,J 119,J119,MAUI KAMAOLE PHASE III,2777 S KIHEI RD UNIT J 119,2000091261,,,,,,2026-07-15T19:41:40
239004082,0138,390040820138,2-3-9-004-082-0138,J 119,J119,MAUI KAMAOLE PHASE III,2777 S KIHEI RD UNIT J 119,2000134447,,,,,,2026-07-15T19:41:40
239004082,0138,390040820138,2-3-9-004-082-0138,J 119,J119,MAUI KAMAOLE PHASE III,2777 S KIHEI RD UNIT J 119,2000134448,,,,,,2026-07-15T19:41:40
239004082,0138,390040820138,2-3-9-004-082-0138,J 119,J119,MAUI KAMAOLE PHASE III,2777 S KIHEI RD UNIT J 119,2000134449,,,,,,2026-07-15T19:41:40
239004082,0138,390040820138,2-3-9-004-082-0138,J 119,J119,MAUI KAMAOLE PHASE III,2777 S KIHEI RD UNIT J 119,2000134450,R,,,,,2026-07-15T19:41:40
239004082,0138,390040820138,2-3-9-004-082-0138,J 119,J119,MAUI KAMAOLE PHASE III,2777 S KIHEI RD UNIT J 119,2001023605,R,,,,,2026-07-15T19:41:40
239004082,0138,390040820138,2-3-9-004-082-0138,J 119,J119,MAUI KAMAOLE PHASE III,2777 S KIHEI RD UNIT J 119,2001064205,M,,,,,2026-07-15T19:41:40
239004082,0138,390040820138,2-3-9-004-082-0138,J 119,J119,MAUI KAMAOLE PHASE III,2777 S KIHEI RD UNIT J 119,2002103128,,,,,,2026-07-15T19:41:40
239004082,0138,390040820138,2-3-9-004-082-0138,J 119,J119,MAUI KAMAOLE PHASE III,2777 S KIHEI RD UNIT J 119,2003119346,M,,,,,2026-07-15T19:41:40
239004082,0138,390040820138,2-3-9-004-082-0138,J 119,J119,MAUI KAMAOLE PHASE III,2777 S KIHEI RD UNIT J 119,2010087365,R,,,,,2026-07-15T19:41:40
239004082,0138,390040820138,2-3-9-004-082-0138,J 119,J119,MAUI KAMAOLE PHASE III,2777 S KIHEI RD UNIT J 119,2011116225,,,,,,2026-07-15T19:41:40
239004082,0139,390040820139,2-3-9-004-082-0139,J 120,J120,MAUI KAMAOLE PHASE III,2777 S KIHEI RD UNIT J 120,80141102,,,,,,2026-07-15T19:41:40
239004082,0139,390040820139,2-3-9-004-082-0139,J 120,J120,MAUI KAMAOLE PHASE III,2777 S KIHEI RD UNIT J 120,84310740,,,,,,2026-07-15T19:41:40
239004082,0139,390040820139,2-3-9-004-082-0139,J 120,J120,MAUI KAMAOLE PHASE III,2777 S KIHEI RD UNIT J 120,99143522,NL,,,,,2026-07-15T19:41:40
239004082,0139,390040820139,2-3-9-004-082-0139,J 120,J120,MAUI KAMAOLE PHASE III,2777 S KIHEI RD UNIT J 120,99157955,,,,,,2026-07-15T19:41:40
239004082,0139,390040820139,2-3-9-004-082-0139,J 120,J120,MAUI KAMAOLE PHASE III,2777 S KIHEI RD UNIT J 120,99157956,,,,,,2026-07-15T19:41:40
239004082,0139,390040820139,2-3-9-004-082-0139,J 120,J120,MAUI KAMAOLE PHASE III,2777 S KIHEI RD UNIT J 120,99171574,,,,,,2026-07-15T19:41:40
239004082,0139,390040820139,2-3-9-004-082-0139,J 120,J120,MAUI KAMAOLE PHASE III,2777 S KIHEI RD UNIT J 120,2000042517,,,,,,2026-07-15T19:41:40
239004082,0139,390040820139,2-3-9-004-082-0139,J 120,J120,MAUI KAMAOLE PHASE III,2777 S KIHEI RD UNIT J 120,2000042518,,,,,,2026-07-15T19:41:40
239004082,0139,390040820139,2-3-9-004-082-0139,J 120,J120,MAUI KAMAOLE PHASE III,2777 S KIHEI RD UNIT J 120,2000091260,,,,,,2026-07-15T19:41:40
239004082,0139,390040820139,2-3-9-004-082-0139,J 120,J120,MAUI KAMAOLE PHASE III,2777 S KIHEI RD UNIT J 120,2000091261,,,,,,2026-07-15T19:41:40
239004082,0139,390040820139,2-3-9-004-082-0139,J 120,J120,MAUI KAMAOLE PHASE III,2777 S KIHEI RD UNIT J 120,2000134451,,,,,,2026-07-15T19:41:40
239004082,0139,390040820139,2-3-9-004-082-0139,J 120,J120,MAUI KAMAOLE PHASE III,2777 S KIHEI RD UNIT J 120,2000134452,,,,,,2026-07-15T19:41:40
239004082,0139,390040820139,2-3-9-004-082-0139,J 120,J120,MAUI KAMAOLE PHASE III,2777 S KIHEI RD UNIT J 120,2000134453,M,,,,,2026-07-15T19:41:40
239004082,0139,390040820139,2-3-9-004-082-0139,J 120,J120,MAUI KAMAOLE PHASE III,2777 S KIHEI RD UNIT J 120,2000134454,M,,,,,2026-07-15T19:41:40
239004082,0139,390040820139,2-3-9-004-082-0139,J 120,J120,MAUI KAMAOLE PHASE III,2777 S KIHEI RD UNIT J 120,2003242979,M,,,,,2026-07-15T19:41:40
239004082,0139,390040820139,2-3-9-004-082-0139,J 120,J120,MAUI KAMAOLE PHASE III,2777 S KIHEI RD UNIT J 120,2003242980,R,,,,,2026-07-15T19:41:40
239004082,0139,390040820139,2-3-9-004-082-0139,J 120,J120,MAUI KAMAOLE PHASE III,2777 S KIHEI RD UNIT J 120,2004052901,M,,,,,2026-07-15T19:41:40
239004082,0139,390040820139,2-3-9-004-082-0139,J 120,J120,MAUI KAMAOLE PHASE III,2777 S KIHEI RD UNIT J 120,2005024674,R,,,,,2026-07-15T19:41:40
239004082,0139,390040820139,2-3-9-004-082-0139,J 120,J120,MAUI KAMAOLE PHASE III,2777 S KIHEI RD UNIT J 120,2005045446,M,,,,,2026-07-15T19:41:40
239004082,0139,390040820139,2-3-9-004-082-0139,J 120,J120,MAUI KAMAOLE PHASE III,2777 S KIHEI RD UNIT J 120,2010021993,M,,,,,2026-07-15T19:41:40
239004082,0139,390040820139,2-3-9-004-082-0139,J 120,J120,MAUI KAMAOLE PHASE III,2777 S KIHEI RD UNIT J 120,2011195053,,,,,,2026-07-15T19:41:40
239004082,0140,390040820140,2-3-9-004-082-0140,J 121,J121,MAUI KAMAOLE PHASE III,2777 S KIHEI RD UNIT J 121,57530625,M,,,,,2026-07-15T19:41:40
239004082,0140,390040820140,2-3-9-004-082-0140,J 121,J121,MAUI KAMAOLE PHASE III,2777 S KIHEI RD UNIT J 121,64521015,,,,,,2026-07-15T19:41:40
239004082,0140,390040820140,2-3-9-004-082-0140,J 121,J121,MAUI KAMAOLE PHASE III,2777 S KIHEI RD UNIT J 121,84330085,,,,,,2026-07-15T19:41:40
239004082,0140,390040820140,2-3-9-004-082-0140,J 121,J121,MAUI KAMAOLE PHASE III,2777 S KIHEI RD UNIT J 121,99143522,NL,,,,,2026-07-15T19:41:40
239004082,0140,390040820140,2-3-9-004-082-0140,J 121,J121,MAUI KAMAOLE PHASE III,2777 S KIHEI RD UNIT J 121,99157955,,,,,,2026-07-15T19:41:40
239004082,0140,390040820140,2-3-9-004-082-0140,J 121,J121,MAUI KAMAOLE PHASE III,2777 S KIHEI RD UNIT J 121,99157956,,,,,,2026-07-15T19:41:40
239004082,0140,390040820140,2-3-9-004-082-0140,J 121,J121,MAUI KAMAOLE PHASE III,2777 S KIHEI RD UNIT J 121,99171574,,,,,,2026-07-15T19:41:40
239004082,0140,390040820140,2-3-9-004-082-0140,J 121,J121,MAUI KAMAOLE PHASE III,2777 S KIHEI RD UNIT J 121,2000042517,,,,,,2026-07-15T19:41:40
239004082,0140,390040820140,2-3-9-004-082-0140,J 121,J121,MAUI KAMAOLE PHASE III,2777 S KIHEI RD UNIT J 121,2000042518,,,,,,2026-07-15T19:41:40
239004082,0140,390040820140,2-3-9-004-082-0140,J 121,J121,MAUI KAMAOLE PHASE III,2777 S KIHEI RD UNIT J 121,2000091260,,,,,,2026-07-15T19:41:40
239004082,0140,390040820140,2-3-9-004-082-0140,J 121,J121,MAUI KAMAOLE PHASE III,2777 S KIHEI RD UNIT J 121,2000091261,,,,,,2026-07-15T19:41:40
239004082,0140,390040820140,2-3-9-004-082-0140,J 121,J121,MAUI KAMAOLE PHASE III,2777 S KIHEI RD UNIT J 121,2001005025,,,,,,2026-07-15T19:41:40
239004082,0140,390040820140,2-3-9-004-082-0140,J 121,J121,MAUI KAMAOLE PHASE III,2777 S KIHEI RD UNIT J 121,2001005026,,,,,,2026-07-15T19:41:40
239004082,0140,390040820140,2-3-9-004-082-0140,J 121,J121,MAUI KAMAOLE PHASE III,2777 S KIHEI RD UNIT J 121,2001005027,M,,,,,2026-07-15T19:41:40
239004082,0140,390040820140,2-3-9-004-082-0140,J 121,J121,MAUI KAMAOLE PHASE III,2777 S KIHEI RD UNIT J 121,2001005028,M,,,,,2026-07-15T19:41:40
239004082,0140,390040820140,2-3-9-004-082-0140,J 121,J121,MAUI KAMAOLE PHASE III,2777 S KIHEI RD UNIT J 121,2001204553,M,,,,,2026-07-15T19:41:40
239004082,0140,390040820140,2-3-9-004-082-0140,J 121,J121,MAUI KAMAOLE PHASE III,2777 S KIHEI RD UNIT J 121,2003279755,M,,,,,2026-07-15T19:41:40
239004082,0140,390040820140,2-3-9-004-082-0140,J 121,J121,MAUI KAMAOLE PHASE III,2777 S KIHEI RD UNIT J 121,2003279756,R,,,,,2026-07-15T19:41:40
239004082,0140,390040820140,2-3-9-004-082-0140,J 121,J121,MAUI KAMAOLE PHASE III,2777 S KIHEI RD UNIT J 121,2004024193,M,,,,,2026-07-15T19:41:40
239004082,0140,390040820140,2-3-9-004-082-0140,J 121,J121,MAUI KAMAOLE PHASE III,2777 S KIHEI RD UNIT J 121,2006125533,R,,,,,2026-07-15T19:41:40
239004082,0140,390040820140,2-3-9-004-082-0140,J 121,J121,MAUI KAMAOLE PHASE III,2777 S KIHEI RD UNIT J 121,2006125534,R,,,,,2026-07-15T19:41:40
239004082,0140,390040820140,2-3-9-004-082-0140,J 121,J121,MAUI KAMAOLE PHASE III,2777 S KIHEI RD UNIT J 121,2006156956,M,,,,,2026-07-15T19:41:40
239004082,0141,390040820141,2-3-9-004-082-0141,J 201,J201,MAUI KAMAOLE PHASE III,2777 S KIHEI RD UNIT J 201,Certificate,,,,,,2026-07-15T19:41:40
239004082,0142,390040820142,2-3-9-004-082-0142,J 202,J202,MAUI KAMAOLE PHASE III,2777 S KIHEI RD UNIT J 202,48920636,,,,,,2026-07-15T19:41:40
239004082,0142,390040820142,2-3-9-004-082-0142,J 202,J202,MAUI KAMAOLE PHASE III,2777 S KIHEI RD UNIT J 202,50950572,,,,,,2026-07-15T19:41:40
239004082,0142,390040820142,2-3-9-004-082-0142,J 202,J202,MAUI KAMAOLE PHASE III,2777 S KIHEI RD UNIT J 202,87310078,,,,,,2026-07-15T19:41:40
239004082,0142,390040820142,2-3-9-004-082-0142,J 202,J202,MAUI KAMAOLE PHASE III,2777 S KIHEI RD UNIT J 202,99143522,NL,,,,,2026-07-15T19:41:40
239004082,0142,390040820142,2-3-9-004-082-0142,J 202,J202,MAUI KAMAOLE PHASE III,2777 S KIHEI RD UNIT J 202,99157955,,,,,,2026-07-15T19:41:40
239004082,0142,390040820142,2-3-9-004-082-0142,J 202,J202,MAUI KAMAOLE PHASE III,2777 S KIHEI RD UNIT J 202,99157956,,,,,,2026-07-15T19:41:40
239004082,0142,390040820142,2-3-9-004-082-0142,J 202,J202,MAUI KAMAOLE PHASE III,2777 S KIHEI RD UNIT J 202,99171574,,,,,,2026-07-15T19:41:40
239004082,0142,390040820142,2-3-9-004-082-0142,J 202,J202,MAUI KAMAOLE PHASE III,2777 S KIHEI RD UNIT J 202,2000042517,,,,,,2026-07-15T19:41:40
239004082,0142,390040820142,2-3-9-004-082-0142,J 202,J202,MAUI KAMAOLE PHASE III,2777 S KIHEI RD UNIT J 202,2000042518,,,,,,2026-07-15T19:41:40
239004082,0142,390040820142,2-3-9-004-082-0142,J 202,J202,MAUI KAMAOLE PHASE III,2777 S KIHEI RD UNIT J 202,2000091260,,,,,,2026-07-15T19:41:40
239004082,0142,390040820142,2-3-9-004-082-0142,J 202,J202,MAUI KAMAOLE PHASE III,2777 S KIHEI RD UNIT J 202,2000091261,,,,,,2026-07-15T19:41:40
239004082,0142,390040820142,2-3-9-004-082-0142,J 202,J202,MAUI KAMAOLE PHASE III,2777 S KIHEI RD UNIT J 202,2000154779,,,,,,2026-07-15T19:41:40
239004082,0142,390040820142,2-3-9-004-082-0142,J 202,J202,MAUI KAMAOLE PHASE III,2777 S KIHEI RD UNIT J 202,2000154780,,,,,,2026-07-15T19:41:40
239004082,0142,390040820142,2-3-9-004-082-0142,J 202,J202,MAUI KAMAOLE PHASE III,2777 S KIHEI RD UNIT J 202,2000154781,,,,,,2026-07-15T19:41:40
239004082,0142,390040820142,2-3-9-004-082-0142,J 202,J202,MAUI KAMAOLE PHASE III,2777 S KIHEI RD UNIT J 202,2005158615,,,,,,2026-07-15T19:41:40
239004082,0142,390040820142,2-3-9-004-082-0142,J 202,J202,MAUI KAMAOLE PHASE III,2777 S KIHEI RD UNIT J 202,2005158616,R,,,,,2026-07-15T19:41:40
239004082,0142,390040820142,2-3-9-004-082-0142,J 202,J202,MAUI KAMAOLE PHASE III,2777 S KIHEI RD UNIT J 202,2005158617,R,,,,,2026-07-15T19:41:40
239004082,0142,390040820142,2-3-9-004-082-0142,J 202,J202,MAUI KAMAOLE PHASE III,2777 S KIHEI RD UNIT J 202,2011155121,,,,,,2026-07-15T19:41:40
239004082,0142,390040820142,2-3-9-004-082-0142,J 202,J202,MAUI KAMAOLE PHASE III,2777 S KIHEI RD UNIT J 202,2011184054,MFS,,,,,2026-07-15T19:41:40
239004082,0142,390040820142,2-3-9-004-082-0142,J 202,J202,MAUI KAMAOLE PHASE III,2777 S KIHEI RD UNIT J 202,2011184055,M,,,,,2026-07-15T19:41:40
239004082,0143,390040820143,2-3-9-004-082-0143,J 203,J203,MAUI KAMAOLE PHASE III,2777 S KIHEI RD UNIT J 203,Certificate,,,,,,2026-07-15T19:41:40
239004082,0144,390040820144,2-3-9-004-082-0144,J 204,J204,MAUI KAMAOLE PHASE III,2777 S KIHEI RD UNIT J 204,59260456,R,,,,,2026-07-15T19:41:40
239004082,0144,390040820144,2-3-9-004-082-0144,J 204,J204,MAUI KAMAOLE PHASE III,2777 S KIHEI RD UNIT J 204,A2006063789,M,,,,,2026-07-15T19:41:40
239004082,0144,390040820144,2-3-9-004-082-0144,J 204,J204,MAUI KAMAOLE PHASE III,2777 S KIHEI RD UNIT J 204,A2003168810,M,,,,,2026-07-15T19:41:40
239004082,0144,390040820144,2-3-9-004-082-0144,J 204,J204,MAUI KAMAOLE PHASE III,2777 S KIHEI RD UNIT J 204,A2006063789,M,,,,,2026-07-15T19:41:40
239004082,0144,390040820144,2-3-9-004-082-0144,J 204,J204,MAUI KAMAOLE PHASE III,2777 S KIHEI RD UNIT J 204,"A76480131/AD
A76991029/AD
A77340464/D
A77830115/D
A78020553/AD
A78570961/AD
A79570943/D
A79860510/AGM
A79900170/AD
A79920571/M
A80000213/AD
A80140930/AD
A80141102/AD
A80261188/NL",,,,,,2026-07-15T19:41:40
239004082,0144,390040820144,2-3-9-004-082-0144,J 204,J204,MAUI KAMAOLE PHASE III,2777 S KIHEI RD UNIT J 204,98144745,UKN,,,,,2026-07-15T19:41:40
239004082,0144,390040820144,2-3-9-004-082-0144,J 204,J204,MAUI KAMAOLE PHASE III,2777 S KIHEI RD UNIT J 204,98144753,UKN,,,,,2026-07-15T19:41:40
239004082,0144,390040820144,2-3-9-004-082-0144,J 204,J204,MAUI KAMAOLE PHASE III,2777 S KIHEI RD UNIT J 204,98144745,UKN,,,,,2026-07-15T19:41:40
239004082,0144,390040820144,2-3-9-004-082-0144,J 204,J204,MAUI KAMAOLE PHASE III,2777 S KIHEI RD UNIT J 204,98144745,UKN,,,,,2026-07-15T19:41:40
239004082,0144,390040820144,2-3-9-004-082-0144,J 204,J204,MAUI KAMAOLE PHASE III,2777 S KIHEI RD UNIT J 204,98144753,UKN,,,,,2026-07-15T19:41:40
239004082,0144,390040820144,2-3-9-004-082-0144,J 204,J204,MAUI KAMAOLE PHASE III,2777 S KIHEI RD UNIT J 204,98144745,UKN,,,,,2026-07-15T19:41:40
239004082,0144,390040820144,2-3-9-004-082-0144,J 204,J204,MAUI KAMAOLE PHASE III,2777 S KIHEI RD UNIT J 204,98144753,UKN,,,,,2026-07-15T19:41:40
239004082,0144,390040820144,2-3-9-004-082-0144,J 204,J204,MAUI KAMAOLE PHASE III,2777 S KIHEI RD UNIT J 204,"A77340464/D
A77830115/D
A78570961/AD
A79570943/D
A79900170/AD
A79920571/M
A80000213/AD
A80140930/AD
A80141102/AD
A83550430/TODD
A88710110/AD",,,,,,2026-07-15T19:41:40
239004082,0144,390040820144,2-3-9-004-082-0144,J 204,J204,MAUI KAMAOLE PHASE III,2777 S KIHEI RD UNIT J 204,"A76480131/AD
A77340464/D",,,,,,2026-07-15T19:41:40
239004082,0144,390040820144,2-3-9-004-082-0144,J 204,J204,MAUI KAMAOLE PHASE III,2777 S KIHEI RD UNIT J 204,"A76480131/AD
A77340464/D",,,,,,2026-07-15T19:41:40
239004082,0144,390040820144,2-3-9-004-082-0144,J 204,J204,MAUI KAMAOLE PHASE III,2777 S KIHEI RD UNIT J 204,"A76480131/AD
A77340464/D",,,,,,2026-07-15T19:41:40
239004082,0144,390040820144,2-3-9-004-082-0144,J 204,J204,MAUI KAMAOLE PHASE III,2777 S KIHEI RD UNIT J 204,2002141635,R,,,,,2026-07-15T19:41:40
239004082,0144,390040820144,2-3-9-004-082-0144,J 204,J204,MAUI KAMAOLE PHASE III,2777 S KIHEI RD UNIT J 204,2002141636,R,,,,,2026-07-15T19:41:40
239004082,0144,390040820144,2-3-9-004-082-0144,J 204,J204,MAUI KAMAOLE PHASE III,2777 S KIHEI RD UNIT J 204,A2003208715,R,,,,,2026-07-15T19:41:40
239004082,0144,390040820144,2-3-9-004-082-0144,J 204,J204,MAUI KAMAOLE PHASE III,2777 S KIHEI RD UNIT J 204,"A76480131/AD
A77340464/D",,,,,,2026-07-15T19:41:40
239004082,0144,390040820144,2-3-9-004-082-0144,J 204,J204,MAUI KAMAOLE PHASE III,2777 S KIHEI RD UNIT J 204,A59340631,R,,,,,2026-07-15T19:41:40
239004082,0144,390040820144,2-3-9-004-082-0144,J 204,J204,MAUI KAMAOLE PHASE III,2777 S KIHEI RD UNIT J 204,A2002141637,M,,,,,2026-07-15T19:41:40
239004082,0144,390040820144,2-3-9-004-082-0144,J 204,J204,MAUI KAMAOLE PHASE III,2777 S KIHEI RD UNIT J 204,"A69140637/R
A59260457/SUBOR",,,,,,2026-07-15T19:41:40
239004082,0145,390040820145,2-3-9-004-082-0145,J 205,J205,MAUI KAMAOLE PHASE III,2777 S KIHEI RD UNIT J 205,47920295,M,,,,,2026-07-15T19:41:40
239004082,0145,390040820145,2-3-9-004-082-0145,J 205,J205,MAUI KAMAOLE PHASE III,2777 S KIHEI RD UNIT J 205,48260574,M,,,,,2026-07-15T19:41:40
239004082,0145,390040820145,2-3-9-004-082-0145,J 205,J205,MAUI KAMAOLE PHASE III,2777 S KIHEI RD UNIT J 205,99143522,NL,,,,,2026-07-15T19:41:40
239004082,0145,390040820145,2-3-9-004-082-0145,J 205,J205,MAUI KAMAOLE PHASE III,2777 S KIHEI RD UNIT J 205,99157955,,,,,,2026-07-15T19:41:40
239004082,0145,390040820145,2-3-9-004-082-0145,J 205,J205,MAUI KAMAOLE PHASE III,2777 S KIHEI RD UNIT J 205,99157956,,,,,,2026-07-15T19:41:40
239004082,0145,390040820145,2-3-9-004-082-0145,J 205,J205,MAUI KAMAOLE PHASE III,2777 S KIHEI RD UNIT J 205,99171574,,,,,,2026-07-15T19:41:40
239004082,0145,390040820145,2-3-9-004-082-0145,J 205,J205,MAUI KAMAOLE PHASE III,2777 S KIHEI RD UNIT J 205,2000042517,,,,,,2026-07-15T19:41:40
239004082,0145,390040820145,2-3-9-004-082-0145,J 205,J205,MAUI KAMAOLE PHASE III,2777 S KIHEI RD UNIT J 205,2000042518,,,,,,2026-07-15T19:41:40
239004082,0145,390040820145,2-3-9-004-082-0145,J 205,J205,MAUI KAMAOLE PHASE III,2777 S KIHEI RD UNIT J 205,2000091260,,,,,,2026-07-15T19:41:40
239004082,0145,390040820145,2-3-9-004-082-0145,J 205,J205,MAUI KAMAOLE PHASE III,2777 S KIHEI RD UNIT J 205,2000091261,,,,,,2026-07-15T19:41:40
239004082,0145,390040820145,2-3-9-004-082-0145,J 205,J205,MAUI KAMAOLE PHASE III,2777 S KIHEI RD UNIT J 205,2000134459,,,,,,2026-07-15T19:41:40
239004082,0145,390040820145,2-3-9-004-082-0145,J 205,J205,MAUI KAMAOLE PHASE III,2777 S KIHEI RD UNIT J 205,2000134460,,,,,,2026-07-15T19:41:40
239004082,0145,390040820145,2-3-9-004-082-0145,J 205,J205,MAUI KAMAOLE PHASE III,2777 S KIHEI RD UNIT J 205,2000134461,,,,,,2026-07-15T19:41:40
239004082,0145,390040820145,2-3-9-004-082-0145,J 205,J205,MAUI KAMAOLE PHASE III,2777 S KIHEI RD UNIT J 205,2000134462,R,,,,,2026-07-15T19:41:40
239004082,0145,390040820145,2-3-9-004-082-0145,J 205,J205,MAUI KAMAOLE PHASE III,2777 S KIHEI RD UNIT J 205,2003182439,,,,,,2026-07-15T19:41:40
239004082,0145,390040820145,2-3-9-004-082-0145,J 205,J205,MAUI KAMAOLE PHASE III,2777 S KIHEI RD UNIT J 205,2003182440,R,,,,,2026-07-15T19:41:40
239004082,0145,390040820145,2-3-9-004-082-0145,J 205,J205,MAUI KAMAOLE PHASE III,2777 S KIHEI RD UNIT J 205,2003242102,M,,,,,2026-07-15T19:41:40
239004082,0145,390040820145,2-3-9-004-082-0145,J 205,J205,MAUI KAMAOLE PHASE III,2777 S KIHEI RD UNIT J 205,2004247549,R,,,,,2026-07-15T19:41:40
239004082,0145,390040820145,2-3-9-004-082-0145,J 205,J205,MAUI KAMAOLE PHASE III,2777 S KIHEI RD UNIT J 205,2005182658,R,,,,,2026-07-15T19:41:40
239004082,0145,390040820145,2-3-9-004-082-0145,J 205,J205,MAUI KAMAOLE PHASE III,2777 S KIHEI RD UNIT J 205,2005198822,M,,,,,2026-07-15T19:41:40
239004082,0145,390040820145,2-3-9-004-082-0145,J 205,J205,MAUI KAMAOLE PHASE III,2777 S KIHEI RD UNIT J 205,2005212722,M,,,,,2026-07-15T19:41:40
239004082,0146,390040820146,2-3-9-004-082-0146,J 206,J206,MAUI KAMAOLE PHASE III,2777 S KIHEI RD UNIT J 206,67960011,,,,,,2026-07-15T19:41:40
239004082,0146,390040820146,2-3-9-004-082-0146,J 206,J206,MAUI KAMAOLE PHASE III,2777 S KIHEI RD UNIT J 206,68130006,M,,,,,2026-07-15T19:41:40
239004082,0146,390040820146,2-3-9-004-082-0146,J 206,J206,MAUI KAMAOLE PHASE III,2777 S KIHEI RD UNIT J 206,74150596,,,,,,2026-07-15T19:41:40
239004082,0146,390040820146,2-3-9-004-082-0146,J 206,J206,MAUI KAMAOLE PHASE III,2777 S KIHEI RD UNIT J 206,79900170,,,,,,2026-07-15T19:41:40
239004082,0146,390040820146,2-3-9-004-082-0146,J 206,J206,MAUI KAMAOLE PHASE III,2777 S KIHEI RD UNIT J 206,99143522,NL,,,,,2026-07-15T19:41:40
239004082,0146,390040820146,2-3-9-004-082-0146,J 206,J206,MAUI KAMAOLE PHASE III,2777 S KIHEI RD UNIT J 206,99157955,,,,,,2026-07-15T19:41:40
239004082,0146,390040820146,2-3-9-004-082-0146,J 206,J206,MAUI KAMAOLE PHASE III,2777 S KIHEI RD UNIT J 206,99157956,,,,,,2026-07-15T19:41:40
239004082,0146,390040820146,2-3-9-004-082-0146,J 206,J206,MAUI KAMAOLE PHASE III,2777 S KIHEI RD UNIT J 206,99171574,,,,,,2026-07-15T19:41:40
239004082,0146,390040820146,2-3-9-004-082-0146,J 206,J206,MAUI KAMAOLE PHASE III,2777 S KIHEI RD UNIT J 206,2000042517,,,,,,2026-07-15T19:41:40
239004082,0146,390040820146,2-3-9-004-082-0146,J 206,J206,MAUI KAMAOLE PHASE III,2777 S KIHEI RD UNIT J 206,2000042518,,,,,,2026-07-15T19:41:40
239004082,0146,390040820146,2-3-9-004-082-0146,J 206,J206,MAUI KAMAOLE PHASE III,2777 S KIHEI RD UNIT J 206,2000091260,,,,,,2026-07-15T19:41:40
239004082,0146,390040820146,2-3-9-004-082-0146,J 206,J206,MAUI KAMAOLE PHASE III,2777 S KIHEI RD UNIT J 206,2000091261,,,,,,2026-07-15T19:41:40
239004082,0146,390040820146,2-3-9-004-082-0146,J 206,J206,MAUI KAMAOLE PHASE III,2777 S KIHEI RD UNIT J 206,2000134463,,,,,,2026-07-15T19:41:40
239004082,0146,390040820146,2-3-9-004-082-0146,J 206,J206,MAUI KAMAOLE PHASE III,2777 S KIHEI RD UNIT J 206,2000134464,,,,,,2026-07-15T19:41:40
239004082,0146,390040820146,2-3-9-004-082-0146,J 206,J206,MAUI KAMAOLE PHASE III,2777 S KIHEI RD UNIT J 206,2000134465,,,,,,2026-07-15T19:41:40
239004082,0146,390040820146,2-3-9-004-082-0146,J 206,J206,MAUI KAMAOLE PHASE III,2777 S KIHEI RD UNIT J 206,2000134466,R,,,,,2026-07-15T19:41:40
239004082,0146,390040820146,2-3-9-004-082-0146,J 206,J206,MAUI KAMAOLE PHASE III,2777 S KIHEI RD UNIT J 206,2003198859,,,,,,2026-07-15T19:41:40
239004082,0146,390040820146,2-3-9-004-082-0146,J 206,J206,MAUI KAMAOLE PHASE III,2777 S KIHEI RD UNIT J 206,2003256483,M,,,,,2026-07-15T19:41:40
239004082,0146,390040820146,2-3-9-004-082-0146,J 206,J206,MAUI KAMAOLE PHASE III,2777 S KIHEI RD UNIT J 206,2004083003,R,,,,,2026-07-15T19:41:40
239004082,0147,390040820147,2-3-9-004-082-0147,J 207,J207,MAUI KAMAOLE PHASE III,2777 S KIHEI RD UNIT J 207,70380160,M,,,,,2026-07-15T19:41:40
239004082,0147,390040820147,2-3-9-004-082-0147,J 207,J207,MAUI KAMAOLE PHASE III,2777 S KIHEI RD UNIT J 207,99143522,NL,,,,,2026-07-15T19:41:40
239004082,0147,390040820147,2-3-9-004-082-0147,J 207,J207,MAUI KAMAOLE PHASE III,2777 S KIHEI RD UNIT J 207,99157955,,,,,,2026-07-15T19:41:40
239004082,0147,390040820147,2-3-9-004-082-0147,J 207,J207,MAUI KAMAOLE PHASE III,2777 S KIHEI RD UNIT J 207,99157956,,,,,,2026-07-15T19:41:40
239004082,0147,390040820147,2-3-9-004-082-0147,J 207,J207,MAUI KAMAOLE PHASE III,2777 S KIHEI RD UNIT J 207,99171574,,,,,,2026-07-15T19:41:40
239004082,0147,390040820147,2-3-9-004-082-0147,J 207,J207,MAUI KAMAOLE PHASE III,2777 S KIHEI RD UNIT J 207,2000042517,,,,,,2026-07-15T19:41:40
239004082,0147,390040820147,2-3-9-004-082-0147,J 207,J207,MAUI KAMAOLE PHASE III,2777 S KIHEI RD UNIT J 207,2000042518,,,,,,2026-07-15T19:41:40
239004082,0147,390040820147,2-3-9-004-082-0147,J 207,J207,MAUI KAMAOLE PHASE III,2777 S KIHEI RD UNIT J 207,2000091260,,,,,,2026-07-15T19:41:40
239004082,0147,390040820147,2-3-9-004-082-0147,J 207,J207,MAUI KAMAOLE PHASE III,2777 S KIHEI RD UNIT J 207,2000091261,,,,,,2026-07-15T19:41:40
239004082,0147,390040820147,2-3-9-004-082-0147,J 207,J207,MAUI KAMAOLE PHASE III,2777 S KIHEI RD UNIT J 207,2001055426,,,,,,2026-07-15T19:41:40
239004082,0147,390040820147,2-3-9-004-082-0147,J 207,J207,MAUI KAMAOLE PHASE III,2777 S KIHEI RD UNIT J 207,2001055427,,,,,,2026-07-15T19:41:40
239004082,0147,390040820147,2-3-9-004-082-0147,J 207,J207,MAUI KAMAOLE PHASE III,2777 S KIHEI RD UNIT J 207,2001055428,R,,,,,2026-07-15T19:41:40
239004082,0147,390040820147,2-3-9-004-082-0147,J 207,J207,MAUI KAMAOLE PHASE III,2777 S KIHEI RD UNIT J 207,2004030630,R,,,,,2026-07-15T19:41:40
239004082,0147,390040820147,2-3-9-004-082-0147,J 207,J207,MAUI KAMAOLE PHASE III,2777 S KIHEI RD UNIT J 207,2004089788,M,,,,,2026-07-15T19:41:40
239004082,0147,390040820147,2-3-9-004-082-0147,J 207,J207,MAUI KAMAOLE PHASE III,2777 S KIHEI RD UNIT J 207,9223000308,MFS,,,,,2026-07-15T19:41:40
239004082,0148,390040820148,2-3-9-004-082-0148,J 208,J208,MAUI KAMAOLE PHASE III,2777 S KIHEI RD UNIT J 208,68620768,M,,,,,2026-07-15T19:41:40
239004082,0148,390040820148,2-3-9-004-082-0148,J 208,J208,MAUI KAMAOLE PHASE III,2777 S KIHEI RD UNIT J 208,76750049,,,,,,2026-07-15T19:41:40
239004082,0148,390040820148,2-3-9-004-082-0148,J 208,J208,MAUI KAMAOLE PHASE III,2777 S KIHEI RD UNIT J 208,99143522,NL,,,,,2026-07-15T19:41:40
239004082,0148,390040820148,2-3-9-004-082-0148,J 208,J208,MAUI KAMAOLE PHASE III,2777 S KIHEI RD UNIT J 208,99157955,,,,,,2026-07-15T19:41:40
239004082,0148,390040820148,2-3-9-004-082-0148,J 208,J208,MAUI KAMAOLE PHASE III,2777 S KIHEI RD UNIT J 208,99157956,,,,,,2026-07-15T19:41:40
239004082,0148,390040820148,2-3-9-004-082-0148,J 208,J208,MAUI KAMAOLE PHASE III,2777 S KIHEI RD UNIT J 208,99171574,,,,,,2026-07-15T19:41:40
239004082,0148,390040820148,2-3-9-004-082-0148,J 208,J208,MAUI KAMAOLE PHASE III,2777 S KIHEI RD UNIT J 208,2000042517,,,,,,2026-07-15T19:41:40
239004082,0148,390040820148,2-3-9-004-082-0148,J 208,J208,MAUI KAMAOLE PHASE III,2777 S KIHEI RD UNIT J 208,2000042518,,,,,,2026-07-15T19:41:40
239004082,0148,390040820148,2-3-9-004-082-0148,J 208,J208,MAUI KAMAOLE PHASE III,2777 S KIHEI RD UNIT J 208,2000091260,,,,,,2026-07-15T19:41:40
239004082,0148,390040820148,2-3-9-004-082-0148,J 208,J208,MAUI KAMAOLE PHASE III,2777 S KIHEI RD UNIT J 208,2000091261,,,,,,2026-07-15T19:41:40
239004082,0148,390040820148,2-3-9-004-082-0148,J 208,J208,MAUI KAMAOLE PHASE III,2777 S KIHEI RD UNIT J 208,2000134467,,,,,,2026-07-15T19:41:40
239004082,0148,390040820148,2-3-9-004-082-0148,J 208,J208,MAUI KAMAOLE PHASE III,2777 S KIHEI RD UNIT J 208,2000134468,,,,,,2026-07-15T19:41:40
239004082,0148,390040820148,2-3-9-004-082-0148,J 208,J208,MAUI KAMAOLE PHASE III,2777 S KIHEI RD UNIT J 208,2000134469,,,,,,2026-07-15T19:41:40
239004082,0148,390040820148,2-3-9-004-082-0148,J 208,J208,MAUI KAMAOLE PHASE III,2777 S KIHEI RD UNIT J 208,2000134470,R,,,,,2026-07-15T19:41:40
239004082,0148,390040820148,2-3-9-004-082-0148,J 208,J208,MAUI KAMAOLE PHASE III,2777 S KIHEI RD UNIT J 208,2004107579,R,,,,,2026-07-15T19:41:40
239004082,0148,390040820148,2-3-9-004-082-0148,J 208,J208,MAUI KAMAOLE PHASE III,2777 S KIHEI RD UNIT J 208,2004142673,M,,,,,2026-07-15T19:41:40
239004082,0148,390040820148,2-3-9-004-082-0148,J 208,J208,MAUI KAMAOLE PHASE III,2777 S KIHEI RD UNIT J 208,2005013345,M,,,,,2026-07-15T19:41:40
239004082,0148,390040820148,2-3-9-004-082-0148,J 208,J208,MAUI KAMAOLE PHASE III,2777 S KIHEI RD UNIT J 208,2005013346,M,,,,,2026-07-15T19:41:40
239004082,0148,390040820148,2-3-9-004-082-0148,J 208,J208,MAUI KAMAOLE PHASE III,2777 S KIHEI RD UNIT J 208,2005037547,M,,,,,2026-07-15T19:41:40
239004082,0149,390040820149,2-3-9-004-082-0149,J 209,J209,MAUI KAMAOLE PHASE III,2777 S KIHEI RD UNIT J 209,99143522,NL,,,,,2026-07-15T19:41:40
239004082,0149,390040820149,2-3-9-004-082-0149,J 209,J209,MAUI KAMAOLE PHASE III,2777 S KIHEI RD UNIT J 209,99157955,,,,,,2026-07-15T19:41:40
239004082,0149,390040820149,2-3-9-004-082-0149,J 209,J209,MAUI KAMAOLE PHASE III,2777 S KIHEI RD UNIT J 209,99157956,,,,,,2026-07-15T19:41:40
239004082,0149,390040820149,2-3-9-004-082-0149,J 209,J209,MAUI KAMAOLE PHASE III,2777 S KIHEI RD UNIT J 209,99171574,,,,,,2026-07-15T19:41:40
239004082,0149,390040820149,2-3-9-004-082-0149,J 209,J209,MAUI KAMAOLE PHASE III,2777 S KIHEI RD UNIT J 209,2000042517,,,,,,2026-07-15T19:41:40
239004082,0149,390040820149,2-3-9-004-082-0149,J 209,J209,MAUI KAMAOLE PHASE III,2777 S KIHEI RD UNIT J 209,2000042518,,,,,,2026-07-15T19:41:40
239004082,0149,390040820149,2-3-9-004-082-0149,J 209,J209,MAUI KAMAOLE PHASE III,2777 S KIHEI RD UNIT J 209,2000091260,,,,,,2026-07-15T19:41:40
239004082,0149,390040820149,2-3-9-004-082-0149,J 209,J209,MAUI KAMAOLE PHASE III,2777 S KIHEI RD UNIT J 209,2000091261,,,,,,2026-07-15T19:41:40
239004082,0149,390040820149,2-3-9-004-082-0149,J 209,J209,MAUI KAMAOLE PHASE III,2777 S KIHEI RD UNIT J 209,2000174263,,,,,,2026-07-15T19:41:40
239004082,0149,390040820149,2-3-9-004-082-0149,J 209,J209,MAUI KAMAOLE PHASE III,2777 S KIHEI RD UNIT J 209,2000174264,,,,,,2026-07-15T19:41:40
239004082,0149,390040820149,2-3-9-004-082-0149,J 209,J209,MAUI KAMAOLE PHASE III,2777 S KIHEI RD UNIT J 209,2000174265,,,,,,2026-07-15T19:41:40
239004082,0149,390040820149,2-3-9-004-082-0149,J 209,J209,MAUI KAMAOLE PHASE III,2777 S KIHEI RD UNIT J 209,2000174266,R,,,,,2026-07-15T19:41:40
239004082,0149,390040820149,2-3-9-004-082-0149,J 209,J209,MAUI KAMAOLE PHASE III,2777 S KIHEI RD UNIT J 209,2000176377,,,,,,2026-07-15T19:41:40
239004082,0149,390040820149,2-3-9-004-082-0149,J 209,J209,MAUI KAMAOLE PHASE III,2777 S KIHEI RD UNIT J 209,2002008172,,,,,,2026-07-15T19:41:40
239004082,0149,390040820149,2-3-9-004-082-0149,J 209,J209,MAUI KAMAOLE PHASE III,2777 S KIHEI RD UNIT J 209,2002008173,R,,,,,2026-07-15T19:41:40
239004082,0149,390040820149,2-3-9-004-082-0149,J 209,J209,MAUI KAMAOLE PHASE III,2777 S KIHEI RD UNIT J 209,2002011928,,,,,,2026-07-15T19:41:40
239004082,0149,390040820149,2-3-9-004-082-0149,J 209,J209,MAUI KAMAOLE PHASE III,2777 S KIHEI RD UNIT J 209,2002051090,M,,,,,2026-07-15T19:41:40
239004082,0149,390040820149,2-3-9-004-082-0149,J 209,J209,MAUI KAMAOLE PHASE III,2777 S KIHEI RD UNIT J 209,2002170974,R,,,,,2026-07-15T19:41:40
239004082,0149,390040820149,2-3-9-004-082-0149,J 209,J209,MAUI KAMAOLE PHASE III,2777 S KIHEI RD UNIT J 209,2002170975,M,,,,,2026-07-15T19:41:40
239004082,0149,390040820149,2-3-9-004-082-0149,J 209,J209,MAUI KAMAOLE PHASE III,2777 S KIHEI RD UNIT J 209,2002214121,M,,,,,2026-07-15T19:41:40
239004082,0149,390040820149,2-3-9-004-082-0149,J 209,J209,MAUI KAMAOLE PHASE III,2777 S KIHEI RD UNIT J 209,2003187881,,,,,,2026-07-15T19:41:40
239004082,0149,390040820149,2-3-9-004-082-0149,J 209,J209,MAUI KAMAOLE PHASE III,2777 S KIHEI RD UNIT J 209,2004003309,M,,,,,2026-07-15T19:41:40
239004082,0150,390040820150,2-3-9-004-082-0150,J 210,J210,MAUI KAMAOLE PHASE III,2777 S KIHEI RD UNIT J 210,45320430,M,,,,,2026-07-15T19:41:40
239004082,0150,390040820150,2-3-9-004-082-0150,J 210,J210,MAUI KAMAOLE PHASE III,2777 S KIHEI RD UNIT J 210,99143522,NL,,,,,2026-07-15T19:41:40
239004082,0150,390040820150,2-3-9-004-082-0150,J 210,J210,MAUI KAMAOLE PHASE III,2777 S KIHEI RD UNIT J 210,99157955,,,,,,2026-07-15T19:41:40
239004082,0150,390040820150,2-3-9-004-082-0150,J 210,J210,MAUI KAMAOLE PHASE III,2777 S KIHEI RD UNIT J 210,99157956,,,,,,2026-07-15T19:41:40
239004082,0150,390040820150,2-3-9-004-082-0150,J 210,J210,MAUI KAMAOLE PHASE III,2777 S KIHEI RD UNIT J 210,99171574,,,,,,2026-07-15T19:41:40
239004082,0150,390040820150,2-3-9-004-082-0150,J 210,J210,MAUI KAMAOLE PHASE III,2777 S KIHEI RD UNIT J 210,2000042517,,,,,,2026-07-15T19:41:40
239004082,0150,390040820150,2-3-9-004-082-0150,J 210,J210,MAUI KAMAOLE PHASE III,2777 S KIHEI RD UNIT J 210,2000042518,,,,,,2026-07-15T19:41:40
239004082,0150,390040820150,2-3-9-004-082-0150,J 210,J210,MAUI KAMAOLE PHASE III,2777 S KIHEI RD UNIT J 210,2000091260,,,,,,2026-07-15T19:41:40
239004082,0150,390040820150,2-3-9-004-082-0150,J 210,J210,MAUI KAMAOLE PHASE III,2777 S KIHEI RD UNIT J 210,2000091261,,,,,,2026-07-15T19:41:40
239004082,0150,390040820150,2-3-9-004-082-0150,J 210,J210,MAUI KAMAOLE PHASE III,2777 S KIHEI RD UNIT J 210,2001032903,,,,,,2026-07-15T19:41:40
239004082,0150,390040820150,2-3-9-004-082-0150,J 210,J210,MAUI KAMAOLE PHASE III,2777 S KIHEI RD UNIT J 210,2001032904,NL,,,,,2026-07-15T19:41:40
239004082,0150,390040820150,2-3-9-004-082-0150,J 210,J210,MAUI KAMAOLE PHASE III,2777 S KIHEI RD UNIT J 210,2001032905,R,,,,,2026-07-15T19:41:40
239004082,0150,390040820150,2-3-9-004-082-0150,J 210,J210,MAUI KAMAOLE PHASE III,2777 S KIHEI RD UNIT J 210,2001035549,,,,,,2026-07-15T19:41:40
239004082,0150,390040820150,2-3-9-004-082-0150,J 210,J210,MAUI KAMAOLE PHASE III,2777 S KIHEI RD UNIT J 210,2002215881,NL,,,,,2026-07-15T19:41:40
239004082,0150,390040820150,2-3-9-004-082-0150,J 210,J210,MAUI KAMAOLE PHASE III,2777 S KIHEI RD UNIT J 210,2003017948,M,,,,,2026-07-15T19:41:40
239004082,0150,390040820150,2-3-9-004-082-0150,J 210,J210,MAUI KAMAOLE PHASE III,2777 S KIHEI RD UNIT J 210,2006102845,R,,,,,2026-07-15T19:41:40
239004082,0150,390040820150,2-3-9-004-082-0150,J 210,J210,MAUI KAMAOLE PHASE III,2777 S KIHEI RD UNIT J 210,2006102846,R,,,,,2026-07-15T19:41:40
239004082,0150,390040820150,2-3-9-004-082-0150,J 210,J210,MAUI KAMAOLE PHASE III,2777 S KIHEI RD UNIT J 210,8998000625,M,,,,,2026-07-15T19:41:40
239004082,0150,390040820150,2-3-9-004-082-0150,J 210,J210,MAUI KAMAOLE PHASE III,2777 S KIHEI RD UNIT J 210,9152000665,R,,,,,2026-07-15T19:41:40
239004082,0151,390040820151,2-3-9-004-082-0151,J 211,J211,MAUI KAMAOLE PHASE III,2777 S KIHEI RD UNIT J 211,53810465,M,,,,,2026-07-15T19:41:40
239004082,0151,390040820151,2-3-9-004-082-0151,J 211,J211,MAUI KAMAOLE PHASE III,2777 S KIHEI RD UNIT J 211,62260747,M,,,,,2026-07-15T19:41:40
239004082,0151,390040820151,2-3-9-004-082-0151,J 211,J211,MAUI KAMAOLE PHASE III,2777 S KIHEI RD UNIT J 211,99143522,NL,,,,,2026-07-15T19:41:40
239004082,0151,390040820151,2-3-9-004-082-0151,J 211,J211,MAUI KAMAOLE PHASE III,2777 S KIHEI RD UNIT J 211,99157955,,,,,,2026-07-15T19:41:40
239004082,0151,390040820151,2-3-9-004-082-0151,J 211,J211,MAUI KAMAOLE PHASE III,2777 S KIHEI RD UNIT J 211,99157956,,,,,,2026-07-15T19:41:40
239004082,0151,390040820151,2-3-9-004-082-0151,J 211,J211,MAUI KAMAOLE PHASE III,2777 S KIHEI RD UNIT J 211,99171574,,,,,,2026-07-15T19:41:40
239004082,0151,390040820151,2-3-9-004-082-0151,J 211,J211,MAUI KAMAOLE PHASE III,2777 S KIHEI RD UNIT J 211,2000042517,,,,,,2026-07-15T19:41:40
239004082,0151,390040820151,2-3-9-004-082-0151,J 211,J211,MAUI KAMAOLE PHASE III,2777 S KIHEI RD UNIT J 211,2000042518,,,,,,2026-07-15T19:41:40
239004082,0151,390040820151,2-3-9-004-082-0151,J 211,J211,MAUI KAMAOLE PHASE III,2777 S KIHEI RD UNIT J 211,2000091260,,,,,,2026-07-15T19:41:40
239004082,0151,390040820151,2-3-9-004-082-0151,J 211,J211,MAUI KAMAOLE PHASE III,2777 S KIHEI RD UNIT J 211,2000091261,,,,,,2026-07-15T19:41:40
239004082,0151,390040820151,2-3-9-004-082-0151,J 211,J211,MAUI KAMAOLE PHASE III,2777 S KIHEI RD UNIT J 211,2000150618,,,,,,2026-07-15T19:41:40
239004082,0151,390040820151,2-3-9-004-082-0151,J 211,J211,MAUI KAMAOLE PHASE III,2777 S KIHEI RD UNIT J 211,2000150619,,,,,,2026-07-15T19:41:40
239004082,0151,390040820151,2-3-9-004-082-0151,J 211,J211,MAUI KAMAOLE PHASE III,2777 S KIHEI RD UNIT J 211,2000150620,,,,,,2026-07-15T19:41:40
239004082,0151,390040820151,2-3-9-004-082-0151,J 211,J211,MAUI KAMAOLE PHASE III,2777 S KIHEI RD UNIT J 211,2000150621,,,,,,2026-07-15T19:41:40
239004082,0151,390040820151,2-3-9-004-082-0151,J 211,J211,MAUI KAMAOLE PHASE III,2777 S KIHEI RD UNIT J 211,2000150622,R,,,,,2026-07-15T19:41:40
239004082,0151,390040820151,2-3-9-004-082-0151,J 211,J211,MAUI KAMAOLE PHASE III,2777 S KIHEI RD UNIT J 211,2001179920,R,,,,,2026-07-15T19:41:40
239004082,0151,390040820151,2-3-9-004-082-0151,J 211,J211,MAUI KAMAOLE PHASE III,2777 S KIHEI RD UNIT J 211,2002006896,M,,,,,2026-07-15T19:41:40
239004082,0151,390040820151,2-3-9-004-082-0151,J 211,J211,MAUI KAMAOLE PHASE III,2777 S KIHEI RD UNIT J 211,2007153895,R,,,,,2026-07-15T19:41:40
239004082,0152,390040820152,2-3-9-004-082-0152,J 212,J212,MAUI KAMAOLE PHASE III,2777 S KIHEI RD UNIT J 212,81470416,,,,,,2026-07-15T19:41:40
239004082,0152,390040820152,2-3-9-004-082-0152,J 212,J212,MAUI KAMAOLE PHASE III,2777 S KIHEI RD UNIT J 212,81470417,,,,,,2026-07-15T19:41:40
239004082,0152,390040820152,2-3-9-004-082-0152,J 212,J212,MAUI KAMAOLE PHASE III,2777 S KIHEI RD UNIT J 212,81600556,M,,,,,2026-07-15T19:41:40
239004082,0152,390040820152,2-3-9-004-082-0152,J 212,J212,MAUI KAMAOLE PHASE III,2777 S KIHEI RD UNIT J 212,99143522,NL,,,,,2026-07-15T19:41:40
239004082,0152,390040820152,2-3-9-004-082-0152,J 212,J212,MAUI KAMAOLE PHASE III,2777 S KIHEI RD UNIT J 212,99157955,,,,,,2026-07-15T19:41:40
239004082,0152,390040820152,2-3-9-004-082-0152,J 212,J212,MAUI KAMAOLE PHASE III,2777 S KIHEI RD UNIT J 212,99157956,,,,,,2026-07-15T19:41:40
239004082,0152,390040820152,2-3-9-004-082-0152,J 212,J212,MAUI KAMAOLE PHASE III,2777 S KIHEI RD UNIT J 212,99171574,,,,,,2026-07-15T19:41:40
239004082,0152,390040820152,2-3-9-004-082-0152,J 212,J212,MAUI KAMAOLE PHASE III,2777 S KIHEI RD UNIT J 212,2000042517,,,,,,2026-07-15T19:41:40
239004082,0152,390040820152,2-3-9-004-082-0152,J 212,J212,MAUI KAMAOLE PHASE III,2777 S KIHEI RD UNIT J 212,2000042518,,,,,,2026-07-15T19:41:40
239004082,0152,390040820152,2-3-9-004-082-0152,J 212,J212,MAUI KAMAOLE PHASE III,2777 S KIHEI RD UNIT J 212,2000091260,,,,,,2026-07-15T19:41:40
239004082,0152,390040820152,2-3-9-004-082-0152,J 212,J212,MAUI KAMAOLE PHASE III,2777 S KIHEI RD UNIT J 212,2000091261,,,,,,2026-07-15T19:41:40
239004082,0152,390040820152,2-3-9-004-082-0152,J 212,J212,MAUI KAMAOLE PHASE III,2777 S KIHEI RD UNIT J 212,2000138001,,,,,,2026-07-15T19:41:40
239004082,0152,390040820152,2-3-9-004-082-0152,J 212,J212,MAUI KAMAOLE PHASE III,2777 S KIHEI RD UNIT J 212,2000138002,,,,,,2026-07-15T19:41:40
239004082,0152,390040820152,2-3-9-004-082-0152,J 212,J212,MAUI KAMAOLE PHASE III,2777 S KIHEI RD UNIT J 212,2000138003,,,,,,2026-07-15T19:41:40
239004082,0152,390040820152,2-3-9-004-082-0152,J 212,J212,MAUI KAMAOLE PHASE III,2777 S KIHEI RD UNIT J 212,2000138004,R,,,,,2026-07-15T19:41:40
239004082,0152,390040820152,2-3-9-004-082-0152,J 212,J212,MAUI KAMAOLE PHASE III,2777 S KIHEI RD UNIT J 212,2002101967,,,,,,2026-07-15T19:41:40
239004082,0152,390040820152,2-3-9-004-082-0152,J 212,J212,MAUI KAMAOLE PHASE III,2777 S KIHEI RD UNIT J 212,2002116934,MFS,,,,,2026-07-15T19:41:40
239004082,0152,390040820152,2-3-9-004-082-0152,J 212,J212,MAUI KAMAOLE PHASE III,2777 S KIHEI RD UNIT J 212,2006115944,R,,,,,2026-07-15T19:41:40
239004082,0152,390040820152,2-3-9-004-082-0152,J 212,J212,MAUI KAMAOLE PHASE III,2777 S KIHEI RD UNIT J 212,2009127986,M,,,,,2026-07-15T19:41:40
239004082,0152,390040820152,2-3-9-004-082-0152,J 212,J212,MAUI KAMAOLE PHASE III,2777 S KIHEI RD UNIT J 212,2009168312,R,,,,,2026-07-15T19:41:40
239004082,0153,390040820153,2-3-9-004-082-0153,J 214,J214,MAUI KAMAOLE PHASE III,2777 S KIHEI RD UNIT J 214,74080934,M,,,,,2026-07-15T19:41:40
239004082,0153,390040820153,2-3-9-004-082-0153,J 214,J214,MAUI KAMAOLE PHASE III,2777 S KIHEI RD UNIT J 214,99143522,NL,,,,,2026-07-15T19:41:40
239004082,0153,390040820153,2-3-9-004-082-0153,J 214,J214,MAUI KAMAOLE PHASE III,2777 S KIHEI RD UNIT J 214,99157955,,,,,,2026-07-15T19:41:40
239004082,0153,390040820153,2-3-9-004-082-0153,J 214,J214,MAUI KAMAOLE PHASE III,2777 S KIHEI RD UNIT J 214,99157956,,,,,,2026-07-15T19:41:40
239004082,0153,390040820153,2-3-9-004-082-0153,J 214,J214,MAUI KAMAOLE PHASE III,2777 S KIHEI RD UNIT J 214,99171574,,,,,,2026-07-15T19:41:40
239004082,0153,390040820153,2-3-9-004-082-0153,J 214,J214,MAUI KAMAOLE PHASE III,2777 S KIHEI RD UNIT J 214,2000042517,,,,,,2026-07-15T19:41:40
239004082,0153,390040820153,2-3-9-004-082-0153,J 214,J214,MAUI KAMAOLE PHASE III,2777 S KIHEI RD UNIT J 214,2000042518,,,,,,2026-07-15T19:41:40
239004082,0153,390040820153,2-3-9-004-082-0153,J 214,J214,MAUI KAMAOLE PHASE III,2777 S KIHEI RD UNIT J 214,2000091260,,,,,,2026-07-15T19:41:40
239004082,0153,390040820153,2-3-9-004-082-0153,J 214,J214,MAUI KAMAOLE PHASE III,2777 S KIHEI RD UNIT J 214,2000091261,,,,,,2026-07-15T19:41:40
239004082,0153,390040820153,2-3-9-004-082-0153,J 214,J214,MAUI KAMAOLE PHASE III,2777 S KIHEI RD UNIT J 214,2000134471,,,,,,2026-07-15T19:41:40
239004082,0153,390040820153,2-3-9-004-082-0153,J 214,J214,MAUI KAMAOLE PHASE III,2777 S KIHEI RD UNIT J 214,2000134472,,,,,,2026-07-15T19:41:40
239004082,0153,390040820153,2-3-9-004-082-0153,J 214,J214,MAUI KAMAOLE PHASE III,2777 S KIHEI RD UNIT J 214,2000134473,,,,,,2026-07-15T19:41:40
239004082,0153,390040820153,2-3-9-004-082-0153,J 214,J214,MAUI KAMAOLE PHASE III,2777 S KIHEI RD UNIT J 214,2004115139,R,,,,,2026-07-15T19:41:40
239004082,0153,390040820153,2-3-9-004-082-0153,J 214,J214,MAUI KAMAOLE PHASE III,2777 S KIHEI RD UNIT J 214,2004115140,R,,,,,2026-07-15T19:41:40
239004082,0153,390040820153,2-3-9-004-082-0153,J 214,J214,MAUI KAMAOLE PHASE III,2777 S KIHEI RD UNIT J 214,2004124184,R,,,,,2026-07-15T19:41:40
239004082,0153,390040820153,2-3-9-004-082-0153,J 214,J214,MAUI KAMAOLE PHASE III,2777 S KIHEI RD UNIT J 214,2009139141,M,,,,,2026-07-15T19:41:40
239004082,0153,390040820153,2-3-9-004-082-0153,J 214,J214,MAUI KAMAOLE PHASE III,2777 S KIHEI RD UNIT J 214,9657000792,M,,,,,2026-07-15T19:41:40
239004082,0153,390040820153,2-3-9-004-082-0153,J 214,J214,MAUI KAMAOLE PHASE III,2777 S KIHEI RD UNIT J 214,9657000793,,,,,,2026-07-15T19:41:40
239004082,0154,390040820154,2-3-9-004-082-0154,J 215,J215,MAUI KAMAOLE PHASE III,2777 S KIHEI RD UNIT J 215,99143522,NL,,,,,2026-07-15T19:41:40
239004082,0154,390040820154,2-3-9-004-082-0154,J 215,J215,MAUI KAMAOLE PHASE III,2777 S KIHEI RD UNIT J 215,99157955,,,,,,2026-07-15T19:41:40
239004082,0154,390040820154,2-3-9-004-082-0154,J 215,J215,MAUI KAMAOLE PHASE III,2777 S KIHEI RD UNIT J 215,99157956,,,,,,2026-07-15T19:41:40
239004082,0154,390040820154,2-3-9-004-082-0154,J 215,J215,MAUI KAMAOLE PHASE III,2777 S KIHEI RD UNIT J 215,99171574,,,,,,2026-07-15T19:41:40
239004082,0154,390040820154,2-3-9-004-082-0154,J 215,J215,MAUI KAMAOLE PHASE III,2777 S KIHEI RD UNIT J 215,2000042517,,,,,,2026-07-15T19:41:40
239004082,0154,390040820154,2-3-9-004-082-0154,J 215,J215,MAUI KAMAOLE PHASE III,2777 S KIHEI RD UNIT J 215,2000042518,,,,,,2026-07-15T19:41:40
239004082,0154,390040820154,2-3-9-004-082-0154,J 215,J215,MAUI KAMAOLE PHASE III,2777 S KIHEI RD UNIT J 215,2000091260,,,,,,2026-07-15T19:41:40
239004082,0154,390040820154,2-3-9-004-082-0154,J 215,J215,MAUI KAMAOLE PHASE III,2777 S KIHEI RD UNIT J 215,2000091261,,,,,,2026-07-15T19:41:40
239004082,0154,390040820154,2-3-9-004-082-0154,J 215,J215,MAUI KAMAOLE PHASE III,2777 S KIHEI RD UNIT J 215,2000134474,,,,,,2026-07-15T19:41:40
239004082,0154,390040820154,2-3-9-004-082-0154,J 215,J215,MAUI KAMAOLE PHASE III,2777 S KIHEI RD UNIT J 215,2000134475,,,,,,2026-07-15T19:41:40
239004082,0154,390040820154,2-3-9-004-082-0154,J 215,J215,MAUI KAMAOLE PHASE III,2777 S KIHEI RD UNIT J 215,2000134476,,,,,,2026-07-15T19:41:40
239004082,0154,390040820154,2-3-9-004-082-0154,J 215,J215,MAUI KAMAOLE PHASE III,2777 S KIHEI RD UNIT J 215,2000134477,R,,,,,2026-07-15T19:41:40
239004082,0154,390040820154,2-3-9-004-082-0154,J 215,J215,MAUI KAMAOLE PHASE III,2777 S KIHEI RD UNIT J 215,2003162725,,,,,,2026-07-15T19:41:40
239004082,0154,390040820154,2-3-9-004-082-0154,J 215,J215,MAUI KAMAOLE PHASE III,2777 S KIHEI RD UNIT J 215,2003215919,M,,,,,2026-07-15T19:41:40
239004082,0154,390040820154,2-3-9-004-082-0154,J 215,J215,MAUI KAMAOLE PHASE III,2777 S KIHEI RD UNIT J 215,2005026833,,,,,,2026-07-15T19:41:40
239004082,0154,390040820154,2-3-9-004-082-0154,J 215,J215,MAUI KAMAOLE PHASE III,2777 S KIHEI RD UNIT J 215,2005034138,,,,,,2026-07-15T19:41:40
239004082,0154,390040820154,2-3-9-004-082-0154,J 215,J215,MAUI KAMAOLE PHASE III,2777 S KIHEI RD UNIT J 215,2007161332,,,,,,2026-07-15T19:41:40
239004082,0155,390040820155,2-3-9-004-082-0155,J 216,J216,MAUI KAMAOLE PHASE III,2777 S KIHEI RD UNIT J 216,99143522,NL,,,,,2026-07-15T19:41:40
239004082,0155,390040820155,2-3-9-004-082-0155,J 216,J216,MAUI KAMAOLE PHASE III,2777 S KIHEI RD UNIT J 216,99157955,,,,,,2026-07-15T19:41:40
239004082,0155,390040820155,2-3-9-004-082-0155,J 216,J216,MAUI KAMAOLE PHASE III,2777 S KIHEI RD UNIT J 216,99157956,,,,,,2026-07-15T19:41:40
239004082,0155,390040820155,2-3-9-004-082-0155,J 216,J216,MAUI KAMAOLE PHASE III,2777 S KIHEI RD UNIT J 216,99171574,,,,,,2026-07-15T19:41:40
239004082,0155,390040820155,2-3-9-004-082-0155,J 216,J216,MAUI KAMAOLE PHASE III,2777 S KIHEI RD UNIT J 216,2000042517,,,,,,2026-07-15T19:41:40
239004082,0155,390040820155,2-3-9-004-082-0155,J 216,J216,MAUI KAMAOLE PHASE III,2777 S KIHEI RD UNIT J 216,2000042518,,,,,,2026-07-15T19:41:40
239004082,0155,390040820155,2-3-9-004-082-0155,J 216,J216,MAUI KAMAOLE PHASE III,2777 S KIHEI RD UNIT J 216,2000091260,,,,,,2026-07-15T19:41:40
239004082,0155,390040820155,2-3-9-004-082-0155,J 216,J216,MAUI KAMAOLE PHASE III,2777 S KIHEI RD UNIT J 216,2000091261,,,,,,2026-07-15T19:41:40
239004082,0155,390040820155,2-3-9-004-082-0155,J 216,J216,MAUI KAMAOLE PHASE III,2777 S KIHEI RD UNIT J 216,2000135320,,,,,,2026-07-15T19:41:40
239004082,0155,390040820155,2-3-9-004-082-0155,J 216,J216,MAUI KAMAOLE PHASE III,2777 S KIHEI RD UNIT J 216,2000135321,,,,,,2026-07-15T19:41:40
239004082,0155,390040820155,2-3-9-004-082-0155,J 216,J216,MAUI KAMAOLE PHASE III,2777 S KIHEI RD UNIT J 216,2000135322,,,,,,2026-07-15T19:41:40
239004082,0155,390040820155,2-3-9-004-082-0155,J 216,J216,MAUI KAMAOLE PHASE III,2777 S KIHEI RD UNIT J 216,2001128989,,,,,,2026-07-15T19:41:40
239004082,0155,390040820155,2-3-9-004-082-0155,J 216,J216,MAUI KAMAOLE PHASE III,2777 S KIHEI RD UNIT J 216,2001128990,R,,,,,2026-07-15T19:41:40
239004082,0155,390040820155,2-3-9-004-082-0155,J 216,J216,MAUI KAMAOLE PHASE III,2777 S KIHEI RD UNIT J 216,2001145419,,,,,,2026-07-15T19:41:40
239004082,0155,390040820155,2-3-9-004-082-0155,J 216,J216,MAUI KAMAOLE PHASE III,2777 S KIHEI RD UNIT J 216,2003257722,M,,,,,2026-07-15T19:41:40
239004082,0155,390040820155,2-3-9-004-082-0155,J 216,J216,MAUI KAMAOLE PHASE III,2777 S KIHEI RD UNIT J 216,2006111967,,,,,,2026-07-15T19:41:40
239004082,0155,390040820155,2-3-9-004-082-0155,J 216,J216,MAUI KAMAOLE PHASE III,2777 S KIHEI RD UNIT J 216,2008016659,,,,,,2026-07-15T19:41:40
239004082,0155,390040820155,2-3-9-004-082-0155,J 216,J216,MAUI KAMAOLE PHASE III,2777 S KIHEI RD UNIT J 216,2008016660,R,,,,,2026-07-15T19:41:40
239004082,0155,390040820155,2-3-9-004-082-0155,J 216,J216,MAUI KAMAOLE PHASE III,2777 S KIHEI RD UNIT J 216,9020000839,M,,,,,2026-07-15T19:41:40
239004082,0156,390040820156,2-3-9-004-082-0156,J 217,J217,MAUI KAMAOLE PHASE III,2777 S KIHEI RD UNIT J 217,75870006,,,,,,2026-07-15T19:41:40
239004082,0156,390040820156,2-3-9-004-082-0156,J 217,J217,MAUI KAMAOLE PHASE III,2777 S KIHEI RD UNIT J 217,76810265,,,,,,2026-07-15T19:41:40
239004082,0156,390040820156,2-3-9-004-082-0156,J 217,J217,MAUI KAMAOLE PHASE III,2777 S KIHEI RD UNIT J 217,76890994,M,,,,,2026-07-15T19:41:40
239004082,0156,390040820156,2-3-9-004-082-0156,J 217,J217,MAUI KAMAOLE PHASE III,2777 S KIHEI RD UNIT J 217,99143522,NL,,,,,2026-07-15T19:41:40
239004082,0156,390040820156,2-3-9-004-082-0156,J 217,J217,MAUI KAMAOLE PHASE III,2777 S KIHEI RD UNIT J 217,99157955,,,,,,2026-07-15T19:41:40
239004082,0156,390040820156,2-3-9-004-082-0156,J 217,J217,MAUI KAMAOLE PHASE III,2777 S KIHEI RD UNIT J 217,99157956,,,,,,2026-07-15T19:41:40
239004082,0156,390040820156,2-3-9-004-082-0156,J 217,J217,MAUI KAMAOLE PHASE III,2777 S KIHEI RD UNIT J 217,99171574,,,,,,2026-07-15T19:41:40
239004082,0156,390040820156,2-3-9-004-082-0156,J 217,J217,MAUI KAMAOLE PHASE III,2777 S KIHEI RD UNIT J 217,2000042517,,,,,,2026-07-15T19:41:40
239004082,0156,390040820156,2-3-9-004-082-0156,J 217,J217,MAUI KAMAOLE PHASE III,2777 S KIHEI RD UNIT J 217,2000042518,,,,,,2026-07-15T19:41:40
239004082,0156,390040820156,2-3-9-004-082-0156,J 217,J217,MAUI KAMAOLE PHASE III,2777 S KIHEI RD UNIT J 217,2000091260,,,,,,2026-07-15T19:41:40
239004082,0156,390040820156,2-3-9-004-082-0156,J 217,J217,MAUI KAMAOLE PHASE III,2777 S KIHEI RD UNIT J 217,2000091261,,,,,,2026-07-15T19:41:40
239004082,0156,390040820156,2-3-9-004-082-0156,J 217,J217,MAUI KAMAOLE PHASE III,2777 S KIHEI RD UNIT J 217,2000134478,,,,,,2026-07-15T19:41:40
239004082,0156,390040820156,2-3-9-004-082-0156,J 217,J217,MAUI KAMAOLE PHASE III,2777 S KIHEI RD UNIT J 217,2000134479,,,,,,2026-07-15T19:41:40
239004082,0156,390040820156,2-3-9-004-082-0156,J 217,J217,MAUI KAMAOLE PHASE III,2777 S KIHEI RD UNIT J 217,2000134480,M,,,,,2026-07-15T19:41:40
239004082,0156,390040820156,2-3-9-004-082-0156,J 217,J217,MAUI KAMAOLE PHASE III,2777 S KIHEI RD UNIT J 217,2000134481,M,,,,,2026-07-15T19:41:40
239004082,0156,390040820156,2-3-9-004-082-0156,J 217,J217,MAUI KAMAOLE PHASE III,2777 S KIHEI RD UNIT J 217,2001057366,M,,,,,2026-07-15T19:41:40
239004082,0156,390040820156,2-3-9-004-082-0156,J 217,J217,MAUI KAMAOLE PHASE III,2777 S KIHEI RD UNIT J 217,2001102884,M,,,,,2026-07-15T19:41:40
239004082,0156,390040820156,2-3-9-004-082-0156,J 217,J217,MAUI KAMAOLE PHASE III,2777 S KIHEI RD UNIT J 217,2010053837,M,,,,,2026-07-15T19:41:40
239004082,0156,390040820156,2-3-9-004-082-0156,J 217,J217,MAUI KAMAOLE PHASE III,2777 S KIHEI RD UNIT J 217,2010053838,R,,,,,2026-07-15T19:41:40
239004082,0156,390040820156,2-3-9-004-082-0156,J 217,J217,MAUI KAMAOLE PHASE III,2777 S KIHEI RD UNIT J 217,2010060759,M,,,,,2026-07-15T19:41:40
239004082,0156,390040820156,2-3-9-004-082-0156,J 217,J217,MAUI KAMAOLE PHASE III,2777 S KIHEI RD UNIT J 217,2010104908,M,,,,,2026-07-15T19:41:40
239004082,0156,390040820156,2-3-9-004-082-0156,J 217,J217,MAUI KAMAOLE PHASE III,2777 S KIHEI RD UNIT J 217,2011169219,R,,,,,2026-07-15T19:41:40
239004082,0156,390040820156,2-3-9-004-082-0156,J 217,J217,MAUI KAMAOLE PHASE III,2777 S KIHEI RD UNIT J 217,2011194296,M,,,,,2026-07-15T19:41:40
239004082,0157,390040820157,2-3-9-004-082-0157,J 218,J218,MAUI KAMAOLE PHASE III,2777 S KIHEI RD UNIT J 218,46080342,R,,,,,2026-07-15T19:41:40
239004082,0157,390040820157,2-3-9-004-082-0157,J 218,J218,MAUI KAMAOLE PHASE III,2777 S KIHEI RD UNIT J 218,46100337,M,,,,,2026-07-15T19:41:40
239004082,0157,390040820157,2-3-9-004-082-0157,J 218,J218,MAUI KAMAOLE PHASE III,2777 S KIHEI RD UNIT J 218,46570562,M,,,,,2026-07-15T19:41:40
239004082,0157,390040820157,2-3-9-004-082-0157,J 218,J218,MAUI KAMAOLE PHASE III,2777 S KIHEI RD UNIT J 218,99143522,NL,,,,,2026-07-15T19:41:40
239004082,0157,390040820157,2-3-9-004-082-0157,J 218,J218,MAUI KAMAOLE PHASE III,2777 S KIHEI RD UNIT J 218,99157955,,,,,,2026-07-15T19:41:40
239004082,0157,390040820157,2-3-9-004-082-0157,J 218,J218,MAUI KAMAOLE PHASE III,2777 S KIHEI RD UNIT J 218,99157956,,,,,,2026-07-15T19:41:40
239004082,0157,390040820157,2-3-9-004-082-0157,J 218,J218,MAUI KAMAOLE PHASE III,2777 S KIHEI RD UNIT J 218,99171574,,,,,,2026-07-15T19:41:40
239004082,0157,390040820157,2-3-9-004-082-0157,J 218,J218,MAUI KAMAOLE PHASE III,2777 S KIHEI RD UNIT J 218,2000042517,,,,,,2026-07-15T19:41:40
239004082,0157,390040820157,2-3-9-004-082-0157,J 218,J218,MAUI KAMAOLE PHASE III,2777 S KIHEI RD UNIT J 218,2000042518,,,,,,2026-07-15T19:41:40
239004082,0157,390040820157,2-3-9-004-082-0157,J 218,J218,MAUI KAMAOLE PHASE III,2777 S KIHEI RD UNIT J 218,2000091260,,,,,,2026-07-15T19:41:40
239004082,0157,390040820157,2-3-9-004-082-0157,J 218,J218,MAUI KAMAOLE PHASE III,2777 S KIHEI RD UNIT J 218,2000091261,,,,,,2026-07-15T19:41:40
239004082,0157,390040820157,2-3-9-004-082-0157,J 218,J218,MAUI KAMAOLE PHASE III,2777 S KIHEI RD UNIT J 218,2000143453,,,,,,2026-07-15T19:41:40
239004082,0157,390040820157,2-3-9-004-082-0157,J 218,J218,MAUI KAMAOLE PHASE III,2777 S KIHEI RD UNIT J 218,2000143454,,,,,,2026-07-15T19:41:40
239004082,0157,390040820157,2-3-9-004-082-0157,J 218,J218,MAUI KAMAOLE PHASE III,2777 S KIHEI RD UNIT J 218,2000143455,,,,,,2026-07-15T19:41:40
239004082,0157,390040820157,2-3-9-004-082-0157,J 218,J218,MAUI KAMAOLE PHASE III,2777 S KIHEI RD UNIT J 218,2000143456,R,,,,,2026-07-15T19:41:40
239004082,0157,390040820157,2-3-9-004-082-0157,J 218,J218,MAUI KAMAOLE PHASE III,2777 S KIHEI RD UNIT J 218,2000143457,M,,,,,2026-07-15T19:41:40
239004082,0157,390040820157,2-3-9-004-082-0157,J 218,J218,MAUI KAMAOLE PHASE III,2777 S KIHEI RD UNIT J 218,2001117744,R,,,,,2026-07-15T19:41:40
239004082,0157,390040820157,2-3-9-004-082-0157,J 218,J218,MAUI KAMAOLE PHASE III,2777 S KIHEI RD UNIT J 218,2001152426,M,,,,,2026-07-15T19:41:40
239004082,0157,390040820157,2-3-9-004-082-0157,J 218,J218,MAUI KAMAOLE PHASE III,2777 S KIHEI RD UNIT J 218,2002194646,,,,,,2026-07-15T19:41:40
239004082,0157,390040820157,2-3-9-004-082-0157,J 218,J218,MAUI KAMAOLE PHASE III,2777 S KIHEI RD UNIT J 218,2002196617,M,,,,,2026-07-15T19:41:40
239004082,0157,390040820157,2-3-9-004-082-0157,J 218,J218,MAUI KAMAOLE PHASE III,2777 S KIHEI RD UNIT J 218,2003017529,R,,,,,2026-07-15T19:41:40
239004082,0157,390040820157,2-3-9-004-082-0157,J 218,J218,MAUI KAMAOLE PHASE III,2777 S KIHEI RD UNIT J 218,2003017530,R,,,,,2026-07-15T19:41:40
239004082,0157,390040820157,2-3-9-004-082-0157,J 218,J218,MAUI KAMAOLE PHASE III,2777 S KIHEI RD UNIT J 218,2003017531,R,,,,,2026-07-15T19:41:40
239004082,0157,390040820157,2-3-9-004-082-0157,J 218,J218,MAUI KAMAOLE PHASE III,2777 S KIHEI RD UNIT J 218,2003038164,M,,,,,2026-07-15T19:41:40
239004082,0157,390040820157,2-3-9-004-082-0157,J 218,J218,MAUI KAMAOLE PHASE III,2777 S KIHEI RD UNIT J 218,2003052843,M,,,,,2026-07-15T19:41:40
239004082,0157,390040820157,2-3-9-004-082-0157,J 218,J218,MAUI KAMAOLE PHASE III,2777 S KIHEI RD UNIT J 218,2004191892,R,,,,,2026-07-15T19:41:40
239004082,0157,390040820157,2-3-9-004-082-0157,J 218,J218,MAUI KAMAOLE PHASE III,2777 S KIHEI RD UNIT J 218,2004217164,M,,,,,2026-07-15T19:41:40
239004082,0157,390040820157,2-3-9-004-082-0157,J 218,J218,MAUI KAMAOLE PHASE III,2777 S KIHEI RD UNIT J 218,2004245533,M,,,,,2026-07-15T19:41:40
239004082,0157,390040820157,2-3-9-004-082-0157,J 218,J218,MAUI KAMAOLE PHASE III,2777 S KIHEI RD UNIT J 218,2004248742,M,,,,,2026-07-15T19:41:40
239004082,0158,390040820158,2-3-9-004-082-0158,J 219,J219,MAUI KAMAOLE PHASE III,2777 S KIHEI RD UNIT J 219,50180031,,,,,,2026-07-15T19:41:40
239004082,0158,390040820158,2-3-9-004-082-0158,J 219,J219,MAUI KAMAOLE PHASE III,2777 S KIHEI RD UNIT J 219,50180032,R,,,,,2026-07-15T19:41:40
239004082,0158,390040820158,2-3-9-004-082-0158,J 219,J219,MAUI KAMAOLE PHASE III,2777 S KIHEI RD UNIT J 219,82770431,,,,,,2026-07-15T19:41:40
239004082,0158,390040820158,2-3-9-004-082-0158,J 219,J219,MAUI KAMAOLE PHASE III,2777 S KIHEI RD UNIT J 219,87310146,M,,,,,2026-07-15T19:41:40
239004082,0158,390040820158,2-3-9-004-082-0158,J 219,J219,MAUI KAMAOLE PHASE III,2777 S KIHEI RD UNIT J 219,99143522,NL,,,,,2026-07-15T19:41:40
239004082,0158,390040820158,2-3-9-004-082-0158,J 219,J219,MAUI KAMAOLE PHASE III,2777 S KIHEI RD UNIT J 219,99157955,,,,,,2026-07-15T19:41:40
239004082,0158,390040820158,2-3-9-004-082-0158,J 219,J219,MAUI KAMAOLE PHASE III,2777 S KIHEI RD UNIT J 219,99157956,,,,,,2026-07-15T19:41:40
239004082,0158,390040820158,2-3-9-004-082-0158,J 219,J219,MAUI KAMAOLE PHASE III,2777 S KIHEI RD UNIT J 219,99171574,,,,,,2026-07-15T19:41:40
239004082,0158,390040820158,2-3-9-004-082-0158,J 219,J219,MAUI KAMAOLE PHASE III,2777 S KIHEI RD UNIT J 219,2000042517,,,,,,2026-07-15T19:41:40
239004082,0158,390040820158,2-3-9-004-082-0158,J 219,J219,MAUI KAMAOLE PHASE III,2777 S KIHEI RD UNIT J 219,2000042518,,,,,,2026-07-15T19:41:40
239004082,0158,390040820158,2-3-9-004-082-0158,J 219,J219,MAUI KAMAOLE PHASE III,2777 S KIHEI RD UNIT J 219,2000091260,,,,,,2026-07-15T19:41:40
239004082,0158,390040820158,2-3-9-004-082-0158,J 219,J219,MAUI KAMAOLE PHASE III,2777 S KIHEI RD UNIT J 219,2000091261,,,,,,2026-07-15T19:41:40
239004082,0158,390040820158,2-3-9-004-082-0158,J 219,J219,MAUI KAMAOLE PHASE III,2777 S KIHEI RD UNIT J 219,2000134482,,,,,,2026-07-15T19:41:40
239004082,0158,390040820158,2-3-9-004-082-0158,J 219,J219,MAUI KAMAOLE PHASE III,2777 S KIHEI RD UNIT J 219,2000134483,,,,,,2026-07-15T19:41:40
239004082,0158,390040820158,2-3-9-004-082-0158,J 219,J219,MAUI KAMAOLE PHASE III,2777 S KIHEI RD UNIT J 219,2000134484,,,,,,2026-07-15T19:41:40
239004082,0158,390040820158,2-3-9-004-082-0158,J 219,J219,MAUI KAMAOLE PHASE III,2777 S KIHEI RD UNIT J 219,2007084967,R,,,,,2026-07-15T19:41:40
239004082,0158,390040820158,2-3-9-004-082-0158,J 219,J219,MAUI KAMAOLE PHASE III,2777 S KIHEI RD UNIT J 219,2011056334,R,,,,,2026-07-15T19:41:40
239004082,0159,390040820159,2-3-9-004-082-0159,J 220,J220,MAUI KAMAOLE PHASE III,2777 S KIHEI RD UNIT J 220,Certificate,,,,,,2026-07-15T19:41:40
239004082,0160,390040820160,2-3-9-004-082-0160,J 221,J221,MAUI KAMAOLE PHASE III,2777 S KIHEI RD UNIT J 221,51300160,M,,,,,2026-07-15T19:41:40
239004082,0160,390040820160,2-3-9-004-082-0160,J 221,J221,MAUI KAMAOLE PHASE III,2777 S KIHEI RD UNIT J 221,51300161,M,,,,,2026-07-15T19:41:40
239004082,0160,390040820160,2-3-9-004-082-0160,J 221,J221,MAUI KAMAOLE PHASE III,2777 S KIHEI RD UNIT J 221,57590157,M,,,,,2026-07-15T19:41:40
239004082,0160,390040820160,2-3-9-004-082-0160,J 221,J221,MAUI KAMAOLE PHASE III,2777 S KIHEI RD UNIT J 221,61790046,M,,,,,2026-07-15T19:41:40
239004082,0160,390040820160,2-3-9-004-082-0160,J 221,J221,MAUI KAMAOLE PHASE III,2777 S KIHEI RD UNIT J 221,62180717,M,,,,,2026-07-15T19:41:40
239004082,0160,390040820160,2-3-9-004-082-0160,J 221,J221,MAUI KAMAOLE PHASE III,2777 S KIHEI RD UNIT J 221,82490020,M,,,,,2026-07-15T19:41:40
239004082,0160,390040820160,2-3-9-004-082-0160,J 221,J221,MAUI KAMAOLE PHASE III,2777 S KIHEI RD UNIT J 221,82490021,,,,,,2026-07-15T19:41:40
239004082,0160,390040820160,2-3-9-004-082-0160,J 221,J221,MAUI KAMAOLE PHASE III,2777 S KIHEI RD UNIT J 221,82760214,M,,,,,2026-07-15T19:41:40
239004082,0160,390040820160,2-3-9-004-082-0160,J 221,J221,MAUI KAMAOLE PHASE III,2777 S KIHEI RD UNIT J 221,99143522,NL,,,,,2026-07-15T19:41:40
239004082,0160,390040820160,2-3-9-004-082-0160,J 221,J221,MAUI KAMAOLE PHASE III,2777 S KIHEI RD UNIT J 221,99157955,,,,,,2026-07-15T19:41:40
239004082,0160,390040820160,2-3-9-004-082-0160,J 221,J221,MAUI KAMAOLE PHASE III,2777 S KIHEI RD UNIT J 221,99157956,,,,,,2026-07-15T19:41:40
239004082,0160,390040820160,2-3-9-004-082-0160,J 221,J221,MAUI KAMAOLE PHASE III,2777 S KIHEI RD UNIT J 221,99171574,,,,,,2026-07-15T19:41:40
239004082,0160,390040820160,2-3-9-004-082-0160,J 221,J221,MAUI KAMAOLE PHASE III,2777 S KIHEI RD UNIT J 221,2000042517,,,,,,2026-07-15T19:41:40
239004082,0160,390040820160,2-3-9-004-082-0160,J 221,J221,MAUI KAMAOLE PHASE III,2777 S KIHEI RD UNIT J 221,2000042518,,,,,,2026-07-15T19:41:40
239004082,0160,390040820160,2-3-9-004-082-0160,J 221,J221,MAUI KAMAOLE PHASE III,2777 S KIHEI RD UNIT J 221,2000091260,,,,,,2026-07-15T19:41:40
239004082,0160,390040820160,2-3-9-004-082-0160,J 221,J221,MAUI KAMAOLE PHASE III,2777 S KIHEI RD UNIT J 221,2000091261,,,,,,2026-07-15T19:41:40
239004082,0160,390040820160,2-3-9-004-082-0160,J 221,J221,MAUI KAMAOLE PHASE III,2777 S KIHEI RD UNIT J 221,2000134489,,,,,,2026-07-15T19:41:40
239004082,0160,390040820160,2-3-9-004-082-0160,J 221,J221,MAUI KAMAOLE PHASE III,2777 S KIHEI RD UNIT J 221,2000134490,,,,,,2026-07-15T19:41:40
239004082,0160,390040820160,2-3-9-004-082-0160,J 221,J221,MAUI KAMAOLE PHASE III,2777 S KIHEI RD UNIT J 221,2000134491,M,,,,,2026-07-15T19:41:40
239004082,0160,390040820160,2-3-9-004-082-0160,J 221,J221,MAUI KAMAOLE PHASE III,2777 S KIHEI RD UNIT J 221,2000134492,R,,,,,2026-07-15T19:41:40
239004082,0160,390040820160,2-3-9-004-082-0160,J 221,J221,MAUI KAMAOLE PHASE III,2777 S KIHEI RD UNIT J 221,2003130960,,,,,,2026-07-15T19:41:40
239004082,0160,390040820160,2-3-9-004-082-0160,J 221,J221,MAUI KAMAOLE PHASE III,2777 S KIHEI RD UNIT J 221,2003130961,R,,,,,2026-07-15T19:41:40
239004082,0160,390040820160,2-3-9-004-082-0160,J 221,J221,MAUI KAMAOLE PHASE III,2777 S KIHEI RD UNIT J 221,2003194644,M,,,,,2026-07-15T19:41:40
239004082,0161,390040820161,2-3-9-004-082-0161,L 101,L101,MAUI KAMAOLE,2777 S KIHEI RD UNIT L 101,44910122,R,,,,,2026-07-15T19:41:40
239004082,0161,390040820161,2-3-9-004-082-0161,L 101,L101,MAUI KAMAOLE,2777 S KIHEI RD UNIT L 101,45190837,M,,,,,2026-07-15T19:41:40
239004082,0161,390040820161,2-3-9-004-082-0161,L 101,L101,MAUI KAMAOLE,2777 S KIHEI RD UNIT L 101,45240629,,,,,,2026-07-15T19:41:40
239004082,0161,390040820161,2-3-9-004-082-0161,L 101,L101,MAUI KAMAOLE,2777 S KIHEI RD UNIT L 101,45980493,M,,,,,2026-07-15T19:41:40
239004082,0161,390040820161,2-3-9-004-082-0161,L 101,L101,MAUI KAMAOLE,2777 S KIHEI RD UNIT L 101,83010270,,,,,,2026-07-15T19:41:40
239004082,0161,390040820161,2-3-9-004-082-0161,L 101,L101,MAUI KAMAOLE,2777 S KIHEI RD UNIT L 101,83110655,M,,,,,2026-07-15T19:41:40
239004082,0161,390040820161,2-3-9-004-082-0161,L 101,L101,MAUI KAMAOLE,2777 S KIHEI RD UNIT L 101,98060784,M,,,,,2026-07-15T19:41:40
239004082,0161,390040820161,2-3-9-004-082-0161,L 101,L101,MAUI KAMAOLE,2777 S KIHEI RD UNIT L 101,98144746,,,,,,2026-07-15T19:41:40
239004082,0161,390040820161,2-3-9-004-082-0161,L 101,L101,MAUI KAMAOLE,2777 S KIHEI RD UNIT L 101,98144752,,,,,,2026-07-15T19:41:40
239004082,0161,390040820161,2-3-9-004-082-0161,L 101,L101,MAUI KAMAOLE,2777 S KIHEI RD UNIT L 101,98144754,,,,,,2026-07-15T19:41:40
239004082,0161,390040820161,2-3-9-004-082-0161,L 101,L101,MAUI KAMAOLE,2777 S KIHEI RD UNIT L 101,98156941,NL,,,,,2026-07-15T19:41:40
239004082,0161,390040820161,2-3-9-004-082-0161,L 101,L101,MAUI KAMAOLE,2777 S KIHEI RD UNIT L 101,99050931,,,,,,2026-07-15T19:41:40
239004082,0161,390040820161,2-3-9-004-082-0161,L 101,L101,MAUI KAMAOLE,2777 S KIHEI RD UNIT L 101,99050932,,,,,,2026-07-15T19:41:40
239004082,0161,390040820161,2-3-9-004-082-0161,L 101,L101,MAUI KAMAOLE,2777 S KIHEI RD UNIT L 101,99050933,,,,,,2026-07-15T19:41:40
239004082,0161,390040820161,2-3-9-004-082-0161,L 101,L101,MAUI KAMAOLE,2777 S KIHEI RD UNIT L 101,99050934,R,,,,,2026-07-15T19:41:40
239004082,0161,390040820161,2-3-9-004-082-0161,L 101,L101,MAUI KAMAOLE,2777 S KIHEI RD UNIT L 101,99050935,,,,,,2026-07-15T19:41:40
239004082,0161,390040820161,2-3-9-004-082-0161,L 101,L101,MAUI KAMAOLE,2777 S KIHEI RD UNIT L 101,99114764,NL,,,,,2026-07-15T19:41:40
239004082,0161,390040820161,2-3-9-004-082-0161,L 101,L101,MAUI KAMAOLE,2777 S KIHEI RD UNIT L 101,2001022870,R,,,,,2026-07-15T19:41:40
239004082,0161,390040820161,2-3-9-004-082-0161,L 101,L101,MAUI KAMAOLE,2777 S KIHEI RD UNIT L 101,2001175635,,,,,,2026-07-15T19:41:40
239004082,0161,390040820161,2-3-9-004-082-0161,L 101,L101,MAUI KAMAOLE,2777 S KIHEI RD UNIT L 101,2005264396,,,,,,2026-07-15T19:41:40
239004082,0161,390040820161,2-3-9-004-082-0161,L 101,L101,MAUI KAMAOLE,2777 S KIHEI RD UNIT L 101,9211000172,R,,,,,2026-07-15T19:41:40
239004082,0162,390040820162,2-3-9-004-082-0162,L 102,L102,MAUI KAMAOLE,2777 S KIHEI RD UNIT L 102,54980275,M,,,,,2026-07-15T19:41:40
239004082,0162,390040820162,2-3-9-004-082-0162,L 102,L102,MAUI KAMAOLE,2777 S KIHEI RD UNIT L 102,54980276,R,,,,,2026-07-15T19:41:40
239004082,0162,390040820162,2-3-9-004-082-0162,L 102,L102,MAUI KAMAOLE,2777 S KIHEI RD UNIT L 102,57590169,MFS,,,,,2026-07-15T19:41:40
239004082,0162,390040820162,2-3-9-004-082-0162,L 102,L102,MAUI KAMAOLE,2777 S KIHEI RD UNIT L 102,75100568,M,,,,,2026-07-15T19:41:40
239004082,0162,390040820162,2-3-9-004-082-0162,L 102,L102,MAUI KAMAOLE,2777 S KIHEI RD UNIT L 102,98060784,M,,,,,2026-07-15T19:41:40
239004082,0162,390040820162,2-3-9-004-082-0162,L 102,L102,MAUI KAMAOLE,2777 S KIHEI RD UNIT L 102,98144746,,,,,,2026-07-15T19:41:40
239004082,0162,390040820162,2-3-9-004-082-0162,L 102,L102,MAUI KAMAOLE,2777 S KIHEI RD UNIT L 102,98144752,,,,,,2026-07-15T19:41:40
239004082,0162,390040820162,2-3-9-004-082-0162,L 102,L102,MAUI KAMAOLE,2777 S KIHEI RD UNIT L 102,98144754,,,,,,2026-07-15T19:41:40
239004082,0162,390040820162,2-3-9-004-082-0162,L 102,L102,MAUI KAMAOLE,2777 S KIHEI RD UNIT L 102,98156941,NL,,,,,2026-07-15T19:41:40
239004082,0162,390040820162,2-3-9-004-082-0162,L 102,L102,MAUI KAMAOLE,2777 S KIHEI RD UNIT L 102,99071850,,,,,,2026-07-15T19:41:40
239004082,0162,390040820162,2-3-9-004-082-0162,L 102,L102,MAUI KAMAOLE,2777 S KIHEI RD UNIT L 102,99071851,,,,,,2026-07-15T19:41:40
239004082,0162,390040820162,2-3-9-004-082-0162,L 102,L102,MAUI KAMAOLE,2777 S KIHEI RD UNIT L 102,99071852,M,,,,,2026-07-15T19:41:40
239004082,0162,390040820162,2-3-9-004-082-0162,L 102,L102,MAUI KAMAOLE,2777 S KIHEI RD UNIT L 102,2001022870,R,,,,,2026-07-15T19:41:40
239004082,0162,390040820162,2-3-9-004-082-0162,L 102,L102,MAUI KAMAOLE,2777 S KIHEI RD UNIT L 102,2001175635,,,,,,2026-07-15T19:41:40
239004082,0162,390040820162,2-3-9-004-082-0162,L 102,L102,MAUI KAMAOLE,2777 S KIHEI RD UNIT L 102,2008004946,M,,,,,2026-07-15T19:41:40
239004082,0163,390040820163,2-3-9-004-082-0163,L 103,L103,MAUI KAMAOLE,2777 S KIHEI RD UNIT L 103,57670928,,,,,,2026-07-15T19:41:40
239004082,0163,390040820163,2-3-9-004-082-0163,L 103,L103,MAUI KAMAOLE,2777 S KIHEI RD UNIT L 103,98060784,M,,,,,2026-07-15T19:41:40
239004082,0163,390040820163,2-3-9-004-082-0163,L 103,L103,MAUI KAMAOLE,2777 S KIHEI RD UNIT L 103,98144746,,,,,,2026-07-15T19:41:40
239004082,0163,390040820163,2-3-9-004-082-0163,L 103,L103,MAUI KAMAOLE,2777 S KIHEI RD UNIT L 103,98144752,,,,,,2026-07-15T19:41:40
239004082,0163,390040820163,2-3-9-004-082-0163,L 103,L103,MAUI KAMAOLE,2777 S KIHEI RD UNIT L 103,98144754,,,,,,2026-07-15T19:41:40
239004082,0163,390040820163,2-3-9-004-082-0163,L 103,L103,MAUI KAMAOLE,2777 S KIHEI RD UNIT L 103,98156941,NL,,,,,2026-07-15T19:41:40
239004082,0163,390040820163,2-3-9-004-082-0163,L 103,L103,MAUI KAMAOLE,2777 S KIHEI RD UNIT L 103,99146040,,,,,,2026-07-15T19:41:40
239004082,0163,390040820163,2-3-9-004-082-0163,L 103,L103,MAUI KAMAOLE,2777 S KIHEI RD UNIT L 103,99146041,,,,,,2026-07-15T19:41:40
239004082,0163,390040820163,2-3-9-004-082-0163,L 103,L103,MAUI KAMAOLE,2777 S KIHEI RD UNIT L 103,99146042,M,,,,,2026-07-15T19:41:40
239004082,0163,390040820163,2-3-9-004-082-0163,L 103,L103,MAUI KAMAOLE,2777 S KIHEI RD UNIT L 103,99146043,M,,,,,2026-07-15T19:41:40
239004082,0163,390040820163,2-3-9-004-082-0163,L 103,L103,MAUI KAMAOLE,2777 S KIHEI RD UNIT L 103,2001022870,R,,,,,2026-07-15T19:41:40
239004082,0163,390040820163,2-3-9-004-082-0163,L 103,L103,MAUI KAMAOLE,2777 S KIHEI RD UNIT L 103,2001175635,,,,,,2026-07-15T19:41:40
239004082,0163,390040820163,2-3-9-004-082-0163,L 103,L103,MAUI KAMAOLE,2777 S KIHEI RD UNIT L 103,2004127188,M,,,,,2026-07-15T19:41:40
239004082,0163,390040820163,2-3-9-004-082-0163,L 103,L103,MAUI KAMAOLE,2777 S KIHEI RD UNIT L 103,2004149715,M,,,,,2026-07-15T19:41:40
239004082,0163,390040820163,2-3-9-004-082-0163,L 103,L103,MAUI KAMAOLE,2777 S KIHEI RD UNIT L 103,9063000003,,,,,,2026-07-15T19:41:40
239004082,0163,390040820163,2-3-9-004-082-0163,L 103,L103,MAUI KAMAOLE,2777 S KIHEI RD UNIT L 103,9063000004,,,,,,2026-07-15T19:41:40
239004082,0164,390040820164,2-3-9-004-082-0164,L 104,L104,MAUI KAMAOLE,2777 S KIHEI RD UNIT L 104,49650071,,,,,,2026-07-15T19:41:40
239004082,0164,390040820164,2-3-9-004-082-0164,L 104,L104,MAUI KAMAOLE,2777 S KIHEI RD UNIT L 104,49650072,R,,,,,2026-07-15T19:41:40
239004082,0164,390040820164,2-3-9-004-082-0164,L 104,L104,MAUI KAMAOLE,2777 S KIHEI RD UNIT L 104,49940683,M,,,,,2026-07-15T19:41:40
239004082,0164,390040820164,2-3-9-004-082-0164,L 104,L104,MAUI KAMAOLE,2777 S KIHEI RD UNIT L 104,67460511,,,,,,2026-07-15T19:41:40
239004082,0164,390040820164,2-3-9-004-082-0164,L 104,L104,MAUI KAMAOLE,2777 S KIHEI RD UNIT L 104,68760125,M,,,,,2026-07-15T19:41:40
239004082,0164,390040820164,2-3-9-004-082-0164,L 104,L104,MAUI KAMAOLE,2777 S KIHEI RD UNIT L 104,98060784,M,,,,,2026-07-15T19:41:40
239004082,0164,390040820164,2-3-9-004-082-0164,L 104,L104,MAUI KAMAOLE,2777 S KIHEI RD UNIT L 104,98144746,,,,,,2026-07-15T19:41:40
239004082,0164,390040820164,2-3-9-004-082-0164,L 104,L104,MAUI KAMAOLE,2777 S KIHEI RD UNIT L 104,98144752,,,,,,2026-07-15T19:41:40
239004082,0164,390040820164,2-3-9-004-082-0164,L 104,L104,MAUI KAMAOLE,2777 S KIHEI RD UNIT L 104,98144754,,,,,,2026-07-15T19:41:40
239004082,0164,390040820164,2-3-9-004-082-0164,L 104,L104,MAUI KAMAOLE,2777 S KIHEI RD UNIT L 104,98156941,NL,,,,,2026-07-15T19:41:40
239004082,0164,390040820164,2-3-9-004-082-0164,L 104,L104,MAUI KAMAOLE,2777 S KIHEI RD UNIT L 104,99052770,,,,,,2026-07-15T19:41:40
239004082,0164,390040820164,2-3-9-004-082-0164,L 104,L104,MAUI KAMAOLE,2777 S KIHEI RD UNIT L 104,99052771,,,,,,2026-07-15T19:41:40
239004082,0164,390040820164,2-3-9-004-082-0164,L 104,L104,MAUI KAMAOLE,2777 S KIHEI RD UNIT L 104,99052772,R,,,,,2026-07-15T19:41:40
239004082,0164,390040820164,2-3-9-004-082-0164,L 104,L104,MAUI KAMAOLE,2777 S KIHEI RD UNIT L 104,99052773,R,,,,,2026-07-15T19:41:40
239004082,0164,390040820164,2-3-9-004-082-0164,L 104,L104,MAUI KAMAOLE,2777 S KIHEI RD UNIT L 104,99061657,R,,,,,2026-07-15T19:41:40
239004082,0164,390040820164,2-3-9-004-082-0164,L 104,L104,MAUI KAMAOLE,2777 S KIHEI RD UNIT L 104,99151139,R,,,,,2026-07-15T19:41:40
239004082,0164,390040820164,2-3-9-004-082-0164,L 104,L104,MAUI KAMAOLE,2777 S KIHEI RD UNIT L 104,2001022870,R,,,,,2026-07-15T19:41:40
239004082,0164,390040820164,2-3-9-004-082-0164,L 104,L104,MAUI KAMAOLE,2777 S KIHEI RD UNIT L 104,2001175635,,,,,,2026-07-15T19:41:40
239004082,0164,390040820164,2-3-9-004-082-0164,L 104,L104,MAUI KAMAOLE,2777 S KIHEI RD UNIT L 104,2003176210,R,,,,,2026-07-15T19:41:40
239004082,0164,390040820164,2-3-9-004-082-0164,L 104,L104,MAUI KAMAOLE,2777 S KIHEI RD UNIT L 104,2003176211,,,,,,2026-07-15T19:41:40
239004082,0164,390040820164,2-3-9-004-082-0164,L 104,L104,MAUI KAMAOLE,2777 S KIHEI RD UNIT L 104,2003242552,R,,,,,2026-07-15T19:41:40
239004082,0164,390040820164,2-3-9-004-082-0164,L 104,L104,MAUI KAMAOLE,2777 S KIHEI RD UNIT L 104,2005005223,R,,,,,2026-07-15T19:41:40
239004082,0164,390040820164,2-3-9-004-082-0164,L 104,L104,MAUI KAMAOLE,2777 S KIHEI RD UNIT L 104,2008109234,R,,,,,2026-07-15T19:41:40
239004082,0164,390040820164,2-3-9-004-082-0164,L 104,L104,MAUI KAMAOLE,2777 S KIHEI RD UNIT L 104,2009062081,R,,,,,2026-07-15T19:41:40
239004082,0165,390040820165,2-3-9-004-082-0165,L 105,L105,MAUI KAMAOLE,2777 S KIHEI RD UNIT L 105,Certificate,,,,,,2026-07-15T19:41:40
239004082,0166,390040820166,2-3-9-004-082-0166,L 106,L106,MAUI KAMAOLE,2777 S KIHEI RD UNIT L 106,98060784,M,,,,,2026-07-15T19:41:40
239004082,0166,390040820166,2-3-9-004-082-0166,L 106,L106,MAUI KAMAOLE,2777 S KIHEI RD UNIT L 106,98144746,,,,,,2026-07-15T19:41:40
239004082,0166,390040820166,2-3-9-004-082-0166,L 106,L106,MAUI KAMAOLE,2777 S KIHEI RD UNIT L 106,98144752,,,,,,2026-07-15T19:41:40
239004082,0166,390040820166,2-3-9-004-082-0166,L 106,L106,MAUI KAMAOLE,2777 S KIHEI RD UNIT L 106,98144754,,,,,,2026-07-15T19:41:40
239004082,0166,390040820166,2-3-9-004-082-0166,L 106,L106,MAUI KAMAOLE,2777 S KIHEI RD UNIT L 106,98156941,NL,,,,,2026-07-15T19:41:40
239004082,0166,390040820166,2-3-9-004-082-0166,L 106,L106,MAUI KAMAOLE,2777 S KIHEI RD UNIT L 106,99047261,,,,,,2026-07-15T19:41:40
239004082,0166,390040820166,2-3-9-004-082-0166,L 106,L106,MAUI KAMAOLE,2777 S KIHEI RD UNIT L 106,99047262,,,,,,2026-07-15T19:41:40
239004082,0166,390040820166,2-3-9-004-082-0166,L 106,L106,MAUI KAMAOLE,2777 S KIHEI RD UNIT L 106,99047263,,,,,,2026-07-15T19:41:40
239004082,0166,390040820166,2-3-9-004-082-0166,L 106,L106,MAUI KAMAOLE,2777 S KIHEI RD UNIT L 106,2001022870,R,,,,,2026-07-15T19:41:40
239004082,0166,390040820166,2-3-9-004-082-0166,L 106,L106,MAUI KAMAOLE,2777 S KIHEI RD UNIT L 106,2001175635,,,,,,2026-07-15T19:41:40
239004082,0167,390040820167,2-3-9-004-082-0167,L 107,L107,MAUI KAMAOLE,2777 S KIHEI RD UNIT L 107,45210367,,,,,,2026-07-15T19:41:40
239004082,0167,390040820167,2-3-9-004-082-0167,L 107,L107,MAUI KAMAOLE,2777 S KIHEI RD UNIT L 107,48570134,M,,,,,2026-07-15T19:41:40
239004082,0167,390040820167,2-3-9-004-082-0167,L 107,L107,MAUI KAMAOLE,2777 S KIHEI RD UNIT L 107,87210397,,,,,,2026-07-15T19:41:40
239004082,0167,390040820167,2-3-9-004-082-0167,L 107,L107,MAUI KAMAOLE,2777 S KIHEI RD UNIT L 107,98060784,M,,,,,2026-07-15T19:41:40
239004082,0167,390040820167,2-3-9-004-082-0167,L 107,L107,MAUI KAMAOLE,2777 S KIHEI RD UNIT L 107,98144746,,,,,,2026-07-15T19:41:40
239004082,0167,390040820167,2-3-9-004-082-0167,L 107,L107,MAUI KAMAOLE,2777 S KIHEI RD UNIT L 107,98144752,,,,,,2026-07-15T19:41:40
239004082,0167,390040820167,2-3-9-004-082-0167,L 107,L107,MAUI KAMAOLE,2777 S KIHEI RD UNIT L 107,98144754,,,,,,2026-07-15T19:41:40
239004082,0167,390040820167,2-3-9-004-082-0167,L 107,L107,MAUI KAMAOLE,2777 S KIHEI RD UNIT L 107,98156941,NL,,,,,2026-07-15T19:41:40
239004082,0167,390040820167,2-3-9-004-082-0167,L 107,L107,MAUI KAMAOLE,2777 S KIHEI RD UNIT L 107,99054386,,,,,,2026-07-15T19:41:40
239004082,0167,390040820167,2-3-9-004-082-0167,L 107,L107,MAUI KAMAOLE,2777 S KIHEI RD UNIT L 107,99054387,,,,,,2026-07-15T19:41:40
239004082,0167,390040820167,2-3-9-004-082-0167,L 107,L107,MAUI KAMAOLE,2777 S KIHEI RD UNIT L 107,99054388,,,,,,2026-07-15T19:41:40
239004082,0167,390040820167,2-3-9-004-082-0167,L 107,L107,MAUI KAMAOLE,2777 S KIHEI RD UNIT L 107,99054389,R,,,,,2026-07-15T19:41:40
239004082,0167,390040820167,2-3-9-004-082-0167,L 107,L107,MAUI KAMAOLE,2777 S KIHEI RD UNIT L 107,2001022870,R,,,,,2026-07-15T19:41:40
239004082,0167,390040820167,2-3-9-004-082-0167,L 107,L107,MAUI KAMAOLE,2777 S KIHEI RD UNIT L 107,2001175635,,,,,,2026-07-15T19:41:40
239004082,0167,390040820167,2-3-9-004-082-0167,L 107,L107,MAUI KAMAOLE,2777 S KIHEI RD UNIT L 107,2002076807,,,,,,2026-07-15T19:41:40
239004082,0167,390040820167,2-3-9-004-082-0167,L 107,L107,MAUI KAMAOLE,2777 S KIHEI RD UNIT L 107,2002076808,R,,,,,2026-07-15T19:41:40
239004082,0167,390040820167,2-3-9-004-082-0167,L 107,L107,MAUI KAMAOLE,2777 S KIHEI RD UNIT L 107,2004032036,,,,,,2026-07-15T19:41:40
239004082,0167,390040820167,2-3-9-004-082-0167,L 107,L107,MAUI KAMAOLE,2777 S KIHEI RD UNIT L 107,2004032037,R,,,,,2026-07-15T19:41:40
239004082,0167,390040820167,2-3-9-004-082-0167,L 107,L107,MAUI KAMAOLE,2777 S KIHEI RD UNIT L 107,2004032038,M,,,,,2026-07-15T19:41:40
239004082,0167,390040820167,2-3-9-004-082-0167,L 107,L107,MAUI KAMAOLE,2777 S KIHEI RD UNIT L 107,2006125508,,,,,,2026-07-15T19:41:40
239004082,0167,390040820167,2-3-9-004-082-0167,L 107,L107,MAUI KAMAOLE,2777 S KIHEI RD UNIT L 107,2006165065,M,,,,,2026-07-15T19:41:40
239004082,0167,390040820167,2-3-9-004-082-0167,L 107,L107,MAUI KAMAOLE,2777 S KIHEI RD UNIT L 107,2009113409,M,,,,,2026-07-15T19:41:40
239004082,0167,390040820167,2-3-9-004-082-0167,L 107,L107,MAUI KAMAOLE,2777 S KIHEI RD UNIT L 107,2009113410,M,,,,,2026-07-15T19:41:40
239004082,0167,390040820167,2-3-9-004-082-0167,L 107,L107,MAUI KAMAOLE,2777 S KIHEI RD UNIT L 107,2009145565,,,,,,2026-07-15T19:41:40
239004082,0167,390040820167,2-3-9-004-082-0167,L 107,L107,MAUI KAMAOLE,2777 S KIHEI RD UNIT L 107,2010064528,M,,,,,2026-07-15T19:41:40
239004082,0167,390040820167,2-3-9-004-082-0167,L 107,L107,MAUI KAMAOLE,2777 S KIHEI RD UNIT L 107,2011069357,M,,,,,2026-07-15T19:41:40
239004082,0167,390040820167,2-3-9-004-082-0167,L 107,L107,MAUI KAMAOLE,2777 S KIHEI RD UNIT L 107,2011101380,,,,,,2026-07-15T19:41:40
239004082,0167,390040820167,2-3-9-004-082-0167,L 107,L107,MAUI KAMAOLE,2777 S KIHEI RD UNIT L 107,8980000329,M,,,,,2026-07-15T19:41:40
239004082,0167,390040820167,2-3-9-004-082-0167,L 107,L107,MAUI KAMAOLE,2777 S KIHEI RD UNIT L 107,8980000330,,,,,,2026-07-15T19:41:40
239004082,0168,390040820168,2-3-9-004-082-0168,L 108,L108,MAUI KAMAOLE,2777 S KIHEI RD UNIT L 108,98060784,M,,,,,2026-07-15T19:41:40
239004082,0168,390040820168,2-3-9-004-082-0168,L 108,L108,MAUI KAMAOLE,2777 S KIHEI RD UNIT L 108,98144746,,,,,,2026-07-15T19:41:40
239004082,0168,390040820168,2-3-9-004-082-0168,L 108,L108,MAUI KAMAOLE,2777 S KIHEI RD UNIT L 108,98144752,,,,,,2026-07-15T19:41:40
239004082,0168,390040820168,2-3-9-004-082-0168,L 108,L108,MAUI KAMAOLE,2777 S KIHEI RD UNIT L 108,98144754,,,,,,2026-07-15T19:41:40
239004082,0168,390040820168,2-3-9-004-082-0168,L 108,L108,MAUI KAMAOLE,2777 S KIHEI RD UNIT L 108,98156941,NL,,,,,2026-07-15T19:41:40
239004082,0168,390040820168,2-3-9-004-082-0168,L 108,L108,MAUI KAMAOLE,2777 S KIHEI RD UNIT L 108,99141172,,,,,,2026-07-15T19:41:40
239004082,0168,390040820168,2-3-9-004-082-0168,L 108,L108,MAUI KAMAOLE,2777 S KIHEI RD UNIT L 108,99141173,,,,,,2026-07-15T19:41:40
239004082,0168,390040820168,2-3-9-004-082-0168,L 108,L108,MAUI KAMAOLE,2777 S KIHEI RD UNIT L 108,99141174,R,,,,,2026-07-15T19:41:40
239004082,0168,390040820168,2-3-9-004-082-0168,L 108,L108,MAUI KAMAOLE,2777 S KIHEI RD UNIT L 108,2001022870,R,,,,,2026-07-15T19:41:40
239004082,0168,390040820168,2-3-9-004-082-0168,L 108,L108,MAUI KAMAOLE,2777 S KIHEI RD UNIT L 108,2001175635,,,,,,2026-07-15T19:41:40
239004082,0169,390040820169,2-3-9-004-082-0169,L 109,L109,MAUI KAMAOLE,2777 S KIHEI RD UNIT L 109,88710153,,,,,,2026-07-15T19:41:40
239004082,0169,390040820169,2-3-9-004-082-0169,L 109,L109,MAUI KAMAOLE,2777 S KIHEI RD UNIT L 109,98060784,M,,,,,2026-07-15T19:41:40
239004082,0169,390040820169,2-3-9-004-082-0169,L 109,L109,MAUI KAMAOLE,2777 S KIHEI RD UNIT L 109,98144746,,,,,,2026-07-15T19:41:40
239004082,0169,390040820169,2-3-9-004-082-0169,L 109,L109,MAUI KAMAOLE,2777 S KIHEI RD UNIT L 109,98144752,,,,,,2026-07-15T19:41:40
239004082,0169,390040820169,2-3-9-004-082-0169,L 109,L109,MAUI KAMAOLE,2777 S KIHEI RD UNIT L 109,98144754,,,,,,2026-07-15T19:41:40
239004082,0169,390040820169,2-3-9-004-082-0169,L 109,L109,MAUI KAMAOLE,2777 S KIHEI RD UNIT L 109,98156941,NL,,,,,2026-07-15T19:41:40
239004082,0169,390040820169,2-3-9-004-082-0169,L 109,L109,MAUI KAMAOLE,2777 S KIHEI RD UNIT L 109,99044954,,,,,,2026-07-15T19:41:40
239004082,0169,390040820169,2-3-9-004-082-0169,L 109,L109,MAUI KAMAOLE,2777 S KIHEI RD UNIT L 109,99044955,,,,,,2026-07-15T19:41:40
239004082,0169,390040820169,2-3-9-004-082-0169,L 109,L109,MAUI KAMAOLE,2777 S KIHEI RD UNIT L 109,99044956,,,,,,2026-07-15T19:41:40
239004082,0169,390040820169,2-3-9-004-082-0169,L 109,L109,MAUI KAMAOLE,2777 S KIHEI RD UNIT L 109,2001022870,R,,,,,2026-07-15T19:41:40
239004082,0169,390040820169,2-3-9-004-082-0169,L 109,L109,MAUI KAMAOLE,2777 S KIHEI RD UNIT L 109,2001175635,,,,,,2026-07-15T19:41:40
239004082,0170,390040820170,2-3-9-004-082-0170,L 110,L110,MAUI KAMAOLE,2777 S KIHEI RD UNIT L 110,83290027,,,,,,2026-07-15T19:41:40
239004082,0170,390040820170,2-3-9-004-082-0170,L 110,L110,MAUI KAMAOLE,2777 S KIHEI RD UNIT L 110,83360460,,,,,,2026-07-15T19:41:40
239004082,0170,390040820170,2-3-9-004-082-0170,L 110,L110,MAUI KAMAOLE,2777 S KIHEI RD UNIT L 110,83420851,MFS,,,,,2026-07-15T19:41:40
239004082,0170,390040820170,2-3-9-004-082-0170,L 110,L110,MAUI KAMAOLE,2777 S KIHEI RD UNIT L 110,83550662,MFS,,,,,2026-07-15T19:41:40
239004082,0170,390040820170,2-3-9-004-082-0170,L 110,L110,MAUI KAMAOLE,2777 S KIHEI RD UNIT L 110,83560495,MFS,,,,,2026-07-15T19:41:40
239004082,0170,390040820170,2-3-9-004-082-0170,L 110,L110,MAUI KAMAOLE,2777 S KIHEI RD UNIT L 110,98060784,M,,,,,2026-07-15T19:41:40
239004082,0170,390040820170,2-3-9-004-082-0170,L 110,L110,MAUI KAMAOLE,2777 S KIHEI RD UNIT L 110,98144746,,,,,,2026-07-15T19:41:40
239004082,0170,390040820170,2-3-9-004-082-0170,L 110,L110,MAUI KAMAOLE,2777 S KIHEI RD UNIT L 110,98144752,,,,,,2026-07-15T19:41:40
239004082,0170,390040820170,2-3-9-004-082-0170,L 110,L110,MAUI KAMAOLE,2777 S KIHEI RD UNIT L 110,98144754,,,,,,2026-07-15T19:41:40
239004082,0170,390040820170,2-3-9-004-082-0170,L 110,L110,MAUI KAMAOLE,2777 S KIHEI RD UNIT L 110,98156941,NL,,,,,2026-07-15T19:41:40
239004082,0170,390040820170,2-3-9-004-082-0170,L 110,L110,MAUI KAMAOLE,2777 S KIHEI RD UNIT L 110,99054390,,,,,,2026-07-15T19:41:40
239004082,0170,390040820170,2-3-9-004-082-0170,L 110,L110,MAUI KAMAOLE,2777 S KIHEI RD UNIT L 110,99054391,,,,,,2026-07-15T19:41:40
239004082,0170,390040820170,2-3-9-004-082-0170,L 110,L110,MAUI KAMAOLE,2777 S KIHEI RD UNIT L 110,99054392,,,,,,2026-07-15T19:41:40
239004082,0170,390040820170,2-3-9-004-082-0170,L 110,L110,MAUI KAMAOLE,2777 S KIHEI RD UNIT L 110,99054393,,,,,,2026-07-15T19:41:40
239004082,0170,390040820170,2-3-9-004-082-0170,L 110,L110,MAUI KAMAOLE,2777 S KIHEI RD UNIT L 110,2000170559,,,,,,2026-07-15T19:41:40
239004082,0170,390040820170,2-3-9-004-082-0170,L 110,L110,MAUI KAMAOLE,2777 S KIHEI RD UNIT L 110,2001022870,R,,,,,2026-07-15T19:41:40
239004082,0170,390040820170,2-3-9-004-082-0170,L 110,L110,MAUI KAMAOLE,2777 S KIHEI RD UNIT L 110,2001175635,,,,,,2026-07-15T19:41:40
239004082,0170,390040820170,2-3-9-004-082-0170,L 110,L110,MAUI KAMAOLE,2777 S KIHEI RD UNIT L 110,2002087025,M,,,,,2026-07-15T19:41:40
239004082,0170,390040820170,2-3-9-004-082-0170,L 110,L110,MAUI KAMAOLE,2777 S KIHEI RD UNIT L 110,2004065357,M,,,,,2026-07-15T19:41:40
239004082,0170,390040820170,2-3-9-004-082-0170,L 110,L110,MAUI KAMAOLE,2777 S KIHEI RD UNIT L 110,2004065358,M,,,,,2026-07-15T19:41:40
239004082,0170,390040820170,2-3-9-004-082-0170,L 110,L110,MAUI KAMAOLE,2777 S KIHEI RD UNIT L 110,2007181113,M,,,,,2026-07-15T19:41:40
239004082,0170,390040820170,2-3-9-004-082-0170,L 110,L110,MAUI KAMAOLE,2777 S KIHEI RD UNIT L 110,2007181114,R,,,,,2026-07-15T19:41:40
239004082,0171,390040820171,2-3-9-004-082-0171,L 201,L201,MAUI KAMAOLE,2777 S KIHEI RD UNIT L 201,52671256,,,,,,2026-07-15T19:41:40
239004082,0171,390040820171,2-3-9-004-082-0171,L 201,L201,MAUI KAMAOLE,2777 S KIHEI RD UNIT L 201,77180202,,,,,,2026-07-15T19:41:40
239004082,0171,390040820171,2-3-9-004-082-0171,L 201,L201,MAUI KAMAOLE,2777 S KIHEI RD UNIT L 201,77180203,,,,,,2026-07-15T19:41:40
239004082,0171,390040820171,2-3-9-004-082-0171,L 201,L201,MAUI KAMAOLE,2777 S KIHEI RD UNIT L 201,98060784,M,,,,,2026-07-15T19:41:40
239004082,0171,390040820171,2-3-9-004-082-0171,L 201,L201,MAUI KAMAOLE,2777 S KIHEI RD UNIT L 201,98144746,,,,,,2026-07-15T19:41:40
239004082,0171,390040820171,2-3-9-004-082-0171,L 201,L201,MAUI KAMAOLE,2777 S KIHEI RD UNIT L 201,98144752,,,,,,2026-07-15T19:41:40
239004082,0171,390040820171,2-3-9-004-082-0171,L 201,L201,MAUI KAMAOLE,2777 S KIHEI RD UNIT L 201,98144754,,,,,,2026-07-15T19:41:40
239004082,0171,390040820171,2-3-9-004-082-0171,L 201,L201,MAUI KAMAOLE,2777 S KIHEI RD UNIT L 201,98156941,NL,,,,,2026-07-15T19:41:40
239004082,0171,390040820171,2-3-9-004-082-0171,L 201,L201,MAUI KAMAOLE,2777 S KIHEI RD UNIT L 201,99048561,,,,,,2026-07-15T19:41:40
239004082,0171,390040820171,2-3-9-004-082-0171,L 201,L201,MAUI KAMAOLE,2777 S KIHEI RD UNIT L 201,99048562,,,,,,2026-07-15T19:41:40
239004082,0171,390040820171,2-3-9-004-082-0171,L 201,L201,MAUI KAMAOLE,2777 S KIHEI RD UNIT L 201,99048563,,,,,,2026-07-15T19:41:40
239004082,0171,390040820171,2-3-9-004-082-0171,L 201,L201,MAUI KAMAOLE,2777 S KIHEI RD UNIT L 201,99048564,,,,,,2026-07-15T19:41:40
239004082,0171,390040820171,2-3-9-004-082-0171,L 201,L201,MAUI KAMAOLE,2777 S KIHEI RD UNIT L 201,99048565,,,,,,2026-07-15T19:41:40
239004082,0171,390040820171,2-3-9-004-082-0171,L 201,L201,MAUI KAMAOLE,2777 S KIHEI RD UNIT L 201,99114764,NL,,,,,2026-07-15T19:41:40
239004082,0171,390040820171,2-3-9-004-082-0171,L 201,L201,MAUI KAMAOLE,2777 S KIHEI RD UNIT L 201,2001022870,R,,,,,2026-07-15T19:41:40
239004082,0171,390040820171,2-3-9-004-082-0171,L 201,L201,MAUI KAMAOLE,2777 S KIHEI RD UNIT L 201,2001175635,,,,,,2026-07-15T19:41:40
239004082,0171,390040820171,2-3-9-004-082-0171,L 201,L201,MAUI KAMAOLE,2777 S KIHEI RD UNIT L 201,2002115563,,,,,,2026-07-15T19:41:40
239004082,0171,390040820171,2-3-9-004-082-0171,L 201,L201,MAUI KAMAOLE,2777 S KIHEI RD UNIT L 201,2002172773,,,,,,2026-07-15T19:41:40
239004082,0171,390040820171,2-3-9-004-082-0171,L 201,L201,MAUI KAMAOLE,2777 S KIHEI RD UNIT L 201,2002172774,,,,,,2026-07-15T19:41:40
239004082,0172,390040820172,2-3-9-004-082-0172,L 202,L202,MAUI KAMAOLE,2777 S KIHEI RD UNIT L 202,52810482,,,,,,2026-07-15T19:41:40
239004082,0172,390040820172,2-3-9-004-082-0172,L 202,L202,MAUI KAMAOLE,2777 S KIHEI RD UNIT L 202,52810483,,,,,,2026-07-15T19:41:40
239004082,0172,390040820172,2-3-9-004-082-0172,L 202,L202,MAUI KAMAOLE,2777 S KIHEI RD UNIT L 202,89010688,,,,,,2026-07-15T19:41:40
239004082,0172,390040820172,2-3-9-004-082-0172,L 202,L202,MAUI KAMAOLE,2777 S KIHEI RD UNIT L 202,98060784,M,,,,,2026-07-15T19:41:40
239004082,0172,390040820172,2-3-9-004-082-0172,L 202,L202,MAUI KAMAOLE,2777 S KIHEI RD UNIT L 202,98144746,,,,,,2026-07-15T19:41:40
239004082,0172,390040820172,2-3-9-004-082-0172,L 202,L202,MAUI KAMAOLE,2777 S KIHEI RD UNIT L 202,98144752,,,,,,2026-07-15T19:41:40
239004082,0172,390040820172,2-3-9-004-082-0172,L 202,L202,MAUI KAMAOLE,2777 S KIHEI RD UNIT L 202,98144754,,,,,,2026-07-15T19:41:40
239004082,0172,390040820172,2-3-9-004-082-0172,L 202,L202,MAUI KAMAOLE,2777 S KIHEI RD UNIT L 202,98156941,NL,,,,,2026-07-15T19:41:40
239004082,0172,390040820172,2-3-9-004-082-0172,L 202,L202,MAUI KAMAOLE,2777 S KIHEI RD UNIT L 202,99053595,,,,,,2026-07-15T19:41:40
239004082,0172,390040820172,2-3-9-004-082-0172,L 202,L202,MAUI KAMAOLE,2777 S KIHEI RD UNIT L 202,99053596,,,,,,2026-07-15T19:41:40
239004082,0172,390040820172,2-3-9-004-082-0172,L 202,L202,MAUI KAMAOLE,2777 S KIHEI RD UNIT L 202,99053597,,,,,,2026-07-15T19:41:40
239004082,0172,390040820172,2-3-9-004-082-0172,L 202,L202,MAUI KAMAOLE,2777 S KIHEI RD UNIT L 202,99053598,,,,,,2026-07-15T19:41:40
239004082,0172,390040820172,2-3-9-004-082-0172,L 202,L202,MAUI KAMAOLE,2777 S KIHEI RD UNIT L 202,99053599,,,,,,2026-07-15T19:41:40
239004082,0172,390040820172,2-3-9-004-082-0172,L 202,L202,MAUI KAMAOLE,2777 S KIHEI RD UNIT L 202,99114764,NL,,,,,2026-07-15T19:41:40
239004082,0172,390040820172,2-3-9-004-082-0172,L 202,L202,MAUI KAMAOLE,2777 S KIHEI RD UNIT L 202,2001022870,R,,,,,2026-07-15T19:41:40
239004082,0172,390040820172,2-3-9-004-082-0172,L 202,L202,MAUI KAMAOLE,2777 S KIHEI RD UNIT L 202,2001154192,,,,,,2026-07-15T19:41:40
239004082,0172,390040820172,2-3-9-004-082-0172,L 202,L202,MAUI KAMAOLE,2777 S KIHEI RD UNIT L 202,2001175635,,,,,,2026-07-15T19:41:40
239004082,0172,390040820172,2-3-9-004-082-0172,L 202,L202,MAUI KAMAOLE,2777 S KIHEI RD UNIT L 202,2003000683,R,,,,,2026-07-15T19:41:40
239004082,0172,390040820172,2-3-9-004-082-0172,L 202,L202,MAUI KAMAOLE,2777 S KIHEI RD UNIT L 202,2003038746,,,,,,2026-07-15T19:41:40
239004082,0172,390040820172,2-3-9-004-082-0172,L 202,L202,MAUI KAMAOLE,2777 S KIHEI RD UNIT L 202,2003038747,,,,,,2026-07-15T19:41:40
239004082,0172,390040820172,2-3-9-004-082-0172,L 202,L202,MAUI KAMAOLE,2777 S KIHEI RD UNIT L 202,2003096894,,,,,,2026-07-15T19:41:40
239004082,0172,390040820172,2-3-9-004-082-0172,L 202,L202,MAUI KAMAOLE,2777 S KIHEI RD UNIT L 202,2009088267,,,,,,2026-07-15T19:41:40
239004082,0172,390040820172,2-3-9-004-082-0172,L 202,L202,MAUI KAMAOLE,2777 S KIHEI RD UNIT L 202,2009198508,,,,,,2026-07-15T19:41:40
239004082,0172,390040820172,2-3-9-004-082-0172,L 202,L202,MAUI KAMAOLE,2777 S KIHEI RD UNIT L 202,2010010561,M,,,,,2026-07-15T19:41:40
239004082,0173,390040820173,2-3-9-004-082-0173,L 203,L203,MAUI KAMAOLE PHASE III,2777 S KIHEI RD UNIT L 203,56480707,M,,,,,2026-07-15T19:41:40
239004082,0173,390040820173,2-3-9-004-082-0173,L 203,L203,MAUI KAMAOLE PHASE III,2777 S KIHEI RD UNIT L 203,73730477,M,,,,,2026-07-15T19:41:40
239004082,0173,390040820173,2-3-9-004-082-0173,L 203,L203,MAUI KAMAOLE PHASE III,2777 S KIHEI RD UNIT L 203,74780709,M,,,,,2026-07-15T19:41:40
239004082,0173,390040820173,2-3-9-004-082-0173,L 203,L203,MAUI KAMAOLE PHASE III,2777 S KIHEI RD UNIT L 203,84370654,M,,,,,2026-07-15T19:41:40
239004082,0173,390040820173,2-3-9-004-082-0173,L 203,L203,MAUI KAMAOLE PHASE III,2777 S KIHEI RD UNIT L 203,98060784,M,,,,,2026-07-15T19:41:40
239004082,0173,390040820173,2-3-9-004-082-0173,L 203,L203,MAUI KAMAOLE PHASE III,2777 S KIHEI RD UNIT L 203,98144746,,,,,,2026-07-15T19:41:40
239004082,0173,390040820173,2-3-9-004-082-0173,L 203,L203,MAUI KAMAOLE PHASE III,2777 S KIHEI RD UNIT L 203,98144752,,,,,,2026-07-15T19:41:40
239004082,0173,390040820173,2-3-9-004-082-0173,L 203,L203,MAUI KAMAOLE PHASE III,2777 S KIHEI RD UNIT L 203,98144754,,,,,,2026-07-15T19:41:40
239004082,0173,390040820173,2-3-9-004-082-0173,L 203,L203,MAUI KAMAOLE PHASE III,2777 S KIHEI RD UNIT L 203,98156941,NL,,,,,2026-07-15T19:41:40
239004082,0173,390040820173,2-3-9-004-082-0173,L 203,L203,MAUI KAMAOLE PHASE III,2777 S KIHEI RD UNIT L 203,99057556,,,,,,2026-07-15T19:41:40
239004082,0173,390040820173,2-3-9-004-082-0173,L 203,L203,MAUI KAMAOLE PHASE III,2777 S KIHEI RD UNIT L 203,99057557,,,,,,2026-07-15T19:41:40
239004082,0173,390040820173,2-3-9-004-082-0173,L 203,L203,MAUI KAMAOLE PHASE III,2777 S KIHEI RD UNIT L 203,99057558,M,,,,,2026-07-15T19:41:40
239004082,0173,390040820173,2-3-9-004-082-0173,L 203,L203,MAUI KAMAOLE PHASE III,2777 S KIHEI RD UNIT L 203,99057559,M,,,,,2026-07-15T19:41:40
239004082,0173,390040820173,2-3-9-004-082-0173,L 203,L203,MAUI KAMAOLE PHASE III,2777 S KIHEI RD UNIT L 203,99114764,NL,,,,,2026-07-15T19:41:40
239004082,0173,390040820173,2-3-9-004-082-0173,L 203,L203,MAUI KAMAOLE PHASE III,2777 S KIHEI RD UNIT L 203,2001022870,R,,,,,2026-07-15T19:41:40
239004082,0173,390040820173,2-3-9-004-082-0173,L 203,L203,MAUI KAMAOLE PHASE III,2777 S KIHEI RD UNIT L 203,2001175635,,,,,,2026-07-15T19:41:40
239004082,0173,390040820173,2-3-9-004-082-0173,L 203,L203,MAUI KAMAOLE PHASE III,2777 S KIHEI RD UNIT L 203,2001200353,,,,,,2026-07-15T19:41:40
239004082,0173,390040820173,2-3-9-004-082-0173,L 203,L203,MAUI KAMAOLE PHASE III,2777 S KIHEI RD UNIT L 203,2004207053,M,,,,,2026-07-15T19:41:40
239004082,0173,390040820173,2-3-9-004-082-0173,L 203,L203,MAUI KAMAOLE PHASE III,2777 S KIHEI RD UNIT L 203,2004213072,,,,,,2026-07-15T19:41:40
239004082,0173,390040820173,2-3-9-004-082-0173,L 203,L203,MAUI KAMAOLE PHASE III,2777 S KIHEI RD UNIT L 203,2004237931,M,,,,,2026-07-15T19:41:40
239004082,0173,390040820173,2-3-9-004-082-0173,L 203,L203,MAUI KAMAOLE PHASE III,2777 S KIHEI RD UNIT L 203,2007142919,,,,,,2026-07-15T19:41:40
239004082,0173,390040820173,2-3-9-004-082-0173,L 203,L203,MAUI KAMAOLE PHASE III,2777 S KIHEI RD UNIT L 203,2011092379,,,,,,2026-07-15T19:41:40
239004082,0173,390040820173,2-3-9-004-082-0173,L 203,L203,MAUI KAMAOLE PHASE III,2777 S KIHEI RD UNIT L 203,9111000503,M,,,,,2026-07-15T19:41:40
239004082,0174,390040820174,2-3-9-004-082-0174,L 204,L204,MAUI KAMAOLE PHASE III,2777 S KIHEI RD UNIT L 204,50000567,M,,,,,2026-07-15T19:41:40
239004082,0174,390040820174,2-3-9-004-082-0174,L 204,L204,MAUI KAMAOLE PHASE III,2777 S KIHEI RD UNIT L 204,62770311,R,,,,,2026-07-15T19:41:40
239004082,0174,390040820174,2-3-9-004-082-0174,L 204,L204,MAUI KAMAOLE PHASE III,2777 S KIHEI RD UNIT L 204,68730010,R,,,,,2026-07-15T19:41:40
239004082,0174,390040820174,2-3-9-004-082-0174,L 204,L204,MAUI KAMAOLE PHASE III,2777 S KIHEI RD UNIT L 204,70760745,M,,,,,2026-07-15T19:41:40
239004082,0174,390040820174,2-3-9-004-082-0174,L 204,L204,MAUI KAMAOLE PHASE III,2777 S KIHEI RD UNIT L 204,70760746,,,,,,2026-07-15T19:41:40
239004082,0174,390040820174,2-3-9-004-082-0174,L 204,L204,MAUI KAMAOLE PHASE III,2777 S KIHEI RD UNIT L 204,71040937,MFS,,,,,2026-07-15T19:41:40
239004082,0174,390040820174,2-3-9-004-082-0174,L 204,L204,MAUI KAMAOLE PHASE III,2777 S KIHEI RD UNIT L 204,98060784,M,,,,,2026-07-15T19:41:40
239004082,0174,390040820174,2-3-9-004-082-0174,L 204,L204,MAUI KAMAOLE PHASE III,2777 S KIHEI RD UNIT L 204,98144746,,,,,,2026-07-15T19:41:40
239004082,0174,390040820174,2-3-9-004-082-0174,L 204,L204,MAUI KAMAOLE PHASE III,2777 S KIHEI RD UNIT L 204,98144752,,,,,,2026-07-15T19:41:40
239004082,0174,390040820174,2-3-9-004-082-0174,L 204,L204,MAUI KAMAOLE PHASE III,2777 S KIHEI RD UNIT L 204,98144754,,,,,,2026-07-15T19:41:40
239004082,0174,390040820174,2-3-9-004-082-0174,L 204,L204,MAUI KAMAOLE PHASE III,2777 S KIHEI RD UNIT L 204,98156941,NL,,,,,2026-07-15T19:41:40
239004082,0174,390040820174,2-3-9-004-082-0174,L 204,L204,MAUI KAMAOLE PHASE III,2777 S KIHEI RD UNIT L 204,99048556,,,,,,2026-07-15T19:41:40
239004082,0174,390040820174,2-3-9-004-082-0174,L 204,L204,MAUI KAMAOLE PHASE III,2777 S KIHEI RD UNIT L 204,99048557,,,,,,2026-07-15T19:41:40
239004082,0174,390040820174,2-3-9-004-082-0174,L 204,L204,MAUI KAMAOLE PHASE III,2777 S KIHEI RD UNIT L 204,99048558,,,,,,2026-07-15T19:41:40
239004082,0174,390040820174,2-3-9-004-082-0174,L 204,L204,MAUI KAMAOLE PHASE III,2777 S KIHEI RD UNIT L 204,99048559,R,,,,,2026-07-15T19:41:40
239004082,0174,390040820174,2-3-9-004-082-0174,L 204,L204,MAUI KAMAOLE PHASE III,2777 S KIHEI RD UNIT L 204,99048560,,,,,,2026-07-15T19:41:40
239004082,0174,390040820174,2-3-9-004-082-0174,L 204,L204,MAUI KAMAOLE PHASE III,2777 S KIHEI RD UNIT L 204,99114764,NL,,,,,2026-07-15T19:41:40
239004082,0174,390040820174,2-3-9-004-082-0174,L 204,L204,MAUI KAMAOLE PHASE III,2777 S KIHEI RD UNIT L 204,2001022870,R,,,,,2026-07-15T19:41:40
239004082,0174,390040820174,2-3-9-004-082-0174,L 204,L204,MAUI KAMAOLE PHASE III,2777 S KIHEI RD UNIT L 204,2001175635,,,,,,2026-07-15T19:41:40
239004082,0175,390040820175,2-3-9-004-082-0175,L 205,L205,MAUI KAMAOLE,2777 S KIHEI RD UNIT L 205,66310044,,,,,,2026-07-15T19:41:40
239004082,0175,390040820175,2-3-9-004-082-0175,L 205,L205,MAUI KAMAOLE,2777 S KIHEI RD UNIT L 205,66310045,R,,,,,2026-07-15T19:41:40
239004082,0175,390040820175,2-3-9-004-082-0175,L 205,L205,MAUI KAMAOLE,2777 S KIHEI RD UNIT L 205,74120229,R,,,,,2026-07-15T19:41:40
239004082,0175,390040820175,2-3-9-004-082-0175,L 205,L205,MAUI KAMAOLE,2777 S KIHEI RD UNIT L 205,74370445,M,,,,,2026-07-15T19:41:40
239004082,0175,390040820175,2-3-9-004-082-0175,L 205,L205,MAUI KAMAOLE,2777 S KIHEI RD UNIT L 205,98060784,M,,,,,2026-07-15T19:41:40
239004082,0175,390040820175,2-3-9-004-082-0175,L 205,L205,MAUI KAMAOLE,2777 S KIHEI RD UNIT L 205,98144746,,,,,,2026-07-15T19:41:40
239004082,0175,390040820175,2-3-9-004-082-0175,L 205,L205,MAUI KAMAOLE,2777 S KIHEI RD UNIT L 205,98144752,,,,,,2026-07-15T19:41:40
239004082,0175,390040820175,2-3-9-004-082-0175,L 205,L205,MAUI KAMAOLE,2777 S KIHEI RD UNIT L 205,98144754,,,,,,2026-07-15T19:41:40
239004082,0175,390040820175,2-3-9-004-082-0175,L 205,L205,MAUI KAMAOLE,2777 S KIHEI RD UNIT L 205,98156941,NL,,,,,2026-07-15T19:41:40
239004082,0175,390040820175,2-3-9-004-082-0175,L 205,L205,MAUI KAMAOLE,2777 S KIHEI RD UNIT L 205,99114764,NL,,,,,2026-07-15T19:41:40
239004082,0175,390040820175,2-3-9-004-082-0175,L 205,L205,MAUI KAMAOLE,2777 S KIHEI RD UNIT L 205,99157955,,,,,,2026-07-15T19:41:40
239004082,0175,390040820175,2-3-9-004-082-0175,L 205,L205,MAUI KAMAOLE,2777 S KIHEI RD UNIT L 205,99157956,,,,,,2026-07-15T19:41:40
239004082,0175,390040820175,2-3-9-004-082-0175,L 205,L205,MAUI KAMAOLE,2777 S KIHEI RD UNIT L 205,99162389,,,,,,2026-07-15T19:41:40
239004082,0175,390040820175,2-3-9-004-082-0175,L 205,L205,MAUI KAMAOLE,2777 S KIHEI RD UNIT L 205,99162390,,,,,,2026-07-15T19:41:40
239004082,0175,390040820175,2-3-9-004-082-0175,L 205,L205,MAUI KAMAOLE,2777 S KIHEI RD UNIT L 205,99162391,R,,,,,2026-07-15T19:41:40
239004082,0175,390040820175,2-3-9-004-082-0175,L 205,L205,MAUI KAMAOLE,2777 S KIHEI RD UNIT L 205,99162392,R,,,,,2026-07-15T19:41:40
239004082,0175,390040820175,2-3-9-004-082-0175,L 205,L205,MAUI KAMAOLE,2777 S KIHEI RD UNIT L 205,99171574,,,,,,2026-07-15T19:41:40
239004082,0175,390040820175,2-3-9-004-082-0175,L 205,L205,MAUI KAMAOLE,2777 S KIHEI RD UNIT L 205,2001022870,R,,,,,2026-07-15T19:41:40
239004082,0175,390040820175,2-3-9-004-082-0175,L 205,L205,MAUI KAMAOLE,2777 S KIHEI RD UNIT L 205,2001175635,,,,,,2026-07-15T19:41:40
239004082,0175,390040820175,2-3-9-004-082-0175,L 205,L205,MAUI KAMAOLE,2777 S KIHEI RD UNIT L 205,2001203325,R,,,,,2026-07-15T19:41:40
239004082,0175,390040820175,2-3-9-004-082-0175,L 205,L205,MAUI KAMAOLE,2777 S KIHEI RD UNIT L 205,2002038081,R,,,,,2026-07-15T19:41:40
239004082,0175,390040820175,2-3-9-004-082-0175,L 205,L205,MAUI KAMAOLE,2777 S KIHEI RD UNIT L 205,2005076270,R,,,,,2026-07-15T19:41:40
239004082,0175,390040820175,2-3-9-004-082-0175,L 205,L205,MAUI KAMAOLE,2777 S KIHEI RD UNIT L 205,2005108332,M,,,,,2026-07-15T19:41:40
239004082,0175,390040820175,2-3-9-004-082-0175,L 205,L205,MAUI KAMAOLE,2777 S KIHEI RD UNIT L 205,2011095734,R,,,,,2026-07-15T19:41:40
239004082,0175,390040820175,2-3-9-004-082-0175,L 205,L205,MAUI KAMAOLE,2777 S KIHEI RD UNIT L 205,2011105423,M,,,,,2026-07-15T19:41:40
239004082,0175,390040820175,2-3-9-004-082-0175,L 205,L205,MAUI KAMAOLE,2777 S KIHEI RD UNIT L 205,9361000287,,,,,,2026-07-15T19:41:40
239004082,0175,390040820175,2-3-9-004-082-0175,L 205,L205,MAUI KAMAOLE,2777 S KIHEI RD UNIT L 205,9376000402,M,,,,,2026-07-15T19:41:40
239004082,0176,390040820176,2-3-9-004-082-0176,L 206,L206,MAUI KAMAOLE,2777 S KIHEI RD UNIT L 206,98060784,M,,,,,2026-07-15T19:41:40
239004082,0176,390040820176,2-3-9-004-082-0176,L 206,L206,MAUI KAMAOLE,2777 S KIHEI RD UNIT L 206,98144746,,,,,,2026-07-15T19:41:40
239004082,0176,390040820176,2-3-9-004-082-0176,L 206,L206,MAUI KAMAOLE,2777 S KIHEI RD UNIT L 206,98144752,,,,,,2026-07-15T19:41:40
239004082,0176,390040820176,2-3-9-004-082-0176,L 206,L206,MAUI KAMAOLE,2777 S KIHEI RD UNIT L 206,98144754,,,,,,2026-07-15T19:41:40
239004082,0176,390040820176,2-3-9-004-082-0176,L 206,L206,MAUI KAMAOLE,2777 S KIHEI RD UNIT L 206,98156941,NL,,,,,2026-07-15T19:41:40
239004082,0176,390040820176,2-3-9-004-082-0176,L 206,L206,MAUI KAMAOLE,2777 S KIHEI RD UNIT L 206,99114764,NL,,,,,2026-07-15T19:41:40
239004082,0176,390040820176,2-3-9-004-082-0176,L 206,L206,MAUI KAMAOLE,2777 S KIHEI RD UNIT L 206,99148504,,,,,,2026-07-15T19:41:40
239004082,0176,390040820176,2-3-9-004-082-0176,L 206,L206,MAUI KAMAOLE,2777 S KIHEI RD UNIT L 206,99148505,,,,,,2026-07-15T19:41:40
239004082,0176,390040820176,2-3-9-004-082-0176,L 206,L206,MAUI KAMAOLE,2777 S KIHEI RD UNIT L 206,99148506,,,,,,2026-07-15T19:41:40
239004082,0176,390040820176,2-3-9-004-082-0176,L 206,L206,MAUI KAMAOLE,2777 S KIHEI RD UNIT L 206,99148507,,,,,,2026-07-15T19:41:40
239004082,0176,390040820176,2-3-9-004-082-0176,L 206,L206,MAUI KAMAOLE,2777 S KIHEI RD UNIT L 206,99148508,,,,,,2026-07-15T19:41:40
239004082,0176,390040820176,2-3-9-004-082-0176,L 206,L206,MAUI KAMAOLE,2777 S KIHEI RD UNIT L 206,99193876,,,,,,2026-07-15T19:41:40
239004082,0176,390040820176,2-3-9-004-082-0176,L 206,L206,MAUI KAMAOLE,2777 S KIHEI RD UNIT L 206,2001022870,R,,,,,2026-07-15T19:41:40
239004082,0176,390040820176,2-3-9-004-082-0176,L 206,L206,MAUI KAMAOLE,2777 S KIHEI RD UNIT L 206,2001175635,,,,,,2026-07-15T19:41:40
239004082,0176,390040820176,2-3-9-004-082-0176,L 206,L206,MAUI KAMAOLE,2777 S KIHEI RD UNIT L 206,2002220876,,,,,,2026-07-15T19:41:40
239004082,0177,390040820177,2-3-9-004-082-0177,L 207,L207,MAUI KAMAOLE,2777 S KIHEI RD UNIT L 207,51440245,,,,,,2026-07-15T19:41:40
239004082,0177,390040820177,2-3-9-004-082-0177,L 207,L207,MAUI KAMAOLE,2777 S KIHEI RD UNIT L 207,51440246,R,,,,,2026-07-15T19:41:40
239004082,0177,390040820177,2-3-9-004-082-0177,L 207,L207,MAUI KAMAOLE,2777 S KIHEI RD UNIT L 207,74650313,M,,,,,2026-07-15T19:41:40
239004082,0177,390040820177,2-3-9-004-082-0177,L 207,L207,MAUI KAMAOLE,2777 S KIHEI RD UNIT L 207,98060784,M,,,,,2026-07-15T19:41:40
239004082,0177,390040820177,2-3-9-004-082-0177,L 207,L207,MAUI KAMAOLE,2777 S KIHEI RD UNIT L 207,98144746,,,,,,2026-07-15T19:41:40
239004082,0177,390040820177,2-3-9-004-082-0177,L 207,L207,MAUI KAMAOLE,2777 S KIHEI RD UNIT L 207,98144752,,,,,,2026-07-15T19:41:40
239004082,0177,390040820177,2-3-9-004-082-0177,L 207,L207,MAUI KAMAOLE,2777 S KIHEI RD UNIT L 207,98144754,,,,,,2026-07-15T19:41:40
239004082,0177,390040820177,2-3-9-004-082-0177,L 207,L207,MAUI KAMAOLE,2777 S KIHEI RD UNIT L 207,98156941,NL,,,,,2026-07-15T19:41:40
239004082,0177,390040820177,2-3-9-004-082-0177,L 207,L207,MAUI KAMAOLE,2777 S KIHEI RD UNIT L 207,99047257,,,,,,2026-07-15T19:41:40
239004082,0177,390040820177,2-3-9-004-082-0177,L 207,L207,MAUI KAMAOLE,2777 S KIHEI RD UNIT L 207,99047258,,,,,,2026-07-15T19:41:40
239004082,0177,390040820177,2-3-9-004-082-0177,L 207,L207,MAUI KAMAOLE,2777 S KIHEI RD UNIT L 207,99047259,,,,,,2026-07-15T19:41:40
239004082,0177,390040820177,2-3-9-004-082-0177,L 207,L207,MAUI KAMAOLE,2777 S KIHEI RD UNIT L 207,99047260,,,,,,2026-07-15T19:41:40
239004082,0177,390040820177,2-3-9-004-082-0177,L 207,L207,MAUI KAMAOLE,2777 S KIHEI RD UNIT L 207,99114764,NL,,,,,2026-07-15T19:41:40
239004082,0177,390040820177,2-3-9-004-082-0177,L 207,L207,MAUI KAMAOLE,2777 S KIHEI RD UNIT L 207,2001022870,R,,,,,2026-07-15T19:41:40
239004082,0177,390040820177,2-3-9-004-082-0177,L 207,L207,MAUI KAMAOLE,2777 S KIHEI RD UNIT L 207,2001175635,,,,,,2026-07-15T19:41:40
239004082,0177,390040820177,2-3-9-004-082-0177,L 207,L207,MAUI KAMAOLE,2777 S KIHEI RD UNIT L 207,2003198182,R,,,,,2026-07-15T19:41:40
239004082,0177,390040820177,2-3-9-004-082-0177,L 207,L207,MAUI KAMAOLE,2777 S KIHEI RD UNIT L 207,2004006497,,,,,,2026-07-15T19:41:40
239004082,0177,390040820177,2-3-9-004-082-0177,L 207,L207,MAUI KAMAOLE,2777 S KIHEI RD UNIT L 207,2004021435,,,,,,2026-07-15T19:41:40
239004082,0177,390040820177,2-3-9-004-082-0177,L 207,L207,MAUI KAMAOLE,2777 S KIHEI RD UNIT L 207,2004102015,M,,,,,2026-07-15T19:41:40
239004082,0177,390040820177,2-3-9-004-082-0177,L 207,L207,MAUI KAMAOLE,2777 S KIHEI RD UNIT L 207,2007190183,,,,,,2026-07-15T19:41:40
239004082,0178,390040820178,2-3-9-004-082-0178,L 208,L208,MAUI KAMAOLE,2777 S KIHEI RD UNIT L 208,64880074,,,,,,2026-07-15T19:41:40
239004082,0178,390040820178,2-3-9-004-082-0178,L 208,L208,MAUI KAMAOLE,2777 S KIHEI RD UNIT L 208,70660663,,,,,,2026-07-15T19:41:40
239004082,0178,390040820178,2-3-9-004-082-0178,L 208,L208,MAUI KAMAOLE,2777 S KIHEI RD UNIT L 208,98060784,M,,,,,2026-07-15T19:41:40
239004082,0178,390040820178,2-3-9-004-082-0178,L 208,L208,MAUI KAMAOLE,2777 S KIHEI RD UNIT L 208,98144746,,,,,,2026-07-15T19:41:40
239004082,0178,390040820178,2-3-9-004-082-0178,L 208,L208,MAUI KAMAOLE,2777 S KIHEI RD UNIT L 208,98144752,,,,,,2026-07-15T19:41:40
239004082,0178,390040820178,2-3-9-004-082-0178,L 208,L208,MAUI KAMAOLE,2777 S KIHEI RD UNIT L 208,98144754,,,,,,2026-07-15T19:41:40
239004082,0178,390040820178,2-3-9-004-082-0178,L 208,L208,MAUI KAMAOLE,2777 S KIHEI RD UNIT L 208,98156941,NL,,,,,2026-07-15T19:41:40
239004082,0178,390040820178,2-3-9-004-082-0178,L 208,L208,MAUI KAMAOLE,2777 S KIHEI RD UNIT L 208,99114764,NL,,,,,2026-07-15T19:41:40
239004082,0178,390040820178,2-3-9-004-082-0178,L 208,L208,MAUI KAMAOLE,2777 S KIHEI RD UNIT L 208,99157955,,,,,,2026-07-15T19:41:40
239004082,0178,390040820178,2-3-9-004-082-0178,L 208,L208,MAUI KAMAOLE,2777 S KIHEI RD UNIT L 208,99157956,,,,,,2026-07-15T19:41:40
239004082,0178,390040820178,2-3-9-004-082-0178,L 208,L208,MAUI KAMAOLE,2777 S KIHEI RD UNIT L 208,99171574,,,,,,2026-07-15T19:41:40
239004082,0178,390040820178,2-3-9-004-082-0178,L 208,L208,MAUI KAMAOLE,2777 S KIHEI RD UNIT L 208,2000026529,,,,,,2026-07-15T19:41:40
239004082,0178,390040820178,2-3-9-004-082-0178,L 208,L208,MAUI KAMAOLE,2777 S KIHEI RD UNIT L 208,2000026530,,,,,,2026-07-15T19:41:40
239004082,0178,390040820178,2-3-9-004-082-0178,L 208,L208,MAUI KAMAOLE,2777 S KIHEI RD UNIT L 208,2000026531,,,,,,2026-07-15T19:41:40
239004082,0178,390040820178,2-3-9-004-082-0178,L 208,L208,MAUI KAMAOLE,2777 S KIHEI RD UNIT L 208,2000026532,R,,,,,2026-07-15T19:41:40
239004082,0178,390040820178,2-3-9-004-082-0178,L 208,L208,MAUI KAMAOLE,2777 S KIHEI RD UNIT L 208,2001022870,R,,,,,2026-07-15T19:41:40
239004082,0178,390040820178,2-3-9-004-082-0178,L 208,L208,MAUI KAMAOLE,2777 S KIHEI RD UNIT L 208,2001175635,,,,,,2026-07-15T19:41:40
239004082,0178,390040820178,2-3-9-004-082-0178,L 208,L208,MAUI KAMAOLE,2777 S KIHEI RD UNIT L 208,2004188257,M,,,,,2026-07-15T19:41:40
239004082,0178,390040820178,2-3-9-004-082-0178,L 208,L208,MAUI KAMAOLE,2777 S KIHEI RD UNIT L 208,2008020734,,,,,,2026-07-15T19:41:40
239004082,0178,390040820178,2-3-9-004-082-0178,L 208,L208,MAUI KAMAOLE,2777 S KIHEI RD UNIT L 208,2008020735,,,,,,2026-07-15T19:41:40
239004082,0178,390040820178,2-3-9-004-082-0178,L 208,L208,MAUI KAMAOLE,2777 S KIHEI RD UNIT L 208,2011035542,,,,,,2026-07-15T19:41:40
239004082,0179,390040820179,2-3-9-004-082-0179,L 209,L209,MAUI KAMAOLE,2777 S KIHEI RD UNIT L 209,98060784,M,,,,,2026-07-15T19:41:40
239004082,0179,390040820179,2-3-9-004-082-0179,L 209,L209,MAUI KAMAOLE,2777 S KIHEI RD UNIT L 209,98144746,,,,,,2026-07-15T19:41:40
239004082,0179,390040820179,2-3-9-004-082-0179,L 209,L209,MAUI KAMAOLE,2777 S KIHEI RD UNIT L 209,98144752,,,,,,2026-07-15T19:41:40
239004082,0179,390040820179,2-3-9-004-082-0179,L 209,L209,MAUI KAMAOLE,2777 S KIHEI RD UNIT L 209,98144754,,,,,,2026-07-15T19:41:40
239004082,0179,390040820179,2-3-9-004-082-0179,L 209,L209,MAUI KAMAOLE,2777 S KIHEI RD UNIT L 209,98156941,NL,,,,,2026-07-15T19:41:40
239004082,0179,390040820179,2-3-9-004-082-0179,L 209,L209,MAUI KAMAOLE,2777 S KIHEI RD UNIT L 209,99114764,NL,,,,,2026-07-15T19:41:40
239004082,0179,390040820179,2-3-9-004-082-0179,L 209,L209,MAUI KAMAOLE,2777 S KIHEI RD UNIT L 209,99157955,,,,,,2026-07-15T19:41:40
239004082,0179,390040820179,2-3-9-004-082-0179,L 209,L209,MAUI KAMAOLE,2777 S KIHEI RD UNIT L 209,99157956,,,,,,2026-07-15T19:41:40
239004082,0179,390040820179,2-3-9-004-082-0179,L 209,L209,MAUI KAMAOLE,2777 S KIHEI RD UNIT L 209,99160525,,,,,,2026-07-15T19:41:40
239004082,0179,390040820179,2-3-9-004-082-0179,L 209,L209,MAUI KAMAOLE,2777 S KIHEI RD UNIT L 209,99160526,,,,,,2026-07-15T19:41:40
239004082,0179,390040820179,2-3-9-004-082-0179,L 209,L209,MAUI KAMAOLE,2777 S KIHEI RD UNIT L 209,99160527,R,,,,,2026-07-15T19:41:40
239004082,0179,390040820179,2-3-9-004-082-0179,L 209,L209,MAUI KAMAOLE,2777 S KIHEI RD UNIT L 209,99160528,,,,,,2026-07-15T19:41:40
239004082,0179,390040820179,2-3-9-004-082-0179,L 209,L209,MAUI KAMAOLE,2777 S KIHEI RD UNIT L 209,99160529,,,,,,2026-07-15T19:41:40
239004082,0179,390040820179,2-3-9-004-082-0179,L 209,L209,MAUI KAMAOLE,2777 S KIHEI RD UNIT L 209,99171574,,,,,,2026-07-15T19:41:40
239004082,0179,390040820179,2-3-9-004-082-0179,L 209,L209,MAUI KAMAOLE,2777 S KIHEI RD UNIT L 209,2001022870,R,,,,,2026-07-15T19:41:40
239004082,0179,390040820179,2-3-9-004-082-0179,L 209,L209,MAUI KAMAOLE,2777 S KIHEI RD UNIT L 209,2001175635,,,,,,2026-07-15T19:41:40
239004082,0179,390040820179,2-3-9-004-082-0179,L 209,L209,MAUI KAMAOLE,2777 S KIHEI RD UNIT L 209,2002115538,,,,,,2026-07-15T19:41:40
239004082,0179,390040820179,2-3-9-004-082-0179,L 209,L209,MAUI KAMAOLE,2777 S KIHEI RD UNIT L 209,2002156632,,,,,,2026-07-15T19:41:40
239004082,0179,390040820179,2-3-9-004-082-0179,L 209,L209,MAUI KAMAOLE,2777 S KIHEI RD UNIT L 209,2004075771,M,,,,,2026-07-15T19:41:40
239004082,0180,390040820180,2-3-9-004-082-0180,L 210,L210,MAUI KAMAOLE,2777 S KIHEI RD UNIT L 210,71180182,,,,,,2026-07-15T19:41:40
239004082,0180,390040820180,2-3-9-004-082-0180,L 210,L210,MAUI KAMAOLE,2777 S KIHEI RD UNIT L 210,71180183,,,,,,2026-07-15T19:41:40
239004082,0180,390040820180,2-3-9-004-082-0180,L 210,L210,MAUI KAMAOLE,2777 S KIHEI RD UNIT L 210,98060784,M,,,,,2026-07-15T19:41:40
239004082,0180,390040820180,2-3-9-004-082-0180,L 210,L210,MAUI KAMAOLE,2777 S KIHEI RD UNIT L 210,98144746,,,,,,2026-07-15T19:41:40
239004082,0180,390040820180,2-3-9-004-082-0180,L 210,L210,MAUI KAMAOLE,2777 S KIHEI RD UNIT L 210,98144752,,,,,,2026-07-15T19:41:40
239004082,0180,390040820180,2-3-9-004-082-0180,L 210,L210,MAUI KAMAOLE,2777 S KIHEI RD UNIT L 210,98144754,,,,,,2026-07-15T19:41:40
239004082,0180,390040820180,2-3-9-004-082-0180,L 210,L210,MAUI KAMAOLE,2777 S KIHEI RD UNIT L 210,98156941,NL,,,,,2026-07-15T19:41:40
239004082,0180,390040820180,2-3-9-004-082-0180,L 210,L210,MAUI KAMAOLE,2777 S KIHEI RD UNIT L 210,99078549,,,,,,2026-07-15T19:41:40
239004082,0180,390040820180,2-3-9-004-082-0180,L 210,L210,MAUI KAMAOLE,2777 S KIHEI RD UNIT L 210,99078550,,,,,,2026-07-15T19:41:40
239004082,0180,390040820180,2-3-9-004-082-0180,L 210,L210,MAUI KAMAOLE,2777 S KIHEI RD UNIT L 210,99078551,M,,,,,2026-07-15T19:41:40
239004082,0180,390040820180,2-3-9-004-082-0180,L 210,L210,MAUI KAMAOLE,2777 S KIHEI RD UNIT L 210,99114764,NL,,,,,2026-07-15T19:41:40
239004082,0180,390040820180,2-3-9-004-082-0180,L 210,L210,MAUI KAMAOLE,2777 S KIHEI RD UNIT L 210,2000043938,M,,,,,2026-07-15T19:41:40
239004082,0180,390040820180,2-3-9-004-082-0180,L 210,L210,MAUI KAMAOLE,2777 S KIHEI RD UNIT L 210,2001022870,R,,,,,2026-07-15T19:41:40
239004082,0180,390040820180,2-3-9-004-082-0180,L 210,L210,MAUI KAMAOLE,2777 S KIHEI RD UNIT L 210,2001175635,,,,,,2026-07-15T19:41:40
239004082,0180,390040820180,2-3-9-004-082-0180,L 210,L210,MAUI KAMAOLE,2777 S KIHEI RD UNIT L 210,2004065357,M,,,,,2026-07-15T19:41:40
239004082,0180,390040820180,2-3-9-004-082-0180,L 210,L210,MAUI KAMAOLE,2777 S KIHEI RD UNIT L 210,2004065358,M,,,,,2026-07-15T19:41:40
239004082,0181,390040820181,2-3-9-004-082-0181,K 101,K101,MAUI KAMAOLE PHASE III,2777 S KIHEI RD UNIT K 101,61350602,,,,,,2026-07-15T19:41:40
239004082,0181,390040820181,2-3-9-004-082-0181,K 101,K101,MAUI KAMAOLE PHASE III,2777 S KIHEI RD UNIT K 101,73770049,,,,,,2026-07-15T19:41:40
239004082,0181,390040820181,2-3-9-004-082-0181,K 101,K101,MAUI KAMAOLE PHASE III,2777 S KIHEI RD UNIT K 101,73770050,M,,,,,2026-07-15T19:41:40
239004082,0181,390040820181,2-3-9-004-082-0181,K 101,K101,MAUI KAMAOLE PHASE III,2777 S KIHEI RD UNIT K 101,73770051,,,,,,2026-07-15T19:41:40
239004082,0181,390040820181,2-3-9-004-082-0181,K 101,K101,MAUI KAMAOLE PHASE III,2777 S KIHEI RD UNIT K 101,79010495,,,,,,2026-07-15T19:41:40
239004082,0181,390040820181,2-3-9-004-082-0181,K 101,K101,MAUI KAMAOLE PHASE III,2777 S KIHEI RD UNIT K 101,81530751,M,,,,,2026-07-15T19:41:40
239004082,0181,390040820181,2-3-9-004-082-0181,K 101,K101,MAUI KAMAOLE PHASE III,2777 S KIHEI RD UNIT K 101,84650542,M,,,,,2026-07-15T19:41:40
239004082,0181,390040820181,2-3-9-004-082-0181,K 101,K101,MAUI KAMAOLE PHASE III,2777 S KIHEI RD UNIT K 101,84650543,M,,,,,2026-07-15T19:41:40
239004082,0181,390040820181,2-3-9-004-082-0181,K 101,K101,MAUI KAMAOLE PHASE III,2777 S KIHEI RD UNIT K 101,89350336,,,,,,2026-07-15T19:41:40
239004082,0181,390040820181,2-3-9-004-082-0181,K 101,K101,MAUI KAMAOLE PHASE III,2777 S KIHEI RD UNIT K 101,99084963,NL,,,,,2026-07-15T19:41:40
239004082,0181,390040820181,2-3-9-004-082-0181,K 101,K101,MAUI KAMAOLE PHASE III,2777 S KIHEI RD UNIT K 101,99157955,,,,,,2026-07-15T19:41:40
239004082,0181,390040820181,2-3-9-004-082-0181,K 101,K101,MAUI KAMAOLE PHASE III,2777 S KIHEI RD UNIT K 101,99157956,,,,,,2026-07-15T19:41:40
239004082,0181,390040820181,2-3-9-004-082-0181,K 101,K101,MAUI KAMAOLE PHASE III,2777 S KIHEI RD UNIT K 101,99171574,,,,,,2026-07-15T19:41:40
239004082,0181,390040820181,2-3-9-004-082-0181,K 101,K101,MAUI KAMAOLE PHASE III,2777 S KIHEI RD UNIT K 101,99198421,NL,,,,,2026-07-15T19:41:40
239004082,0181,390040820181,2-3-9-004-082-0181,K 101,K101,MAUI KAMAOLE PHASE III,2777 S KIHEI RD UNIT K 101,2000042517,,,,,,2026-07-15T19:41:40
239004082,0181,390040820181,2-3-9-004-082-0181,K 101,K101,MAUI KAMAOLE PHASE III,2777 S KIHEI RD UNIT K 101,2000042518,,,,,,2026-07-15T19:41:40
239004082,0181,390040820181,2-3-9-004-082-0181,K 101,K101,MAUI KAMAOLE PHASE III,2777 S KIHEI RD UNIT K 101,2000076119,,,,,,2026-07-15T19:41:40
239004082,0181,390040820181,2-3-9-004-082-0181,K 101,K101,MAUI KAMAOLE PHASE III,2777 S KIHEI RD UNIT K 101,2000076120,,,,,,2026-07-15T19:41:40
239004082,0181,390040820181,2-3-9-004-082-0181,K 101,K101,MAUI KAMAOLE PHASE III,2777 S KIHEI RD UNIT K 101,2000076121,,,,,,2026-07-15T19:41:40
239004082,0181,390040820181,2-3-9-004-082-0181,K 101,K101,MAUI KAMAOLE PHASE III,2777 S KIHEI RD UNIT K 101,2000076122,R,,,,,2026-07-15T19:41:40
239004082,0181,390040820181,2-3-9-004-082-0181,K 101,K101,MAUI KAMAOLE PHASE III,2777 S KIHEI RD UNIT K 101,2002154340,,,,,,2026-07-15T19:41:40
239004082,0181,390040820181,2-3-9-004-082-0181,K 101,K101,MAUI KAMAOLE PHASE III,2777 S KIHEI RD UNIT K 101,2002154341,R,,,,,2026-07-15T19:41:40
239004082,0181,390040820181,2-3-9-004-082-0181,K 101,K101,MAUI KAMAOLE PHASE III,2777 S KIHEI RD UNIT K 101,2002178794,M,,,,,2026-07-15T19:41:40
239004082,0181,390040820181,2-3-9-004-082-0181,K 101,K101,MAUI KAMAOLE PHASE III,2777 S KIHEI RD UNIT K 101,2004041845,R,,,,,2026-07-15T19:41:40
239004082,0181,390040820181,2-3-9-004-082-0181,K 101,K101,MAUI KAMAOLE PHASE III,2777 S KIHEI RD UNIT K 101,2004103413,M,,,,,2026-07-15T19:41:40
239004082,0181,390040820181,2-3-9-004-082-0181,K 101,K101,MAUI KAMAOLE PHASE III,2777 S KIHEI RD UNIT K 101,2005174204,M,,,,,2026-07-15T19:41:40
239004082,0181,390040820181,2-3-9-004-082-0181,K 101,K101,MAUI KAMAOLE PHASE III,2777 S KIHEI RD UNIT K 101,2005204796,M,,,,,2026-07-15T19:41:40
239004082,0181,390040820181,2-3-9-004-082-0181,K 101,K101,MAUI KAMAOLE PHASE III,2777 S KIHEI RD UNIT K 101,2010118903,M,,,,,2026-07-15T19:41:40
239004082,0181,390040820181,2-3-9-004-082-0181,K 101,K101,MAUI KAMAOLE PHASE III,2777 S KIHEI RD UNIT K 101,9378000511,M,,,,,2026-07-15T19:41:40
239004082,0182,390040820182,2-3-9-004-082-0182,K 102,K102,MAUI KAMAOLE PHASE III,2777 S KIHEI RD UNIT K 102,99084963,NL,,,,,2026-07-15T19:41:40
239004082,0182,390040820182,2-3-9-004-082-0182,K 102,K102,MAUI KAMAOLE PHASE III,2777 S KIHEI RD UNIT K 102,99157955,,,,,,2026-07-15T19:41:40
239004082,0182,390040820182,2-3-9-004-082-0182,K 102,K102,MAUI KAMAOLE PHASE III,2777 S KIHEI RD UNIT K 102,99157956,,,,,,2026-07-15T19:41:40
239004082,0182,390040820182,2-3-9-004-082-0182,K 102,K102,MAUI KAMAOLE PHASE III,2777 S KIHEI RD UNIT K 102,99171574,,,,,,2026-07-15T19:41:40
239004082,0182,390040820182,2-3-9-004-082-0182,K 102,K102,MAUI KAMAOLE PHASE III,2777 S KIHEI RD UNIT K 102,99198421,NL,,,,,2026-07-15T19:41:40
239004082,0182,390040820182,2-3-9-004-082-0182,K 102,K102,MAUI KAMAOLE PHASE III,2777 S KIHEI RD UNIT K 102,2000039131,,,,,,2026-07-15T19:41:40
239004082,0182,390040820182,2-3-9-004-082-0182,K 102,K102,MAUI KAMAOLE PHASE III,2777 S KIHEI RD UNIT K 102,2000039132,,,,,,2026-07-15T19:41:40
239004082,0182,390040820182,2-3-9-004-082-0182,K 102,K102,MAUI KAMAOLE PHASE III,2777 S KIHEI RD UNIT K 102,2000039133,,,,,,2026-07-15T19:41:40
239004082,0182,390040820182,2-3-9-004-082-0182,K 102,K102,MAUI KAMAOLE PHASE III,2777 S KIHEI RD UNIT K 102,2000039134,R,,,,,2026-07-15T19:41:40
239004082,0182,390040820182,2-3-9-004-082-0182,K 102,K102,MAUI KAMAOLE PHASE III,2777 S KIHEI RD UNIT K 102,2000040860,,,,,,2026-07-15T19:41:40
239004082,0182,390040820182,2-3-9-004-082-0182,K 102,K102,MAUI KAMAOLE PHASE III,2777 S KIHEI RD UNIT K 102,2003101331,M,,,,,2026-07-15T19:41:40
239004082,0182,390040820182,2-3-9-004-082-0182,K 102,K102,MAUI KAMAOLE PHASE III,2777 S KIHEI RD UNIT K 102,9648000143,,,,,,2026-07-15T19:41:40
239004082,0183,390040820183,2-3-9-004-082-0183,K 103,K103,MAUI KAMAOLE PHASE III,2777 S KIHEI RD UNIT K 103,57730003,,,,,,2026-07-15T19:41:40
239004082,0183,390040820183,2-3-9-004-082-0183,K 103,K103,MAUI KAMAOLE PHASE III,2777 S KIHEI RD UNIT K 103,57840718,M,,,,,2026-07-15T19:41:40
239004082,0183,390040820183,2-3-9-004-082-0183,K 103,K103,MAUI KAMAOLE PHASE III,2777 S KIHEI RD UNIT K 103,99084963,NL,,,,,2026-07-15T19:41:40
239004082,0183,390040820183,2-3-9-004-082-0183,K 103,K103,MAUI KAMAOLE PHASE III,2777 S KIHEI RD UNIT K 103,99157955,,,,,,2026-07-15T19:41:40
239004082,0183,390040820183,2-3-9-004-082-0183,K 103,K103,MAUI KAMAOLE PHASE III,2777 S KIHEI RD UNIT K 103,99157956,,,,,,2026-07-15T19:41:40
239004082,0183,390040820183,2-3-9-004-082-0183,K 103,K103,MAUI KAMAOLE PHASE III,2777 S KIHEI RD UNIT K 103,99171574,,,,,,2026-07-15T19:41:40
239004082,0183,390040820183,2-3-9-004-082-0183,K 103,K103,MAUI KAMAOLE PHASE III,2777 S KIHEI RD UNIT K 103,99198421,NL,,,,,2026-07-15T19:41:40
239004082,0183,390040820183,2-3-9-004-082-0183,K 103,K103,MAUI KAMAOLE PHASE III,2777 S KIHEI RD UNIT K 103,2000042517,,,,,,2026-07-15T19:41:40
239004082,0183,390040820183,2-3-9-004-082-0183,K 103,K103,MAUI KAMAOLE PHASE III,2777 S KIHEI RD UNIT K 103,2000042518,,,,,,2026-07-15T19:41:40
239004082,0183,390040820183,2-3-9-004-082-0183,K 103,K103,MAUI KAMAOLE PHASE III,2777 S KIHEI RD UNIT K 103,2000054733,,,,,,2026-07-15T19:41:40
239004082,0183,390040820183,2-3-9-004-082-0183,K 103,K103,MAUI KAMAOLE PHASE III,2777 S KIHEI RD UNIT K 103,2000054734,,,,,,2026-07-15T19:41:40
239004082,0183,390040820183,2-3-9-004-082-0183,K 103,K103,MAUI KAMAOLE PHASE III,2777 S KIHEI RD UNIT K 103,2000054735,,,,,,2026-07-15T19:41:40
239004082,0183,390040820183,2-3-9-004-082-0183,K 103,K103,MAUI KAMAOLE PHASE III,2777 S KIHEI RD UNIT K 103,2000054736,R,,,,,2026-07-15T19:41:40
239004082,0183,390040820183,2-3-9-004-082-0183,K 103,K103,MAUI KAMAOLE PHASE III,2777 S KIHEI RD UNIT K 103,2003027863,,,,,,2026-07-15T19:41:40
239004082,0183,390040820183,2-3-9-004-082-0183,K 103,K103,MAUI KAMAOLE PHASE III,2777 S KIHEI RD UNIT K 103,2003027864,R,,,,,2026-07-15T19:41:40
239004082,0183,390040820183,2-3-9-004-082-0183,K 103,K103,MAUI KAMAOLE PHASE III,2777 S KIHEI RD UNIT K 103,2003069276,M,,,,,2026-07-15T19:41:40
239004082,0183,390040820183,2-3-9-004-082-0183,K 103,K103,MAUI KAMAOLE PHASE III,2777 S KIHEI RD UNIT K 103,2005112445,,,,,,2026-07-15T19:41:40
239004082,0183,390040820183,2-3-9-004-082-0183,K 103,K103,MAUI KAMAOLE PHASE III,2777 S KIHEI RD UNIT K 103,2005112446,R,,,,,2026-07-15T19:41:40
239004082,0183,390040820183,2-3-9-004-082-0183,K 103,K103,MAUI KAMAOLE PHASE III,2777 S KIHEI RD UNIT K 103,2005149203,M,,,,,2026-07-15T19:41:40
239004082,0183,390040820183,2-3-9-004-082-0183,K 103,K103,MAUI KAMAOLE PHASE III,2777 S KIHEI RD UNIT K 103,9292000965,R,,,,,2026-07-15T19:41:40
239004082,0184,390040820184,2-3-9-004-082-0184,K 104,K104,MAUI KAMAOLE PHASE III,2777 S KIHEI RD UNIT K 104,49320208,R,,,,,2026-07-15T19:41:40
239004082,0184,390040820184,2-3-9-004-082-0184,K 104,K104,MAUI KAMAOLE PHASE III,2777 S KIHEI RD UNIT K 104,55210360,R,,,,,2026-07-15T19:41:40
239004082,0184,390040820184,2-3-9-004-082-0184,K 104,K104,MAUI KAMAOLE PHASE III,2777 S KIHEI RD UNIT K 104,88710110,M,,,,,2026-07-15T19:41:40
239004082,0184,390040820184,2-3-9-004-082-0184,K 104,K104,MAUI KAMAOLE PHASE III,2777 S KIHEI RD UNIT K 104,88710111,,,,,,2026-07-15T19:41:40
239004082,0184,390040820184,2-3-9-004-082-0184,K 104,K104,MAUI KAMAOLE PHASE III,2777 S KIHEI RD UNIT K 104,99084963,NL,,,,,2026-07-15T19:41:40
239004082,0184,390040820184,2-3-9-004-082-0184,K 104,K104,MAUI KAMAOLE PHASE III,2777 S KIHEI RD UNIT K 104,99157955,,,,,,2026-07-15T19:41:40
239004082,0184,390040820184,2-3-9-004-082-0184,K 104,K104,MAUI KAMAOLE PHASE III,2777 S KIHEI RD UNIT K 104,99157956,,,,,,2026-07-15T19:41:40
239004082,0184,390040820184,2-3-9-004-082-0184,K 104,K104,MAUI KAMAOLE PHASE III,2777 S KIHEI RD UNIT K 104,99171574,,,,,,2026-07-15T19:41:40
239004082,0184,390040820184,2-3-9-004-082-0184,K 104,K104,MAUI KAMAOLE PHASE III,2777 S KIHEI RD UNIT K 104,99198421,NL,,,,,2026-07-15T19:41:40
239004082,0184,390040820184,2-3-9-004-082-0184,K 104,K104,MAUI KAMAOLE PHASE III,2777 S KIHEI RD UNIT K 104,99198589,,,,,,2026-07-15T19:41:40
239004082,0184,390040820184,2-3-9-004-082-0184,K 104,K104,MAUI KAMAOLE PHASE III,2777 S KIHEI RD UNIT K 104,99198590,,,,,,2026-07-15T19:41:40
239004082,0184,390040820184,2-3-9-004-082-0184,K 104,K104,MAUI KAMAOLE PHASE III,2777 S KIHEI RD UNIT K 104,99198591,,,,,,2026-07-15T19:41:40
239004082,0184,390040820184,2-3-9-004-082-0184,K 104,K104,MAUI KAMAOLE PHASE III,2777 S KIHEI RD UNIT K 104,99198592,,,,,,2026-07-15T19:41:40
239004082,0184,390040820184,2-3-9-004-082-0184,K 104,K104,MAUI KAMAOLE PHASE III,2777 S KIHEI RD UNIT K 104,2002035357,,,,,,2026-07-15T19:41:40
239004082,0185,390040820185,2-3-9-004-082-0185,K 105,K105,MAUI KAMAOLE PHASE III,2777 S KIHEI RD UNIT K 105,99084963,NL,,,,,2026-07-15T19:41:40
239004082,0185,390040820185,2-3-9-004-082-0185,K 105,K105,MAUI KAMAOLE PHASE III,2777 S KIHEI RD UNIT K 105,99157955,,,,,,2026-07-15T19:41:40
239004082,0185,390040820185,2-3-9-004-082-0185,K 105,K105,MAUI KAMAOLE PHASE III,2777 S KIHEI RD UNIT K 105,99157956,,,,,,2026-07-15T19:41:40
239004082,0185,390040820185,2-3-9-004-082-0185,K 105,K105,MAUI KAMAOLE PHASE III,2777 S KIHEI RD UNIT K 105,99171574,,,,,,2026-07-15T19:41:40
239004082,0185,390040820185,2-3-9-004-082-0185,K 105,K105,MAUI KAMAOLE PHASE III,2777 S KIHEI RD UNIT K 105,99198421,NL,,,,,2026-07-15T19:41:40
239004082,0185,390040820185,2-3-9-004-082-0185,K 105,K105,MAUI KAMAOLE PHASE III,2777 S KIHEI RD UNIT K 105,99200452,,,,,,2026-07-15T19:41:40
239004082,0185,390040820185,2-3-9-004-082-0185,K 105,K105,MAUI KAMAOLE PHASE III,2777 S KIHEI RD UNIT K 105,99200453,,,,,,2026-07-15T19:41:40
239004082,0185,390040820185,2-3-9-004-082-0185,K 105,K105,MAUI KAMAOLE PHASE III,2777 S KIHEI RD UNIT K 105,99200454,,,,,,2026-07-15T19:41:40
239004082,0185,390040820185,2-3-9-004-082-0185,K 105,K105,MAUI KAMAOLE PHASE III,2777 S KIHEI RD UNIT K 105,99200455,,,,,,2026-07-15T19:41:40
239004082,0185,390040820185,2-3-9-004-082-0185,K 105,K105,MAUI KAMAOLE PHASE III,2777 S KIHEI RD UNIT K 105,2001076499,,,,,,2026-07-15T19:41:40
239004082,0185,390040820185,2-3-9-004-082-0185,K 105,K105,MAUI KAMAOLE PHASE III,2777 S KIHEI RD UNIT K 105,2003031247,,,,,,2026-07-15T19:41:40
239004082,0186,390040820186,2-3-9-004-082-0186,K 106,K106,MAUI KAMAOLE PHASE III,2777 S KIHEI RD UNIT K 106,Certificate,,,,,,2026-07-15T19:41:40
239004082,0187,390040820187,2-3-9-004-082-0187,K 107,K107,MAUI KAMAOLE PHASE III,2777 S KIHEI RD UNIT K 107,99084963,NL,,,,,2026-07-15T19:41:40
239004082,0187,390040820187,2-3-9-004-082-0187,K 107,K107,MAUI KAMAOLE PHASE III,2777 S KIHEI RD UNIT K 107,99157955,,,,,,2026-07-15T19:41:40
239004082,0187,390040820187,2-3-9-004-082-0187,K 107,K107,MAUI KAMAOLE PHASE III,2777 S KIHEI RD UNIT K 107,99157956,,,,,,2026-07-15T19:41:40
239004082,0187,390040820187,2-3-9-004-082-0187,K 107,K107,MAUI KAMAOLE PHASE III,2777 S KIHEI RD UNIT K 107,99171574,,,,,,2026-07-15T19:41:40
239004082,0187,390040820187,2-3-9-004-082-0187,K 107,K107,MAUI KAMAOLE PHASE III,2777 S KIHEI RD UNIT K 107,99197906,,,,,,2026-07-15T19:41:40
239004082,0187,390040820187,2-3-9-004-082-0187,K 107,K107,MAUI KAMAOLE PHASE III,2777 S KIHEI RD UNIT K 107,99197907,,,,,,2026-07-15T19:41:40
239004082,0187,390040820187,2-3-9-004-082-0187,K 107,K107,MAUI KAMAOLE PHASE III,2777 S KIHEI RD UNIT K 107,99197908,,,,,,2026-07-15T19:41:40
239004082,0187,390040820187,2-3-9-004-082-0187,K 107,K107,MAUI KAMAOLE PHASE III,2777 S KIHEI RD UNIT K 107,99198421,NL,,,,,2026-07-15T19:41:40
239004082,0187,390040820187,2-3-9-004-082-0187,K 107,K107,MAUI KAMAOLE PHASE III,2777 S KIHEI RD UNIT K 107,99200574,,,,,,2026-07-15T19:41:40
239004082,0187,390040820187,2-3-9-004-082-0187,K 107,K107,MAUI KAMAOLE PHASE III,2777 S KIHEI RD UNIT K 107,2001193917,M,,,,,2026-07-15T19:41:40
239004082,0187,390040820187,2-3-9-004-082-0187,K 107,K107,MAUI KAMAOLE PHASE III,2777 S KIHEI RD UNIT K 107,2002138223,,,,,,2026-07-15T19:41:40
239004082,0187,390040820187,2-3-9-004-082-0187,K 107,K107,MAUI KAMAOLE PHASE III,2777 S KIHEI RD UNIT K 107,9637000609,M,,,,,2026-07-15T19:41:40
239004082,0187,390040820187,2-3-9-004-082-0187,K 107,K107,MAUI KAMAOLE PHASE III,2777 S KIHEI RD UNIT K 107,9637000610,,,,,,2026-07-15T19:41:40
239004082,0188,390040820188,2-3-9-004-082-0188,K 108,K108,MAUI KAMAOLE PHASE III,2777 S KIHEI RD UNIT K 108,59810921,M,,,,,2026-07-15T19:41:40
239004082,0188,390040820188,2-3-9-004-082-0188,K 108,K108,MAUI KAMAOLE PHASE III,2777 S KIHEI RD UNIT K 108,59950084,R,,,,,2026-07-15T19:41:40
239004082,0188,390040820188,2-3-9-004-082-0188,K 108,K108,MAUI KAMAOLE PHASE III,2777 S KIHEI RD UNIT K 108,81220802,M,,,,,2026-07-15T19:41:40
239004082,0188,390040820188,2-3-9-004-082-0188,K 108,K108,MAUI KAMAOLE PHASE III,2777 S KIHEI RD UNIT K 108,81221024,M,,,,,2026-07-15T19:41:40
239004082,0188,390040820188,2-3-9-004-082-0188,K 108,K108,MAUI KAMAOLE PHASE III,2777 S KIHEI RD UNIT K 108,81430766,M,,,,,2026-07-15T19:41:40
239004082,0188,390040820188,2-3-9-004-082-0188,K 108,K108,MAUI KAMAOLE PHASE III,2777 S KIHEI RD UNIT K 108,85810015,,,,,,2026-07-15T19:41:40
239004082,0188,390040820188,2-3-9-004-082-0188,K 108,K108,MAUI KAMAOLE PHASE III,2777 S KIHEI RD UNIT K 108,85920614,M,,,,,2026-07-15T19:41:40
239004082,0188,390040820188,2-3-9-004-082-0188,K 108,K108,MAUI KAMAOLE PHASE III,2777 S KIHEI RD UNIT K 108,99084963,NL,,,,,2026-07-15T19:41:40
239004082,0188,390040820188,2-3-9-004-082-0188,K 108,K108,MAUI KAMAOLE PHASE III,2777 S KIHEI RD UNIT K 108,99157955,,,,,,2026-07-15T19:41:40
239004082,0188,390040820188,2-3-9-004-082-0188,K 108,K108,MAUI KAMAOLE PHASE III,2777 S KIHEI RD UNIT K 108,99157956,,,,,,2026-07-15T19:41:40
239004082,0188,390040820188,2-3-9-004-082-0188,K 108,K108,MAUI KAMAOLE PHASE III,2777 S KIHEI RD UNIT K 108,99171574,,,,,,2026-07-15T19:41:40
239004082,0188,390040820188,2-3-9-004-082-0188,K 108,K108,MAUI KAMAOLE PHASE III,2777 S KIHEI RD UNIT K 108,99198421,NL,,,,,2026-07-15T19:41:40
239004082,0188,390040820188,2-3-9-004-082-0188,K 108,K108,MAUI KAMAOLE PHASE III,2777 S KIHEI RD UNIT K 108,2000010585,,,,,,2026-07-15T19:41:40
239004082,0188,390040820188,2-3-9-004-082-0188,K 108,K108,MAUI KAMAOLE PHASE III,2777 S KIHEI RD UNIT K 108,2000010586,,,,,,2026-07-15T19:41:40
239004082,0188,390040820188,2-3-9-004-082-0188,K 108,K108,MAUI KAMAOLE PHASE III,2777 S KIHEI RD UNIT K 108,2000010587,,,,,,2026-07-15T19:41:40
239004082,0188,390040820188,2-3-9-004-082-0188,K 108,K108,MAUI KAMAOLE PHASE III,2777 S KIHEI RD UNIT K 108,2000010588,R,,,,,2026-07-15T19:41:40
239004082,0188,390040820188,2-3-9-004-082-0188,K 108,K108,MAUI KAMAOLE PHASE III,2777 S KIHEI RD UNIT K 108,2003012891,R,,,,,2026-07-15T19:41:40
239004082,0188,390040820188,2-3-9-004-082-0188,K 108,K108,MAUI KAMAOLE PHASE III,2777 S KIHEI RD UNIT K 108,2003149035,,,,,,2026-07-15T19:41:40
239004082,0188,390040820188,2-3-9-004-082-0188,K 108,K108,MAUI KAMAOLE PHASE III,2777 S KIHEI RD UNIT K 108,2003149036,R,,,,,2026-07-15T19:41:40
239004082,0188,390040820188,2-3-9-004-082-0188,K 108,K108,MAUI KAMAOLE PHASE III,2777 S KIHEI RD UNIT K 108,2003212362,M,,,,,2026-07-15T19:41:40
239004082,0188,390040820188,2-3-9-004-082-0188,K 108,K108,MAUI KAMAOLE PHASE III,2777 S KIHEI RD UNIT K 108,2004055027,M,,,,,2026-07-15T19:41:40
239004082,0188,390040820188,2-3-9-004-082-0188,K 108,K108,MAUI KAMAOLE PHASE III,2777 S KIHEI RD UNIT K 108,2005116467,R,,,,,2026-07-15T19:41:40
239004082,0188,390040820188,2-3-9-004-082-0188,K 108,K108,MAUI KAMAOLE PHASE III,2777 S KIHEI RD UNIT K 108,2005154286,M,,,,,2026-07-15T19:41:40
239004082,0188,390040820188,2-3-9-004-082-0188,K 108,K108,MAUI KAMAOLE PHASE III,2777 S KIHEI RD UNIT K 108,2006169415,,,,,,2026-07-15T19:41:40
239004082,0188,390040820188,2-3-9-004-082-0188,K 108,K108,MAUI KAMAOLE PHASE III,2777 S KIHEI RD UNIT K 108,2006169416,R,,,,,2026-07-15T19:41:40
239004082,0188,390040820188,2-3-9-004-082-0188,K 108,K108,MAUI KAMAOLE PHASE III,2777 S KIHEI RD UNIT K 108,2006207359,M,,,,,2026-07-15T19:41:40
239004082,0189,390040820189,2-3-9-004-082-0189,K 109,K109,MAUI KAMAOLE PHASE III,2777 S KIHEI RD UNIT K 109,47570729,M,,,,,2026-07-15T19:41:40
239004082,0189,390040820189,2-3-9-004-082-0189,K 109,K109,MAUI KAMAOLE PHASE III,2777 S KIHEI RD UNIT K 109,57000234,R,,,,,2026-07-15T19:41:40
239004082,0189,390040820189,2-3-9-004-082-0189,K 109,K109,MAUI KAMAOLE PHASE III,2777 S KIHEI RD UNIT K 109,57360550,M,,,,,2026-07-15T19:41:40
239004082,0189,390040820189,2-3-9-004-082-0189,K 109,K109,MAUI KAMAOLE PHASE III,2777 S KIHEI RD UNIT K 109,99084963,NL,,,,,2026-07-15T19:41:40
239004082,0189,390040820189,2-3-9-004-082-0189,K 109,K109,MAUI KAMAOLE PHASE III,2777 S KIHEI RD UNIT K 109,99157955,,,,,,2026-07-15T19:41:40
239004082,0189,390040820189,2-3-9-004-082-0189,K 109,K109,MAUI KAMAOLE PHASE III,2777 S KIHEI RD UNIT K 109,99157956,,,,,,2026-07-15T19:41:40
239004082,0189,390040820189,2-3-9-004-082-0189,K 109,K109,MAUI KAMAOLE PHASE III,2777 S KIHEI RD UNIT K 109,99171574,,,,,,2026-07-15T19:41:40
239004082,0189,390040820189,2-3-9-004-082-0189,K 109,K109,MAUI KAMAOLE PHASE III,2777 S KIHEI RD UNIT K 109,99198421,NL,,,,,2026-07-15T19:41:40
239004082,0189,390040820189,2-3-9-004-082-0189,K 109,K109,MAUI KAMAOLE PHASE III,2777 S KIHEI RD UNIT K 109,2000000544,,,,,,2026-07-15T19:41:40
239004082,0189,390040820189,2-3-9-004-082-0189,K 109,K109,MAUI KAMAOLE PHASE III,2777 S KIHEI RD UNIT K 109,2000000545,,,,,,2026-07-15T19:41:40
239004082,0189,390040820189,2-3-9-004-082-0189,K 109,K109,MAUI KAMAOLE PHASE III,2777 S KIHEI RD UNIT K 109,2000000546,,,,,,2026-07-15T19:41:40
239004082,0189,390040820189,2-3-9-004-082-0189,K 109,K109,MAUI KAMAOLE PHASE III,2777 S KIHEI RD UNIT K 109,2007098632,R,,,,,2026-07-15T19:41:40
239004082,0189,390040820189,2-3-9-004-082-0189,K 109,K109,MAUI KAMAOLE PHASE III,2777 S KIHEI RD UNIT K 109,2007098633,R,,,,,2026-07-15T19:41:40
239004082,0189,390040820189,2-3-9-004-082-0189,K 109,K109,MAUI KAMAOLE PHASE III,2777 S KIHEI RD UNIT K 109,9292000964,R,,,,,2026-07-15T19:41:40
239004082,0189,390040820189,2-3-9-004-082-0189,K 109,K109,MAUI KAMAOLE PHASE III,2777 S KIHEI RD UNIT K 109,9617000348,M,,,,,2026-07-15T19:41:40
239004082,0190,390040820190,2-3-9-004-082-0190,K 110,K110,MAUI KAMAOLE PHASE III,2777 S KIHEI RD UNIT K 110,Grantee(s),,,,,,2026-07-15T19:41:40
239004082,0190,390040820190,2-3-9-004-082-0190,K 110,K110,MAUI KAMAOLE PHASE III,2777 S KIHEI RD UNIT K 110,99084963,NL,,,,,2026-07-15T19:41:40
239004082,0190,390040820190,2-3-9-004-082-0190,K 110,K110,MAUI KAMAOLE PHASE III,2777 S KIHEI RD UNIT K 110,CANADIAN IMPERIAL BANK COMMERCE,,,,,,2026-07-15T19:41:40
239004082,0190,390040820190,2-3-9-004-082-0190,K 110,K110,MAUI KAMAOLE PHASE III,2777 S KIHEI RD UNIT K 110,SPURAWAY HOLDINGS LTD,,,,,,2026-07-15T19:41:40
239004082,0190,390040820190,2-3-9-004-082-0190,K 110,K110,MAUI KAMAOLE PHASE III,2777 S KIHEI RD UNIT K 110,CANADIAN IMPERIAL BANK OF COMMER,,,,,,2026-07-15T19:41:40
239004082,0190,390040820190,2-3-9-004-082-0190,K 110,K110,MAUI KAMAOLE PHASE III,2777 S KIHEI RD UNIT K 110,"MAUI KAMAOLE ENTERS
MAUI KAMAOLE ENTERS",,,,,,2026-07-15T19:41:40
239004082,0190,390040820190,2-3-9-004-082-0190,K 110,K110,MAUI KAMAOLE PHASE III,2777 S KIHEI RD UNIT K 110,MAUI KAMAOLE ENTERS,,,,,,2026-07-15T19:41:40
239004082,0190,390040820190,2-3-9-004-082-0190,K 110,K110,MAUI KAMAOLE PHASE III,2777 S KIHEI RD UNIT K 110,"NICELY, LYNANN",,,,,,2026-07-15T19:41:40
239004082,0190,390040820190,2-3-9-004-082-0190,K 110,K110,MAUI KAMAOLE PHASE III,2777 S KIHEI RD UNIT K 110,BANK OF HAWAII,,,,,,2026-07-15T19:41:40
239004082,0190,390040820190,2-3-9-004-082-0190,K 110,K110,MAUI KAMAOLE PHASE III,2777 S KIHEI RD UNIT K 110,99198421,NL,,,,,2026-07-15T19:41:40
239004082,0190,390040820190,2-3-9-004-082-0190,K 110,K110,MAUI KAMAOLE PHASE III,2777 S KIHEI RD UNIT K 110,"LAU, GUSTAVO
LING, YANG
YANG, LING",,,,,,2026-07-15T19:41:40
239004082,0190,390040820190,2-3-9-004-082-0190,K 110,K110,MAUI KAMAOLE PHASE III,2777 S KIHEI RD UNIT K 110,BANK OF HAWAII,,,,,,2026-07-15T19:41:40
239004082,0190,390040820190,2-3-9-004-082-0190,K 110,K110,MAUI KAMAOLE PHASE III,2777 S KIHEI RD UNIT K 110,"NICELY, LYNANN",,,,,,2026-07-15T19:41:40
239004082,0190,390040820190,2-3-9-004-082-0190,K 110,K110,MAUI KAMAOLE PHASE III,2777 S KIHEI RD UNIT K 110,E-LOAN INC,,,,,,2026-07-15T19:41:40
239004082,0190,390040820190,2-3-9-004-082-0190,K 110,K110,MAUI KAMAOLE PHASE III,2777 S KIHEI RD UNIT K 110,"LAU, GUSTAVO
YANG, LING",,,,,,2026-07-15T19:41:40
239004082,0190,390040820190,2-3-9-004-082-0190,K 110,K110,MAUI KAMAOLE PHASE III,2777 S KIHEI RD UNIT K 110,WELLS FARGO HOME MTG INC,,,,,,2026-07-15T19:41:40
239004082,0190,390040820190,2-3-9-004-082-0190,K 110,K110,MAUI KAMAOLE PHASE III,2777 S KIHEI RD UNIT K 110,2003241397,,,,,,2026-07-15T19:41:40
239004082,0190,390040820190,2-3-9-004-082-0190,K 110,K110,MAUI KAMAOLE PHASE III,2777 S KIHEI RD UNIT K 110,"LAU, GUSTAVO
YANG, LING",,,,,,2026-07-15T19:41:40
239004082,0190,390040820190,2-3-9-004-082-0190,K 110,K110,MAUI KAMAOLE PHASE III,2777 S KIHEI RD UNIT K 110,"MAUI, KAMAOLE",,,,,,2026-07-15T19:41:40
239004082,0191,390040820191,2-3-9-004-082-0191,K 201,K201,MAUI KAMAOLE PHASE III,2777 S KIHEI RD UNIT K 201,49030119,R,,,,,2026-07-15T19:41:40
239004082,0191,390040820191,2-3-9-004-082-0191,K 201,K201,MAUI KAMAOLE PHASE III,2777 S KIHEI RD UNIT K 201,49310577,M,,,,,2026-07-15T19:41:40
239004082,0191,390040820191,2-3-9-004-082-0191,K 201,K201,MAUI KAMAOLE PHASE III,2777 S KIHEI RD UNIT K 201,77260792,M,,,,,2026-07-15T19:41:40
239004082,0191,390040820191,2-3-9-004-082-0191,K 201,K201,MAUI KAMAOLE PHASE III,2777 S KIHEI RD UNIT K 201,78640540,M,,,,,2026-07-15T19:41:40
239004082,0191,390040820191,2-3-9-004-082-0191,K 201,K201,MAUI KAMAOLE PHASE III,2777 S KIHEI RD UNIT K 201,78640541,M,,,,,2026-07-15T19:41:40
239004082,0191,390040820191,2-3-9-004-082-0191,K 201,K201,MAUI KAMAOLE PHASE III,2777 S KIHEI RD UNIT K 201,78670866,M,,,,,2026-07-15T19:41:40
239004082,0191,390040820191,2-3-9-004-082-0191,K 201,K201,MAUI KAMAOLE PHASE III,2777 S KIHEI RD UNIT K 201,99084963,NL,,,,,2026-07-15T19:41:40
239004082,0191,390040820191,2-3-9-004-082-0191,K 201,K201,MAUI KAMAOLE PHASE III,2777 S KIHEI RD UNIT K 201,99157955,,,,,,2026-07-15T19:41:40
239004082,0191,390040820191,2-3-9-004-082-0191,K 201,K201,MAUI KAMAOLE PHASE III,2777 S KIHEI RD UNIT K 201,99157956,,,,,,2026-07-15T19:41:40
239004082,0191,390040820191,2-3-9-004-082-0191,K 201,K201,MAUI KAMAOLE PHASE III,2777 S KIHEI RD UNIT K 201,99171574,,,,,,2026-07-15T19:41:40
239004082,0191,390040820191,2-3-9-004-082-0191,K 201,K201,MAUI KAMAOLE PHASE III,2777 S KIHEI RD UNIT K 201,99198421,NL,,,,,2026-07-15T19:41:40
239004082,0191,390040820191,2-3-9-004-082-0191,K 201,K201,MAUI KAMAOLE PHASE III,2777 S KIHEI RD UNIT K 201,2000021067,,,,,,2026-07-15T19:41:40
239004082,0191,390040820191,2-3-9-004-082-0191,K 201,K201,MAUI KAMAOLE PHASE III,2777 S KIHEI RD UNIT K 201,2000021068,,,,,,2026-07-15T19:41:40
239004082,0191,390040820191,2-3-9-004-082-0191,K 201,K201,MAUI KAMAOLE PHASE III,2777 S KIHEI RD UNIT K 201,2000022529,,,,,,2026-07-15T19:41:40
239004082,0191,390040820191,2-3-9-004-082-0191,K 201,K201,MAUI KAMAOLE PHASE III,2777 S KIHEI RD UNIT K 201,2004152961,,,,,,2026-07-15T19:41:40
239004082,0191,390040820191,2-3-9-004-082-0191,K 201,K201,MAUI KAMAOLE PHASE III,2777 S KIHEI RD UNIT K 201,2007089876,M,,,,,2026-07-15T19:41:40
239004082,0191,390040820191,2-3-9-004-082-0191,K 201,K201,MAUI KAMAOLE PHASE III,2777 S KIHEI RD UNIT K 201,2007089877,M,,,,,2026-07-15T19:41:40
239004082,0191,390040820191,2-3-9-004-082-0191,K 201,K201,MAUI KAMAOLE PHASE III,2777 S KIHEI RD UNIT K 201,2008044662,M,,,,,2026-07-15T19:41:40
239004082,0191,390040820191,2-3-9-004-082-0191,K 201,K201,MAUI KAMAOLE PHASE III,2777 S KIHEI RD UNIT K 201,2008047308,M,,,,,2026-07-15T19:41:40
239004082,0191,390040820191,2-3-9-004-082-0191,K 201,K201,MAUI KAMAOLE PHASE III,2777 S KIHEI RD UNIT K 201,2008050498,M,,,,,2026-07-15T19:41:40
239004082,0191,390040820191,2-3-9-004-082-0191,K 201,K201,MAUI KAMAOLE PHASE III,2777 S KIHEI RD UNIT K 201,2011020917,M,,,,,2026-07-15T19:41:40
239004082,0191,390040820191,2-3-9-004-082-0191,K 201,K201,MAUI KAMAOLE PHASE III,2777 S KIHEI RD UNIT K 201,2011038846,M,,,,,2026-07-15T19:41:40
239004082,0192,390040820192,2-3-9-004-082-0192,K 202,K202,MAUI KAMAOLE PHASE III,2777 S KIHEI RD UNIT K 202,49610320,M,,,,,2026-07-15T19:41:40
239004082,0192,390040820192,2-3-9-004-082-0192,K 202,K202,MAUI KAMAOLE PHASE III,2777 S KIHEI RD UNIT K 202,49610321,M,,,,,2026-07-15T19:41:40
239004082,0192,390040820192,2-3-9-004-082-0192,K 202,K202,MAUI KAMAOLE PHASE III,2777 S KIHEI RD UNIT K 202,50221055,M,,,,,2026-07-15T19:41:40
239004082,0192,390040820192,2-3-9-004-082-0192,K 202,K202,MAUI KAMAOLE PHASE III,2777 S KIHEI RD UNIT K 202,74730324,M,,,,,2026-07-15T19:41:40
239004082,0192,390040820192,2-3-9-004-082-0192,K 202,K202,MAUI KAMAOLE PHASE III,2777 S KIHEI RD UNIT K 202,81320860,M,,,,,2026-07-15T19:41:40
239004082,0192,390040820192,2-3-9-004-082-0192,K 202,K202,MAUI KAMAOLE PHASE III,2777 S KIHEI RD UNIT K 202,99084963,NL,,,,,2026-07-15T19:41:40
239004082,0192,390040820192,2-3-9-004-082-0192,K 202,K202,MAUI KAMAOLE PHASE III,2777 S KIHEI RD UNIT K 202,99157955,,,,,,2026-07-15T19:41:40
239004082,0192,390040820192,2-3-9-004-082-0192,K 202,K202,MAUI KAMAOLE PHASE III,2777 S KIHEI RD UNIT K 202,99157956,,,,,,2026-07-15T19:41:40
239004082,0192,390040820192,2-3-9-004-082-0192,K 202,K202,MAUI KAMAOLE PHASE III,2777 S KIHEI RD UNIT K 202,99171574,,,,,,2026-07-15T19:41:40
239004082,0192,390040820192,2-3-9-004-082-0192,K 202,K202,MAUI KAMAOLE PHASE III,2777 S KIHEI RD UNIT K 202,99198421,NL,,,,,2026-07-15T19:41:40
239004082,0192,390040820192,2-3-9-004-082-0192,K 202,K202,MAUI KAMAOLE PHASE III,2777 S KIHEI RD UNIT K 202,2000042518,,,,,,2026-07-15T19:41:40
239004082,0192,390040820192,2-3-9-004-082-0192,K 202,K202,MAUI KAMAOLE PHASE III,2777 S KIHEI RD UNIT K 202,2000066781,,,,,,2026-07-15T19:41:40
239004082,0192,390040820192,2-3-9-004-082-0192,K 202,K202,MAUI KAMAOLE PHASE III,2777 S KIHEI RD UNIT K 202,2000066782,,,,,,2026-07-15T19:41:40
239004082,0192,390040820192,2-3-9-004-082-0192,K 202,K202,MAUI KAMAOLE PHASE III,2777 S KIHEI RD UNIT K 202,2000066783,M,,,,,2026-07-15T19:41:40
239004082,0192,390040820192,2-3-9-004-082-0192,K 202,K202,MAUI KAMAOLE PHASE III,2777 S KIHEI RD UNIT K 202,2000066784,M,,,,,2026-07-15T19:41:40
239004082,0192,390040820192,2-3-9-004-082-0192,K 202,K202,MAUI KAMAOLE PHASE III,2777 S KIHEI RD UNIT K 202,2003189135,M,,,,,2026-07-15T19:41:40
239004082,0192,390040820192,2-3-9-004-082-0192,K 202,K202,MAUI KAMAOLE PHASE III,2777 S KIHEI RD UNIT K 202,2003226106,M,,,,,2026-07-15T19:41:40
239004082,0193,390040820193,2-3-9-004-082-0193,K 203,K203,MAUI KAMAOLE PHASE III,2777 S KIHEI RD UNIT K 203,99084963,NL,,,,,2026-07-15T19:41:40
239004082,0193,390040820193,2-3-9-004-082-0193,K 203,K203,MAUI KAMAOLE PHASE III,2777 S KIHEI RD UNIT K 203,99157955,,,,,,2026-07-15T19:41:40
239004082,0193,390040820193,2-3-9-004-082-0193,K 203,K203,MAUI KAMAOLE PHASE III,2777 S KIHEI RD UNIT K 203,99157956,,,,,,2026-07-15T19:41:40
239004082,0193,390040820193,2-3-9-004-082-0193,K 203,K203,MAUI KAMAOLE PHASE III,2777 S KIHEI RD UNIT K 203,99171574,,,,,,2026-07-15T19:41:40
239004082,0193,390040820193,2-3-9-004-082-0193,K 203,K203,MAUI KAMAOLE PHASE III,2777 S KIHEI RD UNIT K 203,99198421,NL,,,,,2026-07-15T19:41:40
239004082,0193,390040820193,2-3-9-004-082-0193,K 203,K203,MAUI KAMAOLE PHASE III,2777 S KIHEI RD UNIT K 203,2000011989,,,,,,2026-07-15T19:41:40
239004082,0193,390040820193,2-3-9-004-082-0193,K 203,K203,MAUI KAMAOLE PHASE III,2777 S KIHEI RD UNIT K 203,2000011990,,,,,,2026-07-15T19:41:40
239004082,0193,390040820193,2-3-9-004-082-0193,K 203,K203,MAUI KAMAOLE PHASE III,2777 S KIHEI RD UNIT K 203,2000011991,,,,,,2026-07-15T19:41:40
239004082,0193,390040820193,2-3-9-004-082-0193,K 203,K203,MAUI KAMAOLE PHASE III,2777 S KIHEI RD UNIT K 203,2000011992,R,,,,,2026-07-15T19:41:40
239004082,0193,390040820193,2-3-9-004-082-0193,K 203,K203,MAUI KAMAOLE PHASE III,2777 S KIHEI RD UNIT K 203,2001045528,M,,,,,2026-07-15T19:41:40
239004082,0193,390040820193,2-3-9-004-082-0193,K 203,K203,MAUI KAMAOLE PHASE III,2777 S KIHEI RD UNIT K 203,2002217629,,,,,,2026-07-15T19:41:40
239004082,0193,390040820193,2-3-9-004-082-0193,K 203,K203,MAUI KAMAOLE PHASE III,2777 S KIHEI RD UNIT K 203,2002222705,,,,,,2026-07-15T19:41:40
239004082,0193,390040820193,2-3-9-004-082-0193,K 203,K203,MAUI KAMAOLE PHASE III,2777 S KIHEI RD UNIT K 203,2002222706,R,,,,,2026-07-15T19:41:40
239004082,0193,390040820193,2-3-9-004-082-0193,K 203,K203,MAUI KAMAOLE PHASE III,2777 S KIHEI RD UNIT K 203,2003000489,,,,,,2026-07-15T19:41:40
239004082,0193,390040820193,2-3-9-004-082-0193,K 203,K203,MAUI KAMAOLE PHASE III,2777 S KIHEI RD UNIT K 203,2003035031,M,,,,,2026-07-15T19:41:40
239004082,0193,390040820193,2-3-9-004-082-0193,K 203,K203,MAUI KAMAOLE PHASE III,2777 S KIHEI RD UNIT K 203,2008023870,M,,,,,2026-07-15T19:41:40
239004082,0193,390040820193,2-3-9-004-082-0193,K 203,K203,MAUI KAMAOLE PHASE III,2777 S KIHEI RD UNIT K 203,9180000251,M,,,,,2026-07-15T19:41:40
239004082,0193,390040820193,2-3-9-004-082-0193,K 203,K203,MAUI KAMAOLE PHASE III,2777 S KIHEI RD UNIT K 203,9180000252,,,,,,2026-07-15T19:41:40
239004082,0194,390040820194,2-3-9-004-082-0194,K 204,K204,MAUI KAMAOLE PHASE III,2777 S KIHEI RD UNIT K 204,65830569,,,,,,2026-07-15T19:41:40
239004082,0194,390040820194,2-3-9-004-082-0194,K 204,K204,MAUI KAMAOLE PHASE III,2777 S KIHEI RD UNIT K 204,66100485,,,,,,2026-07-15T19:41:40
239004082,0194,390040820194,2-3-9-004-082-0194,K 204,K204,MAUI KAMAOLE PHASE III,2777 S KIHEI RD UNIT K 204,67240575,,,,,,2026-07-15T19:41:40
239004082,0194,390040820194,2-3-9-004-082-0194,K 204,K204,MAUI KAMAOLE PHASE III,2777 S KIHEI RD UNIT K 204,99084963,NL,,,,,2026-07-15T19:41:40
239004082,0194,390040820194,2-3-9-004-082-0194,K 204,K204,MAUI KAMAOLE PHASE III,2777 S KIHEI RD UNIT K 204,99157955,,,,,,2026-07-15T19:41:40
239004082,0194,390040820194,2-3-9-004-082-0194,K 204,K204,MAUI KAMAOLE PHASE III,2777 S KIHEI RD UNIT K 204,99157956,,,,,,2026-07-15T19:41:40
239004082,0194,390040820194,2-3-9-004-082-0194,K 204,K204,MAUI KAMAOLE PHASE III,2777 S KIHEI RD UNIT K 204,99171574,,,,,,2026-07-15T19:41:40
239004082,0194,390040820194,2-3-9-004-082-0194,K 204,K204,MAUI KAMAOLE PHASE III,2777 S KIHEI RD UNIT K 204,99198421,NL,,,,,2026-07-15T19:41:40
239004082,0194,390040820194,2-3-9-004-082-0194,K 204,K204,MAUI KAMAOLE PHASE III,2777 S KIHEI RD UNIT K 204,99198602,,,,,,2026-07-15T19:41:40
239004082,0194,390040820194,2-3-9-004-082-0194,K 204,K204,MAUI KAMAOLE PHASE III,2777 S KIHEI RD UNIT K 204,99198603,,,,,,2026-07-15T19:41:40
239004082,0194,390040820194,2-3-9-004-082-0194,K 204,K204,MAUI KAMAOLE PHASE III,2777 S KIHEI RD UNIT K 204,99198604,,,,,,2026-07-15T19:41:40
239004082,0194,390040820194,2-3-9-004-082-0194,K 204,K204,MAUI KAMAOLE PHASE III,2777 S KIHEI RD UNIT K 204,2000043234,M,,,,,2026-07-15T19:41:40
239004082,0194,390040820194,2-3-9-004-082-0194,K 204,K204,MAUI KAMAOLE PHASE III,2777 S KIHEI RD UNIT K 204,2004005717,M,,,,,2026-07-15T19:41:40
239004082,0194,390040820194,2-3-9-004-082-0194,K 204,K204,MAUI KAMAOLE PHASE III,2777 S KIHEI RD UNIT K 204,2004203925,,,,,,2026-07-15T19:41:40
239004082,0195,390040820195,2-3-9-004-082-0195,K 205,K205,MAUI KAMAOLE PHASE III,2777 S KIHEI RD UNIT K 205,78570961,,,,,,2026-07-15T19:41:40
239004082,0195,390040820195,2-3-9-004-082-0195,K 205,K205,MAUI KAMAOLE PHASE III,2777 S KIHEI RD UNIT K 205,99084963,NL,,,,,2026-07-15T19:41:40
239004082,0195,390040820195,2-3-9-004-082-0195,K 205,K205,MAUI KAMAOLE PHASE III,2777 S KIHEI RD UNIT K 205,99157955,,,,,,2026-07-15T19:41:40
239004082,0195,390040820195,2-3-9-004-082-0195,K 205,K205,MAUI KAMAOLE PHASE III,2777 S KIHEI RD UNIT K 205,99157956,,,,,,2026-07-15T19:41:40
239004082,0195,390040820195,2-3-9-004-082-0195,K 205,K205,MAUI KAMAOLE PHASE III,2777 S KIHEI RD UNIT K 205,99171574,,,,,,2026-07-15T19:41:40
239004082,0195,390040820195,2-3-9-004-082-0195,K 205,K205,MAUI KAMAOLE PHASE III,2777 S KIHEI RD UNIT K 205,99198421,NL,,,,,2026-07-15T19:41:40
239004082,0195,390040820195,2-3-9-004-082-0195,K 205,K205,MAUI KAMAOLE PHASE III,2777 S KIHEI RD UNIT K 205,2000037423,,,,,,2026-07-15T19:41:40
239004082,0195,390040820195,2-3-9-004-082-0195,K 205,K205,MAUI KAMAOLE PHASE III,2777 S KIHEI RD UNIT K 205,2000037424,,,,,,2026-07-15T19:41:40
239004082,0195,390040820195,2-3-9-004-082-0195,K 205,K205,MAUI KAMAOLE PHASE III,2777 S KIHEI RD UNIT K 205,2000037425,,,,,,2026-07-15T19:41:40
239004082,0195,390040820195,2-3-9-004-082-0195,K 205,K205,MAUI KAMAOLE PHASE III,2777 S KIHEI RD UNIT K 205,2003058279,,,,,,2026-07-15T19:41:40
239004082,0195,390040820195,2-3-9-004-082-0195,K 205,K205,MAUI KAMAOLE PHASE III,2777 S KIHEI RD UNIT K 205,2003058280,R,,,,,2026-07-15T19:41:40
239004082,0195,390040820195,2-3-9-004-082-0195,K 205,K205,MAUI KAMAOLE PHASE III,2777 S KIHEI RD UNIT K 205,9054000113,M,,,,,2026-07-15T19:41:40
239004082,0195,390040820195,2-3-9-004-082-0195,K 205,K205,MAUI KAMAOLE PHASE III,2777 S KIHEI RD UNIT K 205,9054000114,,,,,,2026-07-15T19:41:40
239004082,0195,390040820195,2-3-9-004-082-0195,K 205,K205,MAUI KAMAOLE PHASE III,2777 S KIHEI RD UNIT K 205,9097000483,M,,,,,2026-07-15T19:41:40
239004082,0195,390040820195,2-3-9-004-082-0195,K 205,K205,MAUI KAMAOLE PHASE III,2777 S KIHEI RD UNIT K 205,9097000484,M,,,,,2026-07-15T19:41:40
239004082,0196,390040820196,2-3-9-004-082-0196,K 206,K206,MAUI KAMAOLE PHASE III,2777 S KIHEI RD UNIT K 206,62260354,M,,,,,2026-07-15T19:41:40
239004082,0196,390040820196,2-3-9-004-082-0196,K 206,K206,MAUI KAMAOLE PHASE III,2777 S KIHEI RD UNIT K 206,62260355,R,,,,,2026-07-15T19:41:40
239004082,0196,390040820196,2-3-9-004-082-0196,K 206,K206,MAUI KAMAOLE PHASE III,2777 S KIHEI RD UNIT K 206,88240264,M,,,,,2026-07-15T19:41:40
239004082,0196,390040820196,2-3-9-004-082-0196,K 206,K206,MAUI KAMAOLE PHASE III,2777 S KIHEI RD UNIT K 206,88240265,R,,,,,2026-07-15T19:41:40
239004082,0196,390040820196,2-3-9-004-082-0196,K 206,K206,MAUI KAMAOLE PHASE III,2777 S KIHEI RD UNIT K 206,88520247,M,,,,,2026-07-15T19:41:40
239004082,0196,390040820196,2-3-9-004-082-0196,K 206,K206,MAUI KAMAOLE PHASE III,2777 S KIHEI RD UNIT K 206,99084963,NL,,,,,2026-07-15T19:41:40
239004082,0196,390040820196,2-3-9-004-082-0196,K 206,K206,MAUI KAMAOLE PHASE III,2777 S KIHEI RD UNIT K 206,99157955,,,,,,2026-07-15T19:41:40
239004082,0196,390040820196,2-3-9-004-082-0196,K 206,K206,MAUI KAMAOLE PHASE III,2777 S KIHEI RD UNIT K 206,99157956,,,,,,2026-07-15T19:41:40
239004082,0196,390040820196,2-3-9-004-082-0196,K 206,K206,MAUI KAMAOLE PHASE III,2777 S KIHEI RD UNIT K 206,99171574,,,,,,2026-07-15T19:41:40
239004082,0196,390040820196,2-3-9-004-082-0196,K 206,K206,MAUI KAMAOLE PHASE III,2777 S KIHEI RD UNIT K 206,99198421,NL,,,,,2026-07-15T19:41:40
239004082,0196,390040820196,2-3-9-004-082-0196,K 206,K206,MAUI KAMAOLE PHASE III,2777 S KIHEI RD UNIT K 206,99201412,,,,,,2026-07-15T19:41:40
239004082,0196,390040820196,2-3-9-004-082-0196,K 206,K206,MAUI KAMAOLE PHASE III,2777 S KIHEI RD UNIT K 206,99201413,,,,,,2026-07-15T19:41:40
239004082,0196,390040820196,2-3-9-004-082-0196,K 206,K206,MAUI KAMAOLE PHASE III,2777 S KIHEI RD UNIT K 206,99201414,M,,,,,2026-07-15T19:41:40
239004082,0196,390040820196,2-3-9-004-082-0196,K 206,K206,MAUI KAMAOLE PHASE III,2777 S KIHEI RD UNIT K 206,99201415,M,,,,,2026-07-15T19:41:40
239004082,0196,390040820196,2-3-9-004-082-0196,K 206,K206,MAUI KAMAOLE PHASE III,2777 S KIHEI RD UNIT K 206,99201416,M,,,,,2026-07-15T19:41:40
239004082,0196,390040820196,2-3-9-004-082-0196,K 206,K206,MAUI KAMAOLE PHASE III,2777 S KIHEI RD UNIT K 206,2003232891,M,,,,,2026-07-15T19:41:40
239004082,0196,390040820196,2-3-9-004-082-0196,K 206,K206,MAUI KAMAOLE PHASE III,2777 S KIHEI RD UNIT K 206,2004247481,M,,,,,2026-07-15T19:41:40
239004082,0196,390040820196,2-3-9-004-082-0196,K 206,K206,MAUI KAMAOLE PHASE III,2777 S KIHEI RD UNIT K 206,9566000248,,,,,,2026-07-15T19:41:40
239004082,0196,390040820196,2-3-9-004-082-0196,K 206,K206,MAUI KAMAOLE PHASE III,2777 S KIHEI RD UNIT K 206,9602000413,M,,,,,2026-07-15T19:41:40
239004082,0197,390040820197,2-3-9-004-082-0197,K 207,K207,MAUI KAMAOLE PHASE III,2777 S KIHEI RD UNIT K 207,85110947,M,,,,,2026-07-15T19:41:40
239004082,0197,390040820197,2-3-9-004-082-0197,K 207,K207,MAUI KAMAOLE PHASE III,2777 S KIHEI RD UNIT K 207,99084963,NL,,,,,2026-07-15T19:41:40
239004082,0197,390040820197,2-3-9-004-082-0197,K 207,K207,MAUI KAMAOLE PHASE III,2777 S KIHEI RD UNIT K 207,99157955,,,,,,2026-07-15T19:41:40
239004082,0197,390040820197,2-3-9-004-082-0197,K 207,K207,MAUI KAMAOLE PHASE III,2777 S KIHEI RD UNIT K 207,99157956,,,,,,2026-07-15T19:41:40
239004082,0197,390040820197,2-3-9-004-082-0197,K 207,K207,MAUI KAMAOLE PHASE III,2777 S KIHEI RD UNIT K 207,99171574,,,,,,2026-07-15T19:41:40
239004082,0197,390040820197,2-3-9-004-082-0197,K 207,K207,MAUI KAMAOLE PHASE III,2777 S KIHEI RD UNIT K 207,99198421,NL,,,,,2026-07-15T19:41:40
239004082,0197,390040820197,2-3-9-004-082-0197,K 207,K207,MAUI KAMAOLE PHASE III,2777 S KIHEI RD UNIT K 207,99203986,,,,,,2026-07-15T19:41:40
239004082,0197,390040820197,2-3-9-004-082-0197,K 207,K207,MAUI KAMAOLE PHASE III,2777 S KIHEI RD UNIT K 207,99203987,,,,,,2026-07-15T19:41:40
239004082,0197,390040820197,2-3-9-004-082-0197,K 207,K207,MAUI KAMAOLE PHASE III,2777 S KIHEI RD UNIT K 207,99203988,,,,,,2026-07-15T19:41:40
239004082,0197,390040820197,2-3-9-004-082-0197,K 207,K207,MAUI KAMAOLE PHASE III,2777 S KIHEI RD UNIT K 207,99203989,,,,,,2026-07-15T19:41:40
239004082,0197,390040820197,2-3-9-004-082-0197,K 207,K207,MAUI KAMAOLE PHASE III,2777 S KIHEI RD UNIT K 207,2002132142,,,,,,2026-07-15T19:41:40
239004082,0197,390040820197,2-3-9-004-082-0197,K 207,K207,MAUI KAMAOLE PHASE III,2777 S KIHEI RD UNIT K 207,2002132143,R,,,,,2026-07-15T19:41:40
239004082,0197,390040820197,2-3-9-004-082-0197,K 207,K207,MAUI KAMAOLE PHASE III,2777 S KIHEI RD UNIT K 207,2002182703,,,,,,2026-07-15T19:41:40
239004082,0197,390040820197,2-3-9-004-082-0197,K 207,K207,MAUI KAMAOLE PHASE III,2777 S KIHEI RD UNIT K 207,2003080959,R,,,,,2026-07-15T19:41:40
239004082,0197,390040820197,2-3-9-004-082-0197,K 207,K207,MAUI KAMAOLE PHASE III,2777 S KIHEI RD UNIT K 207,2003119662,M,,,,,2026-07-15T19:41:40
239004082,0197,390040820197,2-3-9-004-082-0197,K 207,K207,MAUI KAMAOLE PHASE III,2777 S KIHEI RD UNIT K 207,2005051699,,,,,,2026-07-15T19:41:40
239004082,0197,390040820197,2-3-9-004-082-0197,K 207,K207,MAUI KAMAOLE PHASE III,2777 S KIHEI RD UNIT K 207,2005056462,,,,,,2026-07-15T19:41:40
239004082,0197,390040820197,2-3-9-004-082-0197,K 207,K207,MAUI KAMAOLE PHASE III,2777 S KIHEI RD UNIT K 207,2005056463,,,,,,2026-07-15T19:41:40
239004082,0197,390040820197,2-3-9-004-082-0197,K 207,K207,MAUI KAMAOLE PHASE III,2777 S KIHEI RD UNIT K 207,2005073630,M,,,,,2026-07-15T19:41:40
239004082,0197,390040820197,2-3-9-004-082-0197,K 207,K207,MAUI KAMAOLE PHASE III,2777 S KIHEI RD UNIT K 207,2005122951,,,,,,2026-07-15T19:41:40
239004082,0197,390040820197,2-3-9-004-082-0197,K 207,K207,MAUI KAMAOLE PHASE III,2777 S KIHEI RD UNIT K 207,2010081295,R,,,,,2026-07-15T19:41:40
239004082,0197,390040820197,2-3-9-004-082-0197,K 207,K207,MAUI KAMAOLE PHASE III,2777 S KIHEI RD UNIT K 207,2010081296,R,,,,,2026-07-15T19:41:40
239004082,0197,390040820197,2-3-9-004-082-0197,K 207,K207,MAUI KAMAOLE PHASE III,2777 S KIHEI RD UNIT K 207,2010082113,M,,,,,2026-07-15T19:41:40
239004082,0198,390040820198,2-3-9-004-082-0198,K 208,K208,MAUI KAMAOLE PHASE III,2777 S KIHEI RD UNIT K 208,48970454,,,,,,2026-07-15T19:41:40
239004082,0198,390040820198,2-3-9-004-082-0198,K 208,K208,MAUI KAMAOLE PHASE III,2777 S KIHEI RD UNIT K 208,48970455,R,,,,,2026-07-15T19:41:40
239004082,0198,390040820198,2-3-9-004-082-0198,K 208,K208,MAUI KAMAOLE PHASE III,2777 S KIHEI RD UNIT K 208,49950164,M,,,,,2026-07-15T19:41:40
239004082,0198,390040820198,2-3-9-004-082-0198,K 208,K208,MAUI KAMAOLE PHASE III,2777 S KIHEI RD UNIT K 208,80470798,M,,,,,2026-07-15T19:41:40
239004082,0198,390040820198,2-3-9-004-082-0198,K 208,K208,MAUI KAMAOLE PHASE III,2777 S KIHEI RD UNIT K 208,80760358,MFS,,,,,2026-07-15T19:41:40
239004082,0198,390040820198,2-3-9-004-082-0198,K 208,K208,MAUI KAMAOLE PHASE III,2777 S KIHEI RD UNIT K 208,99084963,NL,,,,,2026-07-15T19:41:40
239004082,0198,390040820198,2-3-9-004-082-0198,K 208,K208,MAUI KAMAOLE PHASE III,2777 S KIHEI RD UNIT K 208,99157955,,,,,,2026-07-15T19:41:40
239004082,0198,390040820198,2-3-9-004-082-0198,K 208,K208,MAUI KAMAOLE PHASE III,2777 S KIHEI RD UNIT K 208,99157956,,,,,,2026-07-15T19:41:40
239004082,0198,390040820198,2-3-9-004-082-0198,K 208,K208,MAUI KAMAOLE PHASE III,2777 S KIHEI RD UNIT K 208,99171574,,,,,,2026-07-15T19:41:40
239004082,0198,390040820198,2-3-9-004-082-0198,K 208,K208,MAUI KAMAOLE PHASE III,2777 S KIHEI RD UNIT K 208,99197699,,,,,,2026-07-15T19:41:40
239004082,0198,390040820198,2-3-9-004-082-0198,K 208,K208,MAUI KAMAOLE PHASE III,2777 S KIHEI RD UNIT K 208,99197700,,,,,,2026-07-15T19:41:40
239004082,0198,390040820198,2-3-9-004-082-0198,K 208,K208,MAUI KAMAOLE PHASE III,2777 S KIHEI RD UNIT K 208,99197701,,,,,,2026-07-15T19:41:40
239004082,0198,390040820198,2-3-9-004-082-0198,K 208,K208,MAUI KAMAOLE PHASE III,2777 S KIHEI RD UNIT K 208,99197702,,,,,,2026-07-15T19:41:40
239004082,0198,390040820198,2-3-9-004-082-0198,K 208,K208,MAUI KAMAOLE PHASE III,2777 S KIHEI RD UNIT K 208,99197703,R,,,,,2026-07-15T19:41:40
239004082,0198,390040820198,2-3-9-004-082-0198,K 208,K208,MAUI KAMAOLE PHASE III,2777 S KIHEI RD UNIT K 208,99198421,NL,,,,,2026-07-15T19:41:40
239004082,0198,390040820198,2-3-9-004-082-0198,K 208,K208,MAUI KAMAOLE PHASE III,2777 S KIHEI RD UNIT K 208,9139000183,M,,,,,2026-07-15T19:41:40
239004082,0198,390040820198,2-3-9-004-082-0198,K 208,K208,MAUI KAMAOLE PHASE III,2777 S KIHEI RD UNIT K 208,9139000184,,,,,,2026-07-15T19:41:40
239004082,0199,390040820199,2-3-9-004-082-0199,K 209,K209,MAUI KAMAOLE PHASE III,2777 S KIHEI RD UNIT K 209,70130634,M,,,,,2026-07-15T19:41:40
239004082,0199,390040820199,2-3-9-004-082-0199,K 209,K209,MAUI KAMAOLE PHASE III,2777 S KIHEI RD UNIT K 209,73480439,,,,,,2026-07-15T19:41:40
239004082,0199,390040820199,2-3-9-004-082-0199,K 209,K209,MAUI KAMAOLE PHASE III,2777 S KIHEI RD UNIT K 209,80830509,,,,,,2026-07-15T19:41:40
239004082,0199,390040820199,2-3-9-004-082-0199,K 209,K209,MAUI KAMAOLE PHASE III,2777 S KIHEI RD UNIT K 209,99084963,NL,,,,,2026-07-15T19:41:40
239004082,0199,390040820199,2-3-9-004-082-0199,K 209,K209,MAUI KAMAOLE PHASE III,2777 S KIHEI RD UNIT K 209,99157955,,,,,,2026-07-15T19:41:40
239004082,0199,390040820199,2-3-9-004-082-0199,K 209,K209,MAUI KAMAOLE PHASE III,2777 S KIHEI RD UNIT K 209,99157956,,,,,,2026-07-15T19:41:40
239004082,0199,390040820199,2-3-9-004-082-0199,K 209,K209,MAUI KAMAOLE PHASE III,2777 S KIHEI RD UNIT K 209,99171574,,,,,,2026-07-15T19:41:40
239004082,0199,390040820199,2-3-9-004-082-0199,K 209,K209,MAUI KAMAOLE PHASE III,2777 S KIHEI RD UNIT K 209,99198421,NL,,,,,2026-07-15T19:41:40
239004082,0199,390040820199,2-3-9-004-082-0199,K 209,K209,MAUI KAMAOLE PHASE III,2777 S KIHEI RD UNIT K 209,99200448,,,,,,2026-07-15T19:41:40
239004082,0199,390040820199,2-3-9-004-082-0199,K 209,K209,MAUI KAMAOLE PHASE III,2777 S KIHEI RD UNIT K 209,99200449,,,,,,2026-07-15T19:41:40
239004082,0199,390040820199,2-3-9-004-082-0199,K 209,K209,MAUI KAMAOLE PHASE III,2777 S KIHEI RD UNIT K 209,99200450,,,,,,2026-07-15T19:41:40
239004082,0199,390040820199,2-3-9-004-082-0199,K 209,K209,MAUI KAMAOLE PHASE III,2777 S KIHEI RD UNIT K 209,2002062472,,,,,,2026-07-15T19:41:40
239004082,0199,390040820199,2-3-9-004-082-0199,K 209,K209,MAUI KAMAOLE PHASE III,2777 S KIHEI RD UNIT K 209,2005106456,M,,,,,2026-07-15T19:41:40
239004082,0200,390040820200,2-3-9-004-082-0200,K 210,K210,MAUI KAMAOLE PHASE III,2777 S KIHEI RD UNIT K 210,49810689,M,,,,,2026-07-15T19:41:40
239004082,0200,390040820200,2-3-9-004-082-0200,K 210,K210,MAUI KAMAOLE PHASE III,2777 S KIHEI RD UNIT K 210,87560183,,,,,,2026-07-15T19:41:40
239004082,0200,390040820200,2-3-9-004-082-0200,K 210,K210,MAUI KAMAOLE PHASE III,2777 S KIHEI RD UNIT K 210,99084963,NL,,,,,2026-07-15T19:41:40
239004082,0200,390040820200,2-3-9-004-082-0200,K 210,K210,MAUI KAMAOLE PHASE III,2777 S KIHEI RD UNIT K 210,99157955,,,,,,2026-07-15T19:41:40
239004082,0200,390040820200,2-3-9-004-082-0200,K 210,K210,MAUI KAMAOLE PHASE III,2777 S KIHEI RD UNIT K 210,99157956,,,,,,2026-07-15T19:41:40
239004082,0200,390040820200,2-3-9-004-082-0200,K 210,K210,MAUI KAMAOLE PHASE III,2777 S KIHEI RD UNIT K 210,99171574,,,,,,2026-07-15T19:41:40
239004082,0200,390040820200,2-3-9-004-082-0200,K 210,K210,MAUI KAMAOLE PHASE III,2777 S KIHEI RD UNIT K 210,99198421,NL,,,,,2026-07-15T19:41:40
239004082,0200,390040820200,2-3-9-004-082-0200,K 210,K210,MAUI KAMAOLE PHASE III,2777 S KIHEI RD UNIT K 210,99204370,,,,,,2026-07-15T19:41:40
239004082,0200,390040820200,2-3-9-004-082-0200,K 210,K210,MAUI KAMAOLE PHASE III,2777 S KIHEI RD UNIT K 210,99204371,,,,,,2026-07-15T19:41:40
239004082,0200,390040820200,2-3-9-004-082-0200,K 210,K210,MAUI KAMAOLE PHASE III,2777 S KIHEI RD UNIT K 210,99204372,M,,,,,2026-07-15T19:41:40
239004082,0200,390040820200,2-3-9-004-082-0200,K 210,K210,MAUI KAMAOLE PHASE III,2777 S KIHEI RD UNIT K 210,99204373,R,,,,,2026-07-15T19:41:40
239004082,0200,390040820200,2-3-9-004-082-0200,K 210,K210,MAUI KAMAOLE PHASE III,2777 S KIHEI RD UNIT K 210,2001163020,R,,,,,2026-07-15T19:41:40
239004082,0200,390040820200,2-3-9-004-082-0200,K 210,K210,MAUI KAMAOLE PHASE III,2777 S KIHEI RD UNIT K 210,2004018980,R,,,,,2026-07-15T19:41:40
239004082,0200,390040820200,2-3-9-004-082-0200,K 210,K210,MAUI KAMAOLE PHASE III,2777 S KIHEI RD UNIT K 210,2004061489,R,,,,,2026-07-15T19:41:40
239004082,0200,390040820200,2-3-9-004-082-0200,K 210,K210,MAUI KAMAOLE PHASE III,2777 S KIHEI RD UNIT K 210,2004061490,M,,,,,2026-07-15T19:41:40
239004082,0200,390040820200,2-3-9-004-082-0200,K 210,K210,MAUI KAMAOLE PHASE III,2777 S KIHEI RD UNIT K 210,2009175011,R,,,,,2026-07-15T19:41:40
239004082,0200,390040820200,2-3-9-004-082-0200,K 210,K210,MAUI KAMAOLE PHASE III,2777 S KIHEI RD UNIT K 210,2010009351,,,,,,2026-07-15T19:41:40
239004082,0201,390040820201,2-3-9-004-082-0201,M 101,M101,MAUI KAMAOLE,2777 S KIHEI RD UNIT M 101,47200315,,,,,,2026-07-15T19:41:40
239004082,0201,390040820201,2-3-9-004-082-0201,M 101,M101,MAUI KAMAOLE,2777 S KIHEI RD UNIT M 101,47481586,M,,,,,2026-07-15T19:41:40
239004082,0201,390040820201,2-3-9-004-082-0201,M 101,M101,MAUI KAMAOLE,2777 S KIHEI RD UNIT M 101,2000014654,NL,,,,,2026-07-15T19:41:40
239004082,0201,390040820201,2-3-9-004-082-0201,M 101,M101,MAUI KAMAOLE,2777 S KIHEI RD UNIT M 101,2000042517,,,,,,2026-07-15T19:41:40
239004082,0201,390040820201,2-3-9-004-082-0201,M 101,M101,MAUI KAMAOLE,2777 S KIHEI RD UNIT M 101,2000042518,,,,,,2026-07-15T19:41:40
239004082,0201,390040820201,2-3-9-004-082-0201,M 101,M101,MAUI KAMAOLE,2777 S KIHEI RD UNIT M 101,2000091260,,,,,,2026-07-15T19:41:40
239004082,0201,390040820201,2-3-9-004-082-0201,M 101,M101,MAUI KAMAOLE,2777 S KIHEI RD UNIT M 101,2000091261,,,,,,2026-07-15T19:41:40
239004082,0201,390040820201,2-3-9-004-082-0201,M 101,M101,MAUI KAMAOLE,2777 S KIHEI RD UNIT M 101,2001014512,,,,,,2026-07-15T19:41:40
239004082,0201,390040820201,2-3-9-004-082-0201,M 101,M101,MAUI KAMAOLE,2777 S KIHEI RD UNIT M 101,2001014513,,,,,,2026-07-15T19:41:40
239004082,0201,390040820201,2-3-9-004-082-0201,M 101,M101,MAUI KAMAOLE,2777 S KIHEI RD UNIT M 101,2001014514,,,,,,2026-07-15T19:41:40
239004082,0201,390040820201,2-3-9-004-082-0201,M 101,M101,MAUI KAMAOLE,2777 S KIHEI RD UNIT M 101,2001014515,R,,,,,2026-07-15T19:41:40
239004082,0201,390040820201,2-3-9-004-082-0201,M 101,M101,MAUI KAMAOLE,2777 S KIHEI RD UNIT M 101,2001014516,M,,,,,2026-07-15T19:41:40
239004082,0201,390040820201,2-3-9-004-082-0201,M 101,M101,MAUI KAMAOLE,2777 S KIHEI RD UNIT M 101,2002021408,R,,,,,2026-07-15T19:41:40
239004082,0201,390040820201,2-3-9-004-082-0201,M 101,M101,MAUI KAMAOLE,2777 S KIHEI RD UNIT M 101,2002041696,M,,,,,2026-07-15T19:41:40
239004082,0201,390040820201,2-3-9-004-082-0201,M 101,M101,MAUI KAMAOLE,2777 S KIHEI RD UNIT M 101,2004159543,R,,,,,2026-07-15T19:41:40
239004082,0201,390040820201,2-3-9-004-082-0201,M 101,M101,MAUI KAMAOLE,2777 S KIHEI RD UNIT M 101,2004191360,,,,,,2026-07-15T19:41:40
239004082,0201,390040820201,2-3-9-004-082-0201,M 101,M101,MAUI KAMAOLE,2777 S KIHEI RD UNIT M 101,2005007530,M,,,,,2026-07-15T19:41:40
239004082,0202,390040820202,2-3-9-004-082-0202,M 102,M102,MAUI KAMAOLE,2777 S KIHEI RD UNIT M 102,43990334,,,,,,2026-07-15T19:41:40
239004082,0202,390040820202,2-3-9-004-082-0202,M 102,M102,MAUI KAMAOLE,2777 S KIHEI RD UNIT M 102,43990335,R,,,,,2026-07-15T19:41:40
239004082,0202,390040820202,2-3-9-004-082-0202,M 102,M102,MAUI KAMAOLE,2777 S KIHEI RD UNIT M 102,44140703,M,,,,,2026-07-15T19:41:40
239004082,0202,390040820202,2-3-9-004-082-0202,M 102,M102,MAUI KAMAOLE,2777 S KIHEI RD UNIT M 102,2000014654,NL,,,,,2026-07-15T19:41:40
239004082,0202,390040820202,2-3-9-004-082-0202,M 102,M102,MAUI KAMAOLE,2777 S KIHEI RD UNIT M 102,2000042517,,,,,,2026-07-15T19:41:40
239004082,0202,390040820202,2-3-9-004-082-0202,M 102,M102,MAUI KAMAOLE,2777 S KIHEI RD UNIT M 102,2000042518,,,,,,2026-07-15T19:41:40
239004082,0202,390040820202,2-3-9-004-082-0202,M 102,M102,MAUI KAMAOLE,2777 S KIHEI RD UNIT M 102,2000091260,,,,,,2026-07-15T19:41:40
239004082,0202,390040820202,2-3-9-004-082-0202,M 102,M102,MAUI KAMAOLE,2777 S KIHEI RD UNIT M 102,2000091261,,,,,,2026-07-15T19:41:40
239004082,0202,390040820202,2-3-9-004-082-0202,M 102,M102,MAUI KAMAOLE,2777 S KIHEI RD UNIT M 102,2000181720,,,,,,2026-07-15T19:41:40
239004082,0202,390040820202,2-3-9-004-082-0202,M 102,M102,MAUI KAMAOLE,2777 S KIHEI RD UNIT M 102,2000181721,,,,,,2026-07-15T19:41:40
239004082,0202,390040820202,2-3-9-004-082-0202,M 102,M102,MAUI KAMAOLE,2777 S KIHEI RD UNIT M 102,2000181722,,,,,,2026-07-15T19:41:40
239004082,0202,390040820202,2-3-9-004-082-0202,M 102,M102,MAUI KAMAOLE,2777 S KIHEI RD UNIT M 102,2000181723,R,,,,,2026-07-15T19:41:40
239004082,0202,390040820202,2-3-9-004-082-0202,M 102,M102,MAUI KAMAOLE,2777 S KIHEI RD UNIT M 102,2001001989,M,,,,,2026-07-15T19:41:40
239004082,0202,390040820202,2-3-9-004-082-0202,M 102,M102,MAUI KAMAOLE,2777 S KIHEI RD UNIT M 102,2002166321,R,,,,,2026-07-15T19:41:40
239004082,0202,390040820202,2-3-9-004-082-0202,M 102,M102,MAUI KAMAOLE,2777 S KIHEI RD UNIT M 102,2002193797,M,,,,,2026-07-15T19:41:40
239004082,0203,390040820203,2-3-9-004-082-0203,M 103,M103,MAUI KAMAOLE,2777 S KIHEI RD UNIT M 103,59180435,M,,,,,2026-07-15T19:41:40
239004082,0203,390040820203,2-3-9-004-082-0203,M 103,M103,MAUI KAMAOLE,2777 S KIHEI RD UNIT M 103,59180436,M,,,,,2026-07-15T19:41:40
239004082,0203,390040820203,2-3-9-004-082-0203,M 103,M103,MAUI KAMAOLE,2777 S KIHEI RD UNIT M 103,65720118,,,,,,2026-07-15T19:41:40
239004082,0203,390040820203,2-3-9-004-082-0203,M 103,M103,MAUI KAMAOLE,2777 S KIHEI RD UNIT M 103,66351080,M,,,,,2026-07-15T19:41:40
239004082,0203,390040820203,2-3-9-004-082-0203,M 103,M103,MAUI KAMAOLE,2777 S KIHEI RD UNIT M 103,78510385,,,,,,2026-07-15T19:41:40
239004082,0203,390040820203,2-3-9-004-082-0203,M 103,M103,MAUI KAMAOLE,2777 S KIHEI RD UNIT M 103,2000014654,NL,,,,,2026-07-15T19:41:40
239004082,0203,390040820203,2-3-9-004-082-0203,M 103,M103,MAUI KAMAOLE,2777 S KIHEI RD UNIT M 103,2000042517,,,,,,2026-07-15T19:41:40
239004082,0203,390040820203,2-3-9-004-082-0203,M 103,M103,MAUI KAMAOLE,2777 S KIHEI RD UNIT M 103,2000042518,,,,,,2026-07-15T19:41:40
239004082,0203,390040820203,2-3-9-004-082-0203,M 103,M103,MAUI KAMAOLE,2777 S KIHEI RD UNIT M 103,2000091260,,,,,,2026-07-15T19:41:40
239004082,0203,390040820203,2-3-9-004-082-0203,M 103,M103,MAUI KAMAOLE,2777 S KIHEI RD UNIT M 103,2000091261,,,,,,2026-07-15T19:41:40
239004082,0203,390040820203,2-3-9-004-082-0203,M 103,M103,MAUI KAMAOLE,2777 S KIHEI RD UNIT M 103,2001014517,,,,,,2026-07-15T19:41:40
239004082,0203,390040820203,2-3-9-004-082-0203,M 103,M103,MAUI KAMAOLE,2777 S KIHEI RD UNIT M 103,2001014518,,,,,,2026-07-15T19:41:40
239004082,0203,390040820203,2-3-9-004-082-0203,M 103,M103,MAUI KAMAOLE,2777 S KIHEI RD UNIT M 103,2001014519,M,,,,,2026-07-15T19:41:40
239004082,0203,390040820203,2-3-9-004-082-0203,M 103,M103,MAUI KAMAOLE,2777 S KIHEI RD UNIT M 103,2001014520,M,,,,,2026-07-15T19:41:40
239004082,0203,390040820203,2-3-9-004-082-0203,M 103,M103,MAUI KAMAOLE,2777 S KIHEI RD UNIT M 103,2001014521,M,,,,,2026-07-15T19:41:40
239004082,0203,390040820203,2-3-9-004-082-0203,M 103,M103,MAUI KAMAOLE,2777 S KIHEI RD UNIT M 103,2001014522,M,,,,,2026-07-15T19:41:40
239004082,0203,390040820203,2-3-9-004-082-0203,M 103,M103,MAUI KAMAOLE,2777 S KIHEI RD UNIT M 103,2002175758,M,,,,,2026-07-15T19:41:40
239004082,0203,390040820203,2-3-9-004-082-0203,M 103,M103,MAUI KAMAOLE,2777 S KIHEI RD UNIT M 103,2004001691,M,,,,,2026-07-15T19:41:40
239004082,0203,390040820203,2-3-9-004-082-0203,M 103,M103,MAUI KAMAOLE,2777 S KIHEI RD UNIT M 103,2005149467,M,,,,,2026-07-15T19:41:40
239004082,0203,390040820203,2-3-9-004-082-0203,M 103,M103,MAUI KAMAOLE,2777 S KIHEI RD UNIT M 103,2005149468,M,,,,,2026-07-15T19:41:40
239004082,0203,390040820203,2-3-9-004-082-0203,M 103,M103,MAUI KAMAOLE,2777 S KIHEI RD UNIT M 103,2005170974,M,,,,,2026-07-15T19:41:40
239004082,0204,390040820204,2-3-9-004-082-0204,M 104,M104,MAUI KAMAOLE PHASE III,2777 S KIHEI RD UNIT M 104,75450266,,,,,,2026-07-15T19:41:40
239004082,0204,390040820204,2-3-9-004-082-0204,M 104,M104,MAUI KAMAOLE PHASE III,2777 S KIHEI RD UNIT M 104,75450267,M,,,,,2026-07-15T19:41:40
239004082,0204,390040820204,2-3-9-004-082-0204,M 104,M104,MAUI KAMAOLE PHASE III,2777 S KIHEI RD UNIT M 104,2000014654,NL,,,,,2026-07-15T19:41:40
239004082,0204,390040820204,2-3-9-004-082-0204,M 104,M104,MAUI KAMAOLE PHASE III,2777 S KIHEI RD UNIT M 104,2000042517,,,,,,2026-07-15T19:41:40
239004082,0204,390040820204,2-3-9-004-082-0204,M 104,M104,MAUI KAMAOLE PHASE III,2777 S KIHEI RD UNIT M 104,2000042518,,,,,,2026-07-15T19:41:40
239004082,0204,390040820204,2-3-9-004-082-0204,M 104,M104,MAUI KAMAOLE PHASE III,2777 S KIHEI RD UNIT M 104,2000091260,,,,,,2026-07-15T19:41:40
239004082,0204,390040820204,2-3-9-004-082-0204,M 104,M104,MAUI KAMAOLE PHASE III,2777 S KIHEI RD UNIT M 104,2000091261,,,,,,2026-07-15T19:41:40
239004082,0204,390040820204,2-3-9-004-082-0204,M 104,M104,MAUI KAMAOLE PHASE III,2777 S KIHEI RD UNIT M 104,2000179134,,,,,,2026-07-15T19:41:40
239004082,0204,390040820204,2-3-9-004-082-0204,M 104,M104,MAUI KAMAOLE PHASE III,2777 S KIHEI RD UNIT M 104,2000179135,,,,,,2026-07-15T19:41:40
239004082,0204,390040820204,2-3-9-004-082-0204,M 104,M104,MAUI KAMAOLE PHASE III,2777 S KIHEI RD UNIT M 104,2000179136,M,,,,,2026-07-15T19:41:40
239004082,0204,390040820204,2-3-9-004-082-0204,M 104,M104,MAUI KAMAOLE PHASE III,2777 S KIHEI RD UNIT M 104,2000179137,M,,,,,2026-07-15T19:41:40
239004082,0204,390040820204,2-3-9-004-082-0204,M 104,M104,MAUI KAMAOLE PHASE III,2777 S KIHEI RD UNIT M 104,2002204897,M,,,,,2026-07-15T19:41:40
239004082,0204,390040820204,2-3-9-004-082-0204,M 104,M104,MAUI KAMAOLE PHASE III,2777 S KIHEI RD UNIT M 104,2003043586,M,,,,,2026-07-15T19:41:40
239004082,0204,390040820204,2-3-9-004-082-0204,M 104,M104,MAUI KAMAOLE PHASE III,2777 S KIHEI RD UNIT M 104,2007133473,M,,,,,2026-07-15T19:41:40
239004082,0205,390040820205,2-3-9-004-082-0205,M 105,M105,MAUI KAMAOLE,2777 S KIHEI RD UNIT M 105,46260781,M,,,,,2026-07-15T19:41:40
239004082,0205,390040820205,2-3-9-004-082-0205,M 105,M105,MAUI KAMAOLE,2777 S KIHEI RD UNIT M 105,63330101,M,,,,,2026-07-15T19:41:40
239004082,0205,390040820205,2-3-9-004-082-0205,M 105,M105,MAUI KAMAOLE,2777 S KIHEI RD UNIT M 105,63330102,R,,,,,2026-07-15T19:41:40
239004082,0205,390040820205,2-3-9-004-082-0205,M 105,M105,MAUI KAMAOLE,2777 S KIHEI RD UNIT M 105,63660677,M,,,,,2026-07-15T19:41:40
239004082,0205,390040820205,2-3-9-004-082-0205,M 105,M105,MAUI KAMAOLE,2777 S KIHEI RD UNIT M 105,65300797,MFS,,,,,2026-07-15T19:41:40
239004082,0205,390040820205,2-3-9-004-082-0205,M 105,M105,MAUI KAMAOLE,2777 S KIHEI RD UNIT M 105,88310277,M,,,,,2026-07-15T19:41:40
239004082,0205,390040820205,2-3-9-004-082-0205,M 105,M105,MAUI KAMAOLE,2777 S KIHEI RD UNIT M 105,88310278,,,,,,2026-07-15T19:41:40
239004082,0205,390040820205,2-3-9-004-082-0205,M 105,M105,MAUI KAMAOLE,2777 S KIHEI RD UNIT M 105,2000014654,NL,,,,,2026-07-15T19:41:40
239004082,0205,390040820205,2-3-9-004-082-0205,M 105,M105,MAUI KAMAOLE,2777 S KIHEI RD UNIT M 105,2000042517,,,,,,2026-07-15T19:41:40
239004082,0205,390040820205,2-3-9-004-082-0205,M 105,M105,MAUI KAMAOLE,2777 S KIHEI RD UNIT M 105,2000042518,,,,,,2026-07-15T19:41:40
239004082,0205,390040820205,2-3-9-004-082-0205,M 105,M105,MAUI KAMAOLE,2777 S KIHEI RD UNIT M 105,2000091260,,,,,,2026-07-15T19:41:40
239004082,0205,390040820205,2-3-9-004-082-0205,M 105,M105,MAUI KAMAOLE,2777 S KIHEI RD UNIT M 105,2000091261,,,,,,2026-07-15T19:41:40
239004082,0205,390040820205,2-3-9-004-082-0205,M 105,M105,MAUI KAMAOLE,2777 S KIHEI RD UNIT M 105,2001004929,,,,,,2026-07-15T19:41:40
239004082,0205,390040820205,2-3-9-004-082-0205,M 105,M105,MAUI KAMAOLE,2777 S KIHEI RD UNIT M 105,2001004930,,,,,,2026-07-15T19:41:40
239004082,0205,390040820205,2-3-9-004-082-0205,M 105,M105,MAUI KAMAOLE,2777 S KIHEI RD UNIT M 105,2001004931,M,,,,,2026-07-15T19:41:40
239004082,0205,390040820205,2-3-9-004-082-0205,M 105,M105,MAUI KAMAOLE,2777 S KIHEI RD UNIT M 105,2001004932,M,,,,,2026-07-15T19:41:40
239004082,0205,390040820205,2-3-9-004-082-0205,M 105,M105,MAUI KAMAOLE,2777 S KIHEI RD UNIT M 105,2001204551,M,,,,,2026-07-15T19:41:40
239004082,0205,390040820205,2-3-9-004-082-0205,M 105,M105,MAUI KAMAOLE,2777 S KIHEI RD UNIT M 105,2004048416,M,,,,,2026-07-15T19:41:40
239004082,0205,390040820205,2-3-9-004-082-0205,M 105,M105,MAUI KAMAOLE,2777 S KIHEI RD UNIT M 105,2005007534,M,,,,,2026-07-15T19:41:40
239004082,0205,390040820205,2-3-9-004-082-0205,M 105,M105,MAUI KAMAOLE,2777 S KIHEI RD UNIT M 105,2008058223,M,,,,,2026-07-15T19:41:40
239004082,0205,390040820205,2-3-9-004-082-0205,M 105,M105,MAUI KAMAOLE,2777 S KIHEI RD UNIT M 105,2008058224,M,,,,,2026-07-15T19:41:40
239004082,0205,390040820205,2-3-9-004-082-0205,M 105,M105,MAUI KAMAOLE,2777 S KIHEI RD UNIT M 105,2008078493,M,,,,,2026-07-15T19:41:40
239004082,0205,390040820205,2-3-9-004-082-0205,M 105,M105,MAUI KAMAOLE,2777 S KIHEI RD UNIT M 105,2009021013,M,,,,,2026-07-15T19:41:40
239004082,0205,390040820205,2-3-9-004-082-0205,M 105,M105,MAUI KAMAOLE,2777 S KIHEI RD UNIT M 105,2009027243,M,,,,,2026-07-15T19:41:40
239004082,0206,390040820206,2-3-9-004-082-0206,M 106,M106,MAUI KAMAOLE,2777 S KIHEI RD UNIT M 106,48250129,R,,,,,2026-07-15T19:41:40
239004082,0206,390040820206,2-3-9-004-082-0206,M 106,M106,MAUI KAMAOLE,2777 S KIHEI RD UNIT M 106,48910622,M,,,,,2026-07-15T19:41:40
239004082,0206,390040820206,2-3-9-004-082-0206,M 106,M106,MAUI KAMAOLE,2777 S KIHEI RD UNIT M 106,48910623,M,,,,,2026-07-15T19:41:40
239004082,0206,390040820206,2-3-9-004-082-0206,M 106,M106,MAUI KAMAOLE,2777 S KIHEI RD UNIT M 106,51920638,R,,,,,2026-07-15T19:41:40
239004082,0206,390040820206,2-3-9-004-082-0206,M 106,M106,MAUI KAMAOLE,2777 S KIHEI RD UNIT M 106,51920639,R,,,,,2026-07-15T19:41:40
239004082,0206,390040820206,2-3-9-004-082-0206,M 106,M106,MAUI KAMAOLE,2777 S KIHEI RD UNIT M 106,51920640,R,,,,,2026-07-15T19:41:40
239004082,0206,390040820206,2-3-9-004-082-0206,M 106,M106,MAUI KAMAOLE,2777 S KIHEI RD UNIT M 106,52330690,M,,,,,2026-07-15T19:41:40
239004082,0206,390040820206,2-3-9-004-082-0206,M 106,M106,MAUI KAMAOLE,2777 S KIHEI RD UNIT M 106,58750218,R,,,,,2026-07-15T19:41:40
239004082,0206,390040820206,2-3-9-004-082-0206,M 106,M106,MAUI KAMAOLE,2777 S KIHEI RD UNIT M 106,60090561,M,,,,,2026-07-15T19:41:40
239004082,0206,390040820206,2-3-9-004-082-0206,M 106,M106,MAUI KAMAOLE,2777 S KIHEI RD UNIT M 106,65420111,,,,,,2026-07-15T19:41:40
239004082,0206,390040820206,2-3-9-004-082-0206,M 106,M106,MAUI KAMAOLE,2777 S KIHEI RD UNIT M 106,65420112,R,,,,,2026-07-15T19:41:40
239004082,0206,390040820206,2-3-9-004-082-0206,M 106,M106,MAUI KAMAOLE,2777 S KIHEI RD UNIT M 106,65640998,M,,,,,2026-07-15T19:41:40
239004082,0206,390040820206,2-3-9-004-082-0206,M 106,M106,MAUI KAMAOLE,2777 S KIHEI RD UNIT M 106,84610185,,,,,,2026-07-15T19:41:40
239004082,0206,390040820206,2-3-9-004-082-0206,M 106,M106,MAUI KAMAOLE,2777 S KIHEI RD UNIT M 106,85000170,M,,,,,2026-07-15T19:41:40
239004082,0206,390040820206,2-3-9-004-082-0206,M 106,M106,MAUI KAMAOLE,2777 S KIHEI RD UNIT M 106,2000014654,NL,,,,,2026-07-15T19:41:40
239004082,0206,390040820206,2-3-9-004-082-0206,M 106,M106,MAUI KAMAOLE,2777 S KIHEI RD UNIT M 106,2000042517,,,,,,2026-07-15T19:41:40
239004082,0206,390040820206,2-3-9-004-082-0206,M 106,M106,MAUI KAMAOLE,2777 S KIHEI RD UNIT M 106,2000042518,,,,,,2026-07-15T19:41:40
239004082,0206,390040820206,2-3-9-004-082-0206,M 106,M106,MAUI KAMAOLE,2777 S KIHEI RD UNIT M 106,2000091260,,,,,,2026-07-15T19:41:40
239004082,0206,390040820206,2-3-9-004-082-0206,M 106,M106,MAUI KAMAOLE,2777 S KIHEI RD UNIT M 106,2000091261,,,,,,2026-07-15T19:41:40
239004082,0206,390040820206,2-3-9-004-082-0206,M 106,M106,MAUI KAMAOLE,2777 S KIHEI RD UNIT M 106,2001006036,,,,,,2026-07-15T19:41:40
239004082,0206,390040820206,2-3-9-004-082-0206,M 106,M106,MAUI KAMAOLE,2777 S KIHEI RD UNIT M 106,2001006037,,,,,,2026-07-15T19:41:40
239004082,0206,390040820206,2-3-9-004-082-0206,M 106,M106,MAUI KAMAOLE,2777 S KIHEI RD UNIT M 106,2001006038,,,,,,2026-07-15T19:41:40
239004082,0206,390040820206,2-3-9-004-082-0206,M 106,M106,MAUI KAMAOLE,2777 S KIHEI RD UNIT M 106,2001006039,R,,,,,2026-07-15T19:41:40
239004082,0206,390040820206,2-3-9-004-082-0206,M 106,M106,MAUI KAMAOLE,2777 S KIHEI RD UNIT M 106,2005106261,R,,,,,2026-07-15T19:41:40
239004082,0206,390040820206,2-3-9-004-082-0206,M 106,M106,MAUI KAMAOLE,2777 S KIHEI RD UNIT M 106,2005127223,M,,,,,2026-07-15T19:41:40
239004082,0207,390040820207,2-3-9-004-082-0207,M 107,M107,MAUI KAMAOLE,2777 S KIHEI RD UNIT M 107,70690608,,,,,,2026-07-15T19:41:40
239004082,0207,390040820207,2-3-9-004-082-0207,M 107,M107,MAUI KAMAOLE,2777 S KIHEI RD UNIT M 107,70690609,R,,,,,2026-07-15T19:41:40
239004082,0207,390040820207,2-3-9-004-082-0207,M 107,M107,MAUI KAMAOLE,2777 S KIHEI RD UNIT M 107,73350013,,,,,,2026-07-15T19:41:40
239004082,0207,390040820207,2-3-9-004-082-0207,M 107,M107,MAUI KAMAOLE,2777 S KIHEI RD UNIT M 107,73950539,,,,,,2026-07-15T19:41:40
239004082,0207,390040820207,2-3-9-004-082-0207,M 107,M107,MAUI KAMAOLE,2777 S KIHEI RD UNIT M 107,75100428,M,,,,,2026-07-15T19:41:40
239004082,0207,390040820207,2-3-9-004-082-0207,M 107,M107,MAUI KAMAOLE,2777 S KIHEI RD UNIT M 107,2000014654,NL,,,,,2026-07-15T19:41:40
239004082,0207,390040820207,2-3-9-004-082-0207,M 107,M107,MAUI KAMAOLE,2777 S KIHEI RD UNIT M 107,2000042517,,,,,,2026-07-15T19:41:40
239004082,0207,390040820207,2-3-9-004-082-0207,M 107,M107,MAUI KAMAOLE,2777 S KIHEI RD UNIT M 107,2000042518,,,,,,2026-07-15T19:41:40
239004082,0207,390040820207,2-3-9-004-082-0207,M 107,M107,MAUI KAMAOLE,2777 S KIHEI RD UNIT M 107,2000091260,,,,,,2026-07-15T19:41:40
239004082,0207,390040820207,2-3-9-004-082-0207,M 107,M107,MAUI KAMAOLE,2777 S KIHEI RD UNIT M 107,2000091261,,,,,,2026-07-15T19:41:40
239004082,0207,390040820207,2-3-9-004-082-0207,M 107,M107,MAUI KAMAOLE,2777 S KIHEI RD UNIT M 107,2000178265,,,,,,2026-07-15T19:41:40
239004082,0207,390040820207,2-3-9-004-082-0207,M 107,M107,MAUI KAMAOLE,2777 S KIHEI RD UNIT M 107,2000178266,,,,,,2026-07-15T19:41:40
239004082,0207,390040820207,2-3-9-004-082-0207,M 107,M107,MAUI KAMAOLE,2777 S KIHEI RD UNIT M 107,2000178267,M,,,,,2026-07-15T19:41:40
239004082,0207,390040820207,2-3-9-004-082-0207,M 107,M107,MAUI KAMAOLE,2777 S KIHEI RD UNIT M 107,2000178268,M,,,,,2026-07-15T19:41:40
239004082,0207,390040820207,2-3-9-004-082-0207,M 107,M107,MAUI KAMAOLE,2777 S KIHEI RD UNIT M 107,2001179919,M,,,,,2026-07-15T19:41:40
239004082,0207,390040820207,2-3-9-004-082-0207,M 107,M107,MAUI KAMAOLE,2777 S KIHEI RD UNIT M 107,2002006897,M,,,,,2026-07-15T19:41:40
239004082,0207,390040820207,2-3-9-004-082-0207,M 107,M107,MAUI KAMAOLE,2777 S KIHEI RD UNIT M 107,2004094581,M,,,,,2026-07-15T19:41:40
239004082,0208,390040820208,2-3-9-004-082-0208,M 108,M108,MAUI KAMAOLE,2777 S KIHEI RD UNIT M 108,47580876,M,,,,,2026-07-15T19:41:40
239004082,0208,390040820208,2-3-9-004-082-0208,M 108,M108,MAUI KAMAOLE,2777 S KIHEI RD UNIT M 108,48000700,R,,,,,2026-07-15T19:41:40
239004082,0208,390040820208,2-3-9-004-082-0208,M 108,M108,MAUI KAMAOLE,2777 S KIHEI RD UNIT M 108,61410283,MFS,,,,,2026-07-15T19:41:40
239004082,0208,390040820208,2-3-9-004-082-0208,M 108,M108,MAUI KAMAOLE,2777 S KIHEI RD UNIT M 108,62180441,R,,,,,2026-07-15T19:41:40
239004082,0208,390040820208,2-3-9-004-082-0208,M 108,M108,MAUI KAMAOLE,2777 S KIHEI RD UNIT M 108,77130600,M,,,,,2026-07-15T19:41:40
239004082,0208,390040820208,2-3-9-004-082-0208,M 108,M108,MAUI KAMAOLE,2777 S KIHEI RD UNIT M 108,77130601,M,,,,,2026-07-15T19:41:40
239004082,0208,390040820208,2-3-9-004-082-0208,M 108,M108,MAUI KAMAOLE,2777 S KIHEI RD UNIT M 108,77520947,M,,,,,2026-07-15T19:41:40
239004082,0208,390040820208,2-3-9-004-082-0208,M 108,M108,MAUI KAMAOLE,2777 S KIHEI RD UNIT M 108,79370332,M,,,,,2026-07-15T19:41:40
239004082,0208,390040820208,2-3-9-004-082-0208,M 108,M108,MAUI KAMAOLE,2777 S KIHEI RD UNIT M 108,2000014654,NL,,,,,2026-07-15T19:41:40
239004082,0208,390040820208,2-3-9-004-082-0208,M 108,M108,MAUI KAMAOLE,2777 S KIHEI RD UNIT M 108,2000042517,,,,,,2026-07-15T19:41:40
239004082,0208,390040820208,2-3-9-004-082-0208,M 108,M108,MAUI KAMAOLE,2777 S KIHEI RD UNIT M 108,2000042518,,,,,,2026-07-15T19:41:40
239004082,0208,390040820208,2-3-9-004-082-0208,M 108,M108,MAUI KAMAOLE,2777 S KIHEI RD UNIT M 108,2000091260,,,,,,2026-07-15T19:41:40
239004082,0208,390040820208,2-3-9-004-082-0208,M 108,M108,MAUI KAMAOLE,2777 S KIHEI RD UNIT M 108,2000091261,,,,,,2026-07-15T19:41:40
239004082,0208,390040820208,2-3-9-004-082-0208,M 108,M108,MAUI KAMAOLE,2777 S KIHEI RD UNIT M 108,2000178223,,,,,,2026-07-15T19:41:40
239004082,0208,390040820208,2-3-9-004-082-0208,M 108,M108,MAUI KAMAOLE,2777 S KIHEI RD UNIT M 108,2000178224,,,,,,2026-07-15T19:41:40
239004082,0208,390040820208,2-3-9-004-082-0208,M 108,M108,MAUI KAMAOLE,2777 S KIHEI RD UNIT M 108,2000178225,,,,,,2026-07-15T19:41:40
239004082,0208,390040820208,2-3-9-004-082-0208,M 108,M108,MAUI KAMAOLE,2777 S KIHEI RD UNIT M 108,2000178226,R,,,,,2026-07-15T19:41:40
239004082,0208,390040820208,2-3-9-004-082-0208,M 108,M108,MAUI KAMAOLE,2777 S KIHEI RD UNIT M 108,2000178227,M,,,,,2026-07-15T19:41:40
239004082,0208,390040820208,2-3-9-004-082-0208,M 108,M108,MAUI KAMAOLE,2777 S KIHEI RD UNIT M 108,2004082671,R,,,,,2026-07-15T19:41:40
239004082,0208,390040820208,2-3-9-004-082-0208,M 108,M108,MAUI KAMAOLE,2777 S KIHEI RD UNIT M 108,2004106580,M,,,,,2026-07-15T19:41:40
239004082,0208,390040820208,2-3-9-004-082-0208,M 108,M108,MAUI KAMAOLE,2777 S KIHEI RD UNIT M 108,2005044261,R,,,,,2026-07-15T19:41:40
239004082,0208,390040820208,2-3-9-004-082-0208,M 108,M108,MAUI KAMAOLE,2777 S KIHEI RD UNIT M 108,2010051106,M,,,,,2026-07-15T19:41:40
239004082,0209,390040820209,2-3-9-004-082-0209,M 109,M109,MAUI KAMAOLE,2777 S KIHEI RD UNIT M 109,49600545,,,,,,2026-07-15T19:41:40
239004082,0209,390040820209,2-3-9-004-082-0209,M 109,M109,MAUI KAMAOLE,2777 S KIHEI RD UNIT M 109,49600546,R,,,,,2026-07-15T19:41:40
239004082,0209,390040820209,2-3-9-004-082-0209,M 109,M109,MAUI KAMAOLE,2777 S KIHEI RD UNIT M 109,49600547,,,,,,2026-07-15T19:41:40
239004082,0209,390040820209,2-3-9-004-082-0209,M 109,M109,MAUI KAMAOLE,2777 S KIHEI RD UNIT M 109,77310690,M,,,,,2026-07-15T19:41:40
239004082,0209,390040820209,2-3-9-004-082-0209,M 109,M109,MAUI KAMAOLE,2777 S KIHEI RD UNIT M 109,86090253,,,,,,2026-07-15T19:41:40
239004082,0209,390040820209,2-3-9-004-082-0209,M 109,M109,MAUI KAMAOLE,2777 S KIHEI RD UNIT M 109,86090254,,,,,,2026-07-15T19:41:40
239004082,0209,390040820209,2-3-9-004-082-0209,M 109,M109,MAUI KAMAOLE,2777 S KIHEI RD UNIT M 109,86410390,M,,,,,2026-07-15T19:41:40
239004082,0209,390040820209,2-3-9-004-082-0209,M 109,M109,MAUI KAMAOLE,2777 S KIHEI RD UNIT M 109,2000014654,NL,,,,,2026-07-15T19:41:40
239004082,0209,390040820209,2-3-9-004-082-0209,M 109,M109,MAUI KAMAOLE,2777 S KIHEI RD UNIT M 109,2000042517,,,,,,2026-07-15T19:41:40
239004082,0209,390040820209,2-3-9-004-082-0209,M 109,M109,MAUI KAMAOLE,2777 S KIHEI RD UNIT M 109,2000042518,,,,,,2026-07-15T19:41:40
239004082,0209,390040820209,2-3-9-004-082-0209,M 109,M109,MAUI KAMAOLE,2777 S KIHEI RD UNIT M 109,2000091260,,,,,,2026-07-15T19:41:40
239004082,0209,390040820209,2-3-9-004-082-0209,M 109,M109,MAUI KAMAOLE,2777 S KIHEI RD UNIT M 109,2000091261,,,,,,2026-07-15T19:41:40
239004082,0209,390040820209,2-3-9-004-082-0209,M 109,M109,MAUI KAMAOLE,2777 S KIHEI RD UNIT M 109,2000178228,,,,,,2026-07-15T19:41:40
239004082,0209,390040820209,2-3-9-004-082-0209,M 109,M109,MAUI KAMAOLE,2777 S KIHEI RD UNIT M 109,2000178229,,,,,,2026-07-15T19:41:40
239004082,0209,390040820209,2-3-9-004-082-0209,M 109,M109,MAUI KAMAOLE,2777 S KIHEI RD UNIT M 109,2000178230,,,,,,2026-07-15T19:41:40
239004082,0209,390040820209,2-3-9-004-082-0209,M 109,M109,MAUI KAMAOLE,2777 S KIHEI RD UNIT M 109,2000178231,R,,,,,2026-07-15T19:41:40
239004082,0209,390040820209,2-3-9-004-082-0209,M 109,M109,MAUI KAMAOLE,2777 S KIHEI RD UNIT M 109,2003252672,M,,,,,2026-07-15T19:41:40
239004082,0210,390040820210,2-3-9-004-082-0210,M 110,M110,MAUI KAMAOLE,2777 S KIHEI RD UNIT M 110,57380402,,,,,,2026-07-15T19:41:40
239004082,0210,390040820210,2-3-9-004-082-0210,M 110,M110,MAUI KAMAOLE,2777 S KIHEI RD UNIT M 110,82100049,,,,,,2026-07-15T19:41:40
239004082,0210,390040820210,2-3-9-004-082-0210,M 110,M110,MAUI KAMAOLE,2777 S KIHEI RD UNIT M 110,2000014654,NL,,,,,2026-07-15T19:41:40
239004082,0210,390040820210,2-3-9-004-082-0210,M 110,M110,MAUI KAMAOLE,2777 S KIHEI RD UNIT M 110,2000042517,,,,,,2026-07-15T19:41:40
239004082,0210,390040820210,2-3-9-004-082-0210,M 110,M110,MAUI KAMAOLE,2777 S KIHEI RD UNIT M 110,2000042518,,,,,,2026-07-15T19:41:40
239004082,0210,390040820210,2-3-9-004-082-0210,M 110,M110,MAUI KAMAOLE,2777 S KIHEI RD UNIT M 110,2000091260,,,,,,2026-07-15T19:41:40
239004082,0210,390040820210,2-3-9-004-082-0210,M 110,M110,MAUI KAMAOLE,2777 S KIHEI RD UNIT M 110,2000091261,,,,,,2026-07-15T19:41:40
239004082,0210,390040820210,2-3-9-004-082-0210,M 110,M110,MAUI KAMAOLE,2777 S KIHEI RD UNIT M 110,2000178232,,,,,,2026-07-15T19:41:40
239004082,0210,390040820210,2-3-9-004-082-0210,M 110,M110,MAUI KAMAOLE,2777 S KIHEI RD UNIT M 110,2000178233,,,,,,2026-07-15T19:41:40
239004082,0210,390040820210,2-3-9-004-082-0210,M 110,M110,MAUI KAMAOLE,2777 S KIHEI RD UNIT M 110,2000178234,,,,,,2026-07-15T19:41:40
239004082,0210,390040820210,2-3-9-004-082-0210,M 110,M110,MAUI KAMAOLE,2777 S KIHEI RD UNIT M 110,2000178235,R,,,,,2026-07-15T19:41:40
239004082,0210,390040820210,2-3-9-004-082-0210,M 110,M110,MAUI KAMAOLE,2777 S KIHEI RD UNIT M 110,2001025718,R,,,,,2026-07-15T19:41:40
239004082,0210,390040820210,2-3-9-004-082-0210,M 110,M110,MAUI KAMAOLE,2777 S KIHEI RD UNIT M 110,2001037435,R,,,,,2026-07-15T19:41:40
239004082,0210,390040820210,2-3-9-004-082-0210,M 110,M110,MAUI KAMAOLE,2777 S KIHEI RD UNIT M 110,2001064209,M,,,,,2026-07-15T19:41:40
239004082,0210,390040820210,2-3-9-004-082-0210,M 110,M110,MAUI KAMAOLE,2777 S KIHEI RD UNIT M 110,2003052603,,,,,,2026-07-15T19:41:40
239004082,0210,390040820210,2-3-9-004-082-0210,M 110,M110,MAUI KAMAOLE,2777 S KIHEI RD UNIT M 110,2003052604,R,,,,,2026-07-15T19:41:40
239004082,0210,390040820210,2-3-9-004-082-0210,M 110,M110,MAUI KAMAOLE,2777 S KIHEI RD UNIT M 110,2003083639,M,,,,,2026-07-15T19:41:40
239004082,0210,390040820210,2-3-9-004-082-0210,M 110,M110,MAUI KAMAOLE,2777 S KIHEI RD UNIT M 110,2003108922,M,,,,,2026-07-15T19:41:40
239004082,0210,390040820210,2-3-9-004-082-0210,M 110,M110,MAUI KAMAOLE,2777 S KIHEI RD UNIT M 110,2004059601,M,,,,,2026-07-15T19:41:40
239004082,0210,390040820210,2-3-9-004-082-0210,M 110,M110,MAUI KAMAOLE,2777 S KIHEI RD UNIT M 110,2004059602,,,,,,2026-07-15T19:41:40
239004082,0210,390040820210,2-3-9-004-082-0210,M 110,M110,MAUI KAMAOLE,2777 S KIHEI RD UNIT M 110,2004061918,M,,,,,2026-07-15T19:41:40
239004082,0210,390040820210,2-3-9-004-082-0210,M 110,M110,MAUI KAMAOLE,2777 S KIHEI RD UNIT M 110,2004079616,M,,,,,2026-07-15T19:41:40
239004082,0210,390040820210,2-3-9-004-082-0210,M 110,M110,MAUI KAMAOLE,2777 S KIHEI RD UNIT M 110,2010197595,,,,,,2026-07-15T19:41:40
239004082,0211,390040820211,2-3-9-004-082-0211,M 201,M201,MAUI KAMAOLE,2777 S KIHEI RD UNIT M 201,50441025,M,,,,,2026-07-15T19:41:40
239004082,0211,390040820211,2-3-9-004-082-0211,M 201,M201,MAUI KAMAOLE,2777 S KIHEI RD UNIT M 201,2000014654,NL,,,,,2026-07-15T19:41:40
239004082,0211,390040820211,2-3-9-004-082-0211,M 201,M201,MAUI KAMAOLE,2777 S KIHEI RD UNIT M 201,2000042517,,,,,,2026-07-15T19:41:40
239004082,0211,390040820211,2-3-9-004-082-0211,M 201,M201,MAUI KAMAOLE,2777 S KIHEI RD UNIT M 201,2000042518,,,,,,2026-07-15T19:41:40
239004082,0211,390040820211,2-3-9-004-082-0211,M 201,M201,MAUI KAMAOLE,2777 S KIHEI RD UNIT M 201,2000091260,,,,,,2026-07-15T19:41:40
239004082,0211,390040820211,2-3-9-004-082-0211,M 201,M201,MAUI KAMAOLE,2777 S KIHEI RD UNIT M 201,2000091261,,,,,,2026-07-15T19:41:40
239004082,0211,390040820211,2-3-9-004-082-0211,M 201,M201,MAUI KAMAOLE,2777 S KIHEI RD UNIT M 201,2000178236,,,,,,2026-07-15T19:41:40
239004082,0211,390040820211,2-3-9-004-082-0211,M 201,M201,MAUI KAMAOLE,2777 S KIHEI RD UNIT M 201,2000178237,,,,,,2026-07-15T19:41:40
239004082,0211,390040820211,2-3-9-004-082-0211,M 201,M201,MAUI KAMAOLE,2777 S KIHEI RD UNIT M 201,2000178238,M,,,,,2026-07-15T19:41:40
239004082,0211,390040820211,2-3-9-004-082-0211,M 201,M201,MAUI KAMAOLE,2777 S KIHEI RD UNIT M 201,2000178239,M,,,,,2026-07-15T19:41:40
239004082,0211,390040820211,2-3-9-004-082-0211,M 201,M201,MAUI KAMAOLE,2777 S KIHEI RD UNIT M 201,2003200250,M,,,,,2026-07-15T19:41:40
239004082,0211,390040820211,2-3-9-004-082-0211,M 201,M201,MAUI KAMAOLE,2777 S KIHEI RD UNIT M 201,2003200251,M,,,,,2026-07-15T19:41:40
239004082,0211,390040820211,2-3-9-004-082-0211,M 201,M201,MAUI KAMAOLE,2777 S KIHEI RD UNIT M 201,2003256500,M,,,,,2026-07-15T19:41:40
239004082,0212,390040820212,2-3-9-004-082-0212,M 202,M202,MAUI KAMAOLE,2777 S KIHEI RD UNIT M 202,48880313,,,,,,2026-07-15T19:41:40
239004082,0212,390040820212,2-3-9-004-082-0212,M 202,M202,MAUI KAMAOLE,2777 S KIHEI RD UNIT M 202,60080590,,,,,,2026-07-15T19:41:40
239004082,0212,390040820212,2-3-9-004-082-0212,M 202,M202,MAUI KAMAOLE,2777 S KIHEI RD UNIT M 202,86140674,M,,,,,2026-07-15T19:41:40
239004082,0212,390040820212,2-3-9-004-082-0212,M 202,M202,MAUI KAMAOLE,2777 S KIHEI RD UNIT M 202,86140675,M,,,,,2026-07-15T19:41:40
239004082,0212,390040820212,2-3-9-004-082-0212,M 202,M202,MAUI KAMAOLE,2777 S KIHEI RD UNIT M 202,86140676,R,,,,,2026-07-15T19:41:40
239004082,0212,390040820212,2-3-9-004-082-0212,M 202,M202,MAUI KAMAOLE,2777 S KIHEI RD UNIT M 202,2000014654,NL,,,,,2026-07-15T19:41:40
239004082,0212,390040820212,2-3-9-004-082-0212,M 202,M202,MAUI KAMAOLE,2777 S KIHEI RD UNIT M 202,2000042517,,,,,,2026-07-15T19:41:40
239004082,0212,390040820212,2-3-9-004-082-0212,M 202,M202,MAUI KAMAOLE,2777 S KIHEI RD UNIT M 202,2000042518,,,,,,2026-07-15T19:41:40
239004082,0212,390040820212,2-3-9-004-082-0212,M 202,M202,MAUI KAMAOLE,2777 S KIHEI RD UNIT M 202,2000091260,,,,,,2026-07-15T19:41:40
239004082,0212,390040820212,2-3-9-004-082-0212,M 202,M202,MAUI KAMAOLE,2777 S KIHEI RD UNIT M 202,2000091261,,,,,,2026-07-15T19:41:40
239004082,0212,390040820212,2-3-9-004-082-0212,M 202,M202,MAUI KAMAOLE,2777 S KIHEI RD UNIT M 202,2000178240,,,,,,2026-07-15T19:41:40
239004082,0212,390040820212,2-3-9-004-082-0212,M 202,M202,MAUI KAMAOLE,2777 S KIHEI RD UNIT M 202,2000178241,,,,,,2026-07-15T19:41:40
239004082,0212,390040820212,2-3-9-004-082-0212,M 202,M202,MAUI KAMAOLE,2777 S KIHEI RD UNIT M 202,2000178242,,,,,,2026-07-15T19:41:40
239004082,0212,390040820212,2-3-9-004-082-0212,M 202,M202,MAUI KAMAOLE,2777 S KIHEI RD UNIT M 202,2000178243,R,,,,,2026-07-15T19:41:40
239004082,0212,390040820212,2-3-9-004-082-0212,M 202,M202,MAUI KAMAOLE,2777 S KIHEI RD UNIT M 202,2003039586,,,,,,2026-07-15T19:41:40
239004082,0212,390040820212,2-3-9-004-082-0212,M 202,M202,MAUI KAMAOLE,2777 S KIHEI RD UNIT M 202,2003039587,R,,,,,2026-07-15T19:41:40
239004082,0212,390040820212,2-3-9-004-082-0212,M 202,M202,MAUI KAMAOLE,2777 S KIHEI RD UNIT M 202,2003082107,M,,,,,2026-07-15T19:41:40
239004082,0212,390040820212,2-3-9-004-082-0212,M 202,M202,MAUI KAMAOLE,2777 S KIHEI RD UNIT M 202,2004174400,R,,,,,2026-07-15T19:41:40
239004082,0212,390040820212,2-3-9-004-082-0212,M 202,M202,MAUI KAMAOLE,2777 S KIHEI RD UNIT M 202,2005017886,,,,,,2026-07-15T19:41:40
239004082,0212,390040820212,2-3-9-004-082-0212,M 202,M202,MAUI KAMAOLE,2777 S KIHEI RD UNIT M 202,2005017887,,,,,,2026-07-15T19:41:40
239004082,0212,390040820212,2-3-9-004-082-0212,M 202,M202,MAUI KAMAOLE,2777 S KIHEI RD UNIT M 202,2005057189,M,,,,,2026-07-15T19:41:40
239004082,0212,390040820212,2-3-9-004-082-0212,M 202,M202,MAUI KAMAOLE,2777 S KIHEI RD UNIT M 202,9448000214,,,,,,2026-07-15T19:41:40
239004082,0212,390040820212,2-3-9-004-082-0212,M 202,M202,MAUI KAMAOLE,2777 S KIHEI RD UNIT M 202,9488000323,M,,,,,2026-07-15T19:41:40
239004082,0213,390040820213,2-3-9-004-082-0213,M 203,M203,MAUI KAMAOLE,2777 S KIHEI RD UNIT M 203,55220466,,,,,,2026-07-15T19:41:40
239004082,0213,390040820213,2-3-9-004-082-0213,M 203,M203,MAUI KAMAOLE,2777 S KIHEI RD UNIT M 203,55220467,R,,,,,2026-07-15T19:41:40
239004082,0213,390040820213,2-3-9-004-082-0213,M 203,M203,MAUI KAMAOLE,2777 S KIHEI RD UNIT M 203,80130235,M,,,,,2026-07-15T19:41:40
239004082,0213,390040820213,2-3-9-004-082-0213,M 203,M203,MAUI KAMAOLE,2777 S KIHEI RD UNIT M 203,80130236,,,,,,2026-07-15T19:41:40
239004082,0213,390040820213,2-3-9-004-082-0213,M 203,M203,MAUI KAMAOLE,2777 S KIHEI RD UNIT M 203,80840228,MFS,,,,,2026-07-15T19:41:40
239004082,0213,390040820213,2-3-9-004-082-0213,M 203,M203,MAUI KAMAOLE,2777 S KIHEI RD UNIT M 203,2000014654,NL,,,,,2026-07-15T19:41:40
239004082,0213,390040820213,2-3-9-004-082-0213,M 203,M203,MAUI KAMAOLE,2777 S KIHEI RD UNIT M 203,2000042517,,,,,,2026-07-15T19:41:40
239004082,0213,390040820213,2-3-9-004-082-0213,M 203,M203,MAUI KAMAOLE,2777 S KIHEI RD UNIT M 203,2000042518,,,,,,2026-07-15T19:41:40
239004082,0213,390040820213,2-3-9-004-082-0213,M 203,M203,MAUI KAMAOLE,2777 S KIHEI RD UNIT M 203,2000091260,,,,,,2026-07-15T19:41:40
239004082,0213,390040820213,2-3-9-004-082-0213,M 203,M203,MAUI KAMAOLE,2777 S KIHEI RD UNIT M 203,2000091261,,,,,,2026-07-15T19:41:40
239004082,0213,390040820213,2-3-9-004-082-0213,M 203,M203,MAUI KAMAOLE,2777 S KIHEI RD UNIT M 203,2000178244,,,,,,2026-07-15T19:41:40
239004082,0213,390040820213,2-3-9-004-082-0213,M 203,M203,MAUI KAMAOLE,2777 S KIHEI RD UNIT M 203,2000178245,,,,,,2026-07-15T19:41:40
239004082,0213,390040820213,2-3-9-004-082-0213,M 203,M203,MAUI KAMAOLE,2777 S KIHEI RD UNIT M 203,2000178246,,,,,,2026-07-15T19:41:40
239004082,0213,390040820213,2-3-9-004-082-0213,M 203,M203,MAUI KAMAOLE,2777 S KIHEI RD UNIT M 203,2000178247,R,,,,,2026-07-15T19:41:40
239004082,0213,390040820213,2-3-9-004-082-0213,M 203,M203,MAUI KAMAOLE,2777 S KIHEI RD UNIT M 203,2003221417,,,,,,2026-07-15T19:41:40
239004082,0213,390040820213,2-3-9-004-082-0213,M 203,M203,MAUI KAMAOLE,2777 S KIHEI RD UNIT M 203,2005141112,M,,,,,2026-07-15T19:41:40
239004082,0214,390040820214,2-3-9-004-082-0214,M 204,M204,MAUI KAMAOLE,2777 S KIHEI RD UNIT M 204,47940348,M,,,,,2026-07-15T19:41:40
239004082,0214,390040820214,2-3-9-004-082-0214,M 204,M204,MAUI KAMAOLE,2777 S KIHEI RD UNIT M 204,47940349,R,,,,,2026-07-15T19:41:40
239004082,0214,390040820214,2-3-9-004-082-0214,M 204,M204,MAUI KAMAOLE,2777 S KIHEI RD UNIT M 204,48080733,M,,,,,2026-07-15T19:41:40
239004082,0214,390040820214,2-3-9-004-082-0214,M 204,M204,MAUI KAMAOLE,2777 S KIHEI RD UNIT M 204,78940286,M,,,,,2026-07-15T19:41:40
239004082,0214,390040820214,2-3-9-004-082-0214,M 204,M204,MAUI KAMAOLE,2777 S KIHEI RD UNIT M 204,78940287,,,,,,2026-07-15T19:41:40
239004082,0214,390040820214,2-3-9-004-082-0214,M 204,M204,MAUI KAMAOLE,2777 S KIHEI RD UNIT M 204,78990793,M,,,,,2026-07-15T19:41:40
239004082,0214,390040820214,2-3-9-004-082-0214,M 204,M204,MAUI KAMAOLE,2777 S KIHEI RD UNIT M 204,2000014654,NL,,,,,2026-07-15T19:41:40
239004082,0214,390040820214,2-3-9-004-082-0214,M 204,M204,MAUI KAMAOLE,2777 S KIHEI RD UNIT M 204,2000042517,,,,,,2026-07-15T19:41:40
239004082,0214,390040820214,2-3-9-004-082-0214,M 204,M204,MAUI KAMAOLE,2777 S KIHEI RD UNIT M 204,2000042518,,,,,,2026-07-15T19:41:40
239004082,0214,390040820214,2-3-9-004-082-0214,M 204,M204,MAUI KAMAOLE,2777 S KIHEI RD UNIT M 204,2000091260,,,,,,2026-07-15T19:41:40
239004082,0214,390040820214,2-3-9-004-082-0214,M 204,M204,MAUI KAMAOLE,2777 S KIHEI RD UNIT M 204,2000091261,,,,,,2026-07-15T19:41:40
239004082,0214,390040820214,2-3-9-004-082-0214,M 204,M204,MAUI KAMAOLE,2777 S KIHEI RD UNIT M 204,2000178248,,,,,,2026-07-15T19:41:40
239004082,0214,390040820214,2-3-9-004-082-0214,M 204,M204,MAUI KAMAOLE,2777 S KIHEI RD UNIT M 204,2000178249,,,,,,2026-07-15T19:41:40
239004082,0214,390040820214,2-3-9-004-082-0214,M 204,M204,MAUI KAMAOLE,2777 S KIHEI RD UNIT M 204,2000178250,M,,,,,2026-07-15T19:41:40
239004082,0214,390040820214,2-3-9-004-082-0214,M 204,M204,MAUI KAMAOLE,2777 S KIHEI RD UNIT M 204,2000178251,M,,,,,2026-07-15T19:41:40
239004082,0214,390040820214,2-3-9-004-082-0214,M 204,M204,MAUI KAMAOLE,2777 S KIHEI RD UNIT M 204,2000178252,M,,,,,2026-07-15T19:41:40
239004082,0214,390040820214,2-3-9-004-082-0214,M 204,M204,MAUI KAMAOLE,2777 S KIHEI RD UNIT M 204,2007026702,M,,,,,2026-07-15T19:41:40
239004082,0214,390040820214,2-3-9-004-082-0214,M 204,M204,MAUI KAMAOLE,2777 S KIHEI RD UNIT M 204,2007049169,M,,,,,2026-07-15T19:41:40
239004082,0214,390040820214,2-3-9-004-082-0214,M 204,M204,MAUI KAMAOLE,2777 S KIHEI RD UNIT M 204,2007054165,M,,,,,2026-07-15T19:41:40
239004082,0215,390040820215,2-3-9-004-082-0215,M 205,M205,MAUI KAMAOLE,2777 S KIHEI RD UNIT M 205,89140285,,,,,,2026-07-15T19:41:40
239004082,0215,390040820215,2-3-9-004-082-0215,M 205,M205,MAUI KAMAOLE,2777 S KIHEI RD UNIT M 205,2000014654,NL,,,,,2026-07-15T19:41:40
239004082,0215,390040820215,2-3-9-004-082-0215,M 205,M205,MAUI KAMAOLE,2777 S KIHEI RD UNIT M 205,2000042517,,,,,,2026-07-15T19:41:40
239004082,0215,390040820215,2-3-9-004-082-0215,M 205,M205,MAUI KAMAOLE,2777 S KIHEI RD UNIT M 205,2000042518,,,,,,2026-07-15T19:41:40
239004082,0215,390040820215,2-3-9-004-082-0215,M 205,M205,MAUI KAMAOLE,2777 S KIHEI RD UNIT M 205,2000091260,,,,,,2026-07-15T19:41:40
239004082,0215,390040820215,2-3-9-004-082-0215,M 205,M205,MAUI KAMAOLE,2777 S KIHEI RD UNIT M 205,2000091261,,,,,,2026-07-15T19:41:40
239004082,0215,390040820215,2-3-9-004-082-0215,M 205,M205,MAUI KAMAOLE,2777 S KIHEI RD UNIT M 205,2000178253,,,,,,2026-07-15T19:41:40
239004082,0215,390040820215,2-3-9-004-082-0215,M 205,M205,MAUI KAMAOLE,2777 S KIHEI RD UNIT M 205,2000178254,,,,,,2026-07-15T19:41:40
239004082,0215,390040820215,2-3-9-004-082-0215,M 205,M205,MAUI KAMAOLE,2777 S KIHEI RD UNIT M 205,2000178255,,,,,,2026-07-15T19:41:40
239004082,0215,390040820215,2-3-9-004-082-0215,M 205,M205,MAUI KAMAOLE,2777 S KIHEI RD UNIT M 205,2000178256,R,,,,,2026-07-15T19:41:40
239004082,0215,390040820215,2-3-9-004-082-0215,M 205,M205,MAUI KAMAOLE,2777 S KIHEI RD UNIT M 205,2001018725,,,,,,2026-07-15T19:41:40
239004082,0215,390040820215,2-3-9-004-082-0215,M 205,M205,MAUI KAMAOLE,2777 S KIHEI RD UNIT M 205,2001018726,R,,,,,2026-07-15T19:41:40
239004082,0215,390040820215,2-3-9-004-082-0215,M 205,M205,MAUI KAMAOLE,2777 S KIHEI RD UNIT M 205,2001021829,,,,,,2026-07-15T19:41:40
239004082,0215,390040820215,2-3-9-004-082-0215,M 205,M205,MAUI KAMAOLE,2777 S KIHEI RD UNIT M 205,2001072640,M,,,,,2026-07-15T19:41:40
239004082,0215,390040820215,2-3-9-004-082-0215,M 205,M205,MAUI KAMAOLE,2777 S KIHEI RD UNIT M 205,2007169281,M,,,,,2026-07-15T19:41:40
239004082,0215,390040820215,2-3-9-004-082-0215,M 205,M205,MAUI KAMAOLE,2777 S KIHEI RD UNIT M 205,2009017161,,,,,,2026-07-15T19:41:40
239004082,0216,390040820216,2-3-9-004-082-0216,M 206,M206,MAUI KAMAOLE,2777 S KIHEI RD UNIT M 206,48560001,,,,,,2026-07-15T19:41:40
239004082,0216,390040820216,2-3-9-004-082-0216,M 206,M206,MAUI KAMAOLE,2777 S KIHEI RD UNIT M 206,49180753,M,,,,,2026-07-15T19:41:40
239004082,0216,390040820216,2-3-9-004-082-0216,M 206,M206,MAUI KAMAOLE,2777 S KIHEI RD UNIT M 206,52280144,,,,,,2026-07-15T19:41:40
239004082,0216,390040820216,2-3-9-004-082-0216,M 206,M206,MAUI KAMAOLE,2777 S KIHEI RD UNIT M 206,2000014654,NL,,,,,2026-07-15T19:41:40
239004082,0216,390040820216,2-3-9-004-082-0216,M 206,M206,MAUI KAMAOLE,2777 S KIHEI RD UNIT M 206,2000042517,,,,,,2026-07-15T19:41:40
239004082,0216,390040820216,2-3-9-004-082-0216,M 206,M206,MAUI KAMAOLE,2777 S KIHEI RD UNIT M 206,2000042518,,,,,,2026-07-15T19:41:40
239004082,0216,390040820216,2-3-9-004-082-0216,M 206,M206,MAUI KAMAOLE,2777 S KIHEI RD UNIT M 206,2000091260,,,,,,2026-07-15T19:41:40
239004082,0216,390040820216,2-3-9-004-082-0216,M 206,M206,MAUI KAMAOLE,2777 S KIHEI RD UNIT M 206,2000091261,,,,,,2026-07-15T19:41:40
239004082,0216,390040820216,2-3-9-004-082-0216,M 206,M206,MAUI KAMAOLE,2777 S KIHEI RD UNIT M 206,2001013900,,,,,,2026-07-15T19:41:40
239004082,0216,390040820216,2-3-9-004-082-0216,M 206,M206,MAUI KAMAOLE,2777 S KIHEI RD UNIT M 206,2001013901,,,,,,2026-07-15T19:41:40
239004082,0216,390040820216,2-3-9-004-082-0216,M 206,M206,MAUI KAMAOLE,2777 S KIHEI RD UNIT M 206,2001013902,,,,,,2026-07-15T19:41:40
239004082,0216,390040820216,2-3-9-004-082-0216,M 206,M206,MAUI KAMAOLE,2777 S KIHEI RD UNIT M 206,2001013903,R,,,,,2026-07-15T19:41:40
239004082,0216,390040820216,2-3-9-004-082-0216,M 206,M206,MAUI KAMAOLE,2777 S KIHEI RD UNIT M 206,2001016602,,,,,,2026-07-15T19:41:40
239004082,0216,390040820216,2-3-9-004-082-0216,M 206,M206,MAUI KAMAOLE,2777 S KIHEI RD UNIT M 206,2003131008,R,,,,,2026-07-15T19:41:40
239004082,0216,390040820216,2-3-9-004-082-0216,M 206,M206,MAUI KAMAOLE,2777 S KIHEI RD UNIT M 206,2004055042,M,,,,,2026-07-15T19:41:40
239004082,0217,390040820217,2-3-9-004-082-0217,M 207,M207,MAUI KAMAOLE,2777 S KIHEI RD UNIT M 207,48420672,,,,,,2026-07-15T19:41:40
239004082,0217,390040820217,2-3-9-004-082-0217,M 207,M207,MAUI KAMAOLE,2777 S KIHEI RD UNIT M 207,48420673,,,,,,2026-07-15T19:41:40
239004082,0217,390040820217,2-3-9-004-082-0217,M 207,M207,MAUI KAMAOLE,2777 S KIHEI RD UNIT M 207,52610310,,,,,,2026-07-15T19:41:40
239004082,0217,390040820217,2-3-9-004-082-0217,M 207,M207,MAUI KAMAOLE,2777 S KIHEI RD UNIT M 207,2000014654,NL,,,,,2026-07-15T19:41:40
239004082,0217,390040820217,2-3-9-004-082-0217,M 207,M207,MAUI KAMAOLE,2777 S KIHEI RD UNIT M 207,2000042517,,,,,,2026-07-15T19:41:40
239004082,0217,390040820217,2-3-9-004-082-0217,M 207,M207,MAUI KAMAOLE,2777 S KIHEI RD UNIT M 207,2000042518,,,,,,2026-07-15T19:41:40
239004082,0217,390040820217,2-3-9-004-082-0217,M 207,M207,MAUI KAMAOLE,2777 S KIHEI RD UNIT M 207,2000091260,,,,,,2026-07-15T19:41:40
239004082,0217,390040820217,2-3-9-004-082-0217,M 207,M207,MAUI KAMAOLE,2777 S KIHEI RD UNIT M 207,2000091261,,,,,,2026-07-15T19:41:40
239004082,0217,390040820217,2-3-9-004-082-0217,M 207,M207,MAUI KAMAOLE,2777 S KIHEI RD UNIT M 207,2001001106,,,,,,2026-07-15T19:41:40
239004082,0217,390040820217,2-3-9-004-082-0217,M 207,M207,MAUI KAMAOLE,2777 S KIHEI RD UNIT M 207,2001001107,,,,,,2026-07-15T19:41:40
239004082,0217,390040820217,2-3-9-004-082-0217,M 207,M207,MAUI KAMAOLE,2777 S KIHEI RD UNIT M 207,2001001108,,,,,,2026-07-15T19:41:40
239004082,0217,390040820217,2-3-9-004-082-0217,M 207,M207,MAUI KAMAOLE,2777 S KIHEI RD UNIT M 207,2001001109,R,,,,,2026-07-15T19:41:40
239004082,0217,390040820217,2-3-9-004-082-0217,M 207,M207,MAUI KAMAOLE,2777 S KIHEI RD UNIT M 207,2001001110,R,,,,,2026-07-15T19:41:40
239004082,0217,390040820217,2-3-9-004-082-0217,M 207,M207,MAUI KAMAOLE,2777 S KIHEI RD UNIT M 207,2002145409,R,,,,,2026-07-15T19:41:40
239004082,0217,390040820217,2-3-9-004-082-0217,M 207,M207,MAUI KAMAOLE,2777 S KIHEI RD UNIT M 207,2002145410,R,,,,,2026-07-15T19:41:40
239004082,0217,390040820217,2-3-9-004-082-0217,M 207,M207,MAUI KAMAOLE,2777 S KIHEI RD UNIT M 207,2002173222,M,,,,,2026-07-15T19:41:40
239004082,0217,390040820217,2-3-9-004-082-0217,M 207,M207,MAUI KAMAOLE,2777 S KIHEI RD UNIT M 207,2002228504,MFS,,,,,2026-07-15T19:41:40
239004082,0217,390040820217,2-3-9-004-082-0217,M 207,M207,MAUI KAMAOLE,2777 S KIHEI RD UNIT M 207,2003140256,R,,,,,2026-07-15T19:41:40
239004082,0217,390040820217,2-3-9-004-082-0217,M 207,M207,MAUI KAMAOLE,2777 S KIHEI RD UNIT M 207,2003211851,M,,,,,2026-07-15T19:41:40
239004082,0217,390040820217,2-3-9-004-082-0217,M 207,M207,MAUI KAMAOLE,2777 S KIHEI RD UNIT M 207,2003270202,MFS,,,,,2026-07-15T19:41:40
239004082,0217,390040820217,2-3-9-004-082-0217,M 207,M207,MAUI KAMAOLE,2777 S KIHEI RD UNIT M 207,2003271355,MFS,,,,,2026-07-15T19:41:40
239004082,0217,390040820217,2-3-9-004-082-0217,M 207,M207,MAUI KAMAOLE,2777 S KIHEI RD UNIT M 207,2005073069,,,,,,2026-07-15T19:41:40
239004082,0217,390040820217,2-3-9-004-082-0217,M 207,M207,MAUI KAMAOLE,2777 S KIHEI RD UNIT M 207,2005073070,R,,,,,2026-07-15T19:41:40
239004082,0217,390040820217,2-3-9-004-082-0217,M 207,M207,MAUI KAMAOLE,2777 S KIHEI RD UNIT M 207,2005102056,M,,,,,2026-07-15T19:41:40
239004082,0217,390040820217,2-3-9-004-082-0217,M 207,M207,MAUI KAMAOLE,2777 S KIHEI RD UNIT M 207,2006112327,R,,,,,2026-07-15T19:41:40
239004082,0217,390040820217,2-3-9-004-082-0217,M 207,M207,MAUI KAMAOLE,2777 S KIHEI RD UNIT M 207,2006135554,M,,,,,2026-07-15T19:41:40
239004082,0217,390040820217,2-3-9-004-082-0217,M 207,M207,MAUI KAMAOLE,2777 S KIHEI RD UNIT M 207,2007033660,,,,,,2026-07-15T19:41:40
239004082,0217,390040820217,2-3-9-004-082-0217,M 207,M207,MAUI KAMAOLE,2777 S KIHEI RD UNIT M 207,2007033661,R,,,,,2026-07-15T19:41:40
239004082,0217,390040820217,2-3-9-004-082-0217,M 207,M207,MAUI KAMAOLE,2777 S KIHEI RD UNIT M 207,2007066490,M,,,,,2026-07-15T19:41:40
239004082,0217,390040820217,2-3-9-004-082-0217,M 207,M207,MAUI KAMAOLE,2777 S KIHEI RD UNIT M 207,2009118534,M,,,,,2026-07-15T19:41:40
239004082,0218,390040820218,2-3-9-004-082-0218,M 208,M208,MAUI KAMAOLE,2777 S KIHEI RD UNIT M 208,62330277,,,,,,2026-07-15T19:41:40
239004082,0218,390040820218,2-3-9-004-082-0218,M 208,M208,MAUI KAMAOLE,2777 S KIHEI RD UNIT M 208,2000014654,NL,,,,,2026-07-15T19:41:40
239004082,0218,390040820218,2-3-9-004-082-0218,M 208,M208,MAUI KAMAOLE,2777 S KIHEI RD UNIT M 208,2000042517,,,,,,2026-07-15T19:41:40
239004082,0218,390040820218,2-3-9-004-082-0218,M 208,M208,MAUI KAMAOLE,2777 S KIHEI RD UNIT M 208,2000042518,,,,,,2026-07-15T19:41:40
239004082,0218,390040820218,2-3-9-004-082-0218,M 208,M208,MAUI KAMAOLE,2777 S KIHEI RD UNIT M 208,2000091260,,,,,,2026-07-15T19:41:40
239004082,0218,390040820218,2-3-9-004-082-0218,M 208,M208,MAUI KAMAOLE,2777 S KIHEI RD UNIT M 208,2000091261,,,,,,2026-07-15T19:41:40
239004082,0218,390040820218,2-3-9-004-082-0218,M 208,M208,MAUI KAMAOLE,2777 S KIHEI RD UNIT M 208,2000178257,,,,,,2026-07-15T19:41:40
239004082,0218,390040820218,2-3-9-004-082-0218,M 208,M208,MAUI KAMAOLE,2777 S KIHEI RD UNIT M 208,2000178258,,,,,,2026-07-15T19:41:40
239004082,0218,390040820218,2-3-9-004-082-0218,M 208,M208,MAUI KAMAOLE,2777 S KIHEI RD UNIT M 208,2000178259,,,,,,2026-07-15T19:41:40
239004082,0218,390040820218,2-3-9-004-082-0218,M 208,M208,MAUI KAMAOLE,2777 S KIHEI RD UNIT M 208,2000178260,R,,,,,2026-07-15T19:41:40
239004082,0218,390040820218,2-3-9-004-082-0218,M 208,M208,MAUI KAMAOLE,2777 S KIHEI RD UNIT M 208,2002087093,,,,,,2026-07-15T19:41:40
239004082,0218,390040820218,2-3-9-004-082-0218,M 208,M208,MAUI KAMAOLE,2777 S KIHEI RD UNIT M 208,2002145376,M,,,,,2026-07-15T19:41:40
239004082,0219,390040820219,2-3-9-004-082-0219,M 209,M209,MAUI KAMAOLE,2777 S KIHEI RD UNIT M 209,58780052,,,,,,2026-07-15T19:41:40
239004082,0219,390040820219,2-3-9-004-082-0219,M 209,M209,MAUI KAMAOLE,2777 S KIHEI RD UNIT M 209,58780053,R,,,,,2026-07-15T19:41:40
239004082,0219,390040820219,2-3-9-004-082-0219,M 209,M209,MAUI KAMAOLE,2777 S KIHEI RD UNIT M 209,78990670,M,,,,,2026-07-15T19:41:40
239004082,0219,390040820219,2-3-9-004-082-0219,M 209,M209,MAUI KAMAOLE,2777 S KIHEI RD UNIT M 209,81430727,M,,,,,2026-07-15T19:41:40
239004082,0219,390040820219,2-3-9-004-082-0219,M 209,M209,MAUI KAMAOLE,2777 S KIHEI RD UNIT M 209,2000014654,NL,,,,,2026-07-15T19:41:40
239004082,0219,390040820219,2-3-9-004-082-0219,M 209,M209,MAUI KAMAOLE,2777 S KIHEI RD UNIT M 209,2000042517,,,,,,2026-07-15T19:41:40
239004082,0219,390040820219,2-3-9-004-082-0219,M 209,M209,MAUI KAMAOLE,2777 S KIHEI RD UNIT M 209,2000042518,,,,,,2026-07-15T19:41:40
239004082,0219,390040820219,2-3-9-004-082-0219,M 209,M209,MAUI KAMAOLE,2777 S KIHEI RD UNIT M 209,2000091260,,,,,,2026-07-15T19:41:40
239004082,0219,390040820219,2-3-9-004-082-0219,M 209,M209,MAUI KAMAOLE,2777 S KIHEI RD UNIT M 209,2000091261,,,,,,2026-07-15T19:41:40
239004082,0219,390040820219,2-3-9-004-082-0219,M 209,M209,MAUI KAMAOLE,2777 S KIHEI RD UNIT M 209,2001003594,,,,,,2026-07-15T19:41:40
239004082,0219,390040820219,2-3-9-004-082-0219,M 209,M209,MAUI KAMAOLE,2777 S KIHEI RD UNIT M 209,2001003595,,,,,,2026-07-15T19:41:40
239004082,0219,390040820219,2-3-9-004-082-0219,M 209,M209,MAUI KAMAOLE,2777 S KIHEI RD UNIT M 209,2001003596,R,,,,,2026-07-15T19:41:40
239004082,0219,390040820219,2-3-9-004-082-0219,M 209,M209,MAUI KAMAOLE,2777 S KIHEI RD UNIT M 209,2001003597,R,,,,,2026-07-15T19:41:40
239004082,0219,390040820219,2-3-9-004-082-0219,M 209,M209,MAUI KAMAOLE,2777 S KIHEI RD UNIT M 209,2003070317,R,,,,,2026-07-15T19:41:40
239004082,0219,390040820219,2-3-9-004-082-0219,M 209,M209,MAUI KAMAOLE,2777 S KIHEI RD UNIT M 209,2003152480,M,,,,,2026-07-15T19:41:40
239004082,0219,390040820219,2-3-9-004-082-0219,M 209,M209,MAUI KAMAOLE,2777 S KIHEI RD UNIT M 209,2005038368,,,,,,2026-07-15T19:41:40
239004082,0219,390040820219,2-3-9-004-082-0219,M 209,M209,MAUI KAMAOLE,2777 S KIHEI RD UNIT M 209,2007184344,,,,,,2026-07-15T19:41:40
239004082,0220,390040820220,2-3-9-004-082-0220,M 210,M210,MAUI KAMAOLE,2777 S KIHEI RD UNIT M 210,64460343,M,,,,,2026-07-15T19:41:40
239004082,0220,390040820220,2-3-9-004-082-0220,M 210,M210,MAUI KAMAOLE,2777 S KIHEI RD UNIT M 210,64460344,R,,,,,2026-07-15T19:41:40
239004082,0220,390040820220,2-3-9-004-082-0220,M 210,M210,MAUI KAMAOLE,2777 S KIHEI RD UNIT M 210,64930622,M,,,,,2026-07-15T19:41:40
239004082,0220,390040820220,2-3-9-004-082-0220,M 210,M210,MAUI KAMAOLE,2777 S KIHEI RD UNIT M 210,76470112,,,,,,2026-07-15T19:41:40
239004082,0220,390040820220,2-3-9-004-082-0220,M 210,M210,MAUI KAMAOLE,2777 S KIHEI RD UNIT M 210,79200298,MFS,,,,,2026-07-15T19:41:40
239004082,0220,390040820220,2-3-9-004-082-0220,M 210,M210,MAUI KAMAOLE,2777 S KIHEI RD UNIT M 210,2000014654,NL,,,,,2026-07-15T19:41:40
239004082,0220,390040820220,2-3-9-004-082-0220,M 210,M210,MAUI KAMAOLE,2777 S KIHEI RD UNIT M 210,2000042517,,,,,,2026-07-15T19:41:40
239004082,0220,390040820220,2-3-9-004-082-0220,M 210,M210,MAUI KAMAOLE,2777 S KIHEI RD UNIT M 210,2000042518,,,,,,2026-07-15T19:41:40
239004082,0220,390040820220,2-3-9-004-082-0220,M 210,M210,MAUI KAMAOLE,2777 S KIHEI RD UNIT M 210,2000091260,,,,,,2026-07-15T19:41:40
239004082,0220,390040820220,2-3-9-004-082-0220,M 210,M210,MAUI KAMAOLE,2777 S KIHEI RD UNIT M 210,2000091261,,,,,,2026-07-15T19:41:40
239004082,0220,390040820220,2-3-9-004-082-0220,M 210,M210,MAUI KAMAOLE,2777 S KIHEI RD UNIT M 210,2000178261,,,,,,2026-07-15T19:41:40
239004082,0220,390040820220,2-3-9-004-082-0220,M 210,M210,MAUI KAMAOLE,2777 S KIHEI RD UNIT M 210,2000178262,,,,,,2026-07-15T19:41:40
239004082,0220,390040820220,2-3-9-004-082-0220,M 210,M210,MAUI KAMAOLE,2777 S KIHEI RD UNIT M 210,2000178263,R,,,,,2026-07-15T19:41:40
239004082,0220,390040820220,2-3-9-004-082-0220,M 210,M210,MAUI KAMAOLE,2777 S KIHEI RD UNIT M 210,2000178264,R,,,,,2026-07-15T19:41:40
239004082,0220,390040820220,2-3-9-004-082-0220,M 210,M210,MAUI KAMAOLE,2777 S KIHEI RD UNIT M 210,2003049001,M,,,,,2026-07-15T19:41:40
239004082,0220,390040820220,2-3-9-004-082-0220,M 210,M210,MAUI KAMAOLE,2777 S KIHEI RD UNIT M 210,2003049002,M,,,,,2026-07-15T19:41:40
239004082,0220,390040820220,2-3-9-004-082-0220,M 210,M210,MAUI KAMAOLE,2777 S KIHEI RD UNIT M 210,2004026567,M,,,,,2026-07-15T19:41:40
239004082,0220,390040820220,2-3-9-004-082-0220,M 210,M210,MAUI KAMAOLE,2777 S KIHEI RD UNIT M 210,2009028143,R,,,,,2026-07-15T19:41:40
239004082,0220,390040820220,2-3-9-004-082-0220,M 210,M210,MAUI KAMAOLE,2777 S KIHEI RD UNIT M 210,2010182876,R,,,,,2026-07-15T19:41:40
239004082,0220,390040820220,2-3-9-004-082-0220,M 210,M210,MAUI KAMAOLE,2777 S KIHEI RD UNIT M 210,2010194441,R,,,,,2026-07-15T19:41:40
239004082,0221,390040820221,2-3-9-004-082-0221,F 101,F101,MAUI KAMAOLE,2777 S KIHEI RD UNIT F 101,44840672,M,,,,,2026-07-15T19:41:40
239004082,0221,390040820221,2-3-9-004-082-0221,F 101,F101,MAUI KAMAOLE,2777 S KIHEI RD UNIT F 101,2000047225,NL,,,,,2026-07-15T19:41:40
239004082,0221,390040820221,2-3-9-004-082-0221,F 101,F101,MAUI KAMAOLE,2777 S KIHEI RD UNIT F 101,2000091260,,,,,,2026-07-15T19:41:40
239004082,0221,390040820221,2-3-9-004-082-0221,F 101,F101,MAUI KAMAOLE,2777 S KIHEI RD UNIT F 101,2000091261,,,,,,2026-07-15T19:41:40
239004082,0221,390040820221,2-3-9-004-082-0221,F 101,F101,MAUI KAMAOLE,2777 S KIHEI RD UNIT F 101,2001096490,,,,,,2026-07-15T19:41:40
239004082,0221,390040820221,2-3-9-004-082-0221,F 101,F101,MAUI KAMAOLE,2777 S KIHEI RD UNIT F 101,2001096491,,,,,,2026-07-15T19:41:40
239004082,0221,390040820221,2-3-9-004-082-0221,F 101,F101,MAUI KAMAOLE,2777 S KIHEI RD UNIT F 101,2001096492,R,,,,,2026-07-15T19:41:40
239004082,0221,390040820221,2-3-9-004-082-0221,F 101,F101,MAUI KAMAOLE,2777 S KIHEI RD UNIT F 101,2004036791,R,,,,,2026-07-15T19:41:40
239004082,0221,390040820221,2-3-9-004-082-0221,F 101,F101,MAUI KAMAOLE,2777 S KIHEI RD UNIT F 101,2004091711,M,,,,,2026-07-15T19:41:40
239004082,0222,390040820222,2-3-9-004-082-0222,F 102,F102,MAUI KAMAOLE,2777 S KIHEI RD UNIT F 102,72890289,,,,,,2026-07-15T19:41:40
239004082,0222,390040820222,2-3-9-004-082-0222,F 102,F102,MAUI KAMAOLE,2777 S KIHEI RD UNIT F 102,72890290,,,,,,2026-07-15T19:41:40
239004082,0222,390040820222,2-3-9-004-082-0222,F 102,F102,MAUI KAMAOLE,2777 S KIHEI RD UNIT F 102,86900395,,,,,,2026-07-15T19:41:40
239004082,0222,390040820222,2-3-9-004-082-0222,F 102,F102,MAUI KAMAOLE,2777 S KIHEI RD UNIT F 102,2000047225,NL,,,,,2026-07-15T19:41:40
239004082,0222,390040820222,2-3-9-004-082-0222,F 102,F102,MAUI KAMAOLE,2777 S KIHEI RD UNIT F 102,2000091260,,,,,,2026-07-15T19:41:40
239004082,0222,390040820222,2-3-9-004-082-0222,F 102,F102,MAUI KAMAOLE,2777 S KIHEI RD UNIT F 102,2000091261,,,,,,2026-07-15T19:41:40
239004082,0222,390040820222,2-3-9-004-082-0222,F 102,F102,MAUI KAMAOLE,2777 S KIHEI RD UNIT F 102,2001046776,,,,,,2026-07-15T19:41:40
239004082,0222,390040820222,2-3-9-004-082-0222,F 102,F102,MAUI KAMAOLE,2777 S KIHEI RD UNIT F 102,2001046777,,,,,,2026-07-15T19:41:40
239004082,0222,390040820222,2-3-9-004-082-0222,F 102,F102,MAUI KAMAOLE,2777 S KIHEI RD UNIT F 102,2001046778,,,,,,2026-07-15T19:41:40
239004082,0222,390040820222,2-3-9-004-082-0222,F 102,F102,MAUI KAMAOLE,2777 S KIHEI RD UNIT F 102,2005203277,R,,,,,2026-07-15T19:41:40
239004082,0222,390040820222,2-3-9-004-082-0222,F 102,F102,MAUI KAMAOLE,2777 S KIHEI RD UNIT F 102,2007156871,,,,,,2026-07-15T19:41:40
239004082,0222,390040820222,2-3-9-004-082-0222,F 102,F102,MAUI KAMAOLE,2777 S KIHEI RD UNIT F 102,2007166132,M,,,,,2026-07-15T19:41:40
239004082,0222,390040820222,2-3-9-004-082-0222,F 102,F102,MAUI KAMAOLE,2777 S KIHEI RD UNIT F 102,2008044652,,,,,,2026-07-15T19:41:40
239004082,0223,390040820223,2-3-9-004-082-0223,F 103,F103,MAUI KAMAOLE,2777 S KIHEI RD UNIT F 103,2000047225,NL,,,,,2026-07-15T19:41:40
239004082,0223,390040820223,2-3-9-004-082-0223,F 103,F103,MAUI KAMAOLE,2777 S KIHEI RD UNIT F 103,2000091260,,,,,,2026-07-15T19:41:40
239004082,0223,390040820223,2-3-9-004-082-0223,F 103,F103,MAUI KAMAOLE,2777 S KIHEI RD UNIT F 103,2000091261,,,,,,2026-07-15T19:41:40
239004082,0223,390040820223,2-3-9-004-082-0223,F 103,F103,MAUI KAMAOLE,2777 S KIHEI RD UNIT F 103,2001041315,,,,,,2026-07-15T19:41:40
239004082,0223,390040820223,2-3-9-004-082-0223,F 103,F103,MAUI KAMAOLE,2777 S KIHEI RD UNIT F 103,2001041316,,,,,,2026-07-15T19:41:40
239004082,0223,390040820223,2-3-9-004-082-0223,F 103,F103,MAUI KAMAOLE,2777 S KIHEI RD UNIT F 103,2001041317,,,,,,2026-07-15T19:41:40
239004082,0224,390040820224,2-3-9-004-082-0224,F 104,F104,MAUI KAMAOLE,2777 S KIHEI RD UNIT F 104,49750663,M,,,,,2026-07-15T19:41:40
239004082,0224,390040820224,2-3-9-004-082-0224,F 104,F104,MAUI KAMAOLE,2777 S KIHEI RD UNIT F 104,2000047225,NL,,,,,2026-07-15T19:41:40
239004082,0224,390040820224,2-3-9-004-082-0224,F 104,F104,MAUI KAMAOLE,2777 S KIHEI RD UNIT F 104,2000091260,,,,,,2026-07-15T19:41:40
239004082,0224,390040820224,2-3-9-004-082-0224,F 104,F104,MAUI KAMAOLE,2777 S KIHEI RD UNIT F 104,2000091261,,,,,,2026-07-15T19:41:40
239004082,0224,390040820224,2-3-9-004-082-0224,F 104,F104,MAUI KAMAOLE,2777 S KIHEI RD UNIT F 104,2001065837,,,,,,2026-07-15T19:41:40
239004082,0224,390040820224,2-3-9-004-082-0224,F 104,F104,MAUI KAMAOLE,2777 S KIHEI RD UNIT F 104,2001065838,,,,,,2026-07-15T19:41:40
239004082,0224,390040820224,2-3-9-004-082-0224,F 104,F104,MAUI KAMAOLE,2777 S KIHEI RD UNIT F 104,2001065839,R,,,,,2026-07-15T19:41:40
239004082,0224,390040820224,2-3-9-004-082-0224,F 104,F104,MAUI KAMAOLE,2777 S KIHEI RD UNIT F 104,2003252679,M,,,,,2026-07-15T19:41:40
239004082,0225,390040820225,2-3-9-004-082-0225,F 105,F105,MAUI KAMAOLE,2777 S KIHEI RD UNIT F 105,2000047225,NL,,,,,2026-07-15T19:41:40
239004082,0225,390040820225,2-3-9-004-082-0225,F 105,F105,MAUI KAMAOLE,2777 S KIHEI RD UNIT F 105,2000091260,,,,,,2026-07-15T19:41:40
239004082,0225,390040820225,2-3-9-004-082-0225,F 105,F105,MAUI KAMAOLE,2777 S KIHEI RD UNIT F 105,2000091261,,,,,,2026-07-15T19:41:40
239004082,0225,390040820225,2-3-9-004-082-0225,F 105,F105,MAUI KAMAOLE,2777 S KIHEI RD UNIT F 105,2001084685,,,,,,2026-07-15T19:41:40
239004082,0225,390040820225,2-3-9-004-082-0225,F 105,F105,MAUI KAMAOLE,2777 S KIHEI RD UNIT F 105,2001084686,,,,,,2026-07-15T19:41:40
239004082,0225,390040820225,2-3-9-004-082-0225,F 105,F105,MAUI KAMAOLE,2777 S KIHEI RD UNIT F 105,2003268756,,,,,,2026-07-15T19:41:40
239004082,0225,390040820225,2-3-9-004-082-0225,F 105,F105,MAUI KAMAOLE,2777 S KIHEI RD UNIT F 105,2003268757,R,,,,,2026-07-15T19:41:40
239004082,0225,390040820225,2-3-9-004-082-0225,F 105,F105,MAUI KAMAOLE,2777 S KIHEI RD UNIT F 105,2006086748,R,,,,,2026-07-15T19:41:40
239004082,0225,390040820225,2-3-9-004-082-0225,F 105,F105,MAUI KAMAOLE,2777 S KIHEI RD UNIT F 105,2007173161,R,,,,,2026-07-15T19:41:40
239004082,0225,390040820225,2-3-9-004-082-0225,F 105,F105,MAUI KAMAOLE,2777 S KIHEI RD UNIT F 105,2011052686,M,,,,,2026-07-15T19:41:40
239004082,0225,390040820225,2-3-9-004-082-0225,F 105,F105,MAUI KAMAOLE,2777 S KIHEI RD UNIT F 105,2011092847,M,,,,,2026-07-15T19:41:40
239004082,0226,390040820226,2-3-9-004-082-0226,F 106,F106,MAUI KAMAOLE,2777 S KIHEI RD UNIT F 106,56650040,,,,,,2026-07-15T19:41:40
239004082,0226,390040820226,2-3-9-004-082-0226,F 106,F106,MAUI KAMAOLE,2777 S KIHEI RD UNIT F 106,67500635,,,,,,2026-07-15T19:41:40
239004082,0226,390040820226,2-3-9-004-082-0226,F 106,F106,MAUI KAMAOLE,2777 S KIHEI RD UNIT F 106,2000047225,NL,,,,,2026-07-15T19:41:40
239004082,0226,390040820226,2-3-9-004-082-0226,F 106,F106,MAUI KAMAOLE,2777 S KIHEI RD UNIT F 106,2000091260,,,,,,2026-07-15T19:41:40
239004082,0226,390040820226,2-3-9-004-082-0226,F 106,F106,MAUI KAMAOLE,2777 S KIHEI RD UNIT F 106,2000091261,,,,,,2026-07-15T19:41:40
239004082,0226,390040820226,2-3-9-004-082-0226,F 106,F106,MAUI KAMAOLE,2777 S KIHEI RD UNIT F 106,2002118170,R,,,,,2026-07-15T19:41:40
239004082,0226,390040820226,2-3-9-004-082-0226,F 106,F106,MAUI KAMAOLE,2777 S KIHEI RD UNIT F 106,2002118171,R,,,,,2026-07-15T19:41:40
239004082,0226,390040820226,2-3-9-004-082-0226,F 106,F106,MAUI KAMAOLE,2777 S KIHEI RD UNIT F 106,2003142963,R,,,,,2026-07-15T19:41:40
239004082,0226,390040820226,2-3-9-004-082-0226,F 106,F106,MAUI KAMAOLE,2777 S KIHEI RD UNIT F 106,2003235811,M,,,,,2026-07-15T19:41:40
239004082,0226,390040820226,2-3-9-004-082-0226,F 106,F106,MAUI KAMAOLE,2777 S KIHEI RD UNIT F 106,2010069512,MFS,,,,,2026-07-15T19:41:40
239004082,0227,390040820227,2-3-9-004-082-0227,F 107,F107,MAUI KAMAOLE,2777 S KIHEI RD UNIT F 107,66140119,,,,,,2026-07-15T19:41:40
239004082,0227,390040820227,2-3-9-004-082-0227,F 107,F107,MAUI KAMAOLE,2777 S KIHEI RD UNIT F 107,2000047225,NL,,,,,2026-07-15T19:41:40
239004082,0227,390040820227,2-3-9-004-082-0227,F 107,F107,MAUI KAMAOLE,2777 S KIHEI RD UNIT F 107,2000091260,,,,,,2026-07-15T19:41:40
239004082,0227,390040820227,2-3-9-004-082-0227,F 107,F107,MAUI KAMAOLE,2777 S KIHEI RD UNIT F 107,2000091261,,,,,,2026-07-15T19:41:40
239004082,0227,390040820227,2-3-9-004-082-0227,F 107,F107,MAUI KAMAOLE,2777 S KIHEI RD UNIT F 107,2001043438,,,,,,2026-07-15T19:41:40
239004082,0227,390040820227,2-3-9-004-082-0227,F 107,F107,MAUI KAMAOLE,2777 S KIHEI RD UNIT F 107,2001043439,R,,,,,2026-07-15T19:41:40
239004082,0227,390040820227,2-3-9-004-082-0227,F 107,F107,MAUI KAMAOLE,2777 S KIHEI RD UNIT F 107,2001043440,R,,,,,2026-07-15T19:41:40
239004082,0227,390040820227,2-3-9-004-082-0227,F 107,F107,MAUI KAMAOLE,2777 S KIHEI RD UNIT F 107,2010188458,R,,,,,2026-07-15T19:41:40
239004082,0228,390040820228,2-3-9-004-082-0228,F 108,F108,MAUI KAMAOLE,2777 S KIHEI RD UNIT F 108,Certificate,,,,,,2026-07-15T19:41:40
239004082,0229,390040820229,2-3-9-004-082-0229,F 109,F109,MAUI KAMAOLE PHASE III,2777 S KIHEI RD UNIT F 109,58770610,,,,,,2026-07-15T19:41:40
239004082,0229,390040820229,2-3-9-004-082-0229,F 109,F109,MAUI KAMAOLE PHASE III,2777 S KIHEI RD UNIT F 109,60600745,,,,,,2026-07-15T19:41:40
239004082,0229,390040820229,2-3-9-004-082-0229,F 109,F109,MAUI KAMAOLE PHASE III,2777 S KIHEI RD UNIT F 109,61340320,,,,,,2026-07-15T19:41:40
239004082,0229,390040820229,2-3-9-004-082-0229,F 109,F109,MAUI KAMAOLE PHASE III,2777 S KIHEI RD UNIT F 109,2000047225,NL,,,,,2026-07-15T19:41:40
239004082,0229,390040820229,2-3-9-004-082-0229,F 109,F109,MAUI KAMAOLE PHASE III,2777 S KIHEI RD UNIT F 109,2000091260,,,,,,2026-07-15T19:41:40
239004082,0229,390040820229,2-3-9-004-082-0229,F 109,F109,MAUI KAMAOLE PHASE III,2777 S KIHEI RD UNIT F 109,2000091261,,,,,,2026-07-15T19:41:40
239004082,0229,390040820229,2-3-9-004-082-0229,F 109,F109,MAUI KAMAOLE PHASE III,2777 S KIHEI RD UNIT F 109,2001041310,,,,,,2026-07-15T19:41:40
239004082,0229,390040820229,2-3-9-004-082-0229,F 109,F109,MAUI KAMAOLE PHASE III,2777 S KIHEI RD UNIT F 109,2001041311,,,,,,2026-07-15T19:41:40
239004082,0229,390040820229,2-3-9-004-082-0229,F 109,F109,MAUI KAMAOLE PHASE III,2777 S KIHEI RD UNIT F 109,2001041312,R,,,,,2026-07-15T19:41:40
239004082,0229,390040820229,2-3-9-004-082-0229,F 109,F109,MAUI KAMAOLE PHASE III,2777 S KIHEI RD UNIT F 109,2007098634,R,,,,,2026-07-15T19:41:40
239004082,0229,390040820229,2-3-9-004-082-0229,F 109,F109,MAUI KAMAOLE PHASE III,2777 S KIHEI RD UNIT F 109,2009140462,M,,,,,2026-07-15T19:41:40
239004082,0230,390040820230,2-3-9-004-082-0230,F 110,F110,MAUI KAMAOLE,2777 S KIHEI RD UNIT F 110,76600516,M,,,,,2026-07-15T19:41:40
239004082,0230,390040820230,2-3-9-004-082-0230,F 110,F110,MAUI KAMAOLE,2777 S KIHEI RD UNIT F 110,2000047225,NL,,,,,2026-07-15T19:41:40
239004082,0230,390040820230,2-3-9-004-082-0230,F 110,F110,MAUI KAMAOLE,2777 S KIHEI RD UNIT F 110,2000091260,,,,,,2026-07-15T19:41:40
239004082,0230,390040820230,2-3-9-004-082-0230,F 110,F110,MAUI KAMAOLE,2777 S KIHEI RD UNIT F 110,2000091261,,,,,,2026-07-15T19:41:40
239004082,0230,390040820230,2-3-9-004-082-0230,F 110,F110,MAUI KAMAOLE,2777 S KIHEI RD UNIT F 110,2001045791,,,,,,2026-07-15T19:41:40
239004082,0230,390040820230,2-3-9-004-082-0230,F 110,F110,MAUI KAMAOLE,2777 S KIHEI RD UNIT F 110,2001045792,,,,,,2026-07-15T19:41:40
239004082,0230,390040820230,2-3-9-004-082-0230,F 110,F110,MAUI KAMAOLE,2777 S KIHEI RD UNIT F 110,2001045793,R,,,,,2026-07-15T19:41:40
239004082,0230,390040820230,2-3-9-004-082-0230,F 110,F110,MAUI KAMAOLE,2777 S KIHEI RD UNIT F 110,2003249220,R,,,,,2026-07-15T19:41:40
239004082,0230,390040820230,2-3-9-004-082-0230,F 110,F110,MAUI KAMAOLE,2777 S KIHEI RD UNIT F 110,2004036737,R,,,,,2026-07-15T19:41:40
239004082,0230,390040820230,2-3-9-004-082-0230,F 110,F110,MAUI KAMAOLE,2777 S KIHEI RD UNIT F 110,2004081704,M,,,,,2026-07-15T19:41:40
239004082,0230,390040820230,2-3-9-004-082-0230,F 110,F110,MAUI KAMAOLE,2777 S KIHEI RD UNIT F 110,2004094659,M,,,,,2026-07-15T19:41:40
239004082,0231,390040820231,2-3-9-004-082-0231,F 201,F201,MAUI KAMAOLE,2777 S KIHEI RD UNIT F 201,53800299,R,,,,,2026-07-15T19:41:40
239004082,0231,390040820231,2-3-9-004-082-0231,F 201,F201,MAUI KAMAOLE,2777 S KIHEI RD UNIT F 201,63650354,M,,,,,2026-07-15T19:41:40
239004082,0231,390040820231,2-3-9-004-082-0231,F 201,F201,MAUI KAMAOLE,2777 S KIHEI RD UNIT F 201,78870082,,,,,,2026-07-15T19:41:40
239004082,0231,390040820231,2-3-9-004-082-0231,F 201,F201,MAUI KAMAOLE,2777 S KIHEI RD UNIT F 201,78870083,,,,,,2026-07-15T19:41:40
239004082,0231,390040820231,2-3-9-004-082-0231,F 201,F201,MAUI KAMAOLE,2777 S KIHEI RD UNIT F 201,78870084,,,,,,2026-07-15T19:41:40
239004082,0231,390040820231,2-3-9-004-082-0231,F 201,F201,MAUI KAMAOLE,2777 S KIHEI RD UNIT F 201,79400097,M,,,,,2026-07-15T19:41:40
239004082,0231,390040820231,2-3-9-004-082-0231,F 201,F201,MAUI KAMAOLE,2777 S KIHEI RD UNIT F 201,79920571,M,,,,,2026-07-15T19:41:40
239004082,0231,390040820231,2-3-9-004-082-0231,F 201,F201,MAUI KAMAOLE,2777 S KIHEI RD UNIT F 201,89640632,,,,,,2026-07-15T19:41:40
239004082,0231,390040820231,2-3-9-004-082-0231,F 201,F201,MAUI KAMAOLE,2777 S KIHEI RD UNIT F 201,2000047225,NL,,,,,2026-07-15T19:41:40
239004082,0231,390040820231,2-3-9-004-082-0231,F 201,F201,MAUI KAMAOLE,2777 S KIHEI RD UNIT F 201,2000091260,,,,,,2026-07-15T19:41:40
239004082,0231,390040820231,2-3-9-004-082-0231,F 201,F201,MAUI KAMAOLE,2777 S KIHEI RD UNIT F 201,2000091261,,,,,,2026-07-15T19:41:40
239004082,0231,390040820231,2-3-9-004-082-0231,F 201,F201,MAUI KAMAOLE,2777 S KIHEI RD UNIT F 201,2001094650,,,,,,2026-07-15T19:41:40
239004082,0231,390040820231,2-3-9-004-082-0231,F 201,F201,MAUI KAMAOLE,2777 S KIHEI RD UNIT F 201,2001094651,,,,,,2026-07-15T19:41:40
239004082,0231,390040820231,2-3-9-004-082-0231,F 201,F201,MAUI KAMAOLE,2777 S KIHEI RD UNIT F 201,2001094652,R,,,,,2026-07-15T19:41:40
239004082,0231,390040820231,2-3-9-004-082-0231,F 201,F201,MAUI KAMAOLE,2777 S KIHEI RD UNIT F 201,2003182812,R,,,,,2026-07-15T19:41:40
239004082,0231,390040820231,2-3-9-004-082-0231,F 201,F201,MAUI KAMAOLE,2777 S KIHEI RD UNIT F 201,2003228231,M,,,,,2026-07-15T19:41:40
239004082,0232,390040820232,2-3-9-004-082-0232,F 202,F202,MAUI KAMAOLE,2777 S KIHEI RD UNIT F 202,62221096,M,,,,,2026-07-15T19:41:40
239004082,0232,390040820232,2-3-9-004-082-0232,F 202,F202,MAUI KAMAOLE,2777 S KIHEI RD UNIT F 202,69970606,M,,,,,2026-07-15T19:41:40
239004082,0232,390040820232,2-3-9-004-082-0232,F 202,F202,MAUI KAMAOLE,2777 S KIHEI RD UNIT F 202,2000047225,NL,,,,,2026-07-15T19:41:40
239004082,0232,390040820232,2-3-9-004-082-0232,F 202,F202,MAUI KAMAOLE,2777 S KIHEI RD UNIT F 202,2000091260,,,,,,2026-07-15T19:41:40
239004082,0232,390040820232,2-3-9-004-082-0232,F 202,F202,MAUI KAMAOLE,2777 S KIHEI RD UNIT F 202,2000091261,,,,,,2026-07-15T19:41:40
239004082,0232,390040820232,2-3-9-004-082-0232,F 202,F202,MAUI KAMAOLE,2777 S KIHEI RD UNIT F 202,2002054329,,,,,,2026-07-15T19:41:40
239004082,0232,390040820232,2-3-9-004-082-0232,F 202,F202,MAUI KAMAOLE,2777 S KIHEI RD UNIT F 202,2002054330,R,,,,,2026-07-15T19:41:40
239004082,0232,390040820232,2-3-9-004-082-0232,F 202,F202,MAUI KAMAOLE,2777 S KIHEI RD UNIT F 202,2003189445,R,,,,,2026-07-15T19:41:40
239004082,0232,390040820232,2-3-9-004-082-0232,F 202,F202,MAUI KAMAOLE,2777 S KIHEI RD UNIT F 202,2004070080,M,,,,,2026-07-15T19:41:40
239004082,0232,390040820232,2-3-9-004-082-0232,F 202,F202,MAUI KAMAOLE,2777 S KIHEI RD UNIT F 202,2006115491,R,,,,,2026-07-15T19:41:40
239004082,0232,390040820232,2-3-9-004-082-0232,F 202,F202,MAUI KAMAOLE,2777 S KIHEI RD UNIT F 202,2006115492,,,,,,2026-07-15T19:41:40
239004082,0232,390040820232,2-3-9-004-082-0232,F 202,F202,MAUI KAMAOLE,2777 S KIHEI RD UNIT F 202,2006115493,,,,,,2026-07-15T19:41:40
239004082,0232,390040820232,2-3-9-004-082-0232,F 202,F202,MAUI KAMAOLE,2777 S KIHEI RD UNIT F 202,2007000594,,,,,,2026-07-15T19:41:40
239004082,0232,390040820232,2-3-9-004-082-0232,F 202,F202,MAUI KAMAOLE,2777 S KIHEI RD UNIT F 202,2007000595,R,,,,,2026-07-15T19:41:40
239004082,0232,390040820232,2-3-9-004-082-0232,F 202,F202,MAUI KAMAOLE,2777 S KIHEI RD UNIT F 202,2007000596,R,,,,,2026-07-15T19:41:40
239004082,0232,390040820232,2-3-9-004-082-0232,F 202,F202,MAUI KAMAOLE,2777 S KIHEI RD UNIT F 202,2007019070,MFS,,,,,2026-07-15T19:41:40
239004082,0232,390040820232,2-3-9-004-082-0232,F 202,F202,MAUI KAMAOLE,2777 S KIHEI RD UNIT F 202,2007024396,M,,,,,2026-07-15T19:41:40
239004082,0232,390040820232,2-3-9-004-082-0232,F 202,F202,MAUI KAMAOLE,2777 S KIHEI RD UNIT F 202,2007110352,,,,,,2026-07-15T19:41:40
239004082,0233,390040820233,2-3-9-004-082-0233,F 203,F203,MAUI KAMAOLE,2777 S KIHEI RD UNIT F 203,63550389,,,,,,2026-07-15T19:41:40
239004082,0233,390040820233,2-3-9-004-082-0233,F 203,F203,MAUI KAMAOLE,2777 S KIHEI RD UNIT F 203,82010063,,,,,,2026-07-15T19:41:40
239004082,0233,390040820233,2-3-9-004-082-0233,F 203,F203,MAUI KAMAOLE,2777 S KIHEI RD UNIT F 203,82010064,,,,,,2026-07-15T19:41:40
239004082,0233,390040820233,2-3-9-004-082-0233,F 203,F203,MAUI KAMAOLE,2777 S KIHEI RD UNIT F 203,86780846,,,,,,2026-07-15T19:41:40
239004082,0233,390040820233,2-3-9-004-082-0233,F 203,F203,MAUI KAMAOLE,2777 S KIHEI RD UNIT F 203,99192628,,,,,,2026-07-15T19:41:40
239004082,0233,390040820233,2-3-9-004-082-0233,F 203,F203,MAUI KAMAOLE,2777 S KIHEI RD UNIT F 203,2000047225,NL,,,,,2026-07-15T19:41:40
239004082,0233,390040820233,2-3-9-004-082-0233,F 203,F203,MAUI KAMAOLE,2777 S KIHEI RD UNIT F 203,2000091260,,,,,,2026-07-15T19:41:40
239004082,0233,390040820233,2-3-9-004-082-0233,F 203,F203,MAUI KAMAOLE,2777 S KIHEI RD UNIT F 203,2000091261,,,,,,2026-07-15T19:41:40
239004082,0233,390040820233,2-3-9-004-082-0233,F 203,F203,MAUI KAMAOLE,2777 S KIHEI RD UNIT F 203,2001173621,,,,,,2026-07-15T19:41:40
239004082,0233,390040820233,2-3-9-004-082-0233,F 203,F203,MAUI KAMAOLE,2777 S KIHEI RD UNIT F 203,2010109037,,,,,,2026-07-15T19:41:40
239004082,0234,390040820234,2-3-9-004-082-0234,F 204,F204,MAUI KAMAOLE,2777 S KIHEI RD UNIT F 204,2000047225,NL,,,,,2026-07-15T19:41:40
239004082,0234,390040820234,2-3-9-004-082-0234,F 204,F204,MAUI KAMAOLE,2777 S KIHEI RD UNIT F 204,2000091260,,,,,,2026-07-15T19:41:40
239004082,0234,390040820234,2-3-9-004-082-0234,F 204,F204,MAUI KAMAOLE,2777 S KIHEI RD UNIT F 204,2000091261,,,,,,2026-07-15T19:41:40
239004082,0234,390040820234,2-3-9-004-082-0234,F 204,F204,MAUI KAMAOLE,2777 S KIHEI RD UNIT F 204,2001094648,,,,,,2026-07-15T19:41:40
239004082,0234,390040820234,2-3-9-004-082-0234,F 204,F204,MAUI KAMAOLE,2777 S KIHEI RD UNIT F 204,2001094649,,,,,,2026-07-15T19:41:40
239004082,0234,390040820234,2-3-9-004-082-0234,F 204,F204,MAUI KAMAOLE,2777 S KIHEI RD UNIT F 204,2002190943,,,,,,2026-07-15T19:41:40
239004082,0235,390040820235,2-3-9-004-082-0235,F 205,F205,MAUI KAMAOLE,2777 S KIHEI RD UNIT F 205,2000047225,NL,,,,,2026-07-15T19:41:40
239004082,0235,390040820235,2-3-9-004-082-0235,F 205,F205,MAUI KAMAOLE,2777 S KIHEI RD UNIT F 205,2000091260,,,,,,2026-07-15T19:41:40
239004082,0235,390040820235,2-3-9-004-082-0235,F 205,F205,MAUI KAMAOLE,2777 S KIHEI RD UNIT F 205,2000091261,,,,,,2026-07-15T19:41:40
239004082,0235,390040820235,2-3-9-004-082-0235,F 205,F205,MAUI KAMAOLE,2777 S KIHEI RD UNIT F 205,2001104398,,,,,,2026-07-15T19:41:40
239004082,0235,390040820235,2-3-9-004-082-0235,F 205,F205,MAUI KAMAOLE,2777 S KIHEI RD UNIT F 205,2001104399,,,,,,2026-07-15T19:41:40
239004082,0235,390040820235,2-3-9-004-082-0235,F 205,F205,MAUI KAMAOLE,2777 S KIHEI RD UNIT F 205,2001104400,R,,,,,2026-07-15T19:41:40
239004082,0235,390040820235,2-3-9-004-082-0235,F 205,F205,MAUI KAMAOLE,2777 S KIHEI RD UNIT F 205,2008165781,,,,,,2026-07-15T19:41:40
239004082,0235,390040820235,2-3-9-004-082-0235,F 205,F205,MAUI KAMAOLE,2777 S KIHEI RD UNIT F 205,2011157212,M,,,,,2026-07-15T19:41:40
239004082,0236,390040820236,2-3-9-004-082-0236,F 206,F206,MAUI KAMAOLE,2777 S KIHEI RD UNIT F 206,50160614,M,,,,,2026-07-15T19:41:40
239004082,0236,390040820236,2-3-9-004-082-0236,F 206,F206,MAUI KAMAOLE,2777 S KIHEI RD UNIT F 206,2000047225,NL,,,,,2026-07-15T19:41:40
239004082,0236,390040820236,2-3-9-004-082-0236,F 206,F206,MAUI KAMAOLE,2777 S KIHEI RD UNIT F 206,2000091260,,,,,,2026-07-15T19:41:40
239004082,0236,390040820236,2-3-9-004-082-0236,F 206,F206,MAUI KAMAOLE,2777 S KIHEI RD UNIT F 206,2000091261,,,,,,2026-07-15T19:41:40
239004082,0236,390040820236,2-3-9-004-082-0236,F 206,F206,MAUI KAMAOLE,2777 S KIHEI RD UNIT F 206,2001117783,,,,,,2026-07-15T19:41:40
239004082,0236,390040820236,2-3-9-004-082-0236,F 206,F206,MAUI KAMAOLE,2777 S KIHEI RD UNIT F 206,2001117784,M,,,,,2026-07-15T19:41:40
239004082,0236,390040820236,2-3-9-004-082-0236,F 206,F206,MAUI KAMAOLE,2777 S KIHEI RD UNIT F 206,2001123113,M,,,,,2026-07-15T19:41:40
239004082,0236,390040820236,2-3-9-004-082-0236,F 206,F206,MAUI KAMAOLE,2777 S KIHEI RD UNIT F 206,2002176355,M,,,,,2026-07-15T19:41:40
239004082,0236,390040820236,2-3-9-004-082-0236,F 206,F206,MAUI KAMAOLE,2777 S KIHEI RD UNIT F 206,2002201294,M,,,,,2026-07-15T19:41:40
239004082,0236,390040820236,2-3-9-004-082-0236,F 206,F206,MAUI KAMAOLE,2777 S KIHEI RD UNIT F 206,2003136269,M,,,,,2026-07-15T19:41:40
239004082,0236,390040820236,2-3-9-004-082-0236,F 206,F206,MAUI KAMAOLE,2777 S KIHEI RD UNIT F 206,2003175751,M,,,,,2026-07-15T19:41:40
239004082,0236,390040820236,2-3-9-004-082-0236,F 206,F206,MAUI KAMAOLE,2777 S KIHEI RD UNIT F 206,9084000532,M,,,,,2026-07-15T19:41:40
239004082,0236,390040820236,2-3-9-004-082-0236,F 206,F206,MAUI KAMAOLE,2777 S KIHEI RD UNIT F 206,9606000643,NL,,,,,2026-07-15T19:41:40
239004082,0237,390040820237,2-3-9-004-082-0237,F 207,F207,MAUI KAMAOLE,2777 S KIHEI RD UNIT F 207,2000047225,NL,,,,,2026-07-15T19:41:40
239004082,0237,390040820237,2-3-9-004-082-0237,F 207,F207,MAUI KAMAOLE,2777 S KIHEI RD UNIT F 207,2000091260,,,,,,2026-07-15T19:41:40
239004082,0237,390040820237,2-3-9-004-082-0237,F 207,F207,MAUI KAMAOLE,2777 S KIHEI RD UNIT F 207,2000091261,,,,,,2026-07-15T19:41:40
239004082,0237,390040820237,2-3-9-004-082-0237,F 207,F207,MAUI KAMAOLE,2777 S KIHEI RD UNIT F 207,2002039523,,,,,,2026-07-15T19:41:40
239004082,0237,390040820237,2-3-9-004-082-0237,F 207,F207,MAUI KAMAOLE,2777 S KIHEI RD UNIT F 207,2002039524,R,,,,,2026-07-15T19:41:40
239004082,0237,390040820237,2-3-9-004-082-0237,F 207,F207,MAUI KAMAOLE,2777 S KIHEI RD UNIT F 207,2002045106,,,,,,2026-07-15T19:41:40
239004082,0237,390040820237,2-3-9-004-082-0237,F 207,F207,MAUI KAMAOLE,2777 S KIHEI RD UNIT F 207,2009172059,,,,,,2026-07-15T19:41:40
239004082,0237,390040820237,2-3-9-004-082-0237,F 207,F207,MAUI KAMAOLE,2777 S KIHEI RD UNIT F 207,2010024111,M,,,,,2026-07-15T19:41:40
239004082,0238,390040820238,2-3-9-004-082-0238,F 208,F208,MAUI KAMAOLE,2777 S KIHEI RD UNIT F 208,2000047225,NL,,,,,2026-07-15T19:41:40
239004082,0238,390040820238,2-3-9-004-082-0238,F 208,F208,MAUI KAMAOLE,2777 S KIHEI RD UNIT F 208,2000091260,,,,,,2026-07-15T19:41:40
239004082,0238,390040820238,2-3-9-004-082-0238,F 208,F208,MAUI KAMAOLE,2777 S KIHEI RD UNIT F 208,2000091261,,,,,,2026-07-15T19:41:40
239004082,0238,390040820238,2-3-9-004-082-0238,F 208,F208,MAUI KAMAOLE,2777 S KIHEI RD UNIT F 208,2001090254,,,,,,2026-07-15T19:41:40
239004082,0238,390040820238,2-3-9-004-082-0238,F 208,F208,MAUI KAMAOLE,2777 S KIHEI RD UNIT F 208,2001090255,R,,,,,2026-07-15T19:41:40
239004082,0238,390040820238,2-3-9-004-082-0238,F 208,F208,MAUI KAMAOLE,2777 S KIHEI RD UNIT F 208,2010094658,R,,,,,2026-07-15T19:41:40
239004082,0239,390040820239,2-3-9-004-082-0239,F 209,F209,MAUI KAMAOLE,2777 S KIHEI RD UNIT F 209,47300322,R,,,,,2026-07-15T19:41:40
239004082,0239,390040820239,2-3-9-004-082-0239,F 209,F209,MAUI KAMAOLE,2777 S KIHEI RD UNIT F 209,47360513,M,,,,,2026-07-15T19:41:40
239004082,0239,390040820239,2-3-9-004-082-0239,F 209,F209,MAUI KAMAOLE,2777 S KIHEI RD UNIT F 209,47580788,M,,,,,2026-07-15T19:41:40
239004082,0239,390040820239,2-3-9-004-082-0239,F 209,F209,MAUI KAMAOLE,2777 S KIHEI RD UNIT F 209,70450645,,,,,,2026-07-15T19:41:40
239004082,0239,390040820239,2-3-9-004-082-0239,F 209,F209,MAUI KAMAOLE,2777 S KIHEI RD UNIT F 209,2000047225,NL,,,,,2026-07-15T19:41:40
239004082,0239,390040820239,2-3-9-004-082-0239,F 209,F209,MAUI KAMAOLE,2777 S KIHEI RD UNIT F 209,2000091260,,,,,,2026-07-15T19:41:40
239004082,0239,390040820239,2-3-9-004-082-0239,F 209,F209,MAUI KAMAOLE,2777 S KIHEI RD UNIT F 209,2000091261,,,,,,2026-07-15T19:41:40
239004082,0239,390040820239,2-3-9-004-082-0239,F 209,F209,MAUI KAMAOLE,2777 S KIHEI RD UNIT F 209,2001149704,,,,,,2026-07-15T19:41:40
239004082,0239,390040820239,2-3-9-004-082-0239,F 209,F209,MAUI KAMAOLE,2777 S KIHEI RD UNIT F 209,2001149705,,,,,,2026-07-15T19:41:40
239004082,0239,390040820239,2-3-9-004-082-0239,F 209,F209,MAUI KAMAOLE,2777 S KIHEI RD UNIT F 209,2001149706,R,,,,,2026-07-15T19:41:40
239004082,0239,390040820239,2-3-9-004-082-0239,F 209,F209,MAUI KAMAOLE,2777 S KIHEI RD UNIT F 209,2003273888,R,,,,,2026-07-15T19:41:40
239004082,0239,390040820239,2-3-9-004-082-0239,F 209,F209,MAUI KAMAOLE,2777 S KIHEI RD UNIT F 209,2004052886,M,,,,,2026-07-15T19:41:40
239004082,0239,390040820239,2-3-9-004-082-0239,F 209,F209,MAUI KAMAOLE,2777 S KIHEI RD UNIT F 209,9096000091,M,,,,,2026-07-15T19:41:40
239004082,0239,390040820239,2-3-9-004-082-0239,F 209,F209,MAUI KAMAOLE,2777 S KIHEI RD UNIT F 209,9096000092,,,,,,2026-07-15T19:41:40
239004082,0239,390040820239,2-3-9-004-082-0239,F 209,F209,MAUI KAMAOLE,2777 S KIHEI RD UNIT F 209,9111000440,M,,,,,2026-07-15T19:41:40
239004082,0240,390040820240,2-3-9-004-082-0240,F 210,F210,MAUI KAMAOLE,2777 S KIHEI RD UNIT F 210,65440081,,,,,,2026-07-15T19:41:40
239004082,0240,390040820240,2-3-9-004-082-0240,F 210,F210,MAUI KAMAOLE,2777 S KIHEI RD UNIT F 210,65780174,,,,,,2026-07-15T19:41:40
239004082,0240,390040820240,2-3-9-004-082-0240,F 210,F210,MAUI KAMAOLE,2777 S KIHEI RD UNIT F 210,65780175,,,,,,2026-07-15T19:41:40
239004082,0240,390040820240,2-3-9-004-082-0240,F 210,F210,MAUI KAMAOLE,2777 S KIHEI RD UNIT F 210,65850711,M,,,,,2026-07-15T19:41:40
239004082,0240,390040820240,2-3-9-004-082-0240,F 210,F210,MAUI KAMAOLE,2777 S KIHEI RD UNIT F 210,2000047225,NL,,,,,2026-07-15T19:41:40
239004082,0240,390040820240,2-3-9-004-082-0240,F 210,F210,MAUI KAMAOLE,2777 S KIHEI RD UNIT F 210,2000091260,,,,,,2026-07-15T19:41:40
239004082,0240,390040820240,2-3-9-004-082-0240,F 210,F210,MAUI KAMAOLE,2777 S KIHEI RD UNIT F 210,2000091261,,,,,,2026-07-15T19:41:40
239004082,0240,390040820240,2-3-9-004-082-0240,F 210,F210,MAUI KAMAOLE,2777 S KIHEI RD UNIT F 210,2001086363,,,,,,2026-07-15T19:41:40
239004082,0240,390040820240,2-3-9-004-082-0240,F 210,F210,MAUI KAMAOLE,2777 S KIHEI RD UNIT F 210,2001086364,,,,,,2026-07-15T19:41:40
239004082,0240,390040820240,2-3-9-004-082-0240,F 210,F210,MAUI KAMAOLE,2777 S KIHEI RD UNIT F 210,2005048839,R,,,,,2026-07-15T19:41:40
239004082,0240,390040820240,2-3-9-004-082-0240,F 210,F210,MAUI KAMAOLE,2777 S KIHEI RD UNIT F 210,2006179268,R,,,,,2026-07-15T19:41:40
239004082,0240,390040820240,2-3-9-004-082-0240,F 210,F210,MAUI KAMAOLE,2777 S KIHEI RD UNIT F 210,2006179269,R,,,,,2026-07-15T19:41:40
239004082,0240,390040820240,2-3-9-004-082-0240,F 210,F210,MAUI KAMAOLE,2777 S KIHEI RD UNIT F 210,2007169084,,,,,,2026-07-15T19:41:40
239004082,0240,390040820240,2-3-9-004-082-0240,F 210,F210,MAUI KAMAOLE,2777 S KIHEI RD UNIT F 210,2008037848,,,,,,2026-07-15T19:41:40
239004143,0001,390041430001,2-3-9-004-143-0001,A101,A101,MAUI KAMAOLE,2777 S KIHEI RD UNIT A101,Certificate,,,,,,2026-07-15T19:41:40
239004143,0002,390041430002,2-3-9-004-143-0002,A102,A102,MAUI KAMAOLE,2777 S KIHEI RD UNIT A102,47310809,,,,,,2026-07-15T19:41:40
239004143,0002,390041430002,2-3-9-004-143-0002,A102,A102,MAUI KAMAOLE,2777 S KIHEI RD UNIT A102,48050624,M,,,,,2026-07-15T19:41:40
239004143,0002,390041430002,2-3-9-004-143-0002,A102,A102,MAUI KAMAOLE,2777 S KIHEI RD UNIT A102,93047014,,,,,,2026-07-15T19:41:40
239004143,0002,390041430002,2-3-9-004-143-0002,A102,A102,MAUI KAMAOLE,2777 S KIHEI RD UNIT A102,93047015,,,,,,2026-07-15T19:41:40
239004143,0002,390041430002,2-3-9-004-143-0002,A102,A102,MAUI KAMAOLE,2777 S KIHEI RD UNIT A102,93075455,,,,,,2026-07-15T19:41:40
239004143,0002,390041430002,2-3-9-004-143-0002,A102,A102,MAUI KAMAOLE,2777 S KIHEI RD UNIT A102,94027581,,,,,,2026-07-15T19:41:40
239004143,0002,390041430002,2-3-9-004-143-0002,A102,A102,MAUI KAMAOLE,2777 S KIHEI RD UNIT A102,99024935,,,,,,2026-07-15T19:41:40
239004143,0002,390041430002,2-3-9-004-143-0002,A102,A102,MAUI KAMAOLE,2777 S KIHEI RD UNIT A102,99079316,,,,,,2026-07-15T19:41:40
239004143,0002,390041430002,2-3-9-004-143-0002,A102,A102,MAUI KAMAOLE,2777 S KIHEI RD UNIT A102,99202958,,,,,,2026-07-15T19:41:40
239004143,0002,390041430002,2-3-9-004-143-0002,A102,A102,MAUI KAMAOLE,2777 S KIHEI RD UNIT A102,122677545,,,,,,2026-07-15T19:41:40
239004143,0002,390041430002,2-3-9-004-143-0002,A102,A102,MAUI KAMAOLE,2777 S KIHEI RD UNIT A102,122677547,,,,,,2026-07-15T19:41:40
239004143,0002,390041430002,2-3-9-004-143-0002,A102,A102,MAUI KAMAOLE,2777 S KIHEI RD UNIT A102,122677559,,,,,,2026-07-15T19:41:40
239004143,0002,390041430002,2-3-9-004-143-0002,A102,A102,MAUI KAMAOLE,2777 S KIHEI RD UNIT A102,122703252,,,,,,2026-07-15T19:41:40
239004143,0002,390041430002,2-3-9-004-143-0002,A102,A102,MAUI KAMAOLE,2777 S KIHEI RD UNIT A102,123827625,,,,,,2026-07-15T19:41:40
239004143,0002,390041430002,2-3-9-004-143-0002,A102,A102,MAUI KAMAOLE,2777 S KIHEI RD UNIT A102,2003021316,,,,,,2026-07-15T19:41:40
239004143,0002,390041430002,2-3-9-004-143-0002,A102,A102,MAUI KAMAOLE,2777 S KIHEI RD UNIT A102,2005082190,R,,,,,2026-07-15T19:41:40
239004143,0002,390041430002,2-3-9-004-143-0002,A102,A102,MAUI KAMAOLE,2777 S KIHEI RD UNIT A102,2005215546,R,,,,,2026-07-15T19:41:40
239004143,0002,390041430002,2-3-9-004-143-0002,A102,A102,MAUI KAMAOLE,2777 S KIHEI RD UNIT A102,2005243613,M,,,,,2026-07-15T19:41:40
239004143,0002,390041430002,2-3-9-004-143-0002,A102,A102,MAUI KAMAOLE,2777 S KIHEI RD UNIT A102,2011041575,R,,,,,2026-07-15T19:41:40
239004143,0002,390041430002,2-3-9-004-143-0002,A102,A102,MAUI KAMAOLE,2777 S KIHEI RD UNIT A102,2011072540,M,,,,,2026-07-15T19:41:40
239004143,0003,390041430003,2-3-9-004-143-0003,A103,A103,MAUI KAMAOLE,2777 S KIHEI RD UNIT A103,Certificate,,,,,,2026-07-15T19:41:40
239004143,0004,390041430004,2-3-9-004-143-0004,A104,A104,MAUI KAMAOLE,2777 S KIHEI RD UNIT A104,91120996,,,,,,2026-07-15T19:41:40
239004143,0004,390041430004,2-3-9-004-143-0004,A104,A104,MAUI KAMAOLE,2777 S KIHEI RD UNIT A104,92093983,,,,,,2026-07-15T19:41:40
239004143,0004,390041430004,2-3-9-004-143-0004,A104,A104,MAUI KAMAOLE,2777 S KIHEI RD UNIT A104,92095797,,,,,,2026-07-15T19:41:40
239004143,0004,390041430004,2-3-9-004-143-0004,A104,A104,MAUI KAMAOLE,2777 S KIHEI RD UNIT A104,95062083,,,,,,2026-07-15T19:41:40
239004143,0004,390041430004,2-3-9-004-143-0004,A104,A104,MAUI KAMAOLE,2777 S KIHEI RD UNIT A104,95112885,,,,,,2026-07-15T19:41:40
239004143,0004,390041430004,2-3-9-004-143-0004,A104,A104,MAUI KAMAOLE,2777 S KIHEI RD UNIT A104,95117246,,,,,,2026-07-15T19:41:40
239004143,0004,390041430004,2-3-9-004-143-0004,A104,A104,MAUI KAMAOLE,2777 S KIHEI RD UNIT A104,95120273,,,,,,2026-07-15T19:41:40
239004143,0004,390041430004,2-3-9-004-143-0004,A104,A104,MAUI KAMAOLE,2777 S KIHEI RD UNIT A104,95120542,,,,,,2026-07-15T19:41:40
239004143,0004,390041430004,2-3-9-004-143-0004,A104,A104,MAUI KAMAOLE,2777 S KIHEI RD UNIT A104,95126192,,,,,,2026-07-15T19:41:40
239004143,0004,390041430004,2-3-9-004-143-0004,A104,A104,MAUI KAMAOLE,2777 S KIHEI RD UNIT A104,122779751,,,,,,2026-07-15T19:41:40
239004143,0004,390041430004,2-3-9-004-143-0004,A104,A104,MAUI KAMAOLE,2777 S KIHEI RD UNIT A104,122799475,,,,,,2026-07-15T19:41:40
239004143,0004,390041430004,2-3-9-004-143-0004,A104,A104,MAUI KAMAOLE,2777 S KIHEI RD UNIT A104,123316634,,,,,,2026-07-15T19:41:40
239004143,0005,390041430005,2-3-9-004-143-0005,A105,A105,MAUI KAMAOLE,2777 S KIHEI RD UNIT A105,Certificate,,,,,,2026-07-15T19:41:40
239004143,0006,390041430006,2-3-9-004-143-0006,A106,A106,MAUI KAMAOLE,2777 S KIHEI RD UNIT A106,57860150,,,,,,2026-07-15T19:41:40
239004143,0006,390041430006,2-3-9-004-143-0006,A106,A106,MAUI KAMAOLE,2777 S KIHEI RD UNIT A106,70380356,,,,,,2026-07-15T19:41:40
239004143,0006,390041430006,2-3-9-004-143-0006,A106,A106,MAUI KAMAOLE,2777 S KIHEI RD UNIT A106,81810206,R,,,,,2026-07-15T19:41:40
239004143,0006,390041430006,2-3-9-004-143-0006,A106,A106,MAUI KAMAOLE,2777 S KIHEI RD UNIT A106,91027894,,,,,,2026-07-15T19:41:40
239004143,0006,390041430006,2-3-9-004-143-0006,A106,A106,MAUI KAMAOLE,2777 S KIHEI RD UNIT A106,99058619,,,,,,2026-07-15T19:41:40
239004143,0006,390041430006,2-3-9-004-143-0006,A106,A106,MAUI KAMAOLE,2777 S KIHEI RD UNIT A106,122523217,,,,,,2026-07-15T19:41:40
239004143,0006,390041430006,2-3-9-004-143-0006,A106,A106,MAUI KAMAOLE,2777 S KIHEI RD UNIT A106,122726591,,,,,,2026-07-15T19:41:40
239004143,0006,390041430006,2-3-9-004-143-0006,A106,A106,MAUI KAMAOLE,2777 S KIHEI RD UNIT A106,122726604,,,,,,2026-07-15T19:41:40
239004143,0006,390041430006,2-3-9-004-143-0006,A106,A106,MAUI KAMAOLE,2777 S KIHEI RD UNIT A106,122741058,,,,,,2026-07-15T19:41:40
239004143,0006,390041430006,2-3-9-004-143-0006,A106,A106,MAUI KAMAOLE,2777 S KIHEI RD UNIT A106,2005014164,,,,,,2026-07-15T19:41:40
239004143,0007,390041430007,2-3-9-004-143-0007,A107,A107,MAUI KAMAOLE,2777 S KIHEI RD UNIT A107,122713731,,,,,,2026-07-15T19:41:40
239004143,0007,390041430007,2-3-9-004-143-0007,A107,A107,MAUI KAMAOLE,2777 S KIHEI RD UNIT A107,122734640,,,,,,2026-07-15T19:41:40
239004143,0008,390041430008,2-3-9-004-143-0008,A108,A108,MAUI KAMAOLE,2777 S KIHEI RD UNIT A108,50720008,M,,,,,2026-07-15T19:41:40
239004143,0008,390041430008,2-3-9-004-143-0008,A108,A108,MAUI KAMAOLE,2777 S KIHEI RD UNIT A108,50950526,M,,,,,2026-07-15T19:41:40
239004143,0008,390041430008,2-3-9-004-143-0008,A108,A108,MAUI KAMAOLE,2777 S KIHEI RD UNIT A108,55270523,,,,,,2026-07-15T19:41:40
239004143,0008,390041430008,2-3-9-004-143-0008,A108,A108,MAUI KAMAOLE,2777 S KIHEI RD UNIT A108,90039842,,,,,,2026-07-15T19:41:40
239004143,0008,390041430008,2-3-9-004-143-0008,A108,A108,MAUI KAMAOLE,2777 S KIHEI RD UNIT A108,90039843,,,,,,2026-07-15T19:41:40
239004143,0008,390041430008,2-3-9-004-143-0008,A108,A108,MAUI KAMAOLE,2777 S KIHEI RD UNIT A108,90066218,,,,,,2026-07-15T19:41:40
239004143,0008,390041430008,2-3-9-004-143-0008,A108,A108,MAUI KAMAOLE,2777 S KIHEI RD UNIT A108,90197554,,,,,,2026-07-15T19:41:40
239004143,0008,390041430008,2-3-9-004-143-0008,A108,A108,MAUI KAMAOLE,2777 S KIHEI RD UNIT A108,92078520,,,,,,2026-07-15T19:41:40
239004143,0008,390041430008,2-3-9-004-143-0008,A108,A108,MAUI KAMAOLE,2777 S KIHEI RD UNIT A108,122677052,,,,,,2026-07-15T19:41:40
239004143,0008,390041430008,2-3-9-004-143-0008,A108,A108,MAUI KAMAOLE,2777 S KIHEI RD UNIT A108,122677064,,,,,,2026-07-15T19:41:40
239004143,0008,390041430008,2-3-9-004-143-0008,A108,A108,MAUI KAMAOLE,2777 S KIHEI RD UNIT A108,122703360,,,,,,2026-07-15T19:41:40
239004143,0008,390041430008,2-3-9-004-143-0008,A108,A108,MAUI KAMAOLE,2777 S KIHEI RD UNIT A108,122804103,,,,,,2026-07-15T19:41:40
239004143,0008,390041430008,2-3-9-004-143-0008,A108,A108,MAUI KAMAOLE,2777 S KIHEI RD UNIT A108,2002094710,,,,,,2026-07-15T19:41:40
239004143,0008,390041430008,2-3-9-004-143-0008,A108,A108,MAUI KAMAOLE,2777 S KIHEI RD UNIT A108,2002094711,R,,,,,2026-07-15T19:41:40
239004143,0008,390041430008,2-3-9-004-143-0008,A108,A108,MAUI KAMAOLE,2777 S KIHEI RD UNIT A108,2004086287,M,,,,,2026-07-15T19:41:40
239004143,0008,390041430008,2-3-9-004-143-0008,A108,A108,MAUI KAMAOLE,2777 S KIHEI RD UNIT A108,2004134997,M,,,,,2026-07-15T19:41:40
239004143,0008,390041430008,2-3-9-004-143-0008,A108,A108,MAUI KAMAOLE,2777 S KIHEI RD UNIT A108,2005169843,R,,,,,2026-07-15T19:41:40
239004143,0009,390041430009,2-3-9-004-143-0009,A109,A109,MAUI KAMAOLE,2777 S KIHEI RD UNIT A109,75590208,M,,,,,2026-07-15T19:41:40
239004143,0009,390041430009,2-3-9-004-143-0009,A109,A109,MAUI KAMAOLE,2777 S KIHEI RD UNIT A109,91117074,,,,,,2026-07-15T19:41:40
239004143,0009,390041430009,2-3-9-004-143-0009,A109,A109,MAUI KAMAOLE,2777 S KIHEI RD UNIT A109,92019914,,,,,,2026-07-15T19:41:40
239004143,0009,390041430009,2-3-9-004-143-0009,A109,A109,MAUI KAMAOLE,2777 S KIHEI RD UNIT A109,96052260,,,,,,2026-07-15T19:41:40
239004143,0009,390041430009,2-3-9-004-143-0009,A109,A109,MAUI KAMAOLE,2777 S KIHEI RD UNIT A109,98071306,,,,,,2026-07-15T19:41:40
239004143,0009,390041430009,2-3-9-004-143-0009,A109,A109,MAUI KAMAOLE,2777 S KIHEI RD UNIT A109,99135924,M,,,,,2026-07-15T19:41:40
239004143,0009,390041430009,2-3-9-004-143-0009,A109,A109,MAUI KAMAOLE,2777 S KIHEI RD UNIT A109,99135925,M,,,,,2026-07-15T19:41:40
239004143,0009,390041430009,2-3-9-004-143-0009,A109,A109,MAUI KAMAOLE,2777 S KIHEI RD UNIT A109,99135926,M,,,,,2026-07-15T19:41:40
239004143,0009,390041430009,2-3-9-004-143-0009,A109,A109,MAUI KAMAOLE,2777 S KIHEI RD UNIT A109,99198384,M,,,,,2026-07-15T19:41:40
239004143,0009,390041430009,2-3-9-004-143-0009,A109,A109,MAUI KAMAOLE,2777 S KIHEI RD UNIT A109,99198385,M,,,,,2026-07-15T19:41:40
239004143,0009,390041430009,2-3-9-004-143-0009,A109,A109,MAUI KAMAOLE,2777 S KIHEI RD UNIT A109,123019188,,,,,,2026-07-15T19:41:40
239004143,0009,390041430009,2-3-9-004-143-0009,A109,A109,MAUI KAMAOLE,2777 S KIHEI RD UNIT A109,123019200,,,,,,2026-07-15T19:41:40
239004143,0009,390041430009,2-3-9-004-143-0009,A109,A109,MAUI KAMAOLE,2777 S KIHEI RD UNIT A109,123035098,,,,,,2026-07-15T19:41:40
239004143,0009,390041430009,2-3-9-004-143-0009,A109,A109,MAUI KAMAOLE,2777 S KIHEI RD UNIT A109,2000176888,M,,,,,2026-07-15T19:41:40
239004143,0009,390041430009,2-3-9-004-143-0009,A109,A109,MAUI KAMAOLE,2777 S KIHEI RD UNIT A109,2000176889,M,,,,,2026-07-15T19:41:40
239004143,0009,390041430009,2-3-9-004-143-0009,A109,A109,MAUI KAMAOLE,2777 S KIHEI RD UNIT A109,2000176890,M,,,,,2026-07-15T19:41:40
239004143,0009,390041430009,2-3-9-004-143-0009,A109,A109,MAUI KAMAOLE,2777 S KIHEI RD UNIT A109,2000176891,M,,,,,2026-07-15T19:41:40
239004143,0009,390041430009,2-3-9-004-143-0009,A109,A109,MAUI KAMAOLE,2777 S KIHEI RD UNIT A109,2001103252,M,,,,,2026-07-15T19:41:40
239004143,0009,390041430009,2-3-9-004-143-0009,A109,A109,MAUI KAMAOLE,2777 S KIHEI RD UNIT A109,2002151223,R,,,,,2026-07-15T19:41:40
239004143,0009,390041430009,2-3-9-004-143-0009,A109,A109,MAUI KAMAOLE,2777 S KIHEI RD UNIT A109,2011186831,M,,,,,2026-07-15T19:41:40
239004143,0010,390041430010,2-3-9-004-143-0010,A110,A110,MAUI KAMAOLE,2777 S KIHEI RD UNIT A110,52390594,MFS,,,,,2026-07-15T19:41:40
239004143,0010,390041430010,2-3-9-004-143-0010,A110,A110,MAUI KAMAOLE,2777 S KIHEI RD UNIT A110,60510361,,,,,,2026-07-15T19:41:40
239004143,0010,390041430010,2-3-9-004-143-0010,A110,A110,MAUI KAMAOLE,2777 S KIHEI RD UNIT A110,60930764,MFS,,,,,2026-07-15T19:41:40
239004143,0010,390041430010,2-3-9-004-143-0010,A110,A110,MAUI KAMAOLE,2777 S KIHEI RD UNIT A110,61090732,MFS,,,,,2026-07-15T19:41:40
239004143,0010,390041430010,2-3-9-004-143-0010,A110,A110,MAUI KAMAOLE,2777 S KIHEI RD UNIT A110,94088339,,,,,,2026-07-15T19:41:40
239004143,0010,390041430010,2-3-9-004-143-0010,A110,A110,MAUI KAMAOLE,2777 S KIHEI RD UNIT A110,94179279,,,,,,2026-07-15T19:41:40
239004143,0010,390041430010,2-3-9-004-143-0010,A110,A110,MAUI KAMAOLE,2777 S KIHEI RD UNIT A110,122779763,,,,,,2026-07-15T19:41:40
239004143,0010,390041430010,2-3-9-004-143-0010,A110,A110,MAUI KAMAOLE,2777 S KIHEI RD UNIT A110,122779776,,,,,,2026-07-15T19:41:40
239004143,0010,390041430010,2-3-9-004-143-0010,A110,A110,MAUI KAMAOLE,2777 S KIHEI RD UNIT A110,122799454,,,,,,2026-07-15T19:41:40
239004143,0010,390041430010,2-3-9-004-143-0010,A110,A110,MAUI KAMAOLE,2777 S KIHEI RD UNIT A110,2004140040,,,,,,2026-07-15T19:41:40
239004143,0010,390041430010,2-3-9-004-143-0010,A110,A110,MAUI KAMAOLE,2777 S KIHEI RD UNIT A110,2004140041,R,,,,,2026-07-15T19:41:40
239004143,0011,390041430011,2-3-9-004-143-0011,A111,A111,MAUI KAMAOLE,2777 S KIHEI RD UNIT A111,50710436,M,,,,,2026-07-15T19:41:40
239004143,0011,390041430011,2-3-9-004-143-0011,A111,A111,MAUI KAMAOLE,2777 S KIHEI RD UNIT A111,76910544,,,,,,2026-07-15T19:41:40
239004143,0011,390041430011,2-3-9-004-143-0011,A111,A111,MAUI KAMAOLE,2777 S KIHEI RD UNIT A111,90168894,R,,,,,2026-07-15T19:41:40
239004143,0011,390041430011,2-3-9-004-143-0011,A111,A111,MAUI KAMAOLE,2777 S KIHEI RD UNIT A111,91108968,R,,,,,2026-07-15T19:41:40
239004143,0011,390041430011,2-3-9-004-143-0011,A111,A111,MAUI KAMAOLE,2777 S KIHEI RD UNIT A111,91108969,R,,,,,2026-07-15T19:41:40
239004143,0011,390041430011,2-3-9-004-143-0011,A111,A111,MAUI KAMAOLE,2777 S KIHEI RD UNIT A111,92096771,R,,,,,2026-07-15T19:41:40
239004143,0011,390041430011,2-3-9-004-143-0011,A111,A111,MAUI KAMAOLE,2777 S KIHEI RD UNIT A111,92096772,,,,,,2026-07-15T19:41:40
239004143,0011,390041430011,2-3-9-004-143-0011,A111,A111,MAUI KAMAOLE,2777 S KIHEI RD UNIT A111,92107876,R,,,,,2026-07-15T19:41:40
239004143,0011,390041430011,2-3-9-004-143-0011,A111,A111,MAUI KAMAOLE,2777 S KIHEI RD UNIT A111,92131183,R,,,,,2026-07-15T19:41:40
239004143,0011,390041430011,2-3-9-004-143-0011,A111,A111,MAUI KAMAOLE,2777 S KIHEI RD UNIT A111,122523217,,,,,,2026-07-15T19:41:40
239004143,0011,390041430011,2-3-9-004-143-0011,A111,A111,MAUI KAMAOLE,2777 S KIHEI RD UNIT A111,122843001,,,,,,2026-07-15T19:41:40
239004143,0011,390041430011,2-3-9-004-143-0011,A111,A111,MAUI KAMAOLE,2777 S KIHEI RD UNIT A111,122855734,,,,,,2026-07-15T19:41:40
239004143,0011,390041430011,2-3-9-004-143-0011,A111,A111,MAUI KAMAOLE,2777 S KIHEI RD UNIT A111,123925083,R,,,,,2026-07-15T19:41:40
239004143,0011,390041430011,2-3-9-004-143-0011,A111,A111,MAUI KAMAOLE,2777 S KIHEI RD UNIT A111,123925090,R,,,,,2026-07-15T19:41:40
239004143,0011,390041430011,2-3-9-004-143-0011,A111,A111,MAUI KAMAOLE,2777 S KIHEI RD UNIT A111,123925099,R,,,,,2026-07-15T19:41:40
239004143,0011,390041430011,2-3-9-004-143-0011,A111,A111,MAUI KAMAOLE,2777 S KIHEI RD UNIT A111,123929781,M,,,,,2026-07-15T19:41:40
239004143,0011,390041430011,2-3-9-004-143-0011,A111,A111,MAUI KAMAOLE,2777 S KIHEI RD UNIT A111,2007000453,R,,,,,2026-07-15T19:41:40
239004143,0011,390041430011,2-3-9-004-143-0011,A111,A111,MAUI KAMAOLE,2777 S KIHEI RD UNIT A111,2007012186,,,,,,2026-07-15T19:41:40
239004143,0012,390041430012,2-3-9-004-143-0012,A112,A112,MAUI KAMAOLE,2777 S KIHEI RD UNIT A112,59540639,,,,,,2026-07-15T19:41:40
239004143,0012,390041430012,2-3-9-004-143-0012,A112,A112,MAUI KAMAOLE,2777 S KIHEI RD UNIT A112,59690722,M,,,,,2026-07-15T19:41:40
239004143,0012,390041430012,2-3-9-004-143-0012,A112,A112,MAUI KAMAOLE,2777 S KIHEI RD UNIT A112,59730583,M,,,,,2026-07-15T19:41:40
239004143,0012,390041430012,2-3-9-004-143-0012,A112,A112,MAUI KAMAOLE,2777 S KIHEI RD UNIT A112,66520828,,,,,,2026-07-15T19:41:40
239004143,0012,390041430012,2-3-9-004-143-0012,A112,A112,MAUI KAMAOLE,2777 S KIHEI RD UNIT A112,66520829,,,,,,2026-07-15T19:41:40
239004143,0012,390041430012,2-3-9-004-143-0012,A112,A112,MAUI KAMAOLE,2777 S KIHEI RD UNIT A112,80490446,M,,,,,2026-07-15T19:41:40
239004143,0012,390041430012,2-3-9-004-143-0012,A112,A112,MAUI KAMAOLE,2777 S KIHEI RD UNIT A112,98000832,R,,,,,2026-07-15T19:41:40
239004143,0012,390041430012,2-3-9-004-143-0012,A112,A112,MAUI KAMAOLE,2777 S KIHEI RD UNIT A112,98000833,,,,,,2026-07-15T19:41:40
239004143,0012,390041430012,2-3-9-004-143-0012,A112,A112,MAUI KAMAOLE,2777 S KIHEI RD UNIT A112,122523217,,,,,,2026-07-15T19:41:40
239004143,0012,390041430012,2-3-9-004-143-0012,A112,A112,MAUI KAMAOLE,2777 S KIHEI RD UNIT A112,122676731,R,,,,,2026-07-15T19:41:40
239004143,0012,390041430012,2-3-9-004-143-0012,A112,A112,MAUI KAMAOLE,2777 S KIHEI RD UNIT A112,122703213,,,,,,2026-07-15T19:41:40
239004143,0012,390041430012,2-3-9-004-143-0012,A112,A112,MAUI KAMAOLE,2777 S KIHEI RD UNIT A112,2001051020,,,,,,2026-07-15T19:41:40
239004143,0012,390041430012,2-3-9-004-143-0012,A112,A112,MAUI KAMAOLE,2777 S KIHEI RD UNIT A112,2001051021,R,,,,,2026-07-15T19:41:40
239004143,0012,390041430012,2-3-9-004-143-0012,A112,A112,MAUI KAMAOLE,2777 S KIHEI RD UNIT A112,2001154470,,,,,,2026-07-15T19:41:40
239004143,0012,390041430012,2-3-9-004-143-0012,A112,A112,MAUI KAMAOLE,2777 S KIHEI RD UNIT A112,2002037859,R,,,,,2026-07-15T19:41:40
239004143,0012,390041430012,2-3-9-004-143-0012,A112,A112,MAUI KAMAOLE,2777 S KIHEI RD UNIT A112,2004220331,,,,,,2026-07-15T19:41:40
239004143,0012,390041430012,2-3-9-004-143-0012,A112,A112,MAUI KAMAOLE,2777 S KIHEI RD UNIT A112,2004220332,R,,,,,2026-07-15T19:41:40
239004143,0012,390041430012,2-3-9-004-143-0012,A112,A112,MAUI KAMAOLE,2777 S KIHEI RD UNIT A112,2005002477,M,,,,,2026-07-15T19:41:40
239004143,0012,390041430012,2-3-9-004-143-0012,A112,A112,MAUI KAMAOLE,2777 S KIHEI RD UNIT A112,2005002478,M,,,,,2026-07-15T19:41:40
239004143,0012,390041430012,2-3-9-004-143-0012,A112,A112,MAUI KAMAOLE,2777 S KIHEI RD UNIT A112,2007063640,R,,,,,2026-07-15T19:41:40
239004143,0012,390041430012,2-3-9-004-143-0012,A112,A112,MAUI KAMAOLE,2777 S KIHEI RD UNIT A112,2007207934,R,,,,,2026-07-15T19:41:40
239004143,0012,390041430012,2-3-9-004-143-0012,A112,A112,MAUI KAMAOLE,2777 S KIHEI RD UNIT A112,2007207935,M,,,,,2026-07-15T19:41:40
239004143,0012,390041430012,2-3-9-004-143-0012,A112,A112,MAUI KAMAOLE,2777 S KIHEI RD UNIT A112,2007223875,M,,,,,2026-07-15T19:41:40
239004143,0013,390041430013,2-3-9-004-143-0013,A114,A114,MAUI KAMAOLE,2777 S KIHEI RD UNIT A114,70880104,,,,,,2026-07-15T19:41:40
239004143,0013,390041430013,2-3-9-004-143-0013,A114,A114,MAUI KAMAOLE,2777 S KIHEI RD UNIT A114,70880105,R,,,,,2026-07-15T19:41:40
239004143,0013,390041430013,2-3-9-004-143-0013,A114,A114,MAUI KAMAOLE,2777 S KIHEI RD UNIT A114,71500542,M,,,,,2026-07-15T19:41:40
239004143,0013,390041430013,2-3-9-004-143-0013,A114,A114,MAUI KAMAOLE,2777 S KIHEI RD UNIT A114,74590487,M,,,,,2026-07-15T19:41:40
239004143,0013,390041430013,2-3-9-004-143-0013,A114,A114,MAUI KAMAOLE,2777 S KIHEI RD UNIT A114,78020098,R,,,,,2026-07-15T19:41:40
239004143,0013,390041430013,2-3-9-004-143-0013,A114,A114,MAUI KAMAOLE,2777 S KIHEI RD UNIT A114,78740305,M,,,,,2026-07-15T19:41:40
239004143,0013,390041430013,2-3-9-004-143-0013,A114,A114,MAUI KAMAOLE,2777 S KIHEI RD UNIT A114,80170193,,,,,,2026-07-15T19:41:40
239004143,0013,390041430013,2-3-9-004-143-0013,A114,A114,MAUI KAMAOLE,2777 S KIHEI RD UNIT A114,94179280,,,,,,2026-07-15T19:41:40
239004143,0013,390041430013,2-3-9-004-143-0013,A114,A114,MAUI KAMAOLE,2777 S KIHEI RD UNIT A114,95026747,,,,,,2026-07-15T19:41:40
239004143,0013,390041430013,2-3-9-004-143-0013,A114,A114,MAUI KAMAOLE,2777 S KIHEI RD UNIT A114,95026748,,,,,,2026-07-15T19:41:40
239004143,0013,390041430013,2-3-9-004-143-0013,A114,A114,MAUI KAMAOLE,2777 S KIHEI RD UNIT A114,97126072,,,,,,2026-07-15T19:41:40
239004143,0013,390041430013,2-3-9-004-143-0013,A114,A114,MAUI KAMAOLE,2777 S KIHEI RD UNIT A114,122775070,,,,,,2026-07-15T19:41:40
239004143,0013,390041430013,2-3-9-004-143-0013,A114,A114,MAUI KAMAOLE,2777 S KIHEI RD UNIT A114,122775082,,,,,,2026-07-15T19:41:40
239004143,0013,390041430013,2-3-9-004-143-0013,A114,A114,MAUI KAMAOLE,2777 S KIHEI RD UNIT A114,122775087,,,,,,2026-07-15T19:41:40
239004143,0013,390041430013,2-3-9-004-143-0013,A114,A114,MAUI KAMAOLE,2777 S KIHEI RD UNIT A114,122784684,,,,,,2026-07-15T19:41:40
239004143,0013,390041430013,2-3-9-004-143-0013,A114,A114,MAUI KAMAOLE,2777 S KIHEI RD UNIT A114,2004064145,,,,,,2026-07-15T19:41:40
239004143,0013,390041430013,2-3-9-004-143-0013,A114,A114,MAUI KAMAOLE,2777 S KIHEI RD UNIT A114,2004064146,,,,,,2026-07-15T19:41:40
239004143,0013,390041430013,2-3-9-004-143-0013,A114,A114,MAUI KAMAOLE,2777 S KIHEI RD UNIT A114,2004064147,R,,,,,2026-07-15T19:41:40
239004143,0013,390041430013,2-3-9-004-143-0013,A114,A114,MAUI KAMAOLE,2777 S KIHEI RD UNIT A114,2005238304,R,,,,,2026-07-15T19:41:40
239004143,0013,390041430013,2-3-9-004-143-0013,A114,A114,MAUI KAMAOLE,2777 S KIHEI RD UNIT A114,2005249162,M,,,,,2026-07-15T19:41:40
239004143,0013,390041430013,2-3-9-004-143-0013,A114,A114,MAUI KAMAOLE,2777 S KIHEI RD UNIT A114,2006227073,M,,,,,2026-07-15T19:41:40
239004143,0013,390041430013,2-3-9-004-143-0013,A114,A114,MAUI KAMAOLE,2777 S KIHEI RD UNIT A114,2007007394,R,,,,,2026-07-15T19:41:40
239004143,0013,390041430013,2-3-9-004-143-0013,A114,A114,MAUI KAMAOLE,2777 S KIHEI RD UNIT A114,2007107822,M,,,,,2026-07-15T19:41:40
239004143,0013,390041430013,2-3-9-004-143-0013,A114,A114,MAUI KAMAOLE,2777 S KIHEI RD UNIT A114,2007213732,M,,,,,2026-07-15T19:41:40
239004143,0014,390041430014,2-3-9-004-143-0014,A115,A115,MAUI KAMAOLE,2777 S KIHEI RD UNIT A115,58000579,,,,,,2026-07-15T19:41:40
239004143,0014,390041430014,2-3-9-004-143-0014,A115,A115,MAUI KAMAOLE,2777 S KIHEI RD UNIT A115,58200424,M,,,,,2026-07-15T19:41:40
239004143,0014,390041430014,2-3-9-004-143-0014,A115,A115,MAUI KAMAOLE,2777 S KIHEI RD UNIT A115,94180314,,,,,,2026-07-15T19:41:40
239004143,0014,390041430014,2-3-9-004-143-0014,A115,A115,MAUI KAMAOLE,2777 S KIHEI RD UNIT A115,99184480,,,,,,2026-07-15T19:41:40
239004143,0014,390041430014,2-3-9-004-143-0014,A115,A115,MAUI KAMAOLE,2777 S KIHEI RD UNIT A115,99184481,R,,,,,2026-07-15T19:41:40
239004143,0014,390041430014,2-3-9-004-143-0014,A115,A115,MAUI KAMAOLE,2777 S KIHEI RD UNIT A115,99184482,R,,,,,2026-07-15T19:41:40
239004143,0014,390041430014,2-3-9-004-143-0014,A115,A115,MAUI KAMAOLE,2777 S KIHEI RD UNIT A115,123019161,,,,,,2026-07-15T19:41:40
239004143,0014,390041430014,2-3-9-004-143-0014,A115,A115,MAUI KAMAOLE,2777 S KIHEI RD UNIT A115,123019173,,,,,,2026-07-15T19:41:40
239004143,0014,390041430014,2-3-9-004-143-0014,A115,A115,MAUI KAMAOLE,2777 S KIHEI RD UNIT A115,123035085,,,,,,2026-07-15T19:41:40
239004143,0014,390041430014,2-3-9-004-143-0014,A115,A115,MAUI KAMAOLE,2777 S KIHEI RD UNIT A115,2001003271,R,,,,,2026-07-15T19:41:40
239004143,0014,390041430014,2-3-9-004-143-0014,A115,A115,MAUI KAMAOLE,2777 S KIHEI RD UNIT A115,2001003272,R,,,,,2026-07-15T19:41:40
239004143,0014,390041430014,2-3-9-004-143-0014,A115,A115,MAUI KAMAOLE,2777 S KIHEI RD UNIT A115,2001092531,R,,,,,2026-07-15T19:41:40
239004143,0014,390041430014,2-3-9-004-143-0014,A115,A115,MAUI KAMAOLE,2777 S KIHEI RD UNIT A115,2003269448,R,,,,,2026-07-15T19:41:40
239004143,0014,390041430014,2-3-9-004-143-0014,A115,A115,MAUI KAMAOLE,2777 S KIHEI RD UNIT A115,2004017197,M,,,,,2026-07-15T19:41:40
239004143,0014,390041430014,2-3-9-004-143-0014,A115,A115,MAUI KAMAOLE,2777 S KIHEI RD UNIT A115,2005123317,,,,,,2026-07-15T19:41:40
239004143,0014,390041430014,2-3-9-004-143-0014,A115,A115,MAUI KAMAOLE,2777 S KIHEI RD UNIT A115,2005123318,R,,,,,2026-07-15T19:41:40
239004143,0014,390041430014,2-3-9-004-143-0014,A115,A115,MAUI KAMAOLE,2777 S KIHEI RD UNIT A115,2005123319,R,,,,,2026-07-15T19:41:40
239004143,0014,390041430014,2-3-9-004-143-0014,A115,A115,MAUI KAMAOLE,2777 S KIHEI RD UNIT A115,2005142784,M,,,,,2026-07-15T19:41:40
239004143,0014,390041430014,2-3-9-004-143-0014,A115,A115,MAUI KAMAOLE,2777 S KIHEI RD UNIT A115,2007210967,M,,,,,2026-07-15T19:41:40
239004143,0015,390041430015,2-3-9-004-143-0015,A201,A201,MAUI KAMAOLE,2777 S KIHEI RD UNIT A201,93081787,,,,,,2026-07-15T19:41:40
239004143,0015,390041430015,2-3-9-004-143-0015,A201,A201,MAUI KAMAOLE,2777 S KIHEI RD UNIT A201,93081790,,,,,,2026-07-15T19:41:40
239004143,0015,390041430015,2-3-9-004-143-0015,A201,A201,MAUI KAMAOLE,2777 S KIHEI RD UNIT A201,93081792,,,,,,2026-07-15T19:41:40
239004143,0015,390041430015,2-3-9-004-143-0015,A201,A201,MAUI KAMAOLE,2777 S KIHEI RD UNIT A201,122688745,,,,,,2026-07-15T19:41:40
239004143,0015,390041430015,2-3-9-004-143-0015,A201,A201,MAUI KAMAOLE,2777 S KIHEI RD UNIT A201,122688758,,,,,,2026-07-15T19:41:40
239004143,0015,390041430015,2-3-9-004-143-0015,A201,A201,MAUI KAMAOLE,2777 S KIHEI RD UNIT A201,122722196,,,,,,2026-07-15T19:41:40
239004143,0015,390041430015,2-3-9-004-143-0015,A201,A201,MAUI KAMAOLE,2777 S KIHEI RD UNIT A201,2001004636,,,,,,2026-07-15T19:41:40
239004143,0016,390041430016,2-3-9-004-143-0016,A202,A202,MAUI KAMAOLE,2777 S KIHEI RD UNIT A202,Certificate,,,,,,2026-07-15T19:41:40
239004143,0017,390041430017,2-3-9-004-143-0017,A203,A203,MAUI KAMAOLE,2777 S KIHEI RD UNIT A203,46870560,R,,,,,2026-07-15T19:41:40
239004143,0017,390041430017,2-3-9-004-143-0017,A203,A203,MAUI KAMAOLE,2777 S KIHEI RD UNIT A203,47371079,M,,,,,2026-07-15T19:41:40
239004143,0017,390041430017,2-3-9-004-143-0017,A203,A203,MAUI KAMAOLE,2777 S KIHEI RD UNIT A203,47700110,M,,,,,2026-07-15T19:41:40
239004143,0017,390041430017,2-3-9-004-143-0017,A203,A203,MAUI KAMAOLE,2777 S KIHEI RD UNIT A203,78630953,M,,,,,2026-07-15T19:41:40
239004143,0017,390041430017,2-3-9-004-143-0017,A203,A203,MAUI KAMAOLE,2777 S KIHEI RD UNIT A203,99000434,,,,,,2026-07-15T19:41:40
239004143,0017,390041430017,2-3-9-004-143-0017,A203,A203,MAUI KAMAOLE,2777 S KIHEI RD UNIT A203,99000435,,,,,,2026-07-15T19:41:40
239004143,0017,390041430017,2-3-9-004-143-0017,A203,A203,MAUI KAMAOLE,2777 S KIHEI RD UNIT A203,99000436,,,,,,2026-07-15T19:41:40
239004143,0017,390041430017,2-3-9-004-143-0017,A203,A203,MAUI KAMAOLE,2777 S KIHEI RD UNIT A203,99000437,,,,,,2026-07-15T19:41:40
239004143,0017,390041430017,2-3-9-004-143-0017,A203,A203,MAUI KAMAOLE,2777 S KIHEI RD UNIT A203,122672051,,,,,,2026-07-15T19:41:40
239004143,0017,390041430017,2-3-9-004-143-0017,A203,A203,MAUI KAMAOLE,2777 S KIHEI RD UNIT A203,122703373,,,,,,2026-07-15T19:41:40
239004143,0017,390041430017,2-3-9-004-143-0017,A203,A203,MAUI KAMAOLE,2777 S KIHEI RD UNIT A203,2000057763,,,,,,2026-07-15T19:41:40
239004143,0017,390041430017,2-3-9-004-143-0017,A203,A203,MAUI KAMAOLE,2777 S KIHEI RD UNIT A203,2000057764,R,,,,,2026-07-15T19:41:40
239004143,0017,390041430017,2-3-9-004-143-0017,A203,A203,MAUI KAMAOLE,2777 S KIHEI RD UNIT A203,2000072909,,,,,,2026-07-15T19:41:40
239004143,0017,390041430017,2-3-9-004-143-0017,A203,A203,MAUI KAMAOLE,2777 S KIHEI RD UNIT A203,2001129802,,,,,,2026-07-15T19:41:40
239004143,0017,390041430017,2-3-9-004-143-0017,A203,A203,MAUI KAMAOLE,2777 S KIHEI RD UNIT A203,2001129803,R,,,,,2026-07-15T19:41:40
239004143,0017,390041430017,2-3-9-004-143-0017,A203,A203,MAUI KAMAOLE,2777 S KIHEI RD UNIT A203,2001145897,M,,,,,2026-07-15T19:41:40
239004143,0017,390041430017,2-3-9-004-143-0017,A203,A203,MAUI KAMAOLE,2777 S KIHEI RD UNIT A203,2003066629,R,,,,,2026-07-15T19:41:40
239004143,0017,390041430017,2-3-9-004-143-0017,A203,A203,MAUI KAMAOLE,2777 S KIHEI RD UNIT A203,2003206478,M,,,,,2026-07-15T19:41:40
239004143,0017,390041430017,2-3-9-004-143-0017,A203,A203,MAUI KAMAOLE,2777 S KIHEI RD UNIT A203,2005257876,,,,,,2026-07-15T19:41:40
239004143,0017,390041430017,2-3-9-004-143-0017,A203,A203,MAUI KAMAOLE,2777 S KIHEI RD UNIT A203,2007077043,,,,,,2026-07-15T19:41:40
239004143,0017,390041430017,2-3-9-004-143-0017,A203,A203,MAUI KAMAOLE,2777 S KIHEI RD UNIT A203,2007077044,,,,,,2026-07-15T19:41:40
239004143,0017,390041430017,2-3-9-004-143-0017,A203,A203,MAUI KAMAOLE,2777 S KIHEI RD UNIT A203,2007077045,R,,,,,2026-07-15T19:41:40
239004143,0017,390041430017,2-3-9-004-143-0017,A203,A203,MAUI KAMAOLE,2777 S KIHEI RD UNIT A203,2007091722,,,,,,2026-07-15T19:41:40
239004143,0017,390041430017,2-3-9-004-143-0017,A203,A203,MAUI KAMAOLE,2777 S KIHEI RD UNIT A203,2007114312,M,,,,,2026-07-15T19:41:40
239004143,0017,390041430017,2-3-9-004-143-0017,A203,A203,MAUI KAMAOLE,2777 S KIHEI RD UNIT A203,2011157501,,,,,,2026-07-15T19:41:40
239004143,0017,390041430017,2-3-9-004-143-0017,A203,A203,MAUI KAMAOLE,2777 S KIHEI RD UNIT A203,2011157502,R,,,,,2026-07-15T19:41:40
239004143,0017,390041430017,2-3-9-004-143-0017,A203,A203,MAUI KAMAOLE,2777 S KIHEI RD UNIT A203,2011174576,M,,,,,2026-07-15T19:41:40
239004143,0018,390041430018,2-3-9-004-143-0018,A204,A204,MAUI KAMAOLE,2777 S KIHEI RD UNIT A204,78660221,,,,,,2026-07-15T19:41:40
239004143,0018,390041430018,2-3-9-004-143-0018,A204,A204,MAUI KAMAOLE,2777 S KIHEI RD UNIT A204,78730683,M,,,,,2026-07-15T19:41:40
239004143,0018,390041430018,2-3-9-004-143-0018,A204,A204,MAUI KAMAOLE,2777 S KIHEI RD UNIT A204,88720467,,,,,,2026-07-15T19:41:40
239004143,0018,390041430018,2-3-9-004-143-0018,A204,A204,MAUI KAMAOLE,2777 S KIHEI RD UNIT A204,122780067,,,,,,2026-07-15T19:41:40
239004143,0018,390041430018,2-3-9-004-143-0018,A204,A204,MAUI KAMAOLE,2777 S KIHEI RD UNIT A204,122780079,,,,,,2026-07-15T19:41:40
239004143,0018,390041430018,2-3-9-004-143-0018,A204,A204,MAUI KAMAOLE,2777 S KIHEI RD UNIT A204,122799441,,,,,,2026-07-15T19:41:40
239004143,0018,390041430018,2-3-9-004-143-0018,A204,A204,MAUI KAMAOLE,2777 S KIHEI RD UNIT A204,2003209001,,,,,,2026-07-15T19:41:40
239004143,0018,390041430018,2-3-9-004-143-0018,A204,A204,MAUI KAMAOLE,2777 S KIHEI RD UNIT A204,2003209002,R,,,,,2026-07-15T19:41:40
239004143,0018,390041430018,2-3-9-004-143-0018,A204,A204,MAUI KAMAOLE,2777 S KIHEI RD UNIT A204,2008093214,,,,,,2026-07-15T19:41:40
239004143,0018,390041430018,2-3-9-004-143-0018,A204,A204,MAUI KAMAOLE,2777 S KIHEI RD UNIT A204,2011152717,R,,,,,2026-07-15T19:41:40
239004143,0018,390041430018,2-3-9-004-143-0018,A204,A204,MAUI KAMAOLE,2777 S KIHEI RD UNIT A204,2011155629,M,,,,,2026-07-15T19:41:40
239004143,0018,390041430018,2-3-9-004-143-0018,A204,A204,MAUI KAMAOLE,2777 S KIHEI RD UNIT A204,2011166388,M,,,,,2026-07-15T19:41:40
239004143,0019,390041430019,2-3-9-004-143-0019,A205,A205,MAUI KAMAOLE,2777 S KIHEI RD UNIT A205,45410249,,,,,,2026-07-15T19:41:40
239004143,0019,390041430019,2-3-9-004-143-0019,A205,A205,MAUI KAMAOLE,2777 S KIHEI RD UNIT A205,57570015,,,,,,2026-07-15T19:41:40
239004143,0019,390041430019,2-3-9-004-143-0019,A205,A205,MAUI KAMAOLE,2777 S KIHEI RD UNIT A205,77730066,,,,,,2026-07-15T19:41:40
239004143,0019,390041430019,2-3-9-004-143-0019,A205,A205,MAUI KAMAOLE,2777 S KIHEI RD UNIT A205,81500295,,,,,,2026-07-15T19:41:40
239004143,0019,390041430019,2-3-9-004-143-0019,A205,A205,MAUI KAMAOLE,2777 S KIHEI RD UNIT A205,81500296,,,,,,2026-07-15T19:41:40
239004143,0019,390041430019,2-3-9-004-143-0019,A205,A205,MAUI KAMAOLE,2777 S KIHEI RD UNIT A205,90160337,,,,,,2026-07-15T19:41:40
239004143,0019,390041430019,2-3-9-004-143-0019,A205,A205,MAUI KAMAOLE,2777 S KIHEI RD UNIT A205,92081854,,,,,,2026-07-15T19:41:40
239004143,0019,390041430019,2-3-9-004-143-0019,A205,A205,MAUI KAMAOLE,2777 S KIHEI RD UNIT A205,99166748,,,,,,2026-07-15T19:41:40
239004143,0019,390041430019,2-3-9-004-143-0019,A205,A205,MAUI KAMAOLE,2777 S KIHEI RD UNIT A205,99184382,,,,,,2026-07-15T19:41:40
239004143,0019,390041430019,2-3-9-004-143-0019,A205,A205,MAUI KAMAOLE,2777 S KIHEI RD UNIT A205,122745197,,,,,,2026-07-15T19:41:40
239004143,0019,390041430019,2-3-9-004-143-0019,A205,A205,MAUI KAMAOLE,2777 S KIHEI RD UNIT A205,122745209,,,,,,2026-07-15T19:41:40
239004143,0019,390041430019,2-3-9-004-143-0019,A205,A205,MAUI KAMAOLE,2777 S KIHEI RD UNIT A205,122759712,,,,,,2026-07-15T19:41:40
239004143,0019,390041430019,2-3-9-004-143-0019,A205,A205,MAUI KAMAOLE,2777 S KIHEI RD UNIT A205,2000031181,,,,,,2026-07-15T19:41:40
239004143,0019,390041430019,2-3-9-004-143-0019,A205,A205,MAUI KAMAOLE,2777 S KIHEI RD UNIT A205,2001062511,,,,,,2026-07-15T19:41:40
239004143,0019,390041430019,2-3-9-004-143-0019,A205,A205,MAUI KAMAOLE,2777 S KIHEI RD UNIT A205,2004055739,,,,,,2026-07-15T19:41:40
239004143,0019,390041430019,2-3-9-004-143-0019,A205,A205,MAUI KAMAOLE,2777 S KIHEI RD UNIT A205,2004193044,R,,,,,2026-07-15T19:41:40
239004143,0019,390041430019,2-3-9-004-143-0019,A205,A205,MAUI KAMAOLE,2777 S KIHEI RD UNIT A205,2005180237,R,,,,,2026-07-15T19:41:40
239004143,0019,390041430019,2-3-9-004-143-0019,A205,A205,MAUI KAMAOLE,2777 S KIHEI RD UNIT A205,2006131676,R,,,,,2026-07-15T19:41:40
239004143,0019,390041430019,2-3-9-004-143-0019,A205,A205,MAUI KAMAOLE,2777 S KIHEI RD UNIT A205,2007109106,R,,,,,2026-07-15T19:41:40
239004143,0019,390041430019,2-3-9-004-143-0019,A205,A205,MAUI KAMAOLE,2777 S KIHEI RD UNIT A205,2007144314,MFS,,,,,2026-07-15T19:41:40
239004143,0019,390041430019,2-3-9-004-143-0019,A205,A205,MAUI KAMAOLE,2777 S KIHEI RD UNIT A205,2007144315,,,,,,2026-07-15T19:41:40
239004143,0019,390041430019,2-3-9-004-143-0019,A205,A205,MAUI KAMAOLE,2777 S KIHEI RD UNIT A205,2007159059,,,,,,2026-07-15T19:41:40
239004143,0019,390041430019,2-3-9-004-143-0019,A205,A205,MAUI KAMAOLE,2777 S KIHEI RD UNIT A205,2007210134,,,,,,2026-07-15T19:41:40
239004143,0019,390041430019,2-3-9-004-143-0019,A205,A205,MAUI KAMAOLE,2777 S KIHEI RD UNIT A205,2011085827,,,,,,2026-07-15T19:41:40
239004143,0019,390041430019,2-3-9-004-143-0019,A205,A205,MAUI KAMAOLE,2777 S KIHEI RD UNIT A205,2011097879,M,,,,,2026-07-15T19:41:40
239004143,0020,390041430020,2-3-9-004-143-0020,A206,A206,MAUI KAMAOLE,2777 S KIHEI RD UNIT A206,57350063,M,,,,,2026-07-15T19:41:40
239004143,0020,390041430020,2-3-9-004-143-0020,A206,A206,MAUI KAMAOLE,2777 S KIHEI RD UNIT A206,57350064,M,,,,,2026-07-15T19:41:40
239004143,0020,390041430020,2-3-9-004-143-0020,A206,A206,MAUI KAMAOLE,2777 S KIHEI RD UNIT A206,57350065,,,,,,2026-07-15T19:41:40
239004143,0020,390041430020,2-3-9-004-143-0020,A206,A206,MAUI KAMAOLE,2777 S KIHEI RD UNIT A206,57860150,,,,,,2026-07-15T19:41:40
239004143,0020,390041430020,2-3-9-004-143-0020,A206,A206,MAUI KAMAOLE,2777 S KIHEI RD UNIT A206,57950254,,,,,,2026-07-15T19:41:40
239004143,0020,390041430020,2-3-9-004-143-0020,A206,A206,MAUI KAMAOLE,2777 S KIHEI RD UNIT A206,57950255,R,,,,,2026-07-15T19:41:40
239004143,0020,390041430020,2-3-9-004-143-0020,A206,A206,MAUI KAMAOLE,2777 S KIHEI RD UNIT A206,67860175,,,,,,2026-07-15T19:41:40
239004143,0020,390041430020,2-3-9-004-143-0020,A206,A206,MAUI KAMAOLE,2777 S KIHEI RD UNIT A206,68240785,M,,,,,2026-07-15T19:41:40
239004143,0020,390041430020,2-3-9-004-143-0020,A206,A206,MAUI KAMAOLE,2777 S KIHEI RD UNIT A206,92182055,,,,,,2026-07-15T19:41:40
239004143,0020,390041430020,2-3-9-004-143-0020,A206,A206,MAUI KAMAOLE,2777 S KIHEI RD UNIT A206,92182056,,,,,,2026-07-15T19:41:40
239004143,0020,390041430020,2-3-9-004-143-0020,A206,A206,MAUI KAMAOLE,2777 S KIHEI RD UNIT A206,122672064,,,,,,2026-07-15T19:41:40
239004143,0020,390041430020,2-3-9-004-143-0020,A206,A206,MAUI KAMAOLE,2777 S KIHEI RD UNIT A206,122703386,,,,,,2026-07-15T19:41:40
239004143,0020,390041430020,2-3-9-004-143-0020,A206,A206,MAUI KAMAOLE,2777 S KIHEI RD UNIT A206,123381258,,,,,,2026-07-15T19:41:40
239004143,0021,390041430021,2-3-9-004-143-0021,A207,A207,MAUI KAMAOLE,2777 S KIHEI RD UNIT A207,43990856,M,,,,,2026-07-15T19:41:40
239004143,0021,390041430021,2-3-9-004-143-0021,A207,A207,MAUI KAMAOLE,2777 S KIHEI RD UNIT A207,43990857,M,,,,,2026-07-15T19:41:40
239004143,0021,390041430021,2-3-9-004-143-0021,A207,A207,MAUI KAMAOLE,2777 S KIHEI RD UNIT A207,44710636,M,,,,,2026-07-15T19:41:40
239004143,0021,390041430021,2-3-9-004-143-0021,A207,A207,MAUI KAMAOLE,2777 S KIHEI RD UNIT A207,44840375,,,,,,2026-07-15T19:41:40
239004143,0021,390041430021,2-3-9-004-143-0021,A207,A207,MAUI KAMAOLE,2777 S KIHEI RD UNIT A207,44840376,R,,,,,2026-07-15T19:41:40
239004143,0021,390041430021,2-3-9-004-143-0021,A207,A207,MAUI KAMAOLE,2777 S KIHEI RD UNIT A207,47440710,,,,,,2026-07-15T19:41:40
239004143,0021,390041430021,2-3-9-004-143-0021,A207,A207,MAUI KAMAOLE,2777 S KIHEI RD UNIT A207,58820741,M,,,,,2026-07-15T19:41:40
239004143,0021,390041430021,2-3-9-004-143-0021,A207,A207,MAUI KAMAOLE,2777 S KIHEI RD UNIT A207,65470080,,,,,,2026-07-15T19:41:40
239004143,0021,390041430021,2-3-9-004-143-0021,A207,A207,MAUI KAMAOLE,2777 S KIHEI RD UNIT A207,90133520,R,,,,,2026-07-15T19:41:40
239004143,0021,390041430021,2-3-9-004-143-0021,A207,A207,MAUI KAMAOLE,2777 S KIHEI RD UNIT A207,122683037,R,,,,,2026-07-15T19:41:40
239004143,0021,390041430021,2-3-9-004-143-0021,A207,A207,MAUI KAMAOLE,2777 S KIHEI RD UNIT A207,122683051,R,,,,,2026-07-15T19:41:40
239004143,0021,390041430021,2-3-9-004-143-0021,A207,A207,MAUI KAMAOLE,2777 S KIHEI RD UNIT A207,122703200,,,,,,2026-07-15T19:41:40
239004143,0021,390041430021,2-3-9-004-143-0021,A207,A207,MAUI KAMAOLE,2777 S KIHEI RD UNIT A207,2001013790,R,,,,,2026-07-15T19:41:40
239004143,0021,390041430021,2-3-9-004-143-0021,A207,A207,MAUI KAMAOLE,2777 S KIHEI RD UNIT A207,2001013791,M,,,,,2026-07-15T19:41:40
239004143,0021,390041430021,2-3-9-004-143-0021,A207,A207,MAUI KAMAOLE,2777 S KIHEI RD UNIT A207,2002075787,R,,,,,2026-07-15T19:41:40
239004143,0021,390041430021,2-3-9-004-143-0021,A207,A207,MAUI KAMAOLE,2777 S KIHEI RD UNIT A207,2002075788,R,,,,,2026-07-15T19:41:40
239004143,0021,390041430021,2-3-9-004-143-0021,A207,A207,MAUI KAMAOLE,2777 S KIHEI RD UNIT A207,2003113916,R,,,,,2026-07-15T19:41:40
239004143,0021,390041430021,2-3-9-004-143-0021,A207,A207,MAUI KAMAOLE,2777 S KIHEI RD UNIT A207,2003166168,,,,,,2026-07-15T19:41:40
239004143,0021,390041430021,2-3-9-004-143-0021,A207,A207,MAUI KAMAOLE,2777 S KIHEI RD UNIT A207,2004169429,M,,,,,2026-07-15T19:41:40
239004143,0021,390041430021,2-3-9-004-143-0021,A207,A207,MAUI KAMAOLE,2777 S KIHEI RD UNIT A207,2004206124,R,,,,,2026-07-15T19:41:40
239004143,0021,390041430021,2-3-9-004-143-0021,A207,A207,MAUI KAMAOLE,2777 S KIHEI RD UNIT A207,2004213073,M,,,,,2026-07-15T19:41:40
239004143,0021,390041430021,2-3-9-004-143-0021,A207,A207,MAUI KAMAOLE,2777 S KIHEI RD UNIT A207,2004259598,,,,,,2026-07-15T19:41:40
239004143,0021,390041430021,2-3-9-004-143-0021,A207,A207,MAUI KAMAOLE,2777 S KIHEI RD UNIT A207,2005063164,R,,,,,2026-07-15T19:41:40
239004143,0021,390041430021,2-3-9-004-143-0021,A207,A207,MAUI KAMAOLE,2777 S KIHEI RD UNIT A207,2005080055,M,,,,,2026-07-15T19:41:40
239004143,0021,390041430021,2-3-9-004-143-0021,A207,A207,MAUI KAMAOLE,2777 S KIHEI RD UNIT A207,2005124514,R,,,,,2026-07-15T19:41:40
239004143,0021,390041430021,2-3-9-004-143-0021,A207,A207,MAUI KAMAOLE,2777 S KIHEI RD UNIT A207,2005214156,M,,,,,2026-07-15T19:41:40
239004143,0021,390041430021,2-3-9-004-143-0021,A207,A207,MAUI KAMAOLE,2777 S KIHEI RD UNIT A207,2006061178,,,,,,2026-07-15T19:41:40
239004143,0022,390041430022,2-3-9-004-143-0022,A208,A208,MAUI KAMAOLE,2777 S KIHEI RD UNIT A208,43950845,M,,,,,2026-07-15T19:41:40
239004143,0022,390041430022,2-3-9-004-143-0022,A208,A208,MAUI KAMAOLE,2777 S KIHEI RD UNIT A208,80610540,M,,,,,2026-07-15T19:41:40
239004143,0022,390041430022,2-3-9-004-143-0022,A208,A208,MAUI KAMAOLE,2777 S KIHEI RD UNIT A208,81390538,M,,,,,2026-07-15T19:41:40
239004143,0022,390041430022,2-3-9-004-143-0022,A208,A208,MAUI KAMAOLE,2777 S KIHEI RD UNIT A208,93117272,,,,,,2026-07-15T19:41:40
239004143,0022,390041430022,2-3-9-004-143-0022,A208,A208,MAUI KAMAOLE,2777 S KIHEI RD UNIT A208,96076504,,,,,,2026-07-15T19:41:40
239004143,0022,390041430022,2-3-9-004-143-0022,A208,A208,MAUI KAMAOLE,2777 S KIHEI RD UNIT A208,96076505,,,,,,2026-07-15T19:41:40
239004143,0022,390041430022,2-3-9-004-143-0022,A208,A208,MAUI KAMAOLE,2777 S KIHEI RD UNIT A208,122683001,,,,,,2026-07-15T19:41:40
239004143,0022,390041430022,2-3-9-004-143-0022,A208,A208,MAUI KAMAOLE,2777 S KIHEI RD UNIT A208,122703239,,,,,,2026-07-15T19:41:40
239004143,0022,390041430022,2-3-9-004-143-0022,A208,A208,MAUI KAMAOLE,2777 S KIHEI RD UNIT A208,2001025663,R,,,,,2026-07-15T19:41:40
239004143,0022,390041430022,2-3-9-004-143-0022,A208,A208,MAUI KAMAOLE,2777 S KIHEI RD UNIT A208,2001046571,,,,,,2026-07-15T19:41:40
239004143,0022,390041430022,2-3-9-004-143-0022,A208,A208,MAUI KAMAOLE,2777 S KIHEI RD UNIT A208,2005034752,M,,,,,2026-07-15T19:41:40
239004143,0022,390041430022,2-3-9-004-143-0022,A208,A208,MAUI KAMAOLE,2777 S KIHEI RD UNIT A208,2005213178,,,,,,2026-07-15T19:41:40
239004143,0022,390041430022,2-3-9-004-143-0022,A208,A208,MAUI KAMAOLE,2777 S KIHEI RD UNIT A208,2005213179,,,,,,2026-07-15T19:41:40
239004143,0022,390041430022,2-3-9-004-143-0022,A208,A208,MAUI KAMAOLE,2777 S KIHEI RD UNIT A208,2005213180,R,,,,,2026-07-15T19:41:40
239004143,0022,390041430022,2-3-9-004-143-0022,A208,A208,MAUI KAMAOLE,2777 S KIHEI RD UNIT A208,2005213181,,,,,,2026-07-15T19:41:40
239004143,0022,390041430022,2-3-9-004-143-0022,A208,A208,MAUI KAMAOLE,2777 S KIHEI RD UNIT A208,2005215323,M,,,,,2026-07-15T19:41:40
239004143,0022,390041430022,2-3-9-004-143-0022,A208,A208,MAUI KAMAOLE,2777 S KIHEI RD UNIT A208,2011204135,,,,,,2026-07-15T19:41:40
239004143,0022,390041430022,2-3-9-004-143-0022,A208,A208,MAUI KAMAOLE,2777 S KIHEI RD UNIT A208,2011204136,M,,,,,2026-07-15T19:41:40
239004143,0022,390041430022,2-3-9-004-143-0022,A208,A208,MAUI KAMAOLE,2777 S KIHEI RD UNIT A208,2011205423,M,,,,,2026-07-15T19:41:40
239004143,0022,390041430022,2-3-9-004-143-0022,A208,A208,MAUI KAMAOLE,2777 S KIHEI RD UNIT A208,9410000581,M,,,,,2026-07-15T19:41:40
239004143,0023,390041430023,2-3-9-004-143-0023,A209,A209,MAUI KAMAOLE,2777 S KIHEI RD UNIT A209,90072336,,,,,,2026-07-15T19:41:40
239004143,0023,390041430023,2-3-9-004-143-0023,A209,A209,MAUI KAMAOLE,2777 S KIHEI RD UNIT A209,90072337,,,,,,2026-07-15T19:41:40
239004143,0023,390041430023,2-3-9-004-143-0023,A209,A209,MAUI KAMAOLE,2777 S KIHEI RD UNIT A209,90101304,,,,,,2026-07-15T19:41:40
239004143,0023,390041430023,2-3-9-004-143-0023,A209,A209,MAUI KAMAOLE,2777 S KIHEI RD UNIT A209,93030716,,,,,,2026-07-15T19:41:40
239004143,0023,390041430023,2-3-9-004-143-0023,A209,A209,MAUI KAMAOLE,2777 S KIHEI RD UNIT A209,93042591,,,,,,2026-07-15T19:41:40
239004143,0023,390041430023,2-3-9-004-143-0023,A209,A209,MAUI KAMAOLE,2777 S KIHEI RD UNIT A209,93134221,,,,,,2026-07-15T19:41:40
239004143,0023,390041430023,2-3-9-004-143-0023,A209,A209,MAUI KAMAOLE,2777 S KIHEI RD UNIT A209,96051911,,,,,,2026-07-15T19:41:40
239004143,0023,390041430023,2-3-9-004-143-0023,A209,A209,MAUI KAMAOLE,2777 S KIHEI RD UNIT A209,96051912,,,,,,2026-07-15T19:41:40
239004143,0023,390041430023,2-3-9-004-143-0023,A209,A209,MAUI KAMAOLE,2777 S KIHEI RD UNIT A209,96051913,,,,,,2026-07-15T19:41:40
239004143,0023,390041430023,2-3-9-004-143-0023,A209,A209,MAUI KAMAOLE,2777 S KIHEI RD UNIT A209,96053426,,,,,,2026-07-15T19:41:40
239004143,0023,390041430023,2-3-9-004-143-0023,A209,A209,MAUI KAMAOLE,2777 S KIHEI RD UNIT A209,96116586,,,,,,2026-07-15T19:41:40
239004143,0023,390041430023,2-3-9-004-143-0023,A209,A209,MAUI KAMAOLE,2777 S KIHEI RD UNIT A209,99164719,,,,,,2026-07-15T19:41:40
239004143,0023,390041430023,2-3-9-004-143-0023,A209,A209,MAUI KAMAOLE,2777 S KIHEI RD UNIT A209,122759725,,,,,,2026-07-15T19:41:40
239004143,0023,390041430023,2-3-9-004-143-0023,A209,A209,MAUI KAMAOLE,2777 S KIHEI RD UNIT A209,122759729,,,,,,2026-07-15T19:41:40
239004143,0023,390041430023,2-3-9-004-143-0023,A209,A209,MAUI KAMAOLE,2777 S KIHEI RD UNIT A209,122759741,,,,,,2026-07-15T19:41:40
239004143,0023,390041430023,2-3-9-004-143-0023,A209,A209,MAUI KAMAOLE,2777 S KIHEI RD UNIT A209,122784660,,,,,,2026-07-15T19:41:40
239004143,0023,390041430023,2-3-9-004-143-0023,A209,A209,MAUI KAMAOLE,2777 S KIHEI RD UNIT A209,2002138639,,,,,,2026-07-15T19:41:40
239004143,0023,390041430023,2-3-9-004-143-0023,A209,A209,MAUI KAMAOLE,2777 S KIHEI RD UNIT A209,2005088713,,,,,,2026-07-15T19:41:40
239004143,0023,390041430023,2-3-9-004-143-0023,A209,A209,MAUI KAMAOLE,2777 S KIHEI RD UNIT A209,2005088714,R,,,,,2026-07-15T19:41:40
239004143,0023,390041430023,2-3-9-004-143-0023,A209,A209,MAUI KAMAOLE,2777 S KIHEI RD UNIT A209,2005108661,,,,,,2026-07-15T19:41:40
239004143,0023,390041430023,2-3-9-004-143-0023,A209,A209,MAUI KAMAOLE,2777 S KIHEI RD UNIT A209,2006159101,,,,,,2026-07-15T19:41:40
239004143,0023,390041430023,2-3-9-004-143-0023,A209,A209,MAUI KAMAOLE,2777 S KIHEI RD UNIT A209,2006193145,M,,,,,2026-07-15T19:41:40
239004143,0023,390041430023,2-3-9-004-143-0023,A209,A209,MAUI KAMAOLE,2777 S KIHEI RD UNIT A209,2007145627,,,,,,2026-07-15T19:41:40
239004143,0023,390041430023,2-3-9-004-143-0023,A209,A209,MAUI KAMAOLE,2777 S KIHEI RD UNIT A209,2010069194,M,,,,,2026-07-15T19:41:40
239004143,0023,390041430023,2-3-9-004-143-0023,A209,A209,MAUI KAMAOLE,2777 S KIHEI RD UNIT A209,2010069195,M,,,,,2026-07-15T19:41:40
239004143,0023,390041430023,2-3-9-004-143-0023,A209,A209,MAUI KAMAOLE,2777 S KIHEI RD UNIT A209,2011108677,,,,,,2026-07-15T19:41:40
239004143,0024,390041430024,2-3-9-004-143-0024,A210,A210,MAUI KAMAOLE,2777 S KIHEI RD UNIT A210,65910590,,,,,,2026-07-15T19:41:40
239004143,0024,390041430024,2-3-9-004-143-0024,A210,A210,MAUI KAMAOLE,2777 S KIHEI RD UNIT A210,71320443,,,,,,2026-07-15T19:41:40
239004143,0024,390041430024,2-3-9-004-143-0024,A210,A210,MAUI KAMAOLE,2777 S KIHEI RD UNIT A210,71320444,R,,,,,2026-07-15T19:41:40
239004143,0024,390041430024,2-3-9-004-143-0024,A210,A210,MAUI KAMAOLE,2777 S KIHEI RD UNIT A210,71430763,,,,,,2026-07-15T19:41:40
239004143,0024,390041430024,2-3-9-004-143-0024,A210,A210,MAUI KAMAOLE,2777 S KIHEI RD UNIT A210,75430180,,,,,,2026-07-15T19:41:40
239004143,0024,390041430024,2-3-9-004-143-0024,A210,A210,MAUI KAMAOLE,2777 S KIHEI RD UNIT A210,75580758,M,,,,,2026-07-15T19:41:40
239004143,0024,390041430024,2-3-9-004-143-0024,A210,A210,MAUI KAMAOLE,2777 S KIHEI RD UNIT A210,81990908,,,,,,2026-07-15T19:41:40
239004143,0024,390041430024,2-3-9-004-143-0024,A210,A210,MAUI KAMAOLE,2777 S KIHEI RD UNIT A210,97019026,R,,,,,2026-07-15T19:41:40
239004143,0024,390041430024,2-3-9-004-143-0024,A210,A210,MAUI KAMAOLE,2777 S KIHEI RD UNIT A210,97092742,R,,,,,2026-07-15T19:41:40
239004143,0024,390041430024,2-3-9-004-143-0024,A210,A210,MAUI KAMAOLE,2777 S KIHEI RD UNIT A210,97184209,,,,,,2026-07-15T19:41:40
239004143,0024,390041430024,2-3-9-004-143-0024,A210,A210,MAUI KAMAOLE,2777 S KIHEI RD UNIT A210,99184122,R,,,,,2026-07-15T19:41:40
239004143,0024,390041430024,2-3-9-004-143-0024,A210,A210,MAUI KAMAOLE,2777 S KIHEI RD UNIT A210,122688619,,,,,,2026-07-15T19:41:40
239004143,0024,390041430024,2-3-9-004-143-0024,A210,A210,MAUI KAMAOLE,2777 S KIHEI RD UNIT A210,122722209,,,,,,2026-07-15T19:41:40
239004143,0024,390041430024,2-3-9-004-143-0024,A210,A210,MAUI KAMAOLE,2777 S KIHEI RD UNIT A210,2002058382,,,,,,2026-07-15T19:41:40
239004143,0024,390041430024,2-3-9-004-143-0024,A210,A210,MAUI KAMAOLE,2777 S KIHEI RD UNIT A210,2007151282,R,,,,,2026-07-15T19:41:40
239004143,0025,390041430025,2-3-9-004-143-0025,A211,A211,MAUI KAMAOLE,2777 S KIHEI RD UNIT A211,45890671,MFS,,,,,2026-07-15T19:41:40
239004143,0025,390041430025,2-3-9-004-143-0025,A211,A211,MAUI KAMAOLE,2777 S KIHEI RD UNIT A211,47081101,MFS,,,,,2026-07-15T19:41:40
239004143,0025,390041430025,2-3-9-004-143-0025,A211,A211,MAUI KAMAOLE,2777 S KIHEI RD UNIT A211,50560664,M,,,,,2026-07-15T19:41:40
239004143,0025,390041430025,2-3-9-004-143-0025,A211,A211,MAUI KAMAOLE,2777 S KIHEI RD UNIT A211,52620549,R,,,,,2026-07-15T19:41:40
239004143,0025,390041430025,2-3-9-004-143-0025,A211,A211,MAUI KAMAOLE,2777 S KIHEI RD UNIT A211,52620550,R,,,,,2026-07-15T19:41:40
239004143,0025,390041430025,2-3-9-004-143-0025,A211,A211,MAUI KAMAOLE,2777 S KIHEI RD UNIT A211,52870635,,,,,,2026-07-15T19:41:40
239004143,0025,390041430025,2-3-9-004-143-0025,A211,A211,MAUI KAMAOLE,2777 S KIHEI RD UNIT A211,53660312,,,,,,2026-07-15T19:41:40
239004143,0025,390041430025,2-3-9-004-143-0025,A211,A211,MAUI KAMAOLE,2777 S KIHEI RD UNIT A211,53660313,,,,,,2026-07-15T19:41:40
239004143,0025,390041430025,2-3-9-004-143-0025,A211,A211,MAUI KAMAOLE,2777 S KIHEI RD UNIT A211,53751081,NL,,,,,2026-07-15T19:41:40
239004143,0025,390041430025,2-3-9-004-143-0025,A211,A211,MAUI KAMAOLE,2777 S KIHEI RD UNIT A211,58120610,,,,,,2026-07-15T19:41:40
239004143,0025,390041430025,2-3-9-004-143-0025,A211,A211,MAUI KAMAOLE,2777 S KIHEI RD UNIT A211,91163740,,,,,,2026-07-15T19:41:40
239004143,0025,390041430025,2-3-9-004-143-0025,A211,A211,MAUI KAMAOLE,2777 S KIHEI RD UNIT A211,93014711,,,,,,2026-07-15T19:41:40
239004143,0025,390041430025,2-3-9-004-143-0025,A211,A211,MAUI KAMAOLE,2777 S KIHEI RD UNIT A211,94179275,,,,,,2026-07-15T19:41:40
239004143,0025,390041430025,2-3-9-004-143-0025,A211,A211,MAUI KAMAOLE,2777 S KIHEI RD UNIT A211,96070152,,,,,,2026-07-15T19:41:40
239004143,0025,390041430025,2-3-9-004-143-0025,A211,A211,MAUI KAMAOLE,2777 S KIHEI RD UNIT A211,122830552,,,,,,2026-07-15T19:41:40
239004143,0025,390041430025,2-3-9-004-143-0025,A211,A211,MAUI KAMAOLE,2777 S KIHEI RD UNIT A211,122830564,,,,,,2026-07-15T19:41:40
239004143,0025,390041430025,2-3-9-004-143-0025,A211,A211,MAUI KAMAOLE,2777 S KIHEI RD UNIT A211,122847192,,,,,,2026-07-15T19:41:40
239004143,0025,390041430025,2-3-9-004-143-0025,A211,A211,MAUI KAMAOLE,2777 S KIHEI RD UNIT A211,2001041280,R,,,,,2026-07-15T19:41:40
239004143,0025,390041430025,2-3-9-004-143-0025,A211,A211,MAUI KAMAOLE,2777 S KIHEI RD UNIT A211,2001073313,,,,,,2026-07-15T19:41:40
239004143,0025,390041430025,2-3-9-004-143-0025,A211,A211,MAUI KAMAOLE,2777 S KIHEI RD UNIT A211,2001095803,,,,,,2026-07-15T19:41:40
239004143,0025,390041430025,2-3-9-004-143-0025,A211,A211,MAUI KAMAOLE,2777 S KIHEI RD UNIT A211,2001130812,R,,,,,2026-07-15T19:41:40
239004143,0025,390041430025,2-3-9-004-143-0025,A211,A211,MAUI KAMAOLE,2777 S KIHEI RD UNIT A211,2007069225,,,,,,2026-07-15T19:41:40
239004143,0025,390041430025,2-3-9-004-143-0025,A211,A211,MAUI KAMAOLE,2777 S KIHEI RD UNIT A211,2007106997,M,,,,,2026-07-15T19:41:40
239004143,0025,390041430025,2-3-9-004-143-0025,A211,A211,MAUI KAMAOLE,2777 S KIHEI RD UNIT A211,2007110138,MFS,,,,,2026-07-15T19:41:40
239004143,0025,390041430025,2-3-9-004-143-0025,A211,A211,MAUI KAMAOLE,2777 S KIHEI RD UNIT A211,2007115749,R,,,,,2026-07-15T19:41:40
239004143,0025,390041430025,2-3-9-004-143-0025,A211,A211,MAUI KAMAOLE,2777 S KIHEI RD UNIT A211,2009136622,M,,,,,2026-07-15T19:41:40
239004143,0025,390041430025,2-3-9-004-143-0025,A211,A211,MAUI KAMAOLE,2777 S KIHEI RD UNIT A211,2009136623,M,,,,,2026-07-15T19:41:40
239004143,0025,390041430025,2-3-9-004-143-0025,A211,A211,MAUI KAMAOLE,2777 S KIHEI RD UNIT A211,2010097947,M,,,,,2026-07-15T19:41:40
239004143,0025,390041430025,2-3-9-004-143-0025,A211,A211,MAUI KAMAOLE,2777 S KIHEI RD UNIT A211,2010097964,,,,,,2026-07-15T19:41:40
239004143,0025,390041430025,2-3-9-004-143-0025,A211,A211,MAUI KAMAOLE,2777 S KIHEI RD UNIT A211,2010102994,,,,,,2026-07-15T19:41:40
239004143,0025,390041430025,2-3-9-004-143-0025,A211,A211,MAUI KAMAOLE,2777 S KIHEI RD UNIT A211,2011098357,,,,,,2026-07-15T19:41:40
239004143,0025,390041430025,2-3-9-004-143-0025,A211,A211,MAUI KAMAOLE,2777 S KIHEI RD UNIT A211,2011207187,R,,,,,2026-07-15T19:41:40
239004143,0026,390041430026,2-3-9-004-143-0026,A212,A212,MAUI KAMAOLE,2777 S KIHEI RD UNIT A212,A86610298,AD,,,,,2026-07-15T19:41:40
239004143,0026,390041430026,2-3-9-004-143-0026,A212,A212,MAUI KAMAOLE,2777 S KIHEI RD UNIT A212,A47010152,AD,,,,,2026-07-15T19:41:40
239004143,0026,390041430026,2-3-9-004-143-0026,A212,A212,MAUI KAMAOLE,2777 S KIHEI RD UNIT A212,90030141,R,,,,,2026-07-15T19:41:40
239004143,0026,390041430026,2-3-9-004-143-0026,A212,A212,MAUI KAMAOLE,2777 S KIHEI RD UNIT A212,93097769,,,,,,2026-07-15T19:41:40
239004143,0026,390041430026,2-3-9-004-143-0026,A212,A212,MAUI KAMAOLE,2777 S KIHEI RD UNIT A212,94133141,,,,,,2026-07-15T19:41:40
239004143,0026,390041430026,2-3-9-004-143-0026,A212,A212,MAUI KAMAOLE,2777 S KIHEI RD UNIT A212,95008313,,,,,,2026-07-15T19:41:40
239004143,0026,390041430026,2-3-9-004-143-0026,A212,A212,MAUI KAMAOLE,2777 S KIHEI RD UNIT A212,97139299,,,,,,2026-07-15T19:41:40
239004143,0026,390041430026,2-3-9-004-143-0026,A212,A212,MAUI KAMAOLE,2777 S KIHEI RD UNIT A212,97139300,,,,,,2026-07-15T19:41:40
239004143,0026,390041430026,2-3-9-004-143-0026,A212,A212,MAUI KAMAOLE,2777 S KIHEI RD UNIT A212,122677039,R,,,,,2026-07-15T19:41:40
239004143,0026,390041430026,2-3-9-004-143-0026,A212,A212,MAUI KAMAOLE,2777 S KIHEI RD UNIT A212,122703187,,,,,,2026-07-15T19:41:40
239004143,0027,390041430027,2-3-9-004-143-0027,A214,A214,MAUI KAMAOLE,2777 S KIHEI RD UNIT A214,85510606,,,,,,2026-07-15T19:41:40
239004143,0027,390041430027,2-3-9-004-143-0027,A214,A214,MAUI KAMAOLE,2777 S KIHEI RD UNIT A214,94179288,,,,,,2026-07-15T19:41:40
239004143,0027,390041430027,2-3-9-004-143-0027,A214,A214,MAUI KAMAOLE,2777 S KIHEI RD UNIT A214,96047939,,,,,,2026-07-15T19:41:40
239004143,0027,390041430027,2-3-9-004-143-0027,A214,A214,MAUI KAMAOLE,2777 S KIHEI RD UNIT A214,122682747,,,,,,2026-07-15T19:41:40
239004143,0027,390041430027,2-3-9-004-143-0027,A214,A214,MAUI KAMAOLE,2777 S KIHEI RD UNIT A214,122682759,,,,,,2026-07-15T19:41:40
239004143,0027,390041430027,2-3-9-004-143-0027,A214,A214,MAUI KAMAOLE,2777 S KIHEI RD UNIT A214,122703226,,,,,,2026-07-15T19:41:40
239004143,0027,390041430027,2-3-9-004-143-0027,A214,A214,MAUI KAMAOLE,2777 S KIHEI RD UNIT A214,2006062131,,,,,,2026-07-15T19:41:40
239004143,0028,390041430028,2-3-9-004-143-0028,A215,A215,MAUI KAMAOLE,2777 S KIHEI RD UNIT A215,Grantee(s),,,,,,2026-07-15T19:41:40
239004143,0028,390041430028,2-3-9-004-143-0028,A215,A215,MAUI KAMAOLE,2777 S KIHEI RD UNIT A215,"LONG, DAVID
GREEK, ESTHER L",,,,,,2026-07-15T19:41:40
239004143,0028,390041430028,2-3-9-004-143-0028,A215,A215,MAUI KAMAOLE,2777 S KIHEI RD UNIT A215,CITY FIN & MTG INC,,,,,,2026-07-15T19:41:40
239004143,0028,390041430028,2-3-9-004-143-0028,A215,A215,MAUI KAMAOLE,2777 S KIHEI RD UNIT A215,CB BANCSHARES INC,,,,,,2026-07-15T19:41:40
239004143,0028,390041430028,2-3-9-004-143-0028,A215,A215,MAUI KAMAOLE,2777 S KIHEI RD UNIT A215,INTERNATIONAL S&L ASSN LTD,,,,,,2026-07-15T19:41:40
239004143,0028,390041430028,2-3-9-004-143-0028,A215,A215,MAUI KAMAOLE,2777 S KIHEI RD UNIT A215,INTERNATIONAL S&L ASSN LTD,,,,,,2026-07-15T19:41:40
239004143,0028,390041430028,2-3-9-004-143-0028,A215,A215,MAUI KAMAOLE,2777 S KIHEI RD UNIT A215,INTERNATIONAL S&L ASSN LTD,,,,,,2026-07-15T19:41:40
239004143,0028,390041430028,2-3-9-004-143-0028,A215,A215,MAUI KAMAOLE,2777 S KIHEI RD UNIT A215,"KLINE ALLEN E FAMILY TRUST
KLINE, ALLEN E",,,,,,2026-07-15T19:41:40
239004143,0028,390041430028,2-3-9-004-143-0028,A215,A215,MAUI KAMAOLE,2777 S KIHEI RD UNIT A215,MAUI KAMAOLE ENTERS,,,,,,2026-07-15T19:41:40
239004143,0028,390041430028,2-3-9-004-143-0028,A215,A215,MAUI KAMAOLE,2777 S KIHEI RD UNIT A215,"SETO, YASUTADA",,,,,,2026-07-15T19:41:40
239004143,0028,390041430028,2-3-9-004-143-0028,A215,A215,MAUI KAMAOLE,2777 S KIHEI RD UNIT A215,"SETO, YASUTADA",,,,,,2026-07-15T19:41:40
239004144,0001,390041440001,2-3-9-004-144-0001,B101,B101,MAUI KAMAOLE PHASE II,2777 S KIHEI RD UNIT B101,44430636,,,,,,2026-07-15T19:41:40
239004144,0001,390041440001,2-3-9-004-144-0001,B101,B101,MAUI KAMAOLE PHASE II,2777 S KIHEI RD UNIT B101,46960226,,,,,,2026-07-15T19:41:40
239004144,0001,390041440001,2-3-9-004-144-0001,B101,B101,MAUI KAMAOLE PHASE II,2777 S KIHEI RD UNIT B101,47590700,,,,,,2026-07-15T19:41:40
239004144,0001,390041440001,2-3-9-004-144-0001,B101,B101,MAUI KAMAOLE PHASE II,2777 S KIHEI RD UNIT B101,52280108,,,,,,2026-07-15T19:41:40
239004144,0001,390041440001,2-3-9-004-144-0001,B101,B101,MAUI KAMAOLE PHASE II,2777 S KIHEI RD UNIT B101,92099905,M,,,,,2026-07-15T19:41:40
239004144,0001,390041440001,2-3-9-004-144-0001,B101,B101,MAUI KAMAOLE PHASE II,2777 S KIHEI RD UNIT B101,96081663,M,,,,,2026-07-15T19:41:40
239004144,0001,390041440001,2-3-9-004-144-0001,B101,B101,MAUI KAMAOLE PHASE II,2777 S KIHEI RD UNIT B101,96081664,M,,,,,2026-07-15T19:41:40
239004144,0001,390041440001,2-3-9-004-144-0001,B101,B101,MAUI KAMAOLE PHASE II,2777 S KIHEI RD UNIT B101,123810285,M,,,,,2026-07-15T19:41:40
239004144,0001,390041440001,2-3-9-004-144-0001,B101,B101,MAUI KAMAOLE PHASE II,2777 S KIHEI RD UNIT B101,123810298,M,,,,,2026-07-15T19:41:40
239004144,0001,390041440001,2-3-9-004-144-0001,B101,B101,MAUI KAMAOLE PHASE II,2777 S KIHEI RD UNIT B101,123859466,,,,,,2026-07-15T19:41:40
239004144,0001,390041440001,2-3-9-004-144-0001,B101,B101,MAUI KAMAOLE PHASE II,2777 S KIHEI RD UNIT B101,2012,M,,,,,2026-07-15T19:41:40
239004144,0001,390041440001,2-3-9-004-144-0001,B101,B101,MAUI KAMAOLE PHASE II,2777 S KIHEI RD UNIT B101,2012,,,,,,2026-07-15T19:41:40
239004144,0001,390041440001,2-3-9-004-144-0001,B101,B101,MAUI KAMAOLE PHASE II,2777 S KIHEI RD UNIT B101,2012,,,,,,2026-07-15T19:41:40
239004144,0001,390041440001,2-3-9-004-144-0001,B101,B101,MAUI KAMAOLE PHASE II,2777 S KIHEI RD UNIT B101,2004232562,,,,,,2026-07-15T19:41:40
239004144,0001,390041440001,2-3-9-004-144-0001,B101,B101,MAUI KAMAOLE PHASE II,2777 S KIHEI RD UNIT B101,2004232563,,,,,,2026-07-15T19:41:40
239004144,0001,390041440001,2-3-9-004-144-0001,B101,B101,MAUI KAMAOLE PHASE II,2777 S KIHEI RD UNIT B101,2004232564,R,,,,,2026-07-15T19:41:40
239004144,0001,390041440001,2-3-9-004-144-0001,B101,B101,MAUI KAMAOLE PHASE II,2777 S KIHEI RD UNIT B101,2006111079,,,,,,2026-07-15T19:41:40
239004144,0001,390041440001,2-3-9-004-144-0001,B101,B101,MAUI KAMAOLE PHASE II,2777 S KIHEI RD UNIT B101,2008046936,M,,,,,2026-07-15T19:41:40
239004144,0001,390041440001,2-3-9-004-144-0001,B101,B101,MAUI KAMAOLE PHASE II,2777 S KIHEI RD UNIT B101,2008049064,,,,,,2026-07-15T19:41:40
239004144,0002,390041440002,2-3-9-004-144-0002,B102,B102,MAUI KAMAOLE PHASE II,2777 S KIHEI RD UNIT B102,44890708,M,,,,,2026-07-15T19:41:40
239004144,0002,390041440002,2-3-9-004-144-0002,B102,B102,MAUI KAMAOLE PHASE II,2777 S KIHEI RD UNIT B102,91112881,,,,,,2026-07-15T19:41:40
239004144,0002,390041440002,2-3-9-004-144-0002,B102,B102,MAUI KAMAOLE PHASE II,2777 S KIHEI RD UNIT B102,93025213,,,,,,2026-07-15T19:41:40
239004144,0002,390041440002,2-3-9-004-144-0002,B102,B102,MAUI KAMAOLE PHASE II,2777 S KIHEI RD UNIT B102,93025214,,,,,,2026-07-15T19:41:40
239004144,0002,390041440002,2-3-9-004-144-0002,B102,B102,MAUI KAMAOLE PHASE II,2777 S KIHEI RD UNIT B102,93025215,,,,,,2026-07-15T19:41:40
239004144,0002,390041440002,2-3-9-004-144-0002,B102,B102,MAUI KAMAOLE PHASE II,2777 S KIHEI RD UNIT B102,93035540,,,,,,2026-07-15T19:41:40
239004144,0002,390041440002,2-3-9-004-144-0002,B102,B102,MAUI KAMAOLE PHASE II,2777 S KIHEI RD UNIT B102,95060873,,,,,,2026-07-15T19:41:40
239004144,0002,390041440002,2-3-9-004-144-0002,B102,B102,MAUI KAMAOLE PHASE II,2777 S KIHEI RD UNIT B102,95060874,M,,,,,2026-07-15T19:41:40
239004144,0002,390041440002,2-3-9-004-144-0002,B102,B102,MAUI KAMAOLE PHASE II,2777 S KIHEI RD UNIT B102,95060875,M,,,,,2026-07-15T19:41:40
239004144,0002,390041440002,2-3-9-004-144-0002,B102,B102,MAUI KAMAOLE PHASE II,2777 S KIHEI RD UNIT B102,95082136,,,,,,2026-07-15T19:41:40
239004144,0002,390041440002,2-3-9-004-144-0002,B102,B102,MAUI KAMAOLE PHASE II,2777 S KIHEI RD UNIT B102,98102433,M,,,,,2026-07-15T19:41:40
239004144,0002,390041440002,2-3-9-004-144-0002,B102,B102,MAUI KAMAOLE PHASE II,2777 S KIHEI RD UNIT B102,98134157,M,,,,,2026-07-15T19:41:40
239004144,0002,390041440002,2-3-9-004-144-0002,B102,B102,MAUI KAMAOLE PHASE II,2777 S KIHEI RD UNIT B102,99064199,M,,,,,2026-07-15T19:41:40
239004144,0002,390041440002,2-3-9-004-144-0002,B102,B102,MAUI KAMAOLE PHASE II,2777 S KIHEI RD UNIT B102,123978587,,,,,,2026-07-15T19:41:40
239004144,0002,390041440002,2-3-9-004-144-0002,B102,B102,MAUI KAMAOLE PHASE II,2777 S KIHEI RD UNIT B102,124017724,,,,,,2026-07-15T19:41:40
239004144,0002,390041440002,2-3-9-004-144-0002,B102,B102,MAUI KAMAOLE PHASE II,2777 S KIHEI RD UNIT B102,2000157476,M,,,,,2026-07-15T19:41:40
239004144,0002,390041440002,2-3-9-004-144-0002,B102,B102,MAUI KAMAOLE PHASE II,2777 S KIHEI RD UNIT B102,2001174165,,,,,,2026-07-15T19:41:40
239004144,0002,390041440002,2-3-9-004-144-0002,B102,B102,MAUI KAMAOLE PHASE II,2777 S KIHEI RD UNIT B102,2004237518,M,,,,,2026-07-15T19:41:40
239004144,0003,390041440003,2-3-9-004-144-0003,B103,B103,MAUI KAMAOLE PHASE II,2777 S KIHEI RD UNIT B103,45890723,M,,,,,2026-07-15T19:41:40
239004144,0003,390041440003,2-3-9-004-144-0003,B103,B103,MAUI KAMAOLE PHASE II,2777 S KIHEI RD UNIT B103,59660445,,,,,,2026-07-15T19:41:40
239004144,0003,390041440003,2-3-9-004-144-0003,B103,B103,MAUI KAMAOLE PHASE II,2777 S KIHEI RD UNIT B103,84460502,,,,,,2026-07-15T19:41:40
239004144,0003,390041440003,2-3-9-004-144-0003,B103,B103,MAUI KAMAOLE PHASE II,2777 S KIHEI RD UNIT B103,87070546,,,,,,2026-07-15T19:41:40
239004144,0003,390041440003,2-3-9-004-144-0003,B103,B103,MAUI KAMAOLE PHASE II,2777 S KIHEI RD UNIT B103,87451142,,,,,,2026-07-15T19:41:40
239004144,0003,390041440003,2-3-9-004-144-0003,B103,B103,MAUI KAMAOLE PHASE II,2777 S KIHEI RD UNIT B103,87451143,,,,,,2026-07-15T19:41:40
239004144,0003,390041440003,2-3-9-004-144-0003,B103,B103,MAUI KAMAOLE PHASE II,2777 S KIHEI RD UNIT B103,87451144,,,,,,2026-07-15T19:41:40
239004144,0003,390041440003,2-3-9-004-144-0003,B103,B103,MAUI KAMAOLE PHASE II,2777 S KIHEI RD UNIT B103,92131019,,,,,,2026-07-15T19:41:40
239004144,0003,390041440003,2-3-9-004-144-0003,B103,B103,MAUI KAMAOLE PHASE II,2777 S KIHEI RD UNIT B103,92143674,,,,,,2026-07-15T19:41:40
239004144,0003,390041440003,2-3-9-004-144-0003,B103,B103,MAUI KAMAOLE PHASE II,2777 S KIHEI RD UNIT B103,93059775,,,,,,2026-07-15T19:41:40
239004144,0003,390041440003,2-3-9-004-144-0003,B103,B103,MAUI KAMAOLE PHASE II,2777 S KIHEI RD UNIT B103,95068153,,,,,,2026-07-15T19:41:40
239004144,0003,390041440003,2-3-9-004-144-0003,B103,B103,MAUI KAMAOLE PHASE II,2777 S KIHEI RD UNIT B103,95068154,,,,,,2026-07-15T19:41:40
239004144,0003,390041440003,2-3-9-004-144-0003,B103,B103,MAUI KAMAOLE PHASE II,2777 S KIHEI RD UNIT B103,95070986,,,,,,2026-07-15T19:41:40
239004144,0003,390041440003,2-3-9-004-144-0003,B103,B103,MAUI KAMAOLE PHASE II,2777 S KIHEI RD UNIT B103,95092306,,,,,,2026-07-15T19:41:40
239004144,0003,390041440003,2-3-9-004-144-0003,B103,B103,MAUI KAMAOLE PHASE II,2777 S KIHEI RD UNIT B103,123789234,,,,,,2026-07-15T19:41:40
239004144,0003,390041440003,2-3-9-004-144-0003,B103,B103,MAUI KAMAOLE PHASE II,2777 S KIHEI RD UNIT B103,123789241,,,,,,2026-07-15T19:41:40
239004144,0003,390041440003,2-3-9-004-144-0003,B103,B103,MAUI KAMAOLE PHASE II,2777 S KIHEI RD UNIT B103,123789255,,,,,,2026-07-15T19:41:40
239004144,0003,390041440003,2-3-9-004-144-0003,B103,B103,MAUI KAMAOLE PHASE II,2777 S KIHEI RD UNIT B103,123789268,M,,,,,2026-07-15T19:41:40
239004144,0003,390041440003,2-3-9-004-144-0003,B103,B103,MAUI KAMAOLE PHASE II,2777 S KIHEI RD UNIT B103,123859550,,,,,,2026-07-15T19:41:40
239004144,0003,390041440003,2-3-9-004-144-0003,B103,B103,MAUI KAMAOLE PHASE II,2777 S KIHEI RD UNIT B103,2001149159,,,,,,2026-07-15T19:41:40
239004144,0003,390041440003,2-3-9-004-144-0003,B103,B103,MAUI KAMAOLE PHASE II,2777 S KIHEI RD UNIT B103,2001149160,R,,,,,2026-07-15T19:41:40
239004144,0003,390041440003,2-3-9-004-144-0003,B103,B103,MAUI KAMAOLE PHASE II,2777 S KIHEI RD UNIT B103,2001193074,,,,,,2026-07-15T19:41:40
239004144,0003,390041440003,2-3-9-004-144-0003,B103,B103,MAUI KAMAOLE PHASE II,2777 S KIHEI RD UNIT B103,2003173021,,,,,,2026-07-15T19:41:40
239004144,0003,390041440003,2-3-9-004-144-0003,B103,B103,MAUI KAMAOLE PHASE II,2777 S KIHEI RD UNIT B103,2003173022,R,,,,,2026-07-15T19:41:40
239004144,0003,390041440003,2-3-9-004-144-0003,B103,B103,MAUI KAMAOLE PHASE II,2777 S KIHEI RD UNIT B103,2004018668,M,,,,,2026-07-15T19:41:40
239004144,0003,390041440003,2-3-9-004-144-0003,B103,B103,MAUI KAMAOLE PHASE II,2777 S KIHEI RD UNIT B103,2004033575,,,,,,2026-07-15T19:41:40
239004144,0004,390041440004,2-3-9-004-144-0004,B104,B104,MAUI KAMAOLE PHASE II,2777 S KIHEI RD UNIT B104,57450222,M,,,,,2026-07-15T19:41:40
239004144,0004,390041440004,2-3-9-004-144-0004,B104,B104,MAUI KAMAOLE PHASE II,2777 S KIHEI RD UNIT B104,57450223,R,,,,,2026-07-15T19:41:40
239004144,0004,390041440004,2-3-9-004-144-0004,B104,B104,MAUI KAMAOLE PHASE II,2777 S KIHEI RD UNIT B104,75760098,,,,,,2026-07-15T19:41:40
239004144,0004,390041440004,2-3-9-004-144-0004,B104,B104,MAUI KAMAOLE PHASE II,2777 S KIHEI RD UNIT B104,78160365,M,,,,,2026-07-15T19:41:40
239004144,0004,390041440004,2-3-9-004-144-0004,B104,B104,MAUI KAMAOLE PHASE II,2777 S KIHEI RD UNIT B104,90105128,M,,,,,2026-07-15T19:41:40
239004144,0004,390041440004,2-3-9-004-144-0004,B104,B104,MAUI KAMAOLE PHASE II,2777 S KIHEI RD UNIT B104,90105129,M,,,,,2026-07-15T19:41:40
239004144,0004,390041440004,2-3-9-004-144-0004,B104,B104,MAUI KAMAOLE PHASE II,2777 S KIHEI RD UNIT B104,90137884,,,,,,2026-07-15T19:41:40
239004144,0004,390041440004,2-3-9-004-144-0004,B104,B104,MAUI KAMAOLE PHASE II,2777 S KIHEI RD UNIT B104,91073670,,,,,,2026-07-15T19:41:40
239004144,0004,390041440004,2-3-9-004-144-0004,B104,B104,MAUI KAMAOLE PHASE II,2777 S KIHEI RD UNIT B104,98114409,M,,,,,2026-07-15T19:41:40
239004144,0004,390041440004,2-3-9-004-144-0004,B104,B104,MAUI KAMAOLE PHASE II,2777 S KIHEI RD UNIT B104,123786618,,,,,,2026-07-15T19:41:40
239004144,0004,390041440004,2-3-9-004-144-0004,B104,B104,MAUI KAMAOLE PHASE II,2777 S KIHEI RD UNIT B104,123786631,,,,,,2026-07-15T19:41:40
239004144,0004,390041440004,2-3-9-004-144-0004,B104,B104,MAUI KAMAOLE PHASE II,2777 S KIHEI RD UNIT B104,123859472,,,,,,2026-07-15T19:41:40
239004144,0004,390041440004,2-3-9-004-144-0004,B104,B104,MAUI KAMAOLE PHASE II,2777 S KIHEI RD UNIT B104,2001033398,M,,,,,2026-07-15T19:41:40
239004144,0004,390041440004,2-3-9-004-144-0004,B104,B104,MAUI KAMAOLE PHASE II,2777 S KIHEI RD UNIT B104,2001033399,M,,,,,2026-07-15T19:41:40
239004144,0004,390041440004,2-3-9-004-144-0004,B104,B104,MAUI KAMAOLE PHASE II,2777 S KIHEI RD UNIT B104,2005186860,M,,,,,2026-07-15T19:41:40
239004144,0004,390041440004,2-3-9-004-144-0004,B104,B104,MAUI KAMAOLE PHASE II,2777 S KIHEI RD UNIT B104,2005186861,M,,,,,2026-07-15T19:41:40
239004144,0004,390041440004,2-3-9-004-144-0004,B104,B104,MAUI KAMAOLE PHASE II,2777 S KIHEI RD UNIT B104,2005186862,M,,,,,2026-07-15T19:41:40
239004144,0005,390041440005,2-3-9-004-144-0005,B105,B105,MAUI KAMAOLE PHASE II,2777 S KIHEI RD UNIT B105,90013593,,,,,,2026-07-15T19:41:40
239004144,0005,390041440005,2-3-9-004-144-0005,B105,B105,MAUI KAMAOLE PHASE II,2777 S KIHEI RD UNIT B105,90013594,,,,,,2026-07-15T19:41:40
239004144,0005,390041440005,2-3-9-004-144-0005,B105,B105,MAUI KAMAOLE PHASE II,2777 S KIHEI RD UNIT B105,90013595,,,,,,2026-07-15T19:41:40
239004144,0005,390041440005,2-3-9-004-144-0005,B105,B105,MAUI KAMAOLE PHASE II,2777 S KIHEI RD UNIT B105,90025316,,,,,,2026-07-15T19:41:40
239004144,0005,390041440005,2-3-9-004-144-0005,B105,B105,MAUI KAMAOLE PHASE II,2777 S KIHEI RD UNIT B105,90171862,,,,,,2026-07-15T19:41:40
239004144,0005,390041440005,2-3-9-004-144-0005,B105,B105,MAUI KAMAOLE PHASE II,2777 S KIHEI RD UNIT B105,94003874,,,,,,2026-07-15T19:41:40
239004144,0005,390041440005,2-3-9-004-144-0005,B105,B105,MAUI KAMAOLE PHASE II,2777 S KIHEI RD UNIT B105,94127320,,,,,,2026-07-15T19:41:40
239004144,0005,390041440005,2-3-9-004-144-0005,B105,B105,MAUI KAMAOLE PHASE II,2777 S KIHEI RD UNIT B105,94167654,,,,,,2026-07-15T19:41:40
239004144,0005,390041440005,2-3-9-004-144-0005,B105,B105,MAUI KAMAOLE PHASE II,2777 S KIHEI RD UNIT B105,94186791,,,,,,2026-07-15T19:41:40
239004144,0005,390041440005,2-3-9-004-144-0005,B105,B105,MAUI KAMAOLE PHASE II,2777 S KIHEI RD UNIT B105,95149181,,,,,,2026-07-15T19:41:40
239004144,0005,390041440005,2-3-9-004-144-0005,B105,B105,MAUI KAMAOLE PHASE II,2777 S KIHEI RD UNIT B105,96011661,,,,,,2026-07-15T19:41:40
239004144,0005,390041440005,2-3-9-004-144-0005,B105,B105,MAUI KAMAOLE PHASE II,2777 S KIHEI RD UNIT B105,96066332,,,,,,2026-07-15T19:41:40
239004144,0005,390041440005,2-3-9-004-144-0005,B105,B105,MAUI KAMAOLE PHASE II,2777 S KIHEI RD UNIT B105,96105785,,,,,,2026-07-15T19:41:40
239004144,0005,390041440005,2-3-9-004-144-0005,B105,B105,MAUI KAMAOLE PHASE II,2777 S KIHEI RD UNIT B105,97032881,,,,,,2026-07-15T19:41:40
239004144,0005,390041440005,2-3-9-004-144-0005,B105,B105,MAUI KAMAOLE PHASE II,2777 S KIHEI RD UNIT B105,97032882,,,,,,2026-07-15T19:41:40
239004144,0005,390041440005,2-3-9-004-144-0005,B105,B105,MAUI KAMAOLE PHASE II,2777 S KIHEI RD UNIT B105,97032883,,,,,,2026-07-15T19:41:40
239004144,0005,390041440005,2-3-9-004-144-0005,B105,B105,MAUI KAMAOLE PHASE II,2777 S KIHEI RD UNIT B105,97032884,M,,,,,2026-07-15T19:41:40
239004144,0005,390041440005,2-3-9-004-144-0005,B105,B105,MAUI KAMAOLE PHASE II,2777 S KIHEI RD UNIT B105,97032885,M,,,,,2026-07-15T19:41:40
239004144,0005,390041440005,2-3-9-004-144-0005,B105,B105,MAUI KAMAOLE PHASE II,2777 S KIHEI RD UNIT B105,2001037564,M,,,,,2026-07-15T19:41:40
239004144,0005,390041440005,2-3-9-004-144-0005,B105,B105,MAUI KAMAOLE PHASE II,2777 S KIHEI RD UNIT B105,2002132213,M,,,,,2026-07-15T19:41:40
239004144,0005,390041440005,2-3-9-004-144-0005,B105,B105,MAUI KAMAOLE PHASE II,2777 S KIHEI RD UNIT B105,2002132214,R,,,,,2026-07-15T19:41:40
239004144,0005,390041440005,2-3-9-004-144-0005,B105,B105,MAUI KAMAOLE PHASE II,2777 S KIHEI RD UNIT B105,2004171686,MFS,,,,,2026-07-15T19:41:40
239004144,0006,390041440006,2-3-9-004-144-0006,B106,B106,MAUI KAMAOLE PHASE II,2777 S KIHEI RD UNIT B106,69670555,M,,,,,2026-07-15T19:41:40
239004144,0006,390041440006,2-3-9-004-144-0006,B106,B106,MAUI KAMAOLE PHASE II,2777 S KIHEI RD UNIT B106,90171863,,,,,,2026-07-15T19:41:40
239004144,0006,390041440006,2-3-9-004-144-0006,B106,B106,MAUI KAMAOLE PHASE II,2777 S KIHEI RD UNIT B106,123786525,,,,,,2026-07-15T19:41:40
239004144,0006,390041440006,2-3-9-004-144-0006,B106,B106,MAUI KAMAOLE PHASE II,2777 S KIHEI RD UNIT B106,123786539,,,,,,2026-07-15T19:41:40
239004144,0006,390041440006,2-3-9-004-144-0006,B106,B106,MAUI KAMAOLE PHASE II,2777 S KIHEI RD UNIT B106,123786551,M,,,,,2026-07-15T19:41:40
239004144,0006,390041440006,2-3-9-004-144-0006,B106,B106,MAUI KAMAOLE PHASE II,2777 S KIHEI RD UNIT B106,123859514,,,,,,2026-07-15T19:41:40
239004144,0006,390041440006,2-3-9-004-144-0006,B106,B106,MAUI KAMAOLE PHASE II,2777 S KIHEI RD UNIT B106,2001128316,R,,,,,2026-07-15T19:41:40
239004144,0006,390041440006,2-3-9-004-144-0006,B106,B106,MAUI KAMAOLE PHASE II,2777 S KIHEI RD UNIT B106,2001154054,,,,,,2026-07-15T19:41:40
239004144,0006,390041440006,2-3-9-004-144-0006,B106,B106,MAUI KAMAOLE PHASE II,2777 S KIHEI RD UNIT B106,2003124092,,,,,,2026-07-15T19:41:40
239004144,0006,390041440006,2-3-9-004-144-0006,B106,B106,MAUI KAMAOLE PHASE II,2777 S KIHEI RD UNIT B106,2003124093,R,,,,,2026-07-15T19:41:40
239004144,0006,390041440006,2-3-9-004-144-0006,B106,B106,MAUI KAMAOLE PHASE II,2777 S KIHEI RD UNIT B106,2003246407,M,,,,,2026-07-15T19:41:40
239004144,0006,390041440006,2-3-9-004-144-0006,B106,B106,MAUI KAMAOLE PHASE II,2777 S KIHEI RD UNIT B106,2005102948,,,,,,2026-07-15T19:41:40
239004144,0007,390041440007,2-3-9-004-144-0007,B107,B107,MAUI KAMAOLE PHASE II,2777 S KIHEI RD UNIT B107,76991029,MFS,,,,,2026-07-15T19:41:40
239004144,0007,390041440007,2-3-9-004-144-0007,B107,B107,MAUI KAMAOLE PHASE II,2777 S KIHEI RD UNIT B107,77480355,M,,,,,2026-07-15T19:41:40
239004144,0007,390041440007,2-3-9-004-144-0007,B107,B107,MAUI KAMAOLE PHASE II,2777 S KIHEI RD UNIT B107,77480356,R,,,,,2026-07-15T19:41:40
239004144,0007,390041440007,2-3-9-004-144-0007,B107,B107,MAUI KAMAOLE PHASE II,2777 S KIHEI RD UNIT B107,77671058,R,,,,,2026-07-15T19:41:40
239004144,0007,390041440007,2-3-9-004-144-0007,B107,B107,MAUI KAMAOLE PHASE II,2777 S KIHEI RD UNIT B107,82690403,M,,,,,2026-07-15T19:41:40
239004144,0007,390041440007,2-3-9-004-144-0007,B107,B107,MAUI KAMAOLE PHASE II,2777 S KIHEI RD UNIT B107,123836213,,,,,,2026-07-15T19:41:40
239004144,0007,390041440007,2-3-9-004-144-0007,B107,B107,MAUI KAMAOLE PHASE II,2777 S KIHEI RD UNIT B107,123836226,,,,,,2026-07-15T19:41:40
239004144,0007,390041440007,2-3-9-004-144-0007,B107,B107,MAUI KAMAOLE PHASE II,2777 S KIHEI RD UNIT B107,123906367,,,,,,2026-07-15T19:41:40
239004144,0007,390041440007,2-3-9-004-144-0007,B107,B107,MAUI KAMAOLE PHASE II,2777 S KIHEI RD UNIT B107,2003080646,,,,,,2026-07-15T19:41:40
239004144,0007,390041440007,2-3-9-004-144-0007,B107,B107,MAUI KAMAOLE PHASE II,2777 S KIHEI RD UNIT B107,2003080647,R,,,,,2026-07-15T19:41:40
239004144,0007,390041440007,2-3-9-004-144-0007,B107,B107,MAUI KAMAOLE PHASE II,2777 S KIHEI RD UNIT B107,2003080648,R,,,,,2026-07-15T19:41:40
239004144,0007,390041440007,2-3-9-004-144-0007,B107,B107,MAUI KAMAOLE PHASE II,2777 S KIHEI RD UNIT B107,2003083145,,,,,,2026-07-15T19:41:40
239004144,0007,390041440007,2-3-9-004-144-0007,B107,B107,MAUI KAMAOLE PHASE II,2777 S KIHEI RD UNIT B107,2003199362,,,,,,2026-07-15T19:41:40
239004144,0007,390041440007,2-3-9-004-144-0007,B107,B107,MAUI KAMAOLE PHASE II,2777 S KIHEI RD UNIT B107,2005001920,R,,,,,2026-07-15T19:41:40
239004144,0007,390041440007,2-3-9-004-144-0007,B107,B107,MAUI KAMAOLE PHASE II,2777 S KIHEI RD UNIT B107,2005001921,R,,,,,2026-07-15T19:41:40
239004144,0007,390041440007,2-3-9-004-144-0007,B107,B107,MAUI KAMAOLE PHASE II,2777 S KIHEI RD UNIT B107,2005001922,R,,,,,2026-07-15T19:41:40
239004144,0007,390041440007,2-3-9-004-144-0007,B107,B107,MAUI KAMAOLE PHASE II,2777 S KIHEI RD UNIT B107,2005026988,M,,,,,2026-07-15T19:41:40
239004144,0007,390041440007,2-3-9-004-144-0007,B107,B107,MAUI KAMAOLE PHASE II,2777 S KIHEI RD UNIT B107,2005026989,M,,,,,2026-07-15T19:41:40
239004144,0007,390041440007,2-3-9-004-144-0007,B107,B107,MAUI KAMAOLE PHASE II,2777 S KIHEI RD UNIT B107,2005046152,M,,,,,2026-07-15T19:41:40
239004144,0007,390041440007,2-3-9-004-144-0007,B107,B107,MAUI KAMAOLE PHASE II,2777 S KIHEI RD UNIT B107,2005046153,M,,,,,2026-07-15T19:41:40
239004144,0007,390041440007,2-3-9-004-144-0007,B107,B107,MAUI KAMAOLE PHASE II,2777 S KIHEI RD UNIT B107,2007110350,R,,,,,2026-07-15T19:41:40
239004144,0008,390041440008,2-3-9-004-144-0008,B108,B108,MAUI KAMAOLE PHASE II,2777 S KIHEI RD UNIT B108,50910135,M,,,,,2026-07-15T19:41:40
239004144,0008,390041440008,2-3-9-004-144-0008,B108,B108,MAUI KAMAOLE PHASE II,2777 S KIHEI RD UNIT B108,68860415,,,,,,2026-07-15T19:41:40
239004144,0008,390041440008,2-3-9-004-144-0008,B108,B108,MAUI KAMAOLE PHASE II,2777 S KIHEI RD UNIT B108,69490283,M,,,,,2026-07-15T19:41:40
239004144,0008,390041440008,2-3-9-004-144-0008,B108,B108,MAUI KAMAOLE PHASE II,2777 S KIHEI RD UNIT B108,90004723,,,,,,2026-07-15T19:41:40
239004144,0008,390041440008,2-3-9-004-144-0008,B108,B108,MAUI KAMAOLE PHASE II,2777 S KIHEI RD UNIT B108,90009660,,,,,,2026-07-15T19:41:40
239004144,0008,390041440008,2-3-9-004-144-0008,B108,B108,MAUI KAMAOLE PHASE II,2777 S KIHEI RD UNIT B108,90041995,,,,,,2026-07-15T19:41:40
239004144,0008,390041440008,2-3-9-004-144-0008,B108,B108,MAUI KAMAOLE PHASE II,2777 S KIHEI RD UNIT B108,90041996,M,,,,,2026-07-15T19:41:40
239004144,0008,390041440008,2-3-9-004-144-0008,B108,B108,MAUI KAMAOLE PHASE II,2777 S KIHEI RD UNIT B108,90041997,M,,,,,2026-07-15T19:41:40
239004144,0008,390041440008,2-3-9-004-144-0008,B108,B108,MAUI KAMAOLE PHASE II,2777 S KIHEI RD UNIT B108,2010125441,R,,,,,2026-07-15T19:41:40
239004144,0009,390041440009,2-3-9-004-144-0009,B109,B109,MAUI KAMAOLE PHASE II,2777 S KIHEI RD UNIT B109,52040402,M,,,,,2026-07-15T19:41:40
239004144,0009,390041440009,2-3-9-004-144-0009,B109,B109,MAUI KAMAOLE PHASE II,2777 S KIHEI RD UNIT B109,52040403,,,,,,2026-07-15T19:41:40
239004144,0009,390041440009,2-3-9-004-144-0009,B109,B109,MAUI KAMAOLE PHASE II,2777 S KIHEI RD UNIT B109,70690661,M,,,,,2026-07-15T19:41:40
239004144,0009,390041440009,2-3-9-004-144-0009,B109,B109,MAUI KAMAOLE PHASE II,2777 S KIHEI RD UNIT B109,70690662,R,,,,,2026-07-15T19:41:40
239004144,0009,390041440009,2-3-9-004-144-0009,B109,B109,MAUI KAMAOLE PHASE II,2777 S KIHEI RD UNIT B109,81290271,,,,,,2026-07-15T19:41:40
239004144,0009,390041440009,2-3-9-004-144-0009,B109,B109,MAUI KAMAOLE PHASE II,2777 S KIHEI RD UNIT B109,81610273,MFS,,,,,2026-07-15T19:41:40
239004144,0009,390041440009,2-3-9-004-144-0009,B109,B109,MAUI KAMAOLE PHASE II,2777 S KIHEI RD UNIT B109,90130147,M,,,,,2026-07-15T19:41:40
239004144,0009,390041440009,2-3-9-004-144-0009,B109,B109,MAUI KAMAOLE PHASE II,2777 S KIHEI RD UNIT B109,90130148,R,,,,,2026-07-15T19:41:40
239004144,0009,390041440009,2-3-9-004-144-0009,B109,B109,MAUI KAMAOLE PHASE II,2777 S KIHEI RD UNIT B109,91004785,,,,,,2026-07-15T19:41:40
239004144,0009,390041440009,2-3-9-004-144-0009,B109,B109,MAUI KAMAOLE PHASE II,2777 S KIHEI RD UNIT B109,123786565,,,,,,2026-07-15T19:41:40
239004144,0009,390041440009,2-3-9-004-144-0009,B109,B109,MAUI KAMAOLE PHASE II,2777 S KIHEI RD UNIT B109,123786578,,,,,,2026-07-15T19:41:40
239004144,0009,390041440009,2-3-9-004-144-0009,B109,B109,MAUI KAMAOLE PHASE II,2777 S KIHEI RD UNIT B109,123859496,,,,,,2026-07-15T19:41:40
239004144,0009,390041440009,2-3-9-004-144-0009,B109,B109,MAUI KAMAOLE PHASE II,2777 S KIHEI RD UNIT B109,2007151315,M,,,,,2026-07-15T19:41:40
239004144,0010,390041440010,2-3-9-004-144-0010,B110,B110,MAUI KAMAOLE PHASE II,2777 S KIHEI RD UNIT B110,77670652,,,,,,2026-07-15T19:41:40
239004144,0010,390041440010,2-3-9-004-144-0010,B110,B110,MAUI KAMAOLE PHASE II,2777 S KIHEI RD UNIT B110,77670653,,,,,,2026-07-15T19:41:40
239004144,0010,390041440010,2-3-9-004-144-0010,B110,B110,MAUI KAMAOLE PHASE II,2777 S KIHEI RD UNIT B110,77670654,R,,,,,2026-07-15T19:41:40
239004144,0010,390041440010,2-3-9-004-144-0010,B110,B110,MAUI KAMAOLE PHASE II,2777 S KIHEI RD UNIT B110,80490740,M,,,,,2026-07-15T19:41:40
239004144,0010,390041440010,2-3-9-004-144-0010,B110,B110,MAUI KAMAOLE PHASE II,2777 S KIHEI RD UNIT B110,80490741,,,,,,2026-07-15T19:41:40
239004144,0010,390041440010,2-3-9-004-144-0010,B110,B110,MAUI KAMAOLE PHASE II,2777 S KIHEI RD UNIT B110,80900833,M,,,,,2026-07-15T19:41:40
239004144,0010,390041440010,2-3-9-004-144-0010,B110,B110,MAUI KAMAOLE PHASE II,2777 S KIHEI RD UNIT B110,91104538,,,,,,2026-07-15T19:41:40
239004144,0010,390041440010,2-3-9-004-144-0010,B110,B110,MAUI KAMAOLE PHASE II,2777 S KIHEI RD UNIT B110,91104539,,,,,,2026-07-15T19:41:40
239004144,0010,390041440010,2-3-9-004-144-0010,B110,B110,MAUI KAMAOLE PHASE II,2777 S KIHEI RD UNIT B110,91120112,,,,,,2026-07-15T19:41:40
239004144,0010,390041440010,2-3-9-004-144-0010,B110,B110,MAUI KAMAOLE PHASE II,2777 S KIHEI RD UNIT B110,123846274,,,,,,2026-07-15T19:41:40
239004144,0010,390041440010,2-3-9-004-144-0010,B110,B110,MAUI KAMAOLE PHASE II,2777 S KIHEI RD UNIT B110,123846287,,,,,,2026-07-15T19:41:40
239004144,0010,390041440010,2-3-9-004-144-0010,B110,B110,MAUI KAMAOLE PHASE II,2777 S KIHEI RD UNIT B110,123906373,,,,,,2026-07-15T19:41:40
239004144,0011,390041440011,2-3-9-004-144-0011,B111,B111,MAUI KAMAOLE PHASE II,2777 S KIHEI RD UNIT B111,54360186,R,,,,,2026-07-15T19:41:40
239004144,0011,390041440011,2-3-9-004-144-0011,B111,B111,MAUI KAMAOLE PHASE II,2777 S KIHEI RD UNIT B111,67400697,M,,,,,2026-07-15T19:41:40
239004144,0011,390041440011,2-3-9-004-144-0011,B111,B111,MAUI KAMAOLE PHASE II,2777 S KIHEI RD UNIT B111,76080565,M,,,,,2026-07-15T19:41:40
239004144,0011,390041440011,2-3-9-004-144-0011,B111,B111,MAUI KAMAOLE PHASE II,2777 S KIHEI RD UNIT B111,76080566,,,,,,2026-07-15T19:41:40
239004144,0011,390041440011,2-3-9-004-144-0011,B111,B111,MAUI KAMAOLE PHASE II,2777 S KIHEI RD UNIT B111,86890921,MFS,,,,,2026-07-15T19:41:40
239004144,0011,390041440011,2-3-9-004-144-0011,B111,B111,MAUI KAMAOLE PHASE II,2777 S KIHEI RD UNIT B111,93081785,,,,,,2026-07-15T19:41:40
239004144,0011,390041440011,2-3-9-004-144-0011,B111,B111,MAUI KAMAOLE PHASE II,2777 S KIHEI RD UNIT B111,93081789,,,,,,2026-07-15T19:41:40
239004144,0011,390041440011,2-3-9-004-144-0011,B111,B111,MAUI KAMAOLE PHASE II,2777 S KIHEI RD UNIT B111,93081791,,,,,,2026-07-15T19:41:40
239004144,0011,390041440011,2-3-9-004-144-0011,B111,B111,MAUI KAMAOLE PHASE II,2777 S KIHEI RD UNIT B111,123930450,,,,,,2026-07-15T19:41:40
239004144,0011,390041440011,2-3-9-004-144-0011,B111,B111,MAUI KAMAOLE PHASE II,2777 S KIHEI RD UNIT B111,123930464,,,,,,2026-07-15T19:41:40
239004144,0011,390041440011,2-3-9-004-144-0011,B111,B111,MAUI KAMAOLE PHASE II,2777 S KIHEI RD UNIT B111,124017736,,,,,,2026-07-15T19:41:40
239004144,0011,390041440011,2-3-9-004-144-0011,B111,B111,MAUI KAMAOLE PHASE II,2777 S KIHEI RD UNIT B111,2000178679,,,,,,2026-07-15T19:41:40
239004144,0011,390041440011,2-3-9-004-144-0011,B111,B111,MAUI KAMAOLE PHASE II,2777 S KIHEI RD UNIT B111,2001058256,,,,,,2026-07-15T19:41:40
239004144,0011,390041440011,2-3-9-004-144-0011,B111,B111,MAUI KAMAOLE PHASE II,2777 S KIHEI RD UNIT B111,2001058257,R,,,,,2026-07-15T19:41:40
239004144,0011,390041440011,2-3-9-004-144-0011,B111,B111,MAUI KAMAOLE PHASE II,2777 S KIHEI RD UNIT B111,2001059812,M,,,,,2026-07-15T19:41:40
239004144,0011,390041440011,2-3-9-004-144-0011,B111,B111,MAUI KAMAOLE PHASE II,2777 S KIHEI RD UNIT B111,2003254283,R,,,,,2026-07-15T19:41:40
239004144,0011,390041440011,2-3-9-004-144-0011,B111,B111,MAUI KAMAOLE PHASE II,2777 S KIHEI RD UNIT B111,2003254284,,,,,,2026-07-15T19:41:40
239004144,0011,390041440011,2-3-9-004-144-0011,B111,B111,MAUI KAMAOLE PHASE II,2777 S KIHEI RD UNIT B111,2003272817,M,,,,,2026-07-15T19:41:40
239004144,0011,390041440011,2-3-9-004-144-0011,B111,B111,MAUI KAMAOLE PHASE II,2777 S KIHEI RD UNIT B111,2004015310,M,,,,,2026-07-15T19:41:40
239004144,0011,390041440011,2-3-9-004-144-0011,B111,B111,MAUI KAMAOLE PHASE II,2777 S KIHEI RD UNIT B111,2005214973,,,,,,2026-07-15T19:41:40
239004144,0011,390041440011,2-3-9-004-144-0011,B111,B111,MAUI KAMAOLE PHASE II,2777 S KIHEI RD UNIT B111,2011171775,R,,,,,2026-07-15T19:41:40
239004144,0011,390041440011,2-3-9-004-144-0011,B111,B111,MAUI KAMAOLE PHASE II,2777 S KIHEI RD UNIT B111,2011173931,M,,,,,2026-07-15T19:41:40
239004144,0011,390041440011,2-3-9-004-144-0011,B111,B111,MAUI KAMAOLE PHASE II,2777 S KIHEI RD UNIT B111,2011184175,M,,,,,2026-07-15T19:41:40
239004144,0012,390041440012,2-3-9-004-144-0012,B112,B112,MAUI KAMAOLE PHASE II,2777 S KIHEI RD UNIT B112,90171863,,,,,,2026-07-15T19:41:40
239004144,0012,390041440012,2-3-9-004-144-0012,B112,B112,MAUI KAMAOLE PHASE II,2777 S KIHEI RD UNIT B112,92020690,,,,,,2026-07-15T19:41:40
239004144,0012,390041440012,2-3-9-004-144-0012,B112,B112,MAUI KAMAOLE PHASE II,2777 S KIHEI RD UNIT B112,92020691,,,,,,2026-07-15T19:41:40
239004144,0012,390041440012,2-3-9-004-144-0012,B112,B112,MAUI KAMAOLE PHASE II,2777 S KIHEI RD UNIT B112,92053374,,,,,,2026-07-15T19:41:40
239004144,0012,390041440012,2-3-9-004-144-0012,B112,B112,MAUI KAMAOLE PHASE II,2777 S KIHEI RD UNIT B112,96174357,,,,,,2026-07-15T19:41:40
239004144,0012,390041440012,2-3-9-004-144-0012,B112,B112,MAUI KAMAOLE PHASE II,2777 S KIHEI RD UNIT B112,97118570,,,,,,2026-07-15T19:41:40
239004144,0012,390041440012,2-3-9-004-144-0012,B112,B112,MAUI KAMAOLE PHASE II,2777 S KIHEI RD UNIT B112,98173873,,,,,,2026-07-15T19:41:40
239004144,0012,390041440012,2-3-9-004-144-0012,B112,B112,MAUI KAMAOLE PHASE II,2777 S KIHEI RD UNIT B112,123786645,,,,,,2026-07-15T19:41:40
239004144,0012,390041440012,2-3-9-004-144-0012,B112,B112,MAUI KAMAOLE PHASE II,2777 S KIHEI RD UNIT B112,123786658,,,,,,2026-07-15T19:41:40
239004144,0012,390041440012,2-3-9-004-144-0012,B112,B112,MAUI KAMAOLE PHASE II,2777 S KIHEI RD UNIT B112,123786670,M,,,,,2026-07-15T19:41:40
239004144,0012,390041440012,2-3-9-004-144-0012,B112,B112,MAUI KAMAOLE PHASE II,2777 S KIHEI RD UNIT B112,123859532,,,,,,2026-07-15T19:41:40
239004144,0012,390041440012,2-3-9-004-144-0012,B112,B112,MAUI KAMAOLE PHASE II,2777 S KIHEI RD UNIT B112,2002137213,,,,,,2026-07-15T19:41:40
239004144,0012,390041440012,2-3-9-004-144-0012,B112,B112,MAUI KAMAOLE PHASE II,2777 S KIHEI RD UNIT B112,2003272917,,,,,,2026-07-15T19:41:40
239004144,0012,390041440012,2-3-9-004-144-0012,B112,B112,MAUI KAMAOLE PHASE II,2777 S KIHEI RD UNIT B112,2003272918,R,,,,,2026-07-15T19:41:40
239004144,0012,390041440012,2-3-9-004-144-0012,B112,B112,MAUI KAMAOLE PHASE II,2777 S KIHEI RD UNIT B112,2003274870,,,,,,2026-07-15T19:41:40
239004144,0012,390041440012,2-3-9-004-144-0012,B112,B112,MAUI KAMAOLE PHASE II,2777 S KIHEI RD UNIT B112,2003286980,,,,,,2026-07-15T19:41:40
239004144,0012,390041440012,2-3-9-004-144-0012,B112,B112,MAUI KAMAOLE PHASE II,2777 S KIHEI RD UNIT B112,2004034518,,,,,,2026-07-15T19:41:40
239004144,0012,390041440012,2-3-9-004-144-0012,B112,B112,MAUI KAMAOLE PHASE II,2777 S KIHEI RD UNIT B112,2004034519,,,,,,2026-07-15T19:41:40
239004144,0012,390041440012,2-3-9-004-144-0012,B112,B112,MAUI KAMAOLE PHASE II,2777 S KIHEI RD UNIT B112,2009047298,M,,,,,2026-07-15T19:41:40
239004144,0012,390041440012,2-3-9-004-144-0012,B112,B112,MAUI KAMAOLE PHASE II,2777 S KIHEI RD UNIT B112,9263000246,,,,,,2026-07-15T19:41:40
239004144,0013,390041440013,2-3-9-004-144-0013,B114,B114,MAUI KAMAOLE PHASE II,2777 S KIHEI RD UNIT B114,92110918,,,,,,2026-07-15T19:41:40
239004144,0013,390041440013,2-3-9-004-144-0013,B114,B114,MAUI KAMAOLE PHASE II,2777 S KIHEI RD UNIT B114,94179373,,,,,,2026-07-15T19:41:40
239004144,0013,390041440013,2-3-9-004-144-0013,B114,B114,MAUI KAMAOLE PHASE II,2777 S KIHEI RD UNIT B114,95017503,,,,,,2026-07-15T19:41:40
239004144,0013,390041440013,2-3-9-004-144-0013,B114,B114,MAUI KAMAOLE PHASE II,2777 S KIHEI RD UNIT B114,95017504,M,,,,,2026-07-15T19:41:40
239004144,0013,390041440013,2-3-9-004-144-0013,B114,B114,MAUI KAMAOLE PHASE II,2777 S KIHEI RD UNIT B114,99084189,R,,,,,2026-07-15T19:41:40
239004144,0013,390041440013,2-3-9-004-144-0013,B114,B114,MAUI KAMAOLE PHASE II,2777 S KIHEI RD UNIT B114,99084190,R,,,,,2026-07-15T19:41:40
239004144,0013,390041440013,2-3-9-004-144-0013,B114,B114,MAUI KAMAOLE PHASE II,2777 S KIHEI RD UNIT B114,99096642,M,,,,,2026-07-15T19:41:40
239004144,0013,390041440013,2-3-9-004-144-0013,B114,B114,MAUI KAMAOLE PHASE II,2777 S KIHEI RD UNIT B114,99103236,,,,,,2026-07-15T19:41:40
239004144,0013,390041440013,2-3-9-004-144-0013,B114,B114,MAUI KAMAOLE PHASE II,2777 S KIHEI RD UNIT B114,99127562,M,,,,,2026-07-15T19:41:40
239004144,0013,390041440013,2-3-9-004-144-0013,B114,B114,MAUI KAMAOLE PHASE II,2777 S KIHEI RD UNIT B114,99178719,,,,,,2026-07-15T19:41:40
239004144,0013,390041440013,2-3-9-004-144-0013,B114,B114,MAUI KAMAOLE PHASE II,2777 S KIHEI RD UNIT B114,123930565,,,,,,2026-07-15T19:41:40
239004144,0013,390041440013,2-3-9-004-144-0013,B114,B114,MAUI KAMAOLE PHASE II,2777 S KIHEI RD UNIT B114,123930578,,,,,,2026-07-15T19:41:40
239004144,0013,390041440013,2-3-9-004-144-0013,B114,B114,MAUI KAMAOLE PHASE II,2777 S KIHEI RD UNIT B114,124017730,,,,,,2026-07-15T19:41:40
239004144,0013,390041440013,2-3-9-004-144-0013,B114,B114,MAUI KAMAOLE PHASE II,2777 S KIHEI RD UNIT B114,2001203324,R,,,,,2026-07-15T19:41:40
239004144,0013,390041440013,2-3-9-004-144-0013,B114,B114,MAUI KAMAOLE PHASE II,2777 S KIHEI RD UNIT B114,2002090659,R,,,,,2026-07-15T19:41:40
239004144,0013,390041440013,2-3-9-004-144-0013,B114,B114,MAUI KAMAOLE PHASE II,2777 S KIHEI RD UNIT B114,2003200239,R,,,,,2026-07-15T19:41:40
239004144,0013,390041440013,2-3-9-004-144-0013,B114,B114,MAUI KAMAOLE PHASE II,2777 S KIHEI RD UNIT B114,2003200240,M,,,,,2026-07-15T19:41:40
239004144,0013,390041440013,2-3-9-004-144-0013,B114,B114,MAUI KAMAOLE PHASE II,2777 S KIHEI RD UNIT B114,2003200241,M,,,,,2026-07-15T19:41:40
239004144,0013,390041440013,2-3-9-004-144-0013,B114,B114,MAUI KAMAOLE PHASE II,2777 S KIHEI RD UNIT B114,2003286493,R,,,,,2026-07-15T19:41:40
239004144,0013,390041440013,2-3-9-004-144-0013,B114,B114,MAUI KAMAOLE PHASE II,2777 S KIHEI RD UNIT B114,2005198087,M,,,,,2026-07-15T19:41:40
239004144,0014,390041440014,2-3-9-004-144-0014,B115,B115,MAUI KAMAOLE PHASE II,2777 S KIHEI RD UNIT B115,77370188,,,,,,2026-07-15T19:41:40
239004144,0014,390041440014,2-3-9-004-144-0014,B115,B115,MAUI KAMAOLE PHASE II,2777 S KIHEI RD UNIT B115,92113982,R,,,,,2026-07-15T19:41:40
239004144,0014,390041440014,2-3-9-004-144-0014,B115,B115,MAUI KAMAOLE PHASE II,2777 S KIHEI RD UNIT B115,97147512,,,,,,2026-07-15T19:41:40
239004144,0014,390041440014,2-3-9-004-144-0014,B115,B115,MAUI KAMAOLE PHASE II,2777 S KIHEI RD UNIT B115,99092105,R,,,,,2026-07-15T19:41:40
239004144,0014,390041440014,2-3-9-004-144-0014,B115,B115,MAUI KAMAOLE PHASE II,2777 S KIHEI RD UNIT B115,99092106,,,,,,2026-07-15T19:41:40
239004144,0014,390041440014,2-3-9-004-144-0014,B115,B115,MAUI KAMAOLE PHASE II,2777 S KIHEI RD UNIT B115,99111996,R,,,,,2026-07-15T19:41:40
239004144,0014,390041440014,2-3-9-004-144-0014,B115,B115,MAUI KAMAOLE PHASE II,2777 S KIHEI RD UNIT B115,123786673,R,,,,,2026-07-15T19:41:40
239004144,0014,390041440014,2-3-9-004-144-0014,B115,B115,MAUI KAMAOLE PHASE II,2777 S KIHEI RD UNIT B115,123786687,R,,,,,2026-07-15T19:41:40
239004144,0014,390041440014,2-3-9-004-144-0014,B115,B115,MAUI KAMAOLE PHASE II,2777 S KIHEI RD UNIT B115,123786699,M,,,,,2026-07-15T19:41:40
239004144,0014,390041440014,2-3-9-004-144-0014,B115,B115,MAUI KAMAOLE PHASE II,2777 S KIHEI RD UNIT B115,123859544,,,,,,2026-07-15T19:41:40
239004144,0014,390041440014,2-3-9-004-144-0014,B115,B115,MAUI KAMAOLE PHASE II,2777 S KIHEI RD UNIT B115,2002143232,R,,,,,2026-07-15T19:41:40
239004144,0014,390041440014,2-3-9-004-144-0014,B115,B115,MAUI KAMAOLE PHASE II,2777 S KIHEI RD UNIT B115,2002161728,,,,,,2026-07-15T19:41:40
239004144,0014,390041440014,2-3-9-004-144-0014,B115,B115,MAUI KAMAOLE PHASE II,2777 S KIHEI RD UNIT B115,2006039402,,,,,,2026-07-15T19:41:40
239004144,0014,390041440014,2-3-9-004-144-0014,B115,B115,MAUI KAMAOLE PHASE II,2777 S KIHEI RD UNIT B115,2006039403,,,,,,2026-07-15T19:41:40
239004144,0014,390041440014,2-3-9-004-144-0014,B115,B115,MAUI KAMAOLE PHASE II,2777 S KIHEI RD UNIT B115,2006040911,,,,,,2026-07-15T19:41:40
239004144,0014,390041440014,2-3-9-004-144-0014,B115,B115,MAUI KAMAOLE PHASE II,2777 S KIHEI RD UNIT B115,2006053782,M,,,,,2026-07-15T19:41:40
239004144,0014,390041440014,2-3-9-004-144-0014,B115,B115,MAUI KAMAOLE PHASE II,2777 S KIHEI RD UNIT B115,2009025872,,,,,,2026-07-15T19:41:40
239004144,0014,390041440014,2-3-9-004-144-0014,B115,B115,MAUI KAMAOLE PHASE II,2777 S KIHEI RD UNIT B115,2009144163,M,,,,,2026-07-15T19:41:40
239004144,0014,390041440014,2-3-9-004-144-0014,B115,B115,MAUI KAMAOLE PHASE II,2777 S KIHEI RD UNIT B115,2010016443,M,,,,,2026-07-15T19:41:40
239004144,0014,390041440014,2-3-9-004-144-0014,B115,B115,MAUI KAMAOLE PHASE II,2777 S KIHEI RD UNIT B115,2010031445,MFS,,,,,2026-07-15T19:41:40
239004144,0015,390041440015,2-3-9-004-144-0015,B201,B201,MAUI KAMAOLE PHASE II,2777 S KIHEI RD UNIT B201,44430636,,,,,,2026-07-15T19:41:40
239004144,0015,390041440015,2-3-9-004-144-0015,B201,B201,MAUI KAMAOLE PHASE II,2777 S KIHEI RD UNIT B201,47590700,,,,,,2026-07-15T19:41:40
239004144,0015,390041440015,2-3-9-004-144-0015,B201,B201,MAUI KAMAOLE PHASE II,2777 S KIHEI RD UNIT B201,65400331,,,,,,2026-07-15T19:41:40
239004144,0015,390041440015,2-3-9-004-144-0015,B201,B201,MAUI KAMAOLE PHASE II,2777 S KIHEI RD UNIT B201,74430483,,,,,,2026-07-15T19:41:40
239004144,0015,390041440015,2-3-9-004-144-0015,B201,B201,MAUI KAMAOLE PHASE II,2777 S KIHEI RD UNIT B201,75370158,,,,,,2026-07-15T19:41:40
239004144,0015,390041440015,2-3-9-004-144-0015,B201,B201,MAUI KAMAOLE PHASE II,2777 S KIHEI RD UNIT B201,76150702,,,,,,2026-07-15T19:41:40
239004144,0015,390041440015,2-3-9-004-144-0015,B201,B201,MAUI KAMAOLE PHASE II,2777 S KIHEI RD UNIT B201,90116182,,,,,,2026-07-15T19:41:40
239004144,0015,390041440015,2-3-9-004-144-0015,B201,B201,MAUI KAMAOLE PHASE II,2777 S KIHEI RD UNIT B201,93216927,,,,,,2026-07-15T19:41:40
239004144,0015,390041440015,2-3-9-004-144-0015,B201,B201,MAUI KAMAOLE PHASE II,2777 S KIHEI RD UNIT B201,93216928,,,,,,2026-07-15T19:41:40
239004144,0015,390041440015,2-3-9-004-144-0015,B201,B201,MAUI KAMAOLE PHASE II,2777 S KIHEI RD UNIT B201,94179355,,,,,,2026-07-15T19:41:40
239004144,0015,390041440015,2-3-9-004-144-0015,B201,B201,MAUI KAMAOLE PHASE II,2777 S KIHEI RD UNIT B201,95028255,,,,,,2026-07-15T19:41:40
239004144,0015,390041440015,2-3-9-004-144-0015,B201,B201,MAUI KAMAOLE PHASE II,2777 S KIHEI RD UNIT B201,95028256,,,,,,2026-07-15T19:41:40
239004144,0015,390041440015,2-3-9-004-144-0015,B201,B201,MAUI KAMAOLE PHASE II,2777 S KIHEI RD UNIT B201,95118131,,,,,,2026-07-15T19:41:40
239004144,0015,390041440015,2-3-9-004-144-0015,B201,B201,MAUI KAMAOLE PHASE II,2777 S KIHEI RD UNIT B201,95131308,,,,,,2026-07-15T19:41:40
239004144,0015,390041440015,2-3-9-004-144-0015,B201,B201,MAUI KAMAOLE PHASE II,2777 S KIHEI RD UNIT B201,96143036,,,,,,2026-07-15T19:41:40
239004144,0015,390041440015,2-3-9-004-144-0015,B201,B201,MAUI KAMAOLE PHASE II,2777 S KIHEI RD UNIT B201,98088410,,,,,,2026-07-15T19:41:40
239004144,0015,390041440015,2-3-9-004-144-0015,B201,B201,MAUI KAMAOLE PHASE II,2777 S KIHEI RD UNIT B201,98098888,,,,,,2026-07-15T19:41:40
239004144,0015,390041440015,2-3-9-004-144-0015,B201,B201,MAUI KAMAOLE PHASE II,2777 S KIHEI RD UNIT B201,98098889,,,,,,2026-07-15T19:41:40
239004144,0015,390041440015,2-3-9-004-144-0015,B201,B201,MAUI KAMAOLE PHASE II,2777 S KIHEI RD UNIT B201,98191060,,,,,,2026-07-15T19:41:40
239004144,0015,390041440015,2-3-9-004-144-0015,B201,B201,MAUI KAMAOLE PHASE II,2777 S KIHEI RD UNIT B201,123870478,,,,,,2026-07-15T19:41:40
239004144,0015,390041440015,2-3-9-004-144-0015,B201,B201,MAUI KAMAOLE PHASE II,2777 S KIHEI RD UNIT B201,123870491,,,,,,2026-07-15T19:41:40
239004144,0015,390041440015,2-3-9-004-144-0015,B201,B201,MAUI KAMAOLE PHASE II,2777 S KIHEI RD UNIT B201,123920174,,,,,,2026-07-15T19:41:40
239004144,0015,390041440015,2-3-9-004-144-0015,B201,B201,MAUI KAMAOLE PHASE II,2777 S KIHEI RD UNIT B201,2000014402,,,,,,2026-07-15T19:41:40
239004144,0015,390041440015,2-3-9-004-144-0015,B201,B201,MAUI KAMAOLE PHASE II,2777 S KIHEI RD UNIT B201,2000014403,,,,,,2026-07-15T19:41:40
239004144,0015,390041440015,2-3-9-004-144-0015,B201,B201,MAUI KAMAOLE PHASE II,2777 S KIHEI RD UNIT B201,2000014404,,,,,,2026-07-15T19:41:40
239004144,0015,390041440015,2-3-9-004-144-0015,B201,B201,MAUI KAMAOLE PHASE II,2777 S KIHEI RD UNIT B201,2000052214,R,,,,,2026-07-15T19:41:40
239004144,0015,390041440015,2-3-9-004-144-0015,B201,B201,MAUI KAMAOLE PHASE II,2777 S KIHEI RD UNIT B201,2000052215,R,,,,,2026-07-15T19:41:40
239004144,0015,390041440015,2-3-9-004-144-0015,B201,B201,MAUI KAMAOLE PHASE II,2777 S KIHEI RD UNIT B201,2000064293,R,,,,,2026-07-15T19:41:40
239004144,0015,390041440015,2-3-9-004-144-0015,B201,B201,MAUI KAMAOLE PHASE II,2777 S KIHEI RD UNIT B201,2000072015,,,,,,2026-07-15T19:41:40
239004144,0015,390041440015,2-3-9-004-144-0015,B201,B201,MAUI KAMAOLE PHASE II,2777 S KIHEI RD UNIT B201,2002097358,R,,,,,2026-07-15T19:41:40
239004144,0015,390041440015,2-3-9-004-144-0015,B201,B201,MAUI KAMAOLE PHASE II,2777 S KIHEI RD UNIT B201,2002097359,R,,,,,2026-07-15T19:41:40
239004144,0015,390041440015,2-3-9-004-144-0015,B201,B201,MAUI KAMAOLE PHASE II,2777 S KIHEI RD UNIT B201,2002123778,R,,,,,2026-07-15T19:41:40
239004144,0015,390041440015,2-3-9-004-144-0015,B201,B201,MAUI KAMAOLE PHASE II,2777 S KIHEI RD UNIT B201,2002201672,R,,,,,2026-07-15T19:41:40
239004144,0015,390041440015,2-3-9-004-144-0015,B201,B201,MAUI KAMAOLE PHASE II,2777 S KIHEI RD UNIT B201,2007215254,R,,,,,2026-07-15T19:41:40
239004144,0016,390041440016,2-3-9-004-144-0016,B202,B202,MAUI KAMAOLE PHASE II,2777 S KIHEI RD UNIT B202,50700091,M,,,,,2026-07-15T19:41:40
239004144,0016,390041440016,2-3-9-004-144-0016,B202,B202,MAUI KAMAOLE PHASE II,2777 S KIHEI RD UNIT B202,53510223,,,,,,2026-07-15T19:41:40
239004144,0016,390041440016,2-3-9-004-144-0016,B202,B202,MAUI KAMAOLE PHASE II,2777 S KIHEI RD UNIT B202,56160374,M,,,,,2026-07-15T19:41:40
239004144,0016,390041440016,2-3-9-004-144-0016,B202,B202,MAUI KAMAOLE PHASE II,2777 S KIHEI RD UNIT B202,56900662,,,,,,2026-07-15T19:41:40
239004144,0016,390041440016,2-3-9-004-144-0016,B202,B202,MAUI KAMAOLE PHASE II,2777 S KIHEI RD UNIT B202,56900663,R,,,,,2026-07-15T19:41:40
239004144,0016,390041440016,2-3-9-004-144-0016,B202,B202,MAUI KAMAOLE PHASE II,2777 S KIHEI RD UNIT B202,78650525,,,,,,2026-07-15T19:41:40
239004144,0016,390041440016,2-3-9-004-144-0016,B202,B202,MAUI KAMAOLE PHASE II,2777 S KIHEI RD UNIT B202,80380452,M,,,,,2026-07-15T19:41:40
239004144,0016,390041440016,2-3-9-004-144-0016,B202,B202,MAUI KAMAOLE PHASE II,2777 S KIHEI RD UNIT B202,91162468,,,,,,2026-07-15T19:41:40
239004144,0016,390041440016,2-3-9-004-144-0016,B202,B202,MAUI KAMAOLE PHASE II,2777 S KIHEI RD UNIT B202,91162469,,,,,,2026-07-15T19:41:40
239004144,0016,390041440016,2-3-9-004-144-0016,B202,B202,MAUI KAMAOLE PHASE II,2777 S KIHEI RD UNIT B202,94086769,,,,,,2026-07-15T19:41:40
239004144,0016,390041440016,2-3-9-004-144-0016,B202,B202,MAUI KAMAOLE PHASE II,2777 S KIHEI RD UNIT B202,95067022,,,,,,2026-07-15T19:41:40
239004144,0016,390041440016,2-3-9-004-144-0016,B202,B202,MAUI KAMAOLE PHASE II,2777 S KIHEI RD UNIT B202,95157117,,,,,,2026-07-15T19:41:40
239004144,0016,390041440016,2-3-9-004-144-0016,B202,B202,MAUI KAMAOLE PHASE II,2777 S KIHEI RD UNIT B202,96052707,,,,,,2026-07-15T19:41:40
239004144,0016,390041440016,2-3-9-004-144-0016,B202,B202,MAUI KAMAOLE PHASE II,2777 S KIHEI RD UNIT B202,123786605,,,,,,2026-07-15T19:41:40
239004144,0016,390041440016,2-3-9-004-144-0016,B202,B202,MAUI KAMAOLE PHASE II,2777 S KIHEI RD UNIT B202,123859460,,,,,,2026-07-15T19:41:40
239004144,0016,390041440016,2-3-9-004-144-0016,B202,B202,MAUI KAMAOLE PHASE II,2777 S KIHEI RD UNIT B202,2000027944,,,,,,2026-07-15T19:41:40
239004144,0016,390041440016,2-3-9-004-144-0016,B202,B202,MAUI KAMAOLE PHASE II,2777 S KIHEI RD UNIT B202,2000027945,,,,,,2026-07-15T19:41:40
239004144,0016,390041440016,2-3-9-004-144-0016,B202,B202,MAUI KAMAOLE PHASE II,2777 S KIHEI RD UNIT B202,2000027946,R,,,,,2026-07-15T19:41:40
239004144,0016,390041440016,2-3-9-004-144-0016,B202,B202,MAUI KAMAOLE PHASE II,2777 S KIHEI RD UNIT B202,2000036765,,,,,,2026-07-15T19:41:40
239004144,0016,390041440016,2-3-9-004-144-0016,B202,B202,MAUI KAMAOLE PHASE II,2777 S KIHEI RD UNIT B202,2000169698,M,,,,,2026-07-15T19:41:40
239004144,0016,390041440016,2-3-9-004-144-0016,B202,B202,MAUI KAMAOLE PHASE II,2777 S KIHEI RD UNIT B202,2000169699,M,,,,,2026-07-15T19:41:40
239004144,0016,390041440016,2-3-9-004-144-0016,B202,B202,MAUI KAMAOLE PHASE II,2777 S KIHEI RD UNIT B202,2002046401,,,,,,2026-07-15T19:41:40
239004144,0016,390041440016,2-3-9-004-144-0016,B202,B202,MAUI KAMAOLE PHASE II,2777 S KIHEI RD UNIT B202,2008010430,M,,,,,2026-07-15T19:41:40
239004144,0017,390041440017,2-3-9-004-144-0017,B203,B203,MAUI KAMAOLE PHASE II,2777 S KIHEI RD UNIT B203,90000259,M,,,,,2026-07-15T19:41:40
239004144,0017,390041440017,2-3-9-004-144-0017,B203,B203,MAUI KAMAOLE PHASE II,2777 S KIHEI RD UNIT B203,90000260,M,,,,,2026-07-15T19:41:40
239004144,0017,390041440017,2-3-9-004-144-0017,B203,B203,MAUI KAMAOLE PHASE II,2777 S KIHEI RD UNIT B203,90015627,,,,,,2026-07-15T19:41:40
239004144,0017,390041440017,2-3-9-004-144-0017,B203,B203,MAUI KAMAOLE PHASE II,2777 S KIHEI RD UNIT B203,91146191,,,,,,2026-07-15T19:41:40
239004144,0017,390041440017,2-3-9-004-144-0017,B203,B203,MAUI KAMAOLE PHASE II,2777 S KIHEI RD UNIT B203,95144633,M,,,,,2026-07-15T19:41:40
239004144,0017,390041440017,2-3-9-004-144-0017,B203,B203,MAUI KAMAOLE PHASE II,2777 S KIHEI RD UNIT B203,95160780,M,,,,,2026-07-15T19:41:40
239004144,0017,390041440017,2-3-9-004-144-0017,B203,B203,MAUI KAMAOLE PHASE II,2777 S KIHEI RD UNIT B203,95160781,M,,,,,2026-07-15T19:41:40
239004144,0017,390041440017,2-3-9-004-144-0017,B203,B203,MAUI KAMAOLE PHASE II,2777 S KIHEI RD UNIT B203,98025497,M,,,,,2026-07-15T19:41:40
239004144,0017,390041440017,2-3-9-004-144-0017,B203,B203,MAUI KAMAOLE PHASE II,2777 S KIHEI RD UNIT B203,98025498,M,,,,,2026-07-15T19:41:40
239004144,0017,390041440017,2-3-9-004-144-0017,B203,B203,MAUI KAMAOLE PHASE II,2777 S KIHEI RD UNIT B203,98030495,M,,,,,2026-07-15T19:41:40
239004144,0017,390041440017,2-3-9-004-144-0017,B203,B203,MAUI KAMAOLE PHASE II,2777 S KIHEI RD UNIT B203,98096458,M,,,,,2026-07-15T19:41:40
239004144,0017,390041440017,2-3-9-004-144-0017,B203,B203,MAUI KAMAOLE PHASE II,2777 S KIHEI RD UNIT B203,98105901,,,,,,2026-07-15T19:41:40
239004144,0017,390041440017,2-3-9-004-144-0017,B203,B203,MAUI KAMAOLE PHASE II,2777 S KIHEI RD UNIT B203,99071794,R,,,,,2026-07-15T19:41:40
239004144,0017,390041440017,2-3-9-004-144-0017,B203,B203,MAUI KAMAOLE PHASE II,2777 S KIHEI RD UNIT B203,99132677,M,,,,,2026-07-15T19:41:40
239004144,0017,390041440017,2-3-9-004-144-0017,B203,B203,MAUI KAMAOLE PHASE II,2777 S KIHEI RD UNIT B203,123805377,,,,,,2026-07-15T19:41:40
239004144,0017,390041440017,2-3-9-004-144-0017,B203,B203,MAUI KAMAOLE PHASE II,2777 S KIHEI RD UNIT B203,123805390,,,,,,2026-07-15T19:41:40
239004144,0017,390041440017,2-3-9-004-144-0017,B203,B203,MAUI KAMAOLE PHASE II,2777 S KIHEI RD UNIT B203,123859556,,,,,,2026-07-15T19:41:40
239004144,0018,390041440018,2-3-9-004-144-0018,B204,B204,MAUI KAMAOLE PHASE II,2777 S KIHEI RD UNIT B204,Certificate,,,,,,2026-07-15T19:41:40
239004144,0019,390041440019,2-3-9-004-144-0019,B205,B205,MAUI KAMAOLE PHASE II,2777 S KIHEI RD UNIT B205,43910821,MFS,,,,,2026-07-15T19:41:40
239004144,0019,390041440019,2-3-9-004-144-0019,B205,B205,MAUI KAMAOLE PHASE II,2777 S KIHEI RD UNIT B205,47790527,,,,,,2026-07-15T19:41:40
239004144,0019,390041440019,2-3-9-004-144-0019,B205,B205,MAUI KAMAOLE PHASE II,2777 S KIHEI RD UNIT B205,47790528,R,,,,,2026-07-15T19:41:40
239004144,0019,390041440019,2-3-9-004-144-0019,B205,B205,MAUI KAMAOLE PHASE II,2777 S KIHEI RD UNIT B205,47991237,M,,,,,2026-07-15T19:41:40
239004144,0019,390041440019,2-3-9-004-144-0019,B205,B205,MAUI KAMAOLE PHASE II,2777 S KIHEI RD UNIT B205,80900250,,,,,,2026-07-15T19:41:40
239004144,0019,390041440019,2-3-9-004-144-0019,B205,B205,MAUI KAMAOLE PHASE II,2777 S KIHEI RD UNIT B205,80900251,,,,,,2026-07-15T19:41:40
239004144,0019,390041440019,2-3-9-004-144-0019,B205,B205,MAUI KAMAOLE PHASE II,2777 S KIHEI RD UNIT B205,81010601,M,,,,,2026-07-15T19:41:40
239004144,0019,390041440019,2-3-9-004-144-0019,B205,B205,MAUI KAMAOLE PHASE II,2777 S KIHEI RD UNIT B205,94179353,,,,,,2026-07-15T19:41:40
239004144,0019,390041440019,2-3-9-004-144-0019,B205,B205,MAUI KAMAOLE PHASE II,2777 S KIHEI RD UNIT B205,98066740,M,,,,,2026-07-15T19:41:40
239004144,0019,390041440019,2-3-9-004-144-0019,B205,B205,MAUI KAMAOLE PHASE II,2777 S KIHEI RD UNIT B205,98148978,M,,,,,2026-07-15T19:41:40
239004144,0019,390041440019,2-3-9-004-144-0019,B205,B205,MAUI KAMAOLE PHASE II,2777 S KIHEI RD UNIT B205,123799481,M,,,,,2026-07-15T19:41:40
239004144,0019,390041440019,2-3-9-004-144-0019,B205,B205,MAUI KAMAOLE PHASE II,2777 S KIHEI RD UNIT B205,123799494,M,,,,,2026-07-15T19:41:40
239004144,0019,390041440019,2-3-9-004-144-0019,B205,B205,MAUI KAMAOLE PHASE II,2777 S KIHEI RD UNIT B205,123859478,,,,,,2026-07-15T19:41:40
239004144,0019,390041440019,2-3-9-004-144-0019,B205,B205,MAUI KAMAOLE PHASE II,2777 S KIHEI RD UNIT B205,2002122939,R,,,,,2026-07-15T19:41:40
239004144,0019,390041440019,2-3-9-004-144-0019,B205,B205,MAUI KAMAOLE PHASE II,2777 S KIHEI RD UNIT B205,2003011072,M,,,,,2026-07-15T19:41:40
239004144,0019,390041440019,2-3-9-004-144-0019,B205,B205,MAUI KAMAOLE PHASE II,2777 S KIHEI RD UNIT B205,2003011073,R,,,,,2026-07-15T19:41:40
239004144,0019,390041440019,2-3-9-004-144-0019,B205,B205,MAUI KAMAOLE PHASE II,2777 S KIHEI RD UNIT B205,2003027713,M,,,,,2026-07-15T19:41:40
239004144,0019,390041440019,2-3-9-004-144-0019,B205,B205,MAUI KAMAOLE PHASE II,2777 S KIHEI RD UNIT B205,2003032259,M,,,,,2026-07-15T19:41:40
239004144,0019,390041440019,2-3-9-004-144-0019,B205,B205,MAUI KAMAOLE PHASE II,2777 S KIHEI RD UNIT B205,2011202839,R,,,,,2026-07-15T19:41:40
239004144,0019,390041440019,2-3-9-004-144-0019,B205,B205,MAUI KAMAOLE PHASE II,2777 S KIHEI RD UNIT B205,2011204627,M,,,,,2026-07-15T19:41:40
239004144,0020,390041440020,2-3-9-004-144-0020,B206,B206,MAUI KAMAOLE PHASE II,2777 S KIHEI RD UNIT B206,61210734,,,,,,2026-07-15T19:41:40
239004144,0020,390041440020,2-3-9-004-144-0020,B206,B206,MAUI KAMAOLE PHASE II,2777 S KIHEI RD UNIT B206,61380950,,,,,,2026-07-15T19:41:40
239004144,0020,390041440020,2-3-9-004-144-0020,B206,B206,MAUI KAMAOLE PHASE II,2777 S KIHEI RD UNIT B206,99034055,,,,,,2026-07-15T19:41:40
239004144,0020,390041440020,2-3-9-004-144-0020,B206,B206,MAUI KAMAOLE PHASE II,2777 S KIHEI RD UNIT B206,123911239,,,,,,2026-07-15T19:41:40
239004144,0020,390041440020,2-3-9-004-144-0020,B206,B206,MAUI KAMAOLE PHASE II,2777 S KIHEI RD UNIT B206,123911252,,,,,,2026-07-15T19:41:40
239004144,0020,390041440020,2-3-9-004-144-0020,B206,B206,MAUI KAMAOLE PHASE II,2777 S KIHEI RD UNIT B206,123950168,,,,,,2026-07-15T19:41:40
239004144,0020,390041440020,2-3-9-004-144-0020,B206,B206,MAUI KAMAOLE PHASE II,2777 S KIHEI RD UNIT B206,2000104795,,,,,,2026-07-15T19:41:40
239004144,0021,390041440021,2-3-9-004-144-0021,B207,B207,MAUI KAMAOLE PHASE II,2777 S KIHEI RD UNIT B207,58160469,MFS,,,,,2026-07-15T19:41:40
239004144,0021,390041440021,2-3-9-004-144-0021,B207,B207,MAUI KAMAOLE PHASE II,2777 S KIHEI RD UNIT B207,81500293,M,,,,,2026-07-15T19:41:40
239004144,0021,390041440021,2-3-9-004-144-0021,B207,B207,MAUI KAMAOLE PHASE II,2777 S KIHEI RD UNIT B207,81500294,,,,,,2026-07-15T19:41:40
239004144,0021,390041440021,2-3-9-004-144-0021,B207,B207,MAUI KAMAOLE PHASE II,2777 S KIHEI RD UNIT B207,97147513,,,,,,2026-07-15T19:41:40
239004144,0021,390041440021,2-3-9-004-144-0021,B207,B207,MAUI KAMAOLE PHASE II,2777 S KIHEI RD UNIT B207,98021498,,,,,,2026-07-15T19:41:40
239004144,0021,390041440021,2-3-9-004-144-0021,B207,B207,MAUI KAMAOLE PHASE II,2777 S KIHEI RD UNIT B207,99200406,,,,,,2026-07-15T19:41:40
239004144,0021,390041440021,2-3-9-004-144-0021,B207,B207,MAUI KAMAOLE PHASE II,2777 S KIHEI RD UNIT B207,123786700,,,,,,2026-07-15T19:41:40
239004144,0021,390041440021,2-3-9-004-144-0021,B207,B207,MAUI KAMAOLE PHASE II,2777 S KIHEI RD UNIT B207,123786713,,,,,,2026-07-15T19:41:40
239004144,0021,390041440021,2-3-9-004-144-0021,B207,B207,MAUI KAMAOLE PHASE II,2777 S KIHEI RD UNIT B207,123786725,M,,,,,2026-07-15T19:41:40
239004144,0021,390041440021,2-3-9-004-144-0021,B207,B207,MAUI KAMAOLE PHASE II,2777 S KIHEI RD UNIT B207,123859508,,,,,,2026-07-15T19:41:40
239004144,0021,390041440021,2-3-9-004-144-0021,B207,B207,MAUI KAMAOLE PHASE II,2777 S KIHEI RD UNIT B207,2000008146,,,,,,2026-07-15T19:41:40
239004144,0021,390041440021,2-3-9-004-144-0021,B207,B207,MAUI KAMAOLE PHASE II,2777 S KIHEI RD UNIT B207,2010018506,R,,,,,2026-07-15T19:41:40
239004144,0021,390041440021,2-3-9-004-144-0021,B207,B207,MAUI KAMAOLE PHASE II,2777 S KIHEI RD UNIT B207,2010038462,,,,,,2026-07-15T19:41:40
239004144,0022,390041440022,2-3-9-004-144-0022,B208,B208,MAUI KAMAOLE PHASE II,2777 S KIHEI RD UNIT B208,45890665,MFS,,,,,2026-07-15T19:41:40
239004144,0022,390041440022,2-3-9-004-144-0022,B208,B208,MAUI KAMAOLE PHASE II,2777 S KIHEI RD UNIT B208,50780801,M,,,,,2026-07-15T19:41:40
239004144,0022,390041440022,2-3-9-004-144-0022,B208,B208,MAUI KAMAOLE PHASE II,2777 S KIHEI RD UNIT B208,57300575,MFS,,,,,2026-07-15T19:41:40
239004144,0022,390041440022,2-3-9-004-144-0022,B208,B208,MAUI KAMAOLE PHASE II,2777 S KIHEI RD UNIT B208,60880491,M,,,,,2026-07-15T19:41:40
239004144,0022,390041440022,2-3-9-004-144-0022,B208,B208,MAUI KAMAOLE PHASE II,2777 S KIHEI RD UNIT B208,66130323,M,,,,,2026-07-15T19:41:40
239004144,0022,390041440022,2-3-9-004-144-0022,B208,B208,MAUI KAMAOLE PHASE II,2777 S KIHEI RD UNIT B208,66760677,M,,,,,2026-07-15T19:41:40
239004144,0022,390041440022,2-3-9-004-144-0022,B208,B208,MAUI KAMAOLE PHASE II,2777 S KIHEI RD UNIT B208,69960443,R,,,,,2026-07-15T19:41:40
239004144,0022,390041440022,2-3-9-004-144-0022,B208,B208,MAUI KAMAOLE PHASE II,2777 S KIHEI RD UNIT B208,70830190,,,,,,2026-07-15T19:41:40
239004144,0022,390041440022,2-3-9-004-144-0022,B208,B208,MAUI KAMAOLE PHASE II,2777 S KIHEI RD UNIT B208,70830191,,,,,,2026-07-15T19:41:40
239004144,0022,390041440022,2-3-9-004-144-0022,B208,B208,MAUI KAMAOLE PHASE II,2777 S KIHEI RD UNIT B208,71930260,,,,,,2026-07-15T19:41:40
239004144,0022,390041440022,2-3-9-004-144-0022,B208,B208,MAUI KAMAOLE PHASE II,2777 S KIHEI RD UNIT B208,71930261,,,,,,2026-07-15T19:41:40
239004144,0022,390041440022,2-3-9-004-144-0022,B208,B208,MAUI KAMAOLE PHASE II,2777 S KIHEI RD UNIT B208,72290934,NL,,,,,2026-07-15T19:41:40
239004144,0022,390041440022,2-3-9-004-144-0022,B208,B208,MAUI KAMAOLE PHASE II,2777 S KIHEI RD UNIT B208,81720402,,,,,,2026-07-15T19:41:40
239004144,0022,390041440022,2-3-9-004-144-0022,B208,B208,MAUI KAMAOLE PHASE II,2777 S KIHEI RD UNIT B208,81720403,,,,,,2026-07-15T19:41:40
239004144,0022,390041440022,2-3-9-004-144-0022,B208,B208,MAUI KAMAOLE PHASE II,2777 S KIHEI RD UNIT B208,91007102,,,,,,2026-07-15T19:41:40
239004144,0022,390041440022,2-3-9-004-144-0022,B208,B208,MAUI KAMAOLE PHASE II,2777 S KIHEI RD UNIT B208,91007103,,,,,,2026-07-15T19:41:40
239004144,0022,390041440022,2-3-9-004-144-0022,B208,B208,MAUI KAMAOLE PHASE II,2777 S KIHEI RD UNIT B208,123786591,,,,,,2026-07-15T19:41:40
239004144,0022,390041440022,2-3-9-004-144-0022,B208,B208,MAUI KAMAOLE PHASE II,2777 S KIHEI RD UNIT B208,123859484,,,,,,2026-07-15T19:41:40
239004144,0022,390041440022,2-3-9-004-144-0022,B208,B208,MAUI KAMAOLE PHASE II,2777 S KIHEI RD UNIT B208,2005056912,,,,,,2026-07-15T19:41:40
239004144,0022,390041440022,2-3-9-004-144-0022,B208,B208,MAUI KAMAOLE PHASE II,2777 S KIHEI RD UNIT B208,2005056913,,,,,,2026-07-15T19:41:40
239004144,0022,390041440022,2-3-9-004-144-0022,B208,B208,MAUI KAMAOLE PHASE II,2777 S KIHEI RD UNIT B208,2005056914,,,,,,2026-07-15T19:41:40
239004144,0022,390041440022,2-3-9-004-144-0022,B208,B208,MAUI KAMAOLE PHASE II,2777 S KIHEI RD UNIT B208,2005056915,,,,,,2026-07-15T19:41:40
239004144,0022,390041440022,2-3-9-004-144-0022,B208,B208,MAUI KAMAOLE PHASE II,2777 S KIHEI RD UNIT B208,2005056916,R,,,,,2026-07-15T19:41:40
239004144,0022,390041440022,2-3-9-004-144-0022,B208,B208,MAUI KAMAOLE PHASE II,2777 S KIHEI RD UNIT B208,2009182204,M,,,,,2026-07-15T19:41:40
239004144,0022,390041440022,2-3-9-004-144-0022,B208,B208,MAUI KAMAOLE PHASE II,2777 S KIHEI RD UNIT B208,2009182205,M,,,,,2026-07-15T19:41:40
239004144,0022,390041440022,2-3-9-004-144-0022,B208,B208,MAUI KAMAOLE PHASE II,2777 S KIHEI RD UNIT B208,2011091709,,,,,,2026-07-15T19:41:40
239004144,0022,390041440022,2-3-9-004-144-0022,B208,B208,MAUI KAMAOLE PHASE II,2777 S KIHEI RD UNIT B208,2011116278,,,,,,2026-07-15T19:41:40
239004144,0023,390041440023,2-3-9-004-144-0023,B209,B209,MAUI KAMAOLE PHASE II,2777 S KIHEI RD UNIT B209,45750075,,,,,,2026-07-15T19:41:40
239004144,0023,390041440023,2-3-9-004-144-0023,B209,B209,MAUI KAMAOLE PHASE II,2777 S KIHEI RD UNIT B209,45810196,MFS,,,,,2026-07-15T19:41:40
239004144,0023,390041440023,2-3-9-004-144-0023,B209,B209,MAUI KAMAOLE PHASE II,2777 S KIHEI RD UNIT B209,72840230,,,,,,2026-07-15T19:41:40
239004144,0023,390041440023,2-3-9-004-144-0023,B209,B209,MAUI KAMAOLE PHASE II,2777 S KIHEI RD UNIT B209,90022536,,,,,,2026-07-15T19:41:40
239004144,0023,390041440023,2-3-9-004-144-0023,B209,B209,MAUI KAMAOLE PHASE II,2777 S KIHEI RD UNIT B209,90022537,,,,,,2026-07-15T19:41:40
239004144,0023,390041440023,2-3-9-004-144-0023,B209,B209,MAUI KAMAOLE PHASE II,2777 S KIHEI RD UNIT B209,90034553,,,,,,2026-07-15T19:41:40
239004144,0023,390041440023,2-3-9-004-144-0023,B209,B209,MAUI KAMAOLE PHASE II,2777 S KIHEI RD UNIT B209,93059772,,,,,,2026-07-15T19:41:40
239004144,0023,390041440023,2-3-9-004-144-0023,B209,B209,MAUI KAMAOLE PHASE II,2777 S KIHEI RD UNIT B209,94179399,,,,,,2026-07-15T19:41:40
239004144,0023,390041440023,2-3-9-004-144-0023,B209,B209,MAUI KAMAOLE PHASE II,2777 S KIHEI RD UNIT B209,97060440,,,,,,2026-07-15T19:41:40
239004144,0023,390041440023,2-3-9-004-144-0023,B209,B209,MAUI KAMAOLE PHASE II,2777 S KIHEI RD UNIT B209,97060441,R,,,,,2026-07-15T19:41:40
239004144,0023,390041440023,2-3-9-004-144-0023,B209,B209,MAUI KAMAOLE PHASE II,2777 S KIHEI RD UNIT B209,97087319,,,,,,2026-07-15T19:41:40
239004144,0023,390041440023,2-3-9-004-144-0023,B209,B209,MAUI KAMAOLE PHASE II,2777 S KIHEI RD UNIT B209,123799508,,,,,,2026-07-15T19:41:40
239004144,0023,390041440023,2-3-9-004-144-0023,B209,B209,MAUI KAMAOLE PHASE II,2777 S KIHEI RD UNIT B209,123799521,,,,,,2026-07-15T19:41:40
239004144,0023,390041440023,2-3-9-004-144-0023,B209,B209,MAUI KAMAOLE PHASE II,2777 S KIHEI RD UNIT B209,123859490,,,,,,2026-07-15T19:41:40
239004144,0023,390041440023,2-3-9-004-144-0023,B209,B209,MAUI KAMAOLE PHASE II,2777 S KIHEI RD UNIT B209,2006059068,,,,,,2026-07-15T19:41:40
239004144,0024,390041440024,2-3-9-004-144-0024,B210,B210,MAUI KAMAOLE PHASE II,2777 S KIHEI RD UNIT B210,46330360,,,,,,2026-07-15T19:41:40
239004144,0024,390041440024,2-3-9-004-144-0024,B210,B210,MAUI KAMAOLE PHASE II,2777 S KIHEI RD UNIT B210,47580337,MFS,,,,,2026-07-15T19:41:40
239004144,0024,390041440024,2-3-9-004-144-0024,B210,B210,MAUI KAMAOLE PHASE II,2777 S KIHEI RD UNIT B210,54840327,M,,,,,2026-07-15T19:41:40
239004144,0024,390041440024,2-3-9-004-144-0024,B210,B210,MAUI KAMAOLE PHASE II,2777 S KIHEI RD UNIT B210,55750800,M,,,,,2026-07-15T19:41:40
239004144,0024,390041440024,2-3-9-004-144-0024,B210,B210,MAUI KAMAOLE PHASE II,2777 S KIHEI RD UNIT B210,55960737,R,,,,,2026-07-15T19:41:40
239004144,0024,390041440024,2-3-9-004-144-0024,B210,B210,MAUI KAMAOLE PHASE II,2777 S KIHEI RD UNIT B210,59320547,,,,,,2026-07-15T19:41:40
239004144,0024,390041440024,2-3-9-004-144-0024,B210,B210,MAUI KAMAOLE PHASE II,2777 S KIHEI RD UNIT B210,79571531,,,,,,2026-07-15T19:41:40
239004144,0024,390041440024,2-3-9-004-144-0024,B210,B210,MAUI KAMAOLE PHASE II,2777 S KIHEI RD UNIT B210,93097770,,,,,,2026-07-15T19:41:40
239004144,0024,390041440024,2-3-9-004-144-0024,B210,B210,MAUI KAMAOLE PHASE II,2777 S KIHEI RD UNIT B210,93148284,,,,,,2026-07-15T19:41:40
239004144,0024,390041440024,2-3-9-004-144-0024,B210,B210,MAUI KAMAOLE PHASE II,2777 S KIHEI RD UNIT B210,98098888,,,,,,2026-07-15T19:41:40
239004144,0024,390041440024,2-3-9-004-144-0024,B210,B210,MAUI KAMAOLE PHASE II,2777 S KIHEI RD UNIT B210,98098889,,,,,,2026-07-15T19:41:40
239004144,0024,390041440024,2-3-9-004-144-0024,B210,B210,MAUI KAMAOLE PHASE II,2777 S KIHEI RD UNIT B210,98103968,,,,,,2026-07-15T19:41:40
239004144,0024,390041440024,2-3-9-004-144-0024,B210,B210,MAUI KAMAOLE PHASE II,2777 S KIHEI RD UNIT B210,98103969,,,,,,2026-07-15T19:41:40
239004144,0024,390041440024,2-3-9-004-144-0024,B210,B210,MAUI KAMAOLE PHASE II,2777 S KIHEI RD UNIT B210,99142666,,,,,,2026-07-15T19:41:40
239004144,0024,390041440024,2-3-9-004-144-0024,B210,B210,MAUI KAMAOLE PHASE II,2777 S KIHEI RD UNIT B210,99142667,,,,,,2026-07-15T19:41:40
239004144,0024,390041440024,2-3-9-004-144-0024,B210,B210,MAUI KAMAOLE PHASE II,2777 S KIHEI RD UNIT B210,123925115,,,,,,2026-07-15T19:41:40
239004144,0024,390041440024,2-3-9-004-144-0024,B210,B210,MAUI KAMAOLE PHASE II,2777 S KIHEI RD UNIT B210,124017754,,,,,,2026-07-15T19:41:40
239004144,0024,390041440024,2-3-9-004-144-0024,B210,B210,MAUI KAMAOLE PHASE II,2777 S KIHEI RD UNIT B210,2002176866,,,,,,2026-07-15T19:41:40
239004144,0024,390041440024,2-3-9-004-144-0024,B210,B210,MAUI KAMAOLE PHASE II,2777 S KIHEI RD UNIT B210,2004030626,,,,,,2026-07-15T19:41:40
239004144,0024,390041440024,2-3-9-004-144-0024,B210,B210,MAUI KAMAOLE PHASE II,2777 S KIHEI RD UNIT B210,2004030627,R,,,,,2026-07-15T19:41:40
239004144,0024,390041440024,2-3-9-004-144-0024,B210,B210,MAUI KAMAOLE PHASE II,2777 S KIHEI RD UNIT B210,2005151153,R,,,,,2026-07-15T19:41:40
239004144,0024,390041440024,2-3-9-004-144-0024,B210,B210,MAUI KAMAOLE PHASE II,2777 S KIHEI RD UNIT B210,2005182964,M,,,,,2026-07-15T19:41:40
239004144,0024,390041440024,2-3-9-004-144-0024,B210,B210,MAUI KAMAOLE PHASE II,2777 S KIHEI RD UNIT B210,2010068639,,,,,,2026-07-15T19:41:40
239004144,0024,390041440024,2-3-9-004-144-0024,B210,B210,MAUI KAMAOLE PHASE II,2777 S KIHEI RD UNIT B210,2010068640,R,,,,,2026-07-15T19:41:40
239004144,0024,390041440024,2-3-9-004-144-0024,B210,B210,MAUI KAMAOLE PHASE II,2777 S KIHEI RD UNIT B210,2010085174,M,,,,,2026-07-15T19:41:40
239004144,0025,390041440025,2-3-9-004-144-0025,B211,B211,MAUI KAMAOLE PHASE II,2777 S KIHEI RD UNIT B211,123805350,,,,,,2026-07-15T19:41:40
239004144,0025,390041440025,2-3-9-004-144-0025,B211,B211,MAUI KAMAOLE PHASE II,2777 S KIHEI RD UNIT B211,123805364,,,,,,2026-07-15T19:41:40
239004144,0025,390041440025,2-3-9-004-144-0025,B211,B211,MAUI KAMAOLE PHASE II,2777 S KIHEI RD UNIT B211,123859502,,,,,,2026-07-15T19:41:40
239004144,0025,390041440025,2-3-9-004-144-0025,B211,B211,MAUI KAMAOLE PHASE II,2777 S KIHEI RD UNIT B211,2004148314,,,,,,2026-07-15T19:41:40
239004144,0026,390041440026,2-3-9-004-144-0026,B212,B212,MAUI KAMAOLE PHASE II,2777 S KIHEI RD UNIT B212,66530274,R,,,,,2026-07-15T19:41:40
239004144,0026,390041440026,2-3-9-004-144-0026,B212,B212,MAUI KAMAOLE PHASE II,2777 S KIHEI RD UNIT B212,66540468,,,,,,2026-07-15T19:41:40
239004144,0026,390041440026,2-3-9-004-144-0026,B212,B212,MAUI KAMAOLE PHASE II,2777 S KIHEI RD UNIT B212,97147508,,,,,,2026-07-15T19:41:40
239004144,0026,390041440026,2-3-9-004-144-0026,B212,B212,MAUI KAMAOLE PHASE II,2777 S KIHEI RD UNIT B212,123799453,M,,,,,2026-07-15T19:41:40
239004144,0026,390041440026,2-3-9-004-144-0026,B212,B212,MAUI KAMAOLE PHASE II,2777 S KIHEI RD UNIT B212,123799467,,,,,,2026-07-15T19:41:40
239004144,0026,390041440026,2-3-9-004-144-0026,B212,B212,MAUI KAMAOLE PHASE II,2777 S KIHEI RD UNIT B212,123799480,M,,,,,2026-07-15T19:41:40
239004144,0026,390041440026,2-3-9-004-144-0026,B212,B212,MAUI KAMAOLE PHASE II,2777 S KIHEI RD UNIT B212,123859520,,,,,,2026-07-15T19:41:40
239004144,0026,390041440026,2-3-9-004-144-0026,B212,B212,MAUI KAMAOLE PHASE II,2777 S KIHEI RD UNIT B212,2003047577,,,,,,2026-07-15T19:41:40
239004144,0026,390041440026,2-3-9-004-144-0026,B212,B212,MAUI KAMAOLE PHASE II,2777 S KIHEI RD UNIT B212,2006209662,,,,,,2026-07-15T19:41:40
239004144,0026,390041440026,2-3-9-004-144-0026,B212,B212,MAUI KAMAOLE PHASE II,2777 S KIHEI RD UNIT B212,9565000646,M,,,,,2026-07-15T19:41:40
239004144,0027,390041440027,2-3-9-004-144-0027,B214,B214,MAUI KAMAOLE PHASE II,2777 S KIHEI RD UNIT B214,46960004,R,,,,,2026-07-15T19:41:40
239004144,0027,390041440027,2-3-9-004-144-0027,B214,B214,MAUI KAMAOLE PHASE II,2777 S KIHEI RD UNIT B214,47280633,M,,,,,2026-07-15T19:41:40
239004144,0027,390041440027,2-3-9-004-144-0027,B214,B214,MAUI KAMAOLE PHASE II,2777 S KIHEI RD UNIT B214,47700113,M,,,,,2026-07-15T19:41:40
239004144,0027,390041440027,2-3-9-004-144-0027,B214,B214,MAUI KAMAOLE PHASE II,2777 S KIHEI RD UNIT B214,53100559,,,,,,2026-07-15T19:41:40
239004144,0027,390041440027,2-3-9-004-144-0027,B214,B214,MAUI KAMAOLE PHASE II,2777 S KIHEI RD UNIT B214,59410653,M,,,,,2026-07-15T19:41:40
239004144,0027,390041440027,2-3-9-004-144-0027,B214,B214,MAUI KAMAOLE PHASE II,2777 S KIHEI RD UNIT B214,90168894,R,,,,,2026-07-15T19:41:40
239004144,0027,390041440027,2-3-9-004-144-0027,B214,B214,MAUI KAMAOLE PHASE II,2777 S KIHEI RD UNIT B214,99157049,,,,,,2026-07-15T19:41:40
239004144,0027,390041440027,2-3-9-004-144-0027,B214,B214,MAUI KAMAOLE PHASE II,2777 S KIHEI RD UNIT B214,99157050,,,,,,2026-07-15T19:41:40
239004144,0027,390041440027,2-3-9-004-144-0027,B214,B214,MAUI KAMAOLE PHASE II,2777 S KIHEI RD UNIT B214,99171739,,,,,,2026-07-15T19:41:40
239004144,0027,390041440027,2-3-9-004-144-0027,B214,B214,MAUI KAMAOLE PHASE II,2777 S KIHEI RD UNIT B214,123786726,,,,,,2026-07-15T19:41:40
239004144,0027,390041440027,2-3-9-004-144-0027,B214,B214,MAUI KAMAOLE PHASE II,2777 S KIHEI RD UNIT B214,123786739,,,,,,2026-07-15T19:41:40
239004144,0027,390041440027,2-3-9-004-144-0027,B214,B214,MAUI KAMAOLE PHASE II,2777 S KIHEI RD UNIT B214,123786751,M,,,,,2026-07-15T19:41:40
239004144,0027,390041440027,2-3-9-004-144-0027,B214,B214,MAUI KAMAOLE PHASE II,2777 S KIHEI RD UNIT B214,123859526,,,,,,2026-07-15T19:41:40
239004144,0027,390041440027,2-3-9-004-144-0027,B214,B214,MAUI KAMAOLE PHASE II,2777 S KIHEI RD UNIT B214,2002204350,R,,,,,2026-07-15T19:41:40
239004144,0027,390041440027,2-3-9-004-144-0027,B214,B214,MAUI KAMAOLE PHASE II,2777 S KIHEI RD UNIT B214,2003000747,,,,,,2026-07-15T19:41:40
239004144,0028,390041440028,2-3-9-004-144-0028,B215,B215,MAUI KAMAOLE PHASE II,2777 S KIHEI RD UNIT B215,52280111,M,,,,,2026-07-15T19:41:40
239004144,0028,390041440028,2-3-9-004-144-0028,B215,B215,MAUI KAMAOLE PHASE II,2777 S KIHEI RD UNIT B215,52280112,R,,,,,2026-07-15T19:41:40
239004144,0028,390041440028,2-3-9-004-144-0028,B215,B215,MAUI KAMAOLE PHASE II,2777 S KIHEI RD UNIT B215,52890434,M,,,,,2026-07-15T19:41:40
239004144,0028,390041440028,2-3-9-004-144-0028,B215,B215,MAUI KAMAOLE PHASE II,2777 S KIHEI RD UNIT B215,56410641,R,,,,,2026-07-15T19:41:40
239004144,0028,390041440028,2-3-9-004-144-0028,B215,B215,MAUI KAMAOLE PHASE II,2777 S KIHEI RD UNIT B215,56790361,M,,,,,2026-07-15T19:41:40
239004144,0028,390041440028,2-3-9-004-144-0028,B215,B215,MAUI KAMAOLE PHASE II,2777 S KIHEI RD UNIT B215,60930142,,,,,,2026-07-15T19:41:40
239004144,0028,390041440028,2-3-9-004-144-0028,B215,B215,MAUI KAMAOLE PHASE II,2777 S KIHEI RD UNIT B215,61570898,M,,,,,2026-07-15T19:41:40
239004144,0028,390041440028,2-3-9-004-144-0028,B215,B215,MAUI KAMAOLE PHASE II,2777 S KIHEI RD UNIT B215,93179073,M,,,,,2026-07-15T19:41:40
239004144,0028,390041440028,2-3-9-004-144-0028,B215,B215,MAUI KAMAOLE PHASE II,2777 S KIHEI RD UNIT B215,98075126,M,,,,,2026-07-15T19:41:40
239004144,0028,390041440028,2-3-9-004-144-0028,B215,B215,MAUI KAMAOLE PHASE II,2777 S KIHEI RD UNIT B215,98075127,,,,,,2026-07-15T19:41:40
239004144,0028,390041440028,2-3-9-004-144-0028,B215,B215,MAUI KAMAOLE PHASE II,2777 S KIHEI RD UNIT B215,98100581,M,,,,,2026-07-15T19:41:40
239004144,0028,390041440028,2-3-9-004-144-0028,B215,B215,MAUI KAMAOLE PHASE II,2777 S KIHEI RD UNIT B215,123786552,M,,,,,2026-07-15T19:41:40
239004144,0028,390041440028,2-3-9-004-144-0028,B215,B215,MAUI KAMAOLE PHASE II,2777 S KIHEI RD UNIT B215,123859538,,,,,,2026-07-15T19:41:40
239004144,0028,390041440028,2-3-9-004-144-0028,B215,B215,MAUI KAMAOLE PHASE II,2777 S KIHEI RD UNIT B215,2000045285,M,,,,,2026-07-15T19:41:40
239004144,0028,390041440028,2-3-9-004-144-0028,B215,B215,MAUI KAMAOLE PHASE II,2777 S KIHEI RD UNIT B215,2000045286,R,,,,,2026-07-15T19:41:40
239004144,0028,390041440028,2-3-9-004-144-0028,B215,B215,MAUI KAMAOLE PHASE II,2777 S KIHEI RD UNIT B215,2000064667,M,,,,,2026-07-15T19:41:40
239004144,0028,390041440028,2-3-9-004-144-0028,B215,B215,MAUI KAMAOLE PHASE II,2777 S KIHEI RD UNIT B215,2000086163,M,,,,,2026-07-15T19:41:40
239004144,0028,390041440028,2-3-9-004-144-0028,B215,B215,MAUI KAMAOLE PHASE II,2777 S KIHEI RD UNIT B215,2000086164,R,,,,,2026-07-15T19:41:40
239004144,0028,390041440028,2-3-9-004-144-0028,B215,B215,MAUI KAMAOLE PHASE II,2777 S KIHEI RD UNIT B215,2000109090,M,,,,,2026-07-15T19:41:40
239004144,0028,390041440028,2-3-9-004-144-0028,B215,B215,MAUI KAMAOLE PHASE II,2777 S KIHEI RD UNIT B215,2003211325,M,,,,,2026-07-15T19:41:40
239004144,0028,390041440028,2-3-9-004-144-0028,B215,B215,MAUI KAMAOLE PHASE II,2777 S KIHEI RD UNIT B215,2003211326,R,,,,,2026-07-15T19:41:40
239004144,0028,390041440028,2-3-9-004-144-0028,B215,B215,MAUI KAMAOLE PHASE II,2777 S KIHEI RD UNIT B215,2003256264,M,,,,,2026-07-15T19:41:40
239004144,0028,390041440028,2-3-9-004-144-0028,B215,B215,MAUI KAMAOLE PHASE II,2777 S KIHEI RD UNIT B215,2005151919,R,,,,,2026-07-15T19:41:40
239004144,0028,390041440028,2-3-9-004-144-0028,B215,B215,MAUI KAMAOLE PHASE II,2777 S KIHEI RD UNIT B215,2005224092,M,,,,,2026-07-15T19:41:40
239004144,0029,390041440029,2-3-9-004-144-0029,C101,C101,MAUI KAMAOLE PHASE II,2777 S KIHEI RD UNIT C101,59240947,,,,,,2026-07-15T19:41:40
239004144,0029,390041440029,2-3-9-004-144-0029,C101,C101,MAUI KAMAOLE PHASE II,2777 S KIHEI RD UNIT C101,90031746,,,,,,2026-07-15T19:41:40
239004144,0029,390041440029,2-3-9-004-144-0029,C101,C101,MAUI KAMAOLE PHASE II,2777 S KIHEI RD UNIT C101,90031747,,,,,,2026-07-15T19:41:40
239004144,0029,390041440029,2-3-9-004-144-0029,C101,C101,MAUI KAMAOLE PHASE II,2777 S KIHEI RD UNIT C101,90031748,,,,,,2026-07-15T19:41:40
239004144,0029,390041440029,2-3-9-004-144-0029,C101,C101,MAUI KAMAOLE PHASE II,2777 S KIHEI RD UNIT C101,90038982,,,,,,2026-07-15T19:41:40
239004144,0029,390041440029,2-3-9-004-144-0029,C101,C101,MAUI KAMAOLE PHASE II,2777 S KIHEI RD UNIT C101,90168902,,,,,,2026-07-15T19:41:40
239004144,0029,390041440029,2-3-9-004-144-0029,C101,C101,MAUI KAMAOLE PHASE II,2777 S KIHEI RD UNIT C101,94094169,,,,,,2026-07-15T19:41:40
239004144,0029,390041440029,2-3-9-004-144-0029,C101,C101,MAUI KAMAOLE PHASE II,2777 S KIHEI RD UNIT C101,94094170,,,,,,2026-07-15T19:41:40
239004144,0029,390041440029,2-3-9-004-144-0029,C101,C101,MAUI KAMAOLE PHASE II,2777 S KIHEI RD UNIT C101,94191007,,,,,,2026-07-15T19:41:40
239004144,0029,390041440029,2-3-9-004-144-0029,C101,C101,MAUI KAMAOLE PHASE II,2777 S KIHEI RD UNIT C101,2007017085,,,,,,2026-07-15T19:41:40
239004144,0029,390041440029,2-3-9-004-144-0029,C101,C101,MAUI KAMAOLE PHASE II,2777 S KIHEI RD UNIT C101,2007017086,,,,,,2026-07-15T19:41:40
239004144,0029,390041440029,2-3-9-004-144-0029,C101,C101,MAUI KAMAOLE PHASE II,2777 S KIHEI RD UNIT C101,2007019035,M,,,,,2026-07-15T19:41:40
239004144,0029,390041440029,2-3-9-004-144-0029,C101,C101,MAUI KAMAOLE PHASE II,2777 S KIHEI RD UNIT C101,2007045371,,,,,,2026-07-15T19:41:40
239004144,0030,390041440030,2-3-9-004-144-0030,C102,C102,MAUI KAMAOLE PHASE II,2777 S KIHEI RD UNIT C102,63201100,,,,,,2026-07-15T19:41:40
239004144,0030,390041440030,2-3-9-004-144-0030,C102,C102,MAUI KAMAOLE PHASE II,2777 S KIHEI RD UNIT C102,73140599,,,,,,2026-07-15T19:41:40
239004144,0030,390041440030,2-3-9-004-144-0030,C102,C102,MAUI KAMAOLE PHASE II,2777 S KIHEI RD UNIT C102,89550134,,,,,,2026-07-15T19:41:40
239004144,0030,390041440030,2-3-9-004-144-0030,C102,C102,MAUI KAMAOLE PHASE II,2777 S KIHEI RD UNIT C102,90001695,,,,,,2026-07-15T19:41:40
239004144,0030,390041440030,2-3-9-004-144-0030,C102,C102,MAUI KAMAOLE PHASE II,2777 S KIHEI RD UNIT C102,123965001,,,,,,2026-07-15T19:41:40
239004144,0030,390041440030,2-3-9-004-144-0030,C102,C102,MAUI KAMAOLE PHASE II,2777 S KIHEI RD UNIT C102,123965015,,,,,,2026-07-15T19:41:40
239004144,0031,390041440031,2-3-9-004-144-0031,C103,C103,MAUI KAMAOLE PHASE II,2777 S KIHEI RD UNIT C103,56240470,,,,,,2026-07-15T19:41:40
239004144,0031,390041440031,2-3-9-004-144-0031,C103,C103,MAUI KAMAOLE PHASE II,2777 S KIHEI RD UNIT C103,59240948,,,,,,2026-07-15T19:41:40
239004144,0031,390041440031,2-3-9-004-144-0031,C103,C103,MAUI KAMAOLE PHASE II,2777 S KIHEI RD UNIT C103,90001697,,,,,,2026-07-15T19:41:40
239004144,0031,390041440031,2-3-9-004-144-0031,C103,C103,MAUI KAMAOLE PHASE II,2777 S KIHEI RD UNIT C103,90168903,,,,,,2026-07-15T19:41:40
239004144,0031,390041440031,2-3-9-004-144-0031,C103,C103,MAUI KAMAOLE PHASE II,2777 S KIHEI RD UNIT C103,99081406,M,,,,,2026-07-15T19:41:40
239004144,0031,390041440031,2-3-9-004-144-0031,C103,C103,MAUI KAMAOLE PHASE II,2777 S KIHEI RD UNIT C103,99108514,M,,,,,2026-07-15T19:41:40
239004144,0031,390041440031,2-3-9-004-144-0031,C103,C103,MAUI KAMAOLE PHASE II,2777 S KIHEI RD UNIT C103,124003163,M,,,,,2026-07-15T19:41:40
239004144,0031,390041440031,2-3-9-004-144-0031,C103,C103,MAUI KAMAOLE PHASE II,2777 S KIHEI RD UNIT C103,124003176,M,,,,,2026-07-15T19:41:40
239004144,0031,390041440031,2-3-9-004-144-0031,C103,C103,MAUI KAMAOLE PHASE II,2777 S KIHEI RD UNIT C103,124003188,M,,,,,2026-07-15T19:41:40
239004144,0031,390041440031,2-3-9-004-144-0031,C103,C103,MAUI KAMAOLE PHASE II,2777 S KIHEI RD UNIT C103,2001070803,R,,,,,2026-07-15T19:41:40
239004144,0031,390041440031,2-3-9-004-144-0031,C103,C103,MAUI KAMAOLE PHASE II,2777 S KIHEI RD UNIT C103,2003009275,M,,,,,2026-07-15T19:41:40
239004144,0031,390041440031,2-3-9-004-144-0031,C103,C103,MAUI KAMAOLE PHASE II,2777 S KIHEI RD UNIT C103,2003009276,R,,,,,2026-07-15T19:41:40
239004144,0031,390041440031,2-3-9-004-144-0031,C103,C103,MAUI KAMAOLE PHASE II,2777 S KIHEI RD UNIT C103,2003047160,M,,,,,2026-07-15T19:41:40
239004144,0031,390041440031,2-3-9-004-144-0031,C103,C103,MAUI KAMAOLE PHASE II,2777 S KIHEI RD UNIT C103,2003058851,M,,,,,2026-07-15T19:41:40
239004144,0031,390041440031,2-3-9-004-144-0031,C103,C103,MAUI KAMAOLE PHASE II,2777 S KIHEI RD UNIT C103,2008071129,,,,,,2026-07-15T19:41:40
239004144,0031,390041440031,2-3-9-004-144-0031,C103,C103,MAUI KAMAOLE PHASE II,2777 S KIHEI RD UNIT C103,2008071130,,,,,,2026-07-15T19:41:40
239004144,0031,390041440031,2-3-9-004-144-0031,C103,C103,MAUI KAMAOLE PHASE II,2777 S KIHEI RD UNIT C103,2008092649,M,,,,,2026-07-15T19:41:40
239004144,0032,390041440032,2-3-9-004-144-0032,C104,C104,MAUI KAMAOLE PHASE II,2777 S KIHEI RD UNIT C104,90198503,M,,,,,2026-07-15T19:41:40
239004144,0032,390041440032,2-3-9-004-144-0032,C104,C104,MAUI KAMAOLE PHASE II,2777 S KIHEI RD UNIT C104,90198504,M,,,,,2026-07-15T19:41:40
239004144,0032,390041440032,2-3-9-004-144-0032,C104,C104,MAUI KAMAOLE PHASE II,2777 S KIHEI RD UNIT C104,90198505,M,,,,,2026-07-15T19:41:40
239004144,0032,390041440032,2-3-9-004-144-0032,C104,C104,MAUI KAMAOLE PHASE II,2777 S KIHEI RD UNIT C104,91005106,M,,,,,2026-07-15T19:41:40
239004144,0032,390041440032,2-3-9-004-144-0032,C104,C104,MAUI KAMAOLE PHASE II,2777 S KIHEI RD UNIT C104,123925055,M,,,,,2026-07-15T19:41:40
239004144,0032,390041440032,2-3-9-004-144-0032,C104,C104,MAUI KAMAOLE PHASE II,2777 S KIHEI RD UNIT C104,123925068,M,,,,,2026-07-15T19:41:40
239004144,0032,390041440032,2-3-9-004-144-0032,C104,C104,MAUI KAMAOLE PHASE II,2777 S KIHEI RD UNIT C104,124017742,,,,,,2026-07-15T19:41:40
239004144,0032,390041440032,2-3-9-004-144-0032,C104,C104,MAUI KAMAOLE PHASE II,2777 S KIHEI RD UNIT C104,2000026447,M,,,,,2026-07-15T19:41:40
239004144,0032,390041440032,2-3-9-004-144-0032,C104,C104,MAUI KAMAOLE PHASE II,2777 S KIHEI RD UNIT C104,2000036935,M,,,,,2026-07-15T19:41:40
239004144,0033,390041440033,2-3-9-004-144-0033,C105,C105,MAUI KAMAOLE PHASE II,2777 S KIHEI RD UNIT C105,61930166,,,,,,2026-07-15T19:41:40
239004144,0033,390041440033,2-3-9-004-144-0033,C105,C105,MAUI KAMAOLE PHASE II,2777 S KIHEI RD UNIT C105,64910021,,,,,,2026-07-15T19:41:40
239004144,0033,390041440033,2-3-9-004-144-0033,C105,C105,MAUI KAMAOLE PHASE II,2777 S KIHEI RD UNIT C105,67780600,,,,,,2026-07-15T19:41:40
239004144,0033,390041440033,2-3-9-004-144-0033,C105,C105,MAUI KAMAOLE PHASE II,2777 S KIHEI RD UNIT C105,67780601,R,,,,,2026-07-15T19:41:40
239004144,0033,390041440033,2-3-9-004-144-0033,C105,C105,MAUI KAMAOLE PHASE II,2777 S KIHEI RD UNIT C105,84060168,M,,,,,2026-07-15T19:41:40
239004144,0033,390041440033,2-3-9-004-144-0033,C105,C105,MAUI KAMAOLE PHASE II,2777 S KIHEI RD UNIT C105,84060169,M,,,,,2026-07-15T19:41:40
239004144,0033,390041440033,2-3-9-004-144-0033,C105,C105,MAUI KAMAOLE PHASE II,2777 S KIHEI RD UNIT C105,84270274,M,,,,,2026-07-15T19:41:40
239004144,0033,390041440033,2-3-9-004-144-0033,C105,C105,MAUI KAMAOLE PHASE II,2777 S KIHEI RD UNIT C105,94136775,,,,,,2026-07-15T19:41:40
239004144,0033,390041440033,2-3-9-004-144-0033,C105,C105,MAUI KAMAOLE PHASE II,2777 S KIHEI RD UNIT C105,94136776,,,,,,2026-07-15T19:41:40
239004144,0033,390041440033,2-3-9-004-144-0033,C105,C105,MAUI KAMAOLE PHASE II,2777 S KIHEI RD UNIT C105,94136777,,,,,,2026-07-15T19:41:40
239004144,0033,390041440033,2-3-9-004-144-0033,C105,C105,MAUI KAMAOLE PHASE II,2777 S KIHEI RD UNIT C105,94150096,,,,,,2026-07-15T19:41:40
239004144,0033,390041440033,2-3-9-004-144-0033,C105,C105,MAUI KAMAOLE PHASE II,2777 S KIHEI RD UNIT C105,123978679,,,,,,2026-07-15T19:41:40
239004144,0033,390041440033,2-3-9-004-144-0033,C105,C105,MAUI KAMAOLE PHASE II,2777 S KIHEI RD UNIT C105,123978692,,,,,,2026-07-15T19:41:40
239004144,0033,390041440033,2-3-9-004-144-0033,C105,C105,MAUI KAMAOLE PHASE II,2777 S KIHEI RD UNIT C105,124017718,,,,,,2026-07-15T19:41:40
239004144,0033,390041440033,2-3-9-004-144-0033,C105,C105,MAUI KAMAOLE PHASE II,2777 S KIHEI RD UNIT C105,2000164603,,,,,,2026-07-15T19:41:40
239004144,0033,390041440033,2-3-9-004-144-0033,C105,C105,MAUI KAMAOLE PHASE II,2777 S KIHEI RD UNIT C105,2001010511,,,,,,2026-07-15T19:41:40
239004144,0033,390041440033,2-3-9-004-144-0033,C105,C105,MAUI KAMAOLE PHASE II,2777 S KIHEI RD UNIT C105,2003116488,,,,,,2026-07-15T19:41:40
239004144,0033,390041440033,2-3-9-004-144-0033,C105,C105,MAUI KAMAOLE PHASE II,2777 S KIHEI RD UNIT C105,2008085651,,,,,,2026-07-15T19:41:40
239004144,0033,390041440033,2-3-9-004-144-0033,C105,C105,MAUI KAMAOLE PHASE II,2777 S KIHEI RD UNIT C105,2008085652,,,,,,2026-07-15T19:41:40
239004144,0034,390041440034,2-3-9-004-144-0034,C106,C106,MAUI KAMAOLE PHASE II,2777 S KIHEI RD UNIT C106,50810382,,,,,,2026-07-15T19:41:40
239004144,0034,390041440034,2-3-9-004-144-0034,C106,C106,MAUI KAMAOLE PHASE II,2777 S KIHEI RD UNIT C106,51280382,M,,,,,2026-07-15T19:41:40
239004144,0034,390041440034,2-3-9-004-144-0034,C106,C106,MAUI KAMAOLE PHASE II,2777 S KIHEI RD UNIT C106,75140201,,,,,,2026-07-15T19:41:40
239004144,0034,390041440034,2-3-9-004-144-0034,C106,C106,MAUI KAMAOLE PHASE II,2777 S KIHEI RD UNIT C106,76480131,MFS,,,,,2026-07-15T19:41:40
239004144,0034,390041440034,2-3-9-004-144-0034,C106,C106,MAUI KAMAOLE PHASE II,2777 S KIHEI RD UNIT C106,76480132,,,,,,2026-07-15T19:41:40
239004144,0034,390041440034,2-3-9-004-144-0034,C106,C106,MAUI KAMAOLE PHASE II,2777 S KIHEI RD UNIT C106,90001689,,,,,,2026-07-15T19:41:40
239004144,0034,390041440034,2-3-9-004-144-0034,C106,C106,MAUI KAMAOLE PHASE II,2777 S KIHEI RD UNIT C106,124038167,,,,,,2026-07-15T19:41:40
239004144,0034,390041440034,2-3-9-004-144-0034,C106,C106,MAUI KAMAOLE PHASE II,2777 S KIHEI RD UNIT C106,124038180,,,,,,2026-07-15T19:41:40
239004144,0034,390041440034,2-3-9-004-144-0034,C106,C106,MAUI KAMAOLE PHASE II,2777 S KIHEI RD UNIT C106,2000089986,,,,,,2026-07-15T19:41:40
239004144,0034,390041440034,2-3-9-004-144-0034,C106,C106,MAUI KAMAOLE PHASE II,2777 S KIHEI RD UNIT C106,2004188659,,,,,,2026-07-15T19:41:40
239004144,0034,390041440034,2-3-9-004-144-0034,C106,C106,MAUI KAMAOLE PHASE II,2777 S KIHEI RD UNIT C106,2004188660,R,,,,,2026-07-15T19:41:40
239004144,0034,390041440034,2-3-9-004-144-0034,C106,C106,MAUI KAMAOLE PHASE II,2777 S KIHEI RD UNIT C106,2006060304,R,,,,,2026-07-15T19:41:40
239004144,0034,390041440034,2-3-9-004-144-0034,C106,C106,MAUI KAMAOLE PHASE II,2777 S KIHEI RD UNIT C106,2006098451,M,,,,,2026-07-15T19:41:40
239004144,0034,390041440034,2-3-9-004-144-0034,C106,C106,MAUI KAMAOLE PHASE II,2777 S KIHEI RD UNIT C106,2009191167,,,,,,2026-07-15T19:41:40
239004144,0034,390041440034,2-3-9-004-144-0034,C106,C106,MAUI KAMAOLE PHASE II,2777 S KIHEI RD UNIT C106,2009191168,R,,,,,2026-07-15T19:41:40
239004144,0034,390041440034,2-3-9-004-144-0034,C106,C106,MAUI KAMAOLE PHASE II,2777 S KIHEI RD UNIT C106,2009198155,M,,,,,2026-07-15T19:41:40
239004144,0035,390041440035,2-3-9-004-144-0035,C107,C107,MAUI KAMAOLE PHASE II,2777 S KIHEI RD UNIT C107,90111733,M,,,,,2026-07-15T19:41:40
239004144,0035,390041440035,2-3-9-004-144-0035,C107,C107,MAUI KAMAOLE PHASE II,2777 S KIHEI RD UNIT C107,99028694,M,,,,,2026-07-15T19:41:40
239004144,0035,390041440035,2-3-9-004-144-0035,C107,C107,MAUI KAMAOLE PHASE II,2777 S KIHEI RD UNIT C107,99028695,,,,,,2026-07-15T19:41:40
239004144,0035,390041440035,2-3-9-004-144-0035,C107,C107,MAUI KAMAOLE PHASE II,2777 S KIHEI RD UNIT C107,99141525,,,,,,2026-07-15T19:41:40
239004144,0035,390041440035,2-3-9-004-144-0035,C107,C107,MAUI KAMAOLE PHASE II,2777 S KIHEI RD UNIT C107,123938653,M,,,,,2026-07-15T19:41:40
239004144,0035,390041440035,2-3-9-004-144-0035,C107,C107,MAUI KAMAOLE PHASE II,2777 S KIHEI RD UNIT C107,124025061,,,,,,2026-07-15T19:41:40
239004144,0035,390041440035,2-3-9-004-144-0035,C107,C107,MAUI KAMAOLE PHASE II,2777 S KIHEI RD UNIT C107,2000142481,,,,,,2026-07-15T19:41:40
239004144,0035,390041440035,2-3-9-004-144-0035,C107,C107,MAUI KAMAOLE PHASE II,2777 S KIHEI RD UNIT C107,2000172004,,,,,,2026-07-15T19:41:40
239004144,0035,390041440035,2-3-9-004-144-0035,C107,C107,MAUI KAMAOLE PHASE II,2777 S KIHEI RD UNIT C107,2004124071,,,,,,2026-07-15T19:41:40
239004144,0035,390041440035,2-3-9-004-144-0035,C107,C107,MAUI KAMAOLE PHASE II,2777 S KIHEI RD UNIT C107,2009055240,,,,,,2026-07-15T19:41:40
239004144,0035,390041440035,2-3-9-004-144-0035,C107,C107,MAUI KAMAOLE PHASE II,2777 S KIHEI RD UNIT C107,2009193287,M,,,,,2026-07-15T19:41:40
239004144,0036,390041440036,2-3-9-004-144-0036,C108,C108,MAUI KAMAOLE PHASE II,2777 S KIHEI RD UNIT C108,Certificate,,,,,,2026-07-15T19:41:40
239004144,0037,390041440037,2-3-9-004-144-0037,C109,C109,MAUI KAMAOLE PHASE II,2777 S KIHEI RD UNIT C109,Certificate,,,,,,2026-07-15T19:41:40
239004144,0038,390041440038,2-3-9-004-144-0038,C110,C110,MAUI KAMAOLE PHASE II,2777 S KIHEI RD UNIT C110,43950156,R,,,,,2026-07-15T19:41:40
239004144,0038,390041440038,2-3-9-004-144-0038,C110,C110,MAUI KAMAOLE PHASE II,2777 S KIHEI RD UNIT C110,44000354,M,,,,,2026-07-15T19:41:40
239004144,0038,390041440038,2-3-9-004-144-0038,C110,C110,MAUI KAMAOLE PHASE II,2777 S KIHEI RD UNIT C110,44150546,M,,,,,2026-07-15T19:41:40
239004144,0038,390041440038,2-3-9-004-144-0038,C110,C110,MAUI KAMAOLE PHASE II,2777 S KIHEI RD UNIT C110,60930486,M,,,,,2026-07-15T19:41:40
239004144,0038,390041440038,2-3-9-004-144-0038,C110,C110,MAUI KAMAOLE PHASE II,2777 S KIHEI RD UNIT C110,90031004,,,,,,2026-07-15T19:41:40
239004144,0038,390041440038,2-3-9-004-144-0038,C110,C110,MAUI KAMAOLE PHASE II,2777 S KIHEI RD UNIT C110,91104935,,,,,,2026-07-15T19:41:40
239004144,0038,390041440038,2-3-9-004-144-0038,C110,C110,MAUI KAMAOLE PHASE II,2777 S KIHEI RD UNIT C110,91104936,,,,,,2026-07-15T19:41:40
239004144,0038,390041440038,2-3-9-004-144-0038,C110,C110,MAUI KAMAOLE PHASE II,2777 S KIHEI RD UNIT C110,91180102,,,,,,2026-07-15T19:41:40
239004144,0038,390041440038,2-3-9-004-144-0038,C110,C110,MAUI KAMAOLE PHASE II,2777 S KIHEI RD UNIT C110,92007629,,,,,,2026-07-15T19:41:40
239004144,0038,390041440038,2-3-9-004-144-0038,C110,C110,MAUI KAMAOLE PHASE II,2777 S KIHEI RD UNIT C110,92007630,,,,,,2026-07-15T19:41:40
239004144,0038,390041440038,2-3-9-004-144-0038,C110,C110,MAUI KAMAOLE PHASE II,2777 S KIHEI RD UNIT C110,92021511,,,,,,2026-07-15T19:41:40
239004144,0038,390041440038,2-3-9-004-144-0038,C110,C110,MAUI KAMAOLE PHASE II,2777 S KIHEI RD UNIT C110,95003524,,,,,,2026-07-15T19:41:40
239004144,0038,390041440038,2-3-9-004-144-0038,C110,C110,MAUI KAMAOLE PHASE II,2777 S KIHEI RD UNIT C110,95011006,,,,,,2026-07-15T19:41:40
239004144,0038,390041440038,2-3-9-004-144-0038,C110,C110,MAUI KAMAOLE PHASE II,2777 S KIHEI RD UNIT C110,123886150,,,,,,2026-07-15T19:41:40
239004144,0038,390041440038,2-3-9-004-144-0038,C110,C110,MAUI KAMAOLE PHASE II,2777 S KIHEI RD UNIT C110,123925049,,,,,,2026-07-15T19:41:40
239004144,0038,390041440038,2-3-9-004-144-0038,C110,C110,MAUI KAMAOLE PHASE II,2777 S KIHEI RD UNIT C110,2000011185,,,,,,2026-07-15T19:41:40
239004144,0038,390041440038,2-3-9-004-144-0038,C110,C110,MAUI KAMAOLE PHASE II,2777 S KIHEI RD UNIT C110,2000011186,R,,,,,2026-07-15T19:41:40
239004144,0038,390041440038,2-3-9-004-144-0038,C110,C110,MAUI KAMAOLE PHASE II,2777 S KIHEI RD UNIT C110,2000022164,,,,,,2026-07-15T19:41:40
239004144,0038,390041440038,2-3-9-004-144-0038,C110,C110,MAUI KAMAOLE PHASE II,2777 S KIHEI RD UNIT C110,2003025276,R,,,,,2026-07-15T19:41:40
239004144,0038,390041440038,2-3-9-004-144-0038,C110,C110,MAUI KAMAOLE PHASE II,2777 S KIHEI RD UNIT C110,2003064514,M,,,,,2026-07-15T19:41:40
239004144,0038,390041440038,2-3-9-004-144-0038,C110,C110,MAUI KAMAOLE PHASE II,2777 S KIHEI RD UNIT C110,2003176306,,,,,,2026-07-15T19:41:40
239004144,0039,390041440039,2-3-9-004-144-0039,C201,C201,MAUI KAMAOLE PHASE II,2777 S KIHEI RD UNIT C201,45610426,,,,,,2026-07-15T19:41:40
239004144,0039,390041440039,2-3-9-004-144-0039,C201,C201,MAUI KAMAOLE PHASE II,2777 S KIHEI RD UNIT C201,45610427,R,,,,,2026-07-15T19:41:40
239004144,0039,390041440039,2-3-9-004-144-0039,C201,C201,MAUI KAMAOLE PHASE II,2777 S KIHEI RD UNIT C201,45670381,M,,,,,2026-07-15T19:41:40
239004144,0039,390041440039,2-3-9-004-144-0039,C201,C201,MAUI KAMAOLE PHASE II,2777 S KIHEI RD UNIT C201,59040700,M,,,,,2026-07-15T19:41:40
239004144,0039,390041440039,2-3-9-004-144-0039,C201,C201,MAUI KAMAOLE PHASE II,2777 S KIHEI RD UNIT C201,86760291,,,,,,2026-07-15T19:41:40
239004144,0039,390041440039,2-3-9-004-144-0039,C201,C201,MAUI KAMAOLE PHASE II,2777 S KIHEI RD UNIT C201,99072672,,,,,,2026-07-15T19:41:40
239004144,0039,390041440039,2-3-9-004-144-0039,C201,C201,MAUI KAMAOLE PHASE II,2777 S KIHEI RD UNIT C201,123870626,,,,,,2026-07-15T19:41:40
239004144,0039,390041440039,2-3-9-004-144-0039,C201,C201,MAUI KAMAOLE PHASE II,2777 S KIHEI RD UNIT C201,123920168,,,,,,2026-07-15T19:41:40
239004144,0040,390041440040,2-3-9-004-144-0040,C202,C202,MAUI KAMAOLE PHASE II,2777 S KIHEI RD UNIT C202,45480854,,,,,,2026-07-15T19:41:40
239004144,0040,390041440040,2-3-9-004-144-0040,C202,C202,MAUI KAMAOLE PHASE II,2777 S KIHEI RD UNIT C202,79840689,R,,,,,2026-07-15T19:41:40
239004144,0040,390041440040,2-3-9-004-144-0040,C202,C202,MAUI KAMAOLE PHASE II,2777 S KIHEI RD UNIT C202,80210869,M,,,,,2026-07-15T19:41:40
239004144,0040,390041440040,2-3-9-004-144-0040,C202,C202,MAUI KAMAOLE PHASE II,2777 S KIHEI RD UNIT C202,90001693,,,,,,2026-07-15T19:41:40
239004144,0040,390041440040,2-3-9-004-144-0040,C202,C202,MAUI KAMAOLE PHASE II,2777 S KIHEI RD UNIT C202,90168894,R,,,,,2026-07-15T19:41:40
239004144,0040,390041440040,2-3-9-004-144-0040,C202,C202,MAUI KAMAOLE PHASE II,2777 S KIHEI RD UNIT C202,99037859,R,,,,,2026-07-15T19:41:40
239004144,0040,390041440040,2-3-9-004-144-0040,C202,C202,MAUI KAMAOLE PHASE II,2777 S KIHEI RD UNIT C202,99037860,M,,,,,2026-07-15T19:41:40
239004144,0040,390041440040,2-3-9-004-144-0040,C202,C202,MAUI KAMAOLE PHASE II,2777 S KIHEI RD UNIT C202,99037861,,,,,,2026-07-15T19:41:40
239004144,0040,390041440040,2-3-9-004-144-0040,C202,C202,MAUI KAMAOLE PHASE II,2777 S KIHEI RD UNIT C202,99090602,R,,,,,2026-07-15T19:41:40
239004144,0040,390041440040,2-3-9-004-144-0040,C202,C202,MAUI KAMAOLE PHASE II,2777 S KIHEI RD UNIT C202,99200106,M,,,,,2026-07-15T19:41:40
239004144,0040,390041440040,2-3-9-004-144-0040,C202,C202,MAUI KAMAOLE PHASE II,2777 S KIHEI RD UNIT C202,99200107,M,,,,,2026-07-15T19:41:40
239004144,0040,390041440040,2-3-9-004-144-0040,C202,C202,MAUI KAMAOLE PHASE II,2777 S KIHEI RD UNIT C202,124049352,R,,,,,2026-07-15T19:41:40
239004144,0040,390041440040,2-3-9-004-144-0040,C202,C202,MAUI KAMAOLE PHASE II,2777 S KIHEI RD UNIT C202,124049365,R,,,,,2026-07-15T19:41:40
239004144,0040,390041440040,2-3-9-004-144-0040,C202,C202,MAUI KAMAOLE PHASE II,2777 S KIHEI RD UNIT C202,124049377,M,,,,,2026-07-15T19:41:40
239004144,0040,390041440040,2-3-9-004-144-0040,C202,C202,MAUI KAMAOLE PHASE II,2777 S KIHEI RD UNIT C202,2000036063,M,,,,,2026-07-15T19:41:40
239004144,0040,390041440040,2-3-9-004-144-0040,C202,C202,MAUI KAMAOLE PHASE II,2777 S KIHEI RD UNIT C202,2000036064,,,,,,2026-07-15T19:41:40
239004144,0040,390041440040,2-3-9-004-144-0040,C202,C202,MAUI KAMAOLE PHASE II,2777 S KIHEI RD UNIT C202,2000036065,R,,,,,2026-07-15T19:41:40
239004144,0040,390041440040,2-3-9-004-144-0040,C202,C202,MAUI KAMAOLE PHASE II,2777 S KIHEI RD UNIT C202,2000061779,M,,,,,2026-07-15T19:41:40
239004144,0040,390041440040,2-3-9-004-144-0040,C202,C202,MAUI KAMAOLE PHASE II,2777 S KIHEI RD UNIT C202,2000146387,M,,,,,2026-07-15T19:41:40
239004144,0040,390041440040,2-3-9-004-144-0040,C202,C202,MAUI KAMAOLE PHASE II,2777 S KIHEI RD UNIT C202,2000146388,,,,,,2026-07-15T19:41:40
239004144,0040,390041440040,2-3-9-004-144-0040,C202,C202,MAUI KAMAOLE PHASE II,2777 S KIHEI RD UNIT C202,2000146389,R,,,,,2026-07-15T19:41:40
239004144,0040,390041440040,2-3-9-004-144-0040,C202,C202,MAUI KAMAOLE PHASE II,2777 S KIHEI RD UNIT C202,2000148100,M,,,,,2026-07-15T19:41:40
239004144,0040,390041440040,2-3-9-004-144-0040,C202,C202,MAUI KAMAOLE PHASE II,2777 S KIHEI RD UNIT C202,2000156990,,,,,,2026-07-15T19:41:40
239004144,0040,390041440040,2-3-9-004-144-0040,C202,C202,MAUI KAMAOLE PHASE II,2777 S KIHEI RD UNIT C202,2001207604,R,,,,,2026-07-15T19:41:40
239004144,0040,390041440040,2-3-9-004-144-0040,C202,C202,MAUI KAMAOLE PHASE II,2777 S KIHEI RD UNIT C202,2002081824,M,,,,,2026-07-15T19:41:40
239004144,0040,390041440040,2-3-9-004-144-0040,C202,C202,MAUI KAMAOLE PHASE II,2777 S KIHEI RD UNIT C202,2004120500,,,,,,2026-07-15T19:41:40
239004144,0040,390041440040,2-3-9-004-144-0040,C202,C202,MAUI KAMAOLE PHASE II,2777 S KIHEI RD UNIT C202,2004120501,R,,,,,2026-07-15T19:41:40
239004144,0040,390041440040,2-3-9-004-144-0040,C202,C202,MAUI KAMAOLE PHASE II,2777 S KIHEI RD UNIT C202,2004120502,R,,,,,2026-07-15T19:41:40
239004144,0040,390041440040,2-3-9-004-144-0040,C202,C202,MAUI KAMAOLE PHASE II,2777 S KIHEI RD UNIT C202,2004160339,M,,,,,2026-07-15T19:41:40
239004144,0041,390041440041,2-3-9-004-144-0041,C203,C203,MAUI KAMAOLE PHASE II,2777 S KIHEI RD UNIT C203,55200631,,,,,,2026-07-15T19:41:40
239004144,0041,390041440041,2-3-9-004-144-0041,C203,C203,MAUI KAMAOLE PHASE II,2777 S KIHEI RD UNIT C203,55610631,,,,,,2026-07-15T19:41:40
239004144,0041,390041440041,2-3-9-004-144-0041,C203,C203,MAUI KAMAOLE PHASE II,2777 S KIHEI RD UNIT C203,56240470,,,,,,2026-07-15T19:41:40
239004144,0041,390041440041,2-3-9-004-144-0041,C203,C203,MAUI KAMAOLE PHASE II,2777 S KIHEI RD UNIT C203,90066973,R,,,,,2026-07-15T19:41:40
239004144,0041,390041440041,2-3-9-004-144-0041,C203,C203,MAUI KAMAOLE PHASE II,2777 S KIHEI RD UNIT C203,90168894,R,,,,,2026-07-15T19:41:40
239004144,0041,390041440041,2-3-9-004-144-0041,C203,C203,MAUI KAMAOLE PHASE II,2777 S KIHEI RD UNIT C203,91065469,R,,,,,2026-07-15T19:41:40
239004144,0041,390041440041,2-3-9-004-144-0041,C203,C203,MAUI KAMAOLE PHASE II,2777 S KIHEI RD UNIT C203,99112052,R,,,,,2026-07-15T19:41:40
239004144,0041,390041440041,2-3-9-004-144-0041,C203,C203,MAUI KAMAOLE PHASE II,2777 S KIHEI RD UNIT C203,99112053,,,,,,2026-07-15T19:41:40
239004144,0041,390041440041,2-3-9-004-144-0041,C203,C203,MAUI KAMAOLE PHASE II,2777 S KIHEI RD UNIT C203,99120134,R,,,,,2026-07-15T19:41:40
239004144,0041,390041440041,2-3-9-004-144-0041,C203,C203,MAUI KAMAOLE PHASE II,2777 S KIHEI RD UNIT C203,99132676,R,,,,,2026-07-15T19:41:40
239004144,0041,390041440041,2-3-9-004-144-0041,C203,C203,MAUI KAMAOLE PHASE II,2777 S KIHEI RD UNIT C203,99198999,R,,,,,2026-07-15T19:41:40
239004144,0041,390041440041,2-3-9-004-144-0041,C203,C203,MAUI KAMAOLE PHASE II,2777 S KIHEI RD UNIT C203,123924747,R,,,,,2026-07-15T19:41:40
239004144,0041,390041440041,2-3-9-004-144-0041,C203,C203,MAUI KAMAOLE PHASE II,2777 S KIHEI RD UNIT C203,123924760,R,,,,,2026-07-15T19:41:40
239004144,0041,390041440041,2-3-9-004-144-0041,C203,C203,MAUI KAMAOLE PHASE II,2777 S KIHEI RD UNIT C203,123924772,M,,,,,2026-07-15T19:41:40
239004144,0041,390041440041,2-3-9-004-144-0041,C203,C203,MAUI KAMAOLE PHASE II,2777 S KIHEI RD UNIT C203,124017748,,,,,,2026-07-15T19:41:40
239004144,0041,390041440041,2-3-9-004-144-0041,C203,C203,MAUI KAMAOLE PHASE II,2777 S KIHEI RD UNIT C203,2000057376,R,,,,,2026-07-15T19:41:40
239004144,0041,390041440041,2-3-9-004-144-0041,C203,C203,MAUI KAMAOLE PHASE II,2777 S KIHEI RD UNIT C203,2000065994,R,,,,,2026-07-15T19:41:40
239004144,0041,390041440041,2-3-9-004-144-0041,C203,C203,MAUI KAMAOLE PHASE II,2777 S KIHEI RD UNIT C203,2002108181,M,,,,,2026-07-15T19:41:40
239004144,0041,390041440041,2-3-9-004-144-0041,C203,C203,MAUI KAMAOLE PHASE II,2777 S KIHEI RD UNIT C203,2002184720,R,,,,,2026-07-15T19:41:40
239004144,0041,390041440041,2-3-9-004-144-0041,C203,C203,MAUI KAMAOLE PHASE II,2777 S KIHEI RD UNIT C203,2003040873,,,,,,2026-07-15T19:41:40
239004144,0041,390041440041,2-3-9-004-144-0041,C203,C203,MAUI KAMAOLE PHASE II,2777 S KIHEI RD UNIT C203,2003105281,,,,,,2026-07-15T19:41:40
239004144,0042,390041440042,2-3-9-004-144-0042,C204,C204,MAUI KAMAOLE PHASE II,2777 S KIHEI RD UNIT C204,43730450,R,,,,,2026-07-15T19:41:40
239004144,0042,390041440042,2-3-9-004-144-0042,C204,C204,MAUI KAMAOLE PHASE II,2777 S KIHEI RD UNIT C204,43800584,M,,,,,2026-07-15T19:41:40
239004144,0042,390041440042,2-3-9-004-144-0042,C204,C204,MAUI KAMAOLE PHASE II,2777 S KIHEI RD UNIT C204,44050691,M,,,,,2026-07-15T19:41:40
239004144,0042,390041440042,2-3-9-004-144-0042,C204,C204,MAUI KAMAOLE PHASE II,2777 S KIHEI RD UNIT C204,68210175,,,,,,2026-07-15T19:41:40
239004144,0042,390041440042,2-3-9-004-144-0042,C204,C204,MAUI KAMAOLE PHASE II,2777 S KIHEI RD UNIT C204,68210176,R,,,,,2026-07-15T19:41:40
239004144,0042,390041440042,2-3-9-004-144-0042,C204,C204,MAUI KAMAOLE PHASE II,2777 S KIHEI RD UNIT C204,68310829,M,,,,,2026-07-15T19:41:40
239004144,0042,390041440042,2-3-9-004-144-0042,C204,C204,MAUI KAMAOLE PHASE II,2777 S KIHEI RD UNIT C204,74440463,M,,,,,2026-07-15T19:41:40
239004144,0042,390041440042,2-3-9-004-144-0042,C204,C204,MAUI KAMAOLE PHASE II,2777 S KIHEI RD UNIT C204,90001691,,,,,,2026-07-15T19:41:40
239004144,0042,390041440042,2-3-9-004-144-0042,C204,C204,MAUI KAMAOLE PHASE II,2777 S KIHEI RD UNIT C204,91065469,R,,,,,2026-07-15T19:41:40
239004144,0042,390041440042,2-3-9-004-144-0042,C204,C204,MAUI KAMAOLE PHASE II,2777 S KIHEI RD UNIT C204,94180322,,,,,,2026-07-15T19:41:40
239004144,0042,390041440042,2-3-9-004-144-0042,C204,C204,MAUI KAMAOLE PHASE II,2777 S KIHEI RD UNIT C204,124032064,R,,,,,2026-07-15T19:41:40
239004144,0042,390041440042,2-3-9-004-144-0042,C204,C204,MAUI KAMAOLE PHASE II,2777 S KIHEI RD UNIT C204,124032070,R,,,,,2026-07-15T19:41:40
239004144,0042,390041440042,2-3-9-004-144-0042,C204,C204,MAUI KAMAOLE PHASE II,2777 S KIHEI RD UNIT C204,124032083,R,,,,,2026-07-15T19:41:40
239004144,0042,390041440042,2-3-9-004-144-0042,C204,C204,MAUI KAMAOLE PHASE II,2777 S KIHEI RD UNIT C204,2000065994,R,,,,,2026-07-15T19:41:40
239004144,0042,390041440042,2-3-9-004-144-0042,C204,C204,MAUI KAMAOLE PHASE II,2777 S KIHEI RD UNIT C204,2000125776,R,,,,,2026-07-15T19:41:40
239004144,0042,390041440042,2-3-9-004-144-0042,C204,C204,MAUI KAMAOLE PHASE II,2777 S KIHEI RD UNIT C204,2000125777,,,,,,2026-07-15T19:41:40
239004144,0042,390041440042,2-3-9-004-144-0042,C204,C204,MAUI KAMAOLE PHASE II,2777 S KIHEI RD UNIT C204,2000130244,R,,,,,2026-07-15T19:41:40
239004144,0042,390041440042,2-3-9-004-144-0042,C204,C204,MAUI KAMAOLE PHASE II,2777 S KIHEI RD UNIT C204,2002108181,M,,,,,2026-07-15T19:41:40
239004144,0042,390041440042,2-3-9-004-144-0042,C204,C204,MAUI KAMAOLE PHASE II,2777 S KIHEI RD UNIT C204,2002163926,R,,,,,2026-07-15T19:41:40
239004144,0042,390041440042,2-3-9-004-144-0042,C204,C204,MAUI KAMAOLE PHASE II,2777 S KIHEI RD UNIT C204,2002184720,R,,,,,2026-07-15T19:41:40
239004144,0042,390041440042,2-3-9-004-144-0042,C204,C204,MAUI KAMAOLE PHASE II,2777 S KIHEI RD UNIT C204,2002198382,R,,,,,2026-07-15T19:41:40
239004144,0042,390041440042,2-3-9-004-144-0042,C204,C204,MAUI KAMAOLE PHASE II,2777 S KIHEI RD UNIT C204,2002214774,R,,,,,2026-07-15T19:41:40
239004144,0042,390041440042,2-3-9-004-144-0042,C204,C204,MAUI KAMAOLE PHASE II,2777 S KIHEI RD UNIT C204,2004016970,R,,,,,2026-07-15T19:41:40
239004144,0042,390041440042,2-3-9-004-144-0042,C204,C204,MAUI KAMAOLE PHASE II,2777 S KIHEI RD UNIT C204,2004044230,R,,,,,2026-07-15T19:41:40
239004144,0042,390041440042,2-3-9-004-144-0042,C204,C204,MAUI KAMAOLE PHASE II,2777 S KIHEI RD UNIT C204,2004222259,R,,,,,2026-07-15T19:41:40
239004144,0042,390041440042,2-3-9-004-144-0042,C204,C204,MAUI KAMAOLE PHASE II,2777 S KIHEI RD UNIT C204,2005108577,R,,,,,2026-07-15T19:41:40
239004144,0042,390041440042,2-3-9-004-144-0042,C204,C204,MAUI KAMAOLE PHASE II,2777 S KIHEI RD UNIT C204,2005118154,M,,,,,2026-07-15T19:41:40
239004144,0042,390041440042,2-3-9-004-144-0042,C204,C204,MAUI KAMAOLE PHASE II,2777 S KIHEI RD UNIT C204,2008099950,R,,,,,2026-07-15T19:41:40
239004144,0042,390041440042,2-3-9-004-144-0042,C204,C204,MAUI KAMAOLE PHASE II,2777 S KIHEI RD UNIT C204,2008099951,R,,,,,2026-07-15T19:41:40
239004144,0042,390041440042,2-3-9-004-144-0042,C204,C204,MAUI KAMAOLE PHASE II,2777 S KIHEI RD UNIT C204,2008101047,M,,,,,2026-07-15T19:41:40
239004144,0042,390041440042,2-3-9-004-144-0042,C204,C204,MAUI KAMAOLE PHASE II,2777 S KIHEI RD UNIT C204,2008104453,,,,,,2026-07-15T19:41:40
239004144,0042,390041440042,2-3-9-004-144-0042,C204,C204,MAUI KAMAOLE PHASE II,2777 S KIHEI RD UNIT C204,2008120704,R,,,,,2026-07-15T19:41:40
239004144,0042,390041440042,2-3-9-004-144-0042,C204,C204,MAUI KAMAOLE PHASE II,2777 S KIHEI RD UNIT C204,2008124841,R,,,,,2026-07-15T19:41:40
239004144,0043,390041440043,2-3-9-004-144-0043,C205,C205,MAUI KAMAOLE PHASE II,2777 S KIHEI RD UNIT C205,70400637,,,,,,2026-07-15T19:41:40
239004144,0043,390041440043,2-3-9-004-144-0043,C205,C205,MAUI KAMAOLE PHASE II,2777 S KIHEI RD UNIT C205,91068098,,,,,,2026-07-15T19:41:40
239004144,0043,390041440043,2-3-9-004-144-0043,C205,C205,MAUI KAMAOLE PHASE II,2777 S KIHEI RD UNIT C205,91068099,,,,,,2026-07-15T19:41:40
239004144,0043,390041440043,2-3-9-004-144-0043,C205,C205,MAUI KAMAOLE PHASE II,2777 S KIHEI RD UNIT C205,92106178,,,,,,2026-07-15T19:41:40
239004144,0043,390041440043,2-3-9-004-144-0043,C205,C205,MAUI KAMAOLE PHASE II,2777 S KIHEI RD UNIT C205,96038785,,,,,,2026-07-15T19:41:40
239004144,0043,390041440043,2-3-9-004-144-0043,C205,C205,MAUI KAMAOLE PHASE II,2777 S KIHEI RD UNIT C205,96140461,,,,,,2026-07-15T19:41:40
239004144,0043,390041440043,2-3-9-004-144-0043,C205,C205,MAUI KAMAOLE PHASE II,2777 S KIHEI RD UNIT C205,98011943,,,,,,2026-07-15T19:41:40
239004144,0043,390041440043,2-3-9-004-144-0043,C205,C205,MAUI KAMAOLE PHASE II,2777 S KIHEI RD UNIT C205,98011944,,,,,,2026-07-15T19:41:40
239004144,0043,390041440043,2-3-9-004-144-0043,C205,C205,MAUI KAMAOLE PHASE II,2777 S KIHEI RD UNIT C205,98090265,,,,,,2026-07-15T19:41:40
239004144,0043,390041440043,2-3-9-004-144-0043,C205,C205,MAUI KAMAOLE PHASE II,2777 S KIHEI RD UNIT C205,98091158,,,,,,2026-07-15T19:41:40
239004144,0043,390041440043,2-3-9-004-144-0043,C205,C205,MAUI KAMAOLE PHASE II,2777 S KIHEI RD UNIT C205,123870507,,,,,,2026-07-15T19:41:40
239004144,0043,390041440043,2-3-9-004-144-0043,C205,C205,MAUI KAMAOLE PHASE II,2777 S KIHEI RD UNIT C205,123920162,,,,,,2026-07-15T19:41:40
239004144,0043,390041440043,2-3-9-004-144-0043,C205,C205,MAUI KAMAOLE PHASE II,2777 S KIHEI RD UNIT C205,123983528,,,,,,2026-07-15T19:41:40
239004144,0043,390041440043,2-3-9-004-144-0043,C205,C205,MAUI KAMAOLE PHASE II,2777 S KIHEI RD UNIT C205,124038384,,,,,,2026-07-15T19:41:40
239004144,0043,390041440043,2-3-9-004-144-0043,C205,C205,MAUI KAMAOLE PHASE II,2777 S KIHEI RD UNIT C205,2010044178,,,,,,2026-07-15T19:41:40
239004144,0044,390041440044,2-3-9-004-144-0044,C206,C206,MAUI KAMAOLE PHASE II,2777 S KIHEI RD UNIT C206,48830595,,,,,,2026-07-15T19:41:40
239004144,0044,390041440044,2-3-9-004-144-0044,C206,C206,MAUI KAMAOLE PHASE II,2777 S KIHEI RD UNIT C206,68020388,,,,,,2026-07-15T19:41:40
239004144,0044,390041440044,2-3-9-004-144-0044,C206,C206,MAUI KAMAOLE PHASE II,2777 S KIHEI RD UNIT C206,68020389,,,,,,2026-07-15T19:41:40
239004144,0044,390041440044,2-3-9-004-144-0044,C206,C206,MAUI KAMAOLE PHASE II,2777 S KIHEI RD UNIT C206,77830637,,,,,,2026-07-15T19:41:40
239004144,0044,390041440044,2-3-9-004-144-0044,C206,C206,MAUI KAMAOLE PHASE II,2777 S KIHEI RD UNIT C206,90001699,,,,,,2026-07-15T19:41:40
239004144,0044,390041440044,2-3-9-004-144-0044,C206,C206,MAUI KAMAOLE PHASE II,2777 S KIHEI RD UNIT C206,90100412,,,,,,2026-07-15T19:41:40
239004144,0044,390041440044,2-3-9-004-144-0044,C206,C206,MAUI KAMAOLE PHASE II,2777 S KIHEI RD UNIT C206,92136539,,,,,,2026-07-15T19:41:40
239004144,0044,390041440044,2-3-9-004-144-0044,C206,C206,MAUI KAMAOLE PHASE II,2777 S KIHEI RD UNIT C206,92170357,,,,,,2026-07-15T19:41:40
239004144,0044,390041440044,2-3-9-004-144-0044,C206,C206,MAUI KAMAOLE PHASE II,2777 S KIHEI RD UNIT C206,123994534,,,,,,2026-07-15T19:41:40
239004144,0044,390041440044,2-3-9-004-144-0044,C206,C206,MAUI KAMAOLE PHASE II,2777 S KIHEI RD UNIT C206,123994547,,,,,,2026-07-15T19:41:40
239004144,0044,390041440044,2-3-9-004-144-0044,C206,C206,MAUI KAMAOLE PHASE II,2777 S KIHEI RD UNIT C206,2010041521,,,,,,2026-07-15T19:41:40
239004144,0045,390041440045,2-3-9-004-144-0045,C207,C207,MAUI KAMAOLE PHASE II,2777 S KIHEI RD UNIT C207,63900595,,,,,,2026-07-15T19:41:40
239004144,0045,390041440045,2-3-9-004-144-0045,C207,C207,MAUI KAMAOLE PHASE II,2777 S KIHEI RD UNIT C207,63900596,R,,,,,2026-07-15T19:41:40
239004144,0045,390041440045,2-3-9-004-144-0045,C207,C207,MAUI KAMAOLE PHASE II,2777 S KIHEI RD UNIT C207,72420067,,,,,,2026-07-15T19:41:40
239004144,0045,390041440045,2-3-9-004-144-0045,C207,C207,MAUI KAMAOLE PHASE II,2777 S KIHEI RD UNIT C207,73950352,M,,,,,2026-07-15T19:41:40
239004144,0045,390041440045,2-3-9-004-144-0045,C207,C207,MAUI KAMAOLE PHASE II,2777 S KIHEI RD UNIT C207,74570543,,,,,,2026-07-15T19:41:40
239004144,0045,390041440045,2-3-9-004-144-0045,C207,C207,MAUI KAMAOLE PHASE II,2777 S KIHEI RD UNIT C207,97050110,R,,,,,2026-07-15T19:41:40
239004144,0045,390041440045,2-3-9-004-144-0045,C207,C207,MAUI KAMAOLE PHASE II,2777 S KIHEI RD UNIT C207,99167760,R,,,,,2026-07-15T19:41:40
239004144,0045,390041440045,2-3-9-004-144-0045,C207,C207,MAUI KAMAOLE PHASE II,2777 S KIHEI RD UNIT C207,123895293,,,,,,2026-07-15T19:41:40
239004144,0045,390041440045,2-3-9-004-144-0045,C207,C207,MAUI KAMAOLE PHASE II,2777 S KIHEI RD UNIT C207,123950174,,,,,,2026-07-15T19:41:40
239004144,0045,390041440045,2-3-9-004-144-0045,C207,C207,MAUI KAMAOLE PHASE II,2777 S KIHEI RD UNIT C207,2002138221,,,,,,2026-07-15T19:41:40
239004144,0045,390041440045,2-3-9-004-144-0045,C207,C207,MAUI KAMAOLE PHASE II,2777 S KIHEI RD UNIT C207,2004104519,,,,,,2026-07-15T19:41:40
239004144,0045,390041440045,2-3-9-004-144-0045,C207,C207,MAUI KAMAOLE PHASE II,2777 S KIHEI RD UNIT C207,2004114909,,,,,,2026-07-15T19:41:40
239004144,0045,390041440045,2-3-9-004-144-0045,C207,C207,MAUI KAMAOLE PHASE II,2777 S KIHEI RD UNIT C207,2011082172,,,,,,2026-07-15T19:41:40
239004144,0045,390041440045,2-3-9-004-144-0045,C207,C207,MAUI KAMAOLE PHASE II,2777 S KIHEI RD UNIT C207,2011086504,,,,,,2026-07-15T19:41:40
239004144,0046,390041440046,2-3-9-004-144-0046,C208,C208,MAUI KAMAOLE PHASE II,2777 S KIHEI RD UNIT C208,43810698,,,,,,2026-07-15T19:41:40
239004144,0046,390041440046,2-3-9-004-144-0046,C208,C208,MAUI KAMAOLE PHASE II,2777 S KIHEI RD UNIT C208,43810699,,,,,,2026-07-15T19:41:40
239004144,0046,390041440046,2-3-9-004-144-0046,C208,C208,MAUI KAMAOLE PHASE II,2777 S KIHEI RD UNIT C208,45480306,R,,,,,2026-07-15T19:41:40
239004144,0046,390041440046,2-3-9-004-144-0046,C208,C208,MAUI KAMAOLE PHASE II,2777 S KIHEI RD UNIT C208,90012089,,,,,,2026-07-15T19:41:40
239004144,0046,390041440046,2-3-9-004-144-0046,C208,C208,MAUI KAMAOLE PHASE II,2777 S KIHEI RD UNIT C208,90012090,,,,,,2026-07-15T19:41:40
239004144,0046,390041440046,2-3-9-004-144-0046,C208,C208,MAUI KAMAOLE PHASE II,2777 S KIHEI RD UNIT C208,90025326,,,,,,2026-07-15T19:41:40
239004144,0046,390041440046,2-3-9-004-144-0046,C208,C208,MAUI KAMAOLE PHASE II,2777 S KIHEI RD UNIT C208,91074937,,,,,,2026-07-15T19:41:40
239004144,0046,390041440046,2-3-9-004-144-0046,C208,C208,MAUI KAMAOLE PHASE II,2777 S KIHEI RD UNIT C208,92149169,,,,,,2026-07-15T19:41:40
239004144,0046,390041440046,2-3-9-004-144-0046,C208,C208,MAUI KAMAOLE PHASE II,2777 S KIHEI RD UNIT C208,92201763,,,,,,2026-07-15T19:41:40
239004144,0046,390041440046,2-3-9-004-144-0046,C208,C208,MAUI KAMAOLE PHASE II,2777 S KIHEI RD UNIT C208,92215448,,,,,,2026-07-15T19:41:40
239004144,0046,390041440046,2-3-9-004-144-0046,C208,C208,MAUI KAMAOLE PHASE II,2777 S KIHEI RD UNIT C208,93026392,,,,,,2026-07-15T19:41:40
239004144,0046,390041440046,2-3-9-004-144-0046,C208,C208,MAUI KAMAOLE PHASE II,2777 S KIHEI RD UNIT C208,93047432,,,,,,2026-07-15T19:41:40
239004144,0046,390041440046,2-3-9-004-144-0046,C208,C208,MAUI KAMAOLE PHASE II,2777 S KIHEI RD UNIT C208,93097165,,,,,,2026-07-15T19:41:40
239004144,0046,390041440046,2-3-9-004-144-0046,C208,C208,MAUI KAMAOLE PHASE II,2777 S KIHEI RD UNIT C208,93189552,,,,,,2026-07-15T19:41:40
239004144,0046,390041440046,2-3-9-004-144-0046,C208,C208,MAUI KAMAOLE PHASE II,2777 S KIHEI RD UNIT C208,93189553,,,,,,2026-07-15T19:41:40
239004144,0046,390041440046,2-3-9-004-144-0046,C208,C208,MAUI KAMAOLE PHASE II,2777 S KIHEI RD UNIT C208,93189554,,,,,,2026-07-15T19:41:40
239004144,0046,390041440046,2-3-9-004-144-0046,C208,C208,MAUI KAMAOLE PHASE II,2777 S KIHEI RD UNIT C208,95110270,,,,,,2026-07-15T19:41:40
239004144,0046,390041440046,2-3-9-004-144-0046,C208,C208,MAUI KAMAOLE PHASE II,2777 S KIHEI RD UNIT C208,95120497,,,,,,2026-07-15T19:41:40
239004144,0046,390041440046,2-3-9-004-144-0046,C208,C208,MAUI KAMAOLE PHASE II,2777 S KIHEI RD UNIT C208,99131539,M,,,,,2026-07-15T19:41:40
239004144,0046,390041440046,2-3-9-004-144-0046,C208,C208,MAUI KAMAOLE PHASE II,2777 S KIHEI RD UNIT C208,99146733,,,,,,2026-07-15T19:41:40
239004144,0046,390041440046,2-3-9-004-144-0046,C208,C208,MAUI KAMAOLE PHASE II,2777 S KIHEI RD UNIT C208,2002096533,M,,,,,2026-07-15T19:41:40
239004144,0046,390041440046,2-3-9-004-144-0046,C208,C208,MAUI KAMAOLE PHASE II,2777 S KIHEI RD UNIT C208,2002096534,R,,,,,2026-07-15T19:41:40
239004144,0046,390041440046,2-3-9-004-144-0046,C208,C208,MAUI KAMAOLE PHASE II,2777 S KIHEI RD UNIT C208,2004104519,,,,,,2026-07-15T19:41:40
239004144,0046,390041440046,2-3-9-004-144-0046,C208,C208,MAUI KAMAOLE PHASE II,2777 S KIHEI RD UNIT C208,2005092836,,,,,,2026-07-15T19:41:40
239004144,0046,390041440046,2-3-9-004-144-0046,C208,C208,MAUI KAMAOLE PHASE II,2777 S KIHEI RD UNIT C208,2005092837,,,,,,2026-07-15T19:41:40
239004144,0046,390041440046,2-3-9-004-144-0046,C208,C208,MAUI KAMAOLE PHASE II,2777 S KIHEI RD UNIT C208,2005092838,R,,,,,2026-07-15T19:41:40
239004144,0046,390041440046,2-3-9-004-144-0046,C208,C208,MAUI KAMAOLE PHASE II,2777 S KIHEI RD UNIT C208,2005117916,M,,,,,2026-07-15T19:41:40
239004144,0046,390041440046,2-3-9-004-144-0046,C208,C208,MAUI KAMAOLE PHASE II,2777 S KIHEI RD UNIT C208,2006043494,M,,,,,2026-07-15T19:41:40
239004144,0046,390041440046,2-3-9-004-144-0046,C208,C208,MAUI KAMAOLE PHASE II,2777 S KIHEI RD UNIT C208,2006058761,,,,,,2026-07-15T19:41:40
239004144,0046,390041440046,2-3-9-004-144-0046,C208,C208,MAUI KAMAOLE PHASE II,2777 S KIHEI RD UNIT C208,2006169344,,,,,,2026-07-15T19:41:40
239004144,0046,390041440046,2-3-9-004-144-0046,C208,C208,MAUI KAMAOLE PHASE II,2777 S KIHEI RD UNIT C208,2011016510,,,,,,2026-07-15T19:41:40
239004144,0046,390041440046,2-3-9-004-144-0046,C208,C208,MAUI KAMAOLE PHASE II,2777 S KIHEI RD UNIT C208,2011025132,M,,,,,2026-07-15T19:41:40
239004144,0046,390041440046,2-3-9-004-144-0046,C208,C208,MAUI KAMAOLE PHASE II,2777 S KIHEI RD UNIT C208,2011033844,,,,,,2026-07-15T19:41:40
239004144,0046,390041440046,2-3-9-004-144-0046,C208,C208,MAUI KAMAOLE PHASE II,2777 S KIHEI RD UNIT C208,2011048620,,,,,,2026-07-15T19:41:40
239004144,0046,390041440046,2-3-9-004-144-0046,C208,C208,MAUI KAMAOLE PHASE II,2777 S KIHEI RD UNIT C208,2011069395,M,,,,,2026-07-15T19:41:40
239004144,0046,390041440046,2-3-9-004-144-0046,C208,C208,MAUI KAMAOLE PHASE II,2777 S KIHEI RD UNIT C208,2011078250,,,,,,2026-07-15T19:41:40
239004144,0047,390041440047,2-3-9-004-144-0047,C209,C209,MAUI KAMAOLE PHASE II,2777 S KIHEI RD UNIT C209,90009657,,,,,,2026-07-15T19:41:40
239004144,0047,390041440047,2-3-9-004-144-0047,C209,C209,MAUI KAMAOLE PHASE II,2777 S KIHEI RD UNIT C209,90168894,R,,,,,2026-07-15T19:41:40
239004144,0047,390041440047,2-3-9-004-144-0047,C209,C209,MAUI KAMAOLE PHASE II,2777 S KIHEI RD UNIT C209,93179668,,,,,,2026-07-15T19:41:40
239004144,0047,390041440047,2-3-9-004-144-0047,C209,C209,MAUI KAMAOLE PHASE II,2777 S KIHEI RD UNIT C209,94112821,,,,,,2026-07-15T19:41:40
239004144,0047,390041440047,2-3-9-004-144-0047,C209,C209,MAUI KAMAOLE PHASE II,2777 S KIHEI RD UNIT C209,95111100,,,,,,2026-07-15T19:41:40
239004144,0047,390041440047,2-3-9-004-144-0047,C209,C209,MAUI KAMAOLE PHASE II,2777 S KIHEI RD UNIT C209,96104067,,,,,,2026-07-15T19:41:40
239004144,0047,390041440047,2-3-9-004-144-0047,C209,C209,MAUI KAMAOLE PHASE II,2777 S KIHEI RD UNIT C209,96129118,,,,,,2026-07-15T19:41:40
239004144,0047,390041440047,2-3-9-004-144-0047,C209,C209,MAUI KAMAOLE PHASE II,2777 S KIHEI RD UNIT C209,124065480,,,,,,2026-07-15T19:41:40
239004144,0047,390041440047,2-3-9-004-144-0047,C209,C209,MAUI KAMAOLE PHASE II,2777 S KIHEI RD UNIT C209,124065494,,,,,,2026-07-15T19:41:40
239004144,0047,390041440047,2-3-9-004-144-0047,C209,C209,MAUI KAMAOLE PHASE II,2777 S KIHEI RD UNIT C209,124065507,M,,,,,2026-07-15T19:41:40
239004144,0047,390041440047,2-3-9-004-144-0047,C209,C209,MAUI KAMAOLE PHASE II,2777 S KIHEI RD UNIT C209,2006120607,,,,,,2026-07-15T19:41:40
239004144,0048,390041440048,2-3-9-004-144-0048,C210,C210,MAUI KAMAOLE PHASE II,2777 S KIHEI RD UNIT C210,123870528,,,,,,2026-07-15T19:41:40
239004144,0048,390041440048,2-3-9-004-144-0048,C210,C210,MAUI KAMAOLE PHASE II,2777 S KIHEI RD UNIT C210,123920156,,,,,,2026-07-15T19:41:40
239004144,0048,390041440048,2-3-9-004-144-0048,C210,C210,MAUI KAMAOLE PHASE II,2777 S KIHEI RD UNIT C210,2008037675,,,,,,2026-07-15T19:41:40
