PARID,SALEDATE,PRICE,RECORDDATE,INSTRUNO,INSTRUTYPE,LANDCOURT_NO,CERT_NO,BOOK,PAGE,CONV_TAX,DOC_TYPE,VALCODE,VALCODE,SALETYP
390041440000     ,2025/01/01,          ,2025/01/01,                    ,Route slip                              ,                                        ,                                        ,        ,        ,                                        ,Route Slip                              ,                                        ,  ,
390041440000     ,2010/09/15,          ,2010/09/15,                    ,Route slip                              ,                                        ,                                        ,        ,        ,                                        ,Route Slip                              ,                                        ,  ,
390041440000     ,1996/04/03,          ,1996/08/13,9600116453          ,                                        ,                                        ,                                        ,        ,        ,                                        ,                                        ,                                        ,  ,
390041440000     ,1994/11/30,          ,1995/01/26,9500011697          ,                                        ,                                        ,                                        ,        ,        ,                                        ,                                        ,                                        ,  ,
390041440000     ,1989/10/09,          ,1989/10/27,8900164963          ,                                        ,                                        ,                                        ,23810   ,316     ,0.00                                    ,                                        ,                                        ,  ,
390041440000     ,1989/06/05,          ,1989/06/07,8900083507          ,                                        ,                                        ,                                        ,23272   ,29      ,                                        ,                                        ,                                        ,  ,
390041440000     ,1989/05/30,          ,1989/06/07,8900083064          ,Fee conveyance                          ,                                        ,                                        ,23270   ,384     ,0.00                                    ,                                        ,                                        ,  ,
390041440000     ,1989/05/17,          ,1989/08/22,8900126800          ,                                        ,                                        ,                                        ,23552   ,688     ,                                        ,                                        ,                                        ,  ,
390041440001     ,2014/04/10,    480000,2014/04/25,A52280108           ,Fee conveyance                          ,                                        ,                                        ,        ,        ,720                                     ,Apartment deed                          ,Valid Sale                              ,0 ,Improved
390041440001     ,2012/09/27,      1000,2012/11/09,A46960226           ,Fee conveyance                          ,                                        ,                                        ,        ,        ,1.5                                     ,Apartment deed                          ,Involved add'l parcels                  ,1 ,Improved
390041440001     ,2010/09/15,          ,2010/09/15,                    ,Route slip                              ,                                        ,                                        ,        ,        ,                                        ,Route Slip                              ,                                        ,  ,
390041440001     ,2006/05/30,      1000,2006/06/16,06-111079           ,Fee conveyance                          ,                                        ,                                        ,        ,        ,1.5                                     ,Deed                                    ,                                        ,  ,
390041440001     ,2004/11/09,    515000,2004/11/18,04-232563           ,Fee conveyance                          ,                                        ,                                        ,        ,        ,515                                     ,Apartment deed                          ,Valid Sale                              ,0 ,Improved
390041440001     ,1996/06/03,    210000,1996/06/12,9600081663          ,Fee conveyance                          ,                                        ,                                        ,        ,        ,210.00                                  ,                                        ,Valid                                   ,X ,Improved
390041440001     ,1989/10/27,    140000,1989/10/27,8900164960          ,Fee conveyance                          ,                                        ,                                        ,23810   ,285     ,70.00                                   ,                                        ,Valid                                   ,X ,Improved
390041440001     ,1989/06/05,          ,1989/06/07,8900083507          ,                                        ,                                        ,                                        ,23272   ,29      ,                                        ,                                        ,                                        ,  ,
390041440002     ,2012/04/06,    415000,2012/04/16,A44890708           ,Fee conveyance                          ,                                        ,                                        ,        ,        ,622.5                                   ,Apartment deed                          ,Valid Sale                              ,0 ,Improved
390041440002     ,2010/09/15,          ,2010/09/15,                    ,Route slip                              ,                                        ,                                        ,        ,        ,                                        ,Route Slip                              ,                                        ,  ,
390041440002     ,2004/11/18,    475000,2004/11/24,04-237518           ,Fee conveyance                          ,                                        ,                                        ,        ,        ,475                                     ,Apartment deed                          ,Valid Sale                              ,0 ,Improved
390041440002     ,2001/05/14,          ,2001/11/05,01-174165           ,Fee conveyance                          ,                                        ,                                        ,        ,        ,                                        ,Deed to trust                           ,                                        ,  ,
390041440002     ,2000/11/06,    240000,2000/11/09,00-157476           ,Fee conveyance                          ,                                        ,                                        ,        ,        ,240.00                                  ,Apartment deed                          ,Valid Sale                              ,0 ,Improved
390041440002     ,1999/04/19,    165000,1999/04/26,9900064199          ,Fee conveyance                          ,                                        ,                                        ,        ,        ,165.00                                  ,                                        ,Foreclosure                             ,5 ,Improved
390041440002     ,1998/07/08,    165000,1998/07/15,9800102433          ,Fee conveyance                          ,                                        ,                                        ,        ,        ,165.00                                  ,                                        ,Foreclosure                             ,5 ,Improved
390041440002     ,1995/04/03,    180000,1995/05/08,9500060874          ,Fee conveyance                          ,                                        ,                                        ,        ,        ,180.00                                  ,                                        ,Valid                                   ,X ,Improved
390041440002     ,1993/02/09,    200000,1993/02/17,9300025213          ,Fee conveyance                          ,                                        ,                                        ,        ,        ,100.00                                  ,                                        ,Valid                                   ,X ,Improved
390041440002     ,1990/02/27,          ,          ,0000000000          ,                                        ,                                        ,                                        ,        ,        ,                                        ,                                        ,                                        ,  ,
390041440002     ,1989/12/11,    175000,1989/12/11,8900188567          ,Fee conveyance                          ,                                        ,                                        ,23978   ,587     ,87.50                                   ,                                        ,Valid                                   ,X ,Improved
390041440002     ,1989/11/14,    172000,1989/11/14,8900173876          ,Fee conveyance                          ,                                        ,                                        ,23870   ,478     ,86.00                                   ,                                        ,                                        ,  ,
390041440002     ,1989/06/05,          ,1989/06/07,8900083507          ,                                        ,                                        ,                                        ,23272   ,29      ,                                        ,                                        ,                                        ,  ,
390041440003     ,2023/12/05,          ,2023/12/11,A87451142           ,Fee conveyance                          ,                                        ,                                        ,        ,        ,2.3                                     ,Correction deed                         ,                                        ,  ,
390041440003     ,2023/12/05,    172500,2023/12/11,A87451144           ,Fee conveyance                          ,                                        ,                                        ,        ,        ,258.75                                  ,Apartment deed                          ,Other                                   ,2 ,Improved
390041440003     ,2023/12/04,    999000,2023/12/11,A87451143           ,Fee conveyance                          ,                                        ,                                        ,        ,        ,2497.5                                  ,Apartment deed                          ,Other                                   ,2 ,Improved
390041440003     ,2023/10/16,          ,2023/11/03,A87070546           ,Recorded document                       ,                                        ,                                        ,        ,        ,                                        ,Affidavit (all types)                   ,                                        ,  ,
390041440003     ,2023/02/13,          ,2023/02/15,A84460502           ,Fee conveyance                          ,                                        ,                                        ,        ,        ,                                        ,Quitclaim apartment deed                ,                                        ,  ,
390041440003     ,2016/04/21,          ,2016/05/02,A59660445           ,Fee conveyance                          ,                                        ,                                        ,        ,        ,0                                       ,Apartment deed                          ,                                        ,  ,
390041440003     ,2010/09/15,          ,2010/09/15,                    ,Route slip                              ,                                        ,                                        ,        ,        ,                                        ,Route Slip                              ,                                        ,  ,
390041440003     ,2004/02/09,    308333,2004/02/18,04-033575           ,Fee conveyance                          ,                                        ,                                        ,        ,        ,308.3                                   ,Warranty deed                           ,Other                                   ,7 ,Improved
390041440003     ,2003/08/11,    370000,2003/08/19,03-173021           ,Fee conveyance                          ,                                        ,                                        ,        ,        ,370                                     ,Warranty deed                           ,Valid Sale                              ,0 ,Improved
390041440003     ,2001/08/17,    259000,2001/09/21,01-149159           ,Fee conveyance                          ,                                        ,                                        ,        ,        ,259.00                                  ,Apartment deed                          ,Valid Sale                              ,0 ,Improved
390041440003     ,1995/05/01,    210000,          ,                    ,Fee conveyance                          ,                                        ,                                        ,        ,        ,                                        ,                                        ,Valid                                   ,X ,Improved
390041440003     ,1993/02/12,          ,1993/04/15,9300059775          ,Fee conveyance                          ,                                        ,                                        ,        ,        ,0.00                                    ,                                        ,                                        ,  ,
390041440003     ,1989/10/20,    180000,1989/10/23,8900161788          ,Fee conveyance                          ,                                        ,                                        ,23789   ,241     ,90.00                                   ,                                        ,Valid                                   ,X ,Improved
390041440003     ,1989/06/05,          ,1989/06/07,8900083507          ,                                        ,                                        ,                                        ,23272   ,29      ,                                        ,                                        ,                                        ,  ,
390041440003     ,1900/01/01,    210000,1995/05/23,9500068153          ,Fee conveyance                          ,                                        ,                                        ,        ,        ,210.00                                  ,                                        ,                                        ,  ,
390041440004     ,2015/09/11,    530000,2015/09/24,A57450222           ,Fee conveyance                          ,                                        ,                                        ,        ,        ,795                                     ,Apartment deed                          ,Valid Sale                              ,0 ,Improved
390041440004     ,2010/09/15,          ,2010/09/15,                    ,Route slip                              ,                                        ,                                        ,        ,        ,                                        ,Route Slip                              ,                                        ,  ,
390041440004     ,2005/08/23,          ,2005/09/16,05-186860           ,Fee conveyance                          ,                                        ,                                        ,        ,        ,0                                       ,Apartment deed                          ,                                        ,  ,
390041440004     ,2005/08/23,          ,2005/09/16,05-186861           ,Fee conveyance                          ,                                        ,                                        ,        ,        ,0                                       ,Apartment deed                          ,                                        ,  ,
390041440004     ,2005/08/23,          ,2005/09/16,05-186862           ,Fee conveyance                          ,                                        ,                                        ,        ,        ,0                                       ,Apartment deed                          ,                                        ,  ,
390041440004     ,2001/03/02,         0,2001/03/09,01-033399           ,Fee conveyance                          ,                                        ,                                        ,        ,        ,                                        ,Quitclaim deed                          ,                                        ,  ,
390041440004     ,1990/07/05,    280000,1990/07/12,9000105128          ,Fee conveyance                          ,                                        ,                                        ,        ,        ,140.00                                  ,                                        ,Valid                                   ,X ,Improved
390041440004     ,1989/10/20,    180000,1989/10/20,8900161390          ,Fee conveyance                          ,                                        ,                                        ,23786   ,618     ,90.00                                   ,                                        ,Valid                                   ,X ,Improved
390041440004     ,1989/06/05,          ,1989/06/07,8900083507          ,                                        ,                                        ,                                        ,23272   ,29      ,                                        ,                                        ,                                        ,  ,
390041440005     ,2010/09/15,          ,2010/09/15,                    ,Route slip                              ,                                        ,                                        ,        ,        ,                                        ,Route Slip                              ,                                        ,  ,
390041440005     ,2002/07/24,    265000,2002/07/31,02-132213           ,Fee conveyance                          ,                                        ,                                        ,        ,        ,265.00                                  ,Warranty deed                           ,                                        ,  ,
390041440005     ,1997/03/07,    160000,1997/03/12,9700032884          ,Fee conveyance                          ,                                        ,                                        ,        ,        ,160.00                                  ,                                        ,Foreclosure                             ,5 ,Improved
390041440005     ,1990/01/31,    152500,1990/01/31,9000013593          ,Fee conveyance                          ,                                        ,                                        ,        ,        ,76.25                                   ,                                        ,Valid                                   ,X ,Improved
390041440005     ,1989/06/05,          ,1989/06/07,8900083507          ,                                        ,                                        ,                                        ,23272   ,29      ,                                        ,                                        ,                                        ,  ,
390041440006     ,2010/09/15,          ,2010/09/15,                    ,Route slip                              ,                                        ,                                        ,        ,        ,                                        ,Route Slip                              ,                                        ,  ,
390041440006     ,2004/03/27,          ,2005/05/24,05-102948           ,Fee conveyance                          ,                                        ,                                        ,        ,        ,0                                       ,Quitclaim deed                          ,                                        ,  ,
390041440006     ,2003/06/13,    320000,2003/06/19,03-124092           ,Fee conveyance                          ,                                        ,                                        ,        ,        ,320                                     ,Apartment deed                          ,                                        ,  ,
390041440006     ,2003/06/11,    320000,2003/06/11,                    ,                                        ,                                        ,                                        ,        ,        ,                                        ,                                        ,Valid                                   ,X ,Improved
390041440006     ,1989/10/20,    149000,1989/10/20,8900161382          ,Fee conveyance                          ,                                        ,                                        ,23786   ,525     ,74.50                                   ,                                        ,Valid                                   ,X ,Improved
390041440006     ,1989/06/05,          ,1989/06/07,8900083507          ,                                        ,                                        ,                                        ,23272   ,29      ,                                        ,                                        ,                                        ,  ,
390041440007     ,2022/03/19,          ,2022/03/19,                    ,Route slip                              ,                                        ,                                        ,        ,        ,                                        ,Ownership correction                    ,                                        ,  ,
390041440007     ,2021/03/13,    615000,2021/03/19,A77480355           ,Fee conveyance                          ,                                        ,                                        ,        ,        ,1537.5                                  ,Apartment deed                          ,Valid Sale                              ,0 ,Improved
390041440007     ,2021/01/07,    543600,2021/01/29,A76991029           ,Fee conveyance                          ,                                        ,                                        ,        ,        ,815.4                                   ,Apartment deed                          ,Related individuals                     ,4 ,Improved
390041440007     ,2010/09/15,          ,2010/09/15,                    ,Route slip                              ,                                        ,                                        ,        ,        ,                                        ,Route Slip                              ,                                        ,  ,
390041440007     ,2007/06/04,          ,2007/06/20,07-110350           ,Fee conveyance                          ,                                        ,                                        ,        ,        ,0                                       ,Apartment deed                          ,                                        ,  ,
390041440007     ,2004/12/22,    475000,2005/01/05,05-001920           ,Fee conveyance                          ,                                        ,                                        ,        ,        ,475                                     ,Apartment deed                          ,Valid Sale                              ,0 ,Improved
390041440007     ,2003/04/29,       101,2003/05/05,03-083145           ,Fee conveyance                          ,                                        ,                                        ,        ,        ,1                                       ,Apartment deed                          ,Other                                   ,7 ,
390041440007     ,2003/03/27,    350000,2003/05/01,03-080646           ,Fee conveyance                          ,                                        ,                                        ,        ,        ,350                                     ,Apartment deed                          ,Valid Sale                              ,0 ,Improved
390041440007     ,1989/11/02,    149000,1989/11/02,8900168511          ,Fee conveyance                          ,                                        ,                                        ,23836   ,213     ,74.50                                   ,                                        ,Valid                                   ,X ,Improved
390041440007     ,1989/06/05,          ,1989/06/07,8900083507          ,                                        ,                                        ,                                        ,23272   ,29      ,                                        ,                                        ,                                        ,  ,
390041440008     ,2013/11/11,          ,2013/12/09,A50910135           ,Fee conveyance                          ,                                        ,                                        ,        ,        ,0                                       ,T O D                                   ,                                        ,  ,Improved
390041440008     ,2010/09/15,          ,2010/09/15,                    ,Route slip                              ,                                        ,                                        ,        ,        ,                                        ,Route Slip                              ,                                        ,  ,
390041440008     ,1990/03/20,    188200,1990/03/27,9000041996          ,Fee conveyance                          ,                                        ,                                        ,        ,        ,94.10                                   ,                                        ,Valid Sale                              ,0 ,Improved
390041440008     ,1990/03/15,    188200,1990/03/27,9000041995          ,Fee conveyance                          ,                                        ,                                        ,        ,        ,94.10                                   ,                                        ,Valid Sale                              ,0 ,Improved
390041440008     ,1990/01/11,    151680,1990/01/12,9000004723          ,Fee conveyance                          ,                                        ,                                        ,        ,        ,75.80                                   ,                                        ,Valid Sale                              ,0 ,Improved
390041440008     ,1989/06/05,          ,1989/06/07,8900083507          ,                                        ,                                        ,                                        ,23272   ,29      ,                                        ,                                        ,                                        ,  ,
390041440009     ,2019/04/24,    625000,2019/05/10,A70690661           ,Fee conveyance                          ,                                        ,                                        ,        ,        ,1562.5                                  ,Apartment deed                          ,Valid Sale                              ,0 ,Improved
390041440009     ,2014/03/20,    535000,2014/04/01,A52040403           ,Fee conveyance                          ,                                        ,                                        ,        ,        ,802.5                                   ,Apartment deed                          ,Valid Sale                              ,0 ,Improved
390041440009     ,2010/09/15,          ,2010/09/15,                    ,Route slip                              ,                                        ,                                        ,        ,        ,                                        ,Route Slip                              ,                                        ,  ,
390041440009     ,2007/08/14,          ,2007/08/23,07-151315           ,Fee conveyance                          ,                                        ,                                        ,        ,        ,0                                       ,Apartment deed                          ,                                        ,  ,
390041440009     ,1990/08/16,    300000,1990/08/24,9000130147          ,Fee conveyance                          ,                                        ,                                        ,        ,        ,150.00                                  ,                                        ,Valid                                   ,X ,Improved
390041440009     ,1989/10/20,    184000,1989/10/20,8900161386          ,Fee conveyance                          ,                                        ,                                        ,23786   ,565     ,92.00                                   ,                                        ,Valid                                   ,X ,Improved
390041440009     ,1989/06/05,          ,1989/06/07,8900083507          ,                                        ,                                        ,                                        ,23272   ,29      ,                                        ,                                        ,                                        ,  ,
390041440010     ,2021/12/27,    790000,2022/01/14,A80490740           ,Fee conveyance                          ,                                        ,                                        ,        ,        ,1975                                    ,Exchange deed                           ,Valid Sale                              ,0 ,Improved
390041440010     ,2021/03/23,    645000,2021/04/07,A77670653           ,Fee conveyance                          ,                                        ,                                        ,        ,        ,1612.5                                  ,Apartment deed                          ,Valid Sale                              ,0 ,Improved
390041440010     ,2010/09/15,          ,2010/09/15,                    ,Route slip                              ,                                        ,                                        ,        ,        ,                                        ,Route Slip                              ,                                        ,  ,
390041440010     ,1991/08/01,    270000,          ,                    ,Fee conveyance                          ,                                        ,                                        ,        ,        ,                                        ,                                        ,Valid                                   ,X ,Improved
390041440010     ,1991/07/30,    270000,1991/08/02,9100104539          ,Fee conveyance                          ,                                        ,                                        ,        ,        ,135.00                                  ,                                        ,                                        ,  ,
390041440010     ,1989/11/01,    171000,          ,                    ,Fee conveyance                          ,                                        ,                                        ,        ,        ,                                        ,                                        ,Valid                                   ,X ,Improved
390041440010     ,1989/09/25,    171000,1989/11/06,8900169884          ,Fee conveyance                          ,                                        ,                                        ,23846   ,274     ,85.50                                   ,                                        ,                                        ,  ,
390041440010     ,1989/06/05,          ,1989/06/07,8900083507          ,                                        ,                                        ,                                        ,23272   ,29      ,                                        ,                                        ,                                        ,  ,
390041440011     ,2020/10/24,    560000,2020/10/30,A76080565           ,Fee conveyance                          ,                                        ,                                        ,        ,        ,840                                     ,Apartment deed                          ,Valid Sale                              ,0 ,Improved
390041440011     ,2010/09/15,          ,2010/09/15,                    ,Route slip                              ,                                        ,                                        ,        ,        ,                                        ,Route Slip                              ,                                        ,  ,
390041440011     ,2005/10/17,          ,2005/10/21,05-214973           ,Fee conveyance                          ,                                        ,                                        ,        ,        ,0                                       ,Deed to trust                           ,                                        ,  ,
390041440011     ,2001/03/28,    240000,2001/04/23,01-058256           ,Fee conveyance                          ,                                        ,                                        ,        ,        ,240.00                                  ,Apartment deed                          ,Valid Sale                              ,0 ,Improved
390041440011     ,2000/12/05,         0,2000/12/20,00-178679           ,Fee conveyance                          ,                                        ,                                        ,        ,        ,                                        ,Quitclaim deed                          ,                                        ,  ,
390041440011     ,1989/11/01,    168000,          ,                    ,Fee conveyance                          ,                                        ,                                        ,        ,        ,                                        ,                                        ,Valid                                   ,X ,Improved
390041440011     ,1989/10/23,    168000,1989/11/30,8900182213          ,Fee conveyance                          ,                                        ,                                        ,23930   ,450     ,84.00                                   ,                                        ,                                        ,  ,
390041440011     ,1989/06/05,          ,1989/06/07,8900083507          ,                                        ,                                        ,                                        ,23272   ,29      ,                                        ,                                        ,                                        ,  ,
390041440011     ,1900/01/01,          ,1993/05/21,9300081785          ,Fee conveyance                          ,                                        ,                                        ,        ,        ,0.00                                    ,                                        ,                                        ,  ,
390041440011     ,1900/01/01,          ,1993/05/21,9300081789          ,Fee conveyance                          ,                                        ,                                        ,        ,        ,0.00                                    ,                                        ,                                        ,  ,
390041440012     ,2025/04/14,    710000,2025/05/12,A9263000246         ,Fee conveyance                          ,                                        ,                                        ,        ,        ,1775                                    ,Apartment deed                          ,Valid Sale                              ,0 ,Improved
390041440012     ,2010/09/15,          ,2010/09/15,                    ,Route slip                              ,                                        ,                                        ,        ,        ,                                        ,Route Slip                              ,                                        ,  ,
390041440012     ,2003/12/05,          ,2003/12/29,03-286980           ,Fee conveyance                          ,                                        ,                                        ,        ,        ,0                                       ,Quitclaim deed                          ,                                        ,  ,
390041440012     ,2003/12/03,    397500,2003/12/11,03-272917           ,Fee conveyance                          ,                                        ,                                        ,        ,        ,397.5                                   ,Warranty deed                           ,Valid Sale                              ,0 ,Improved
390041440012     ,1992/01/13,    240000,1992/02/12,9200020690          ,Fee conveyance                          ,                                        ,                                        ,        ,        ,120.00                                  ,                                        ,                                        ,  ,
390041440012     ,1989/10/20,    168000,1989/10/20,8900161392          ,Fee conveyance                          ,                                        ,                                        ,23786   ,645     ,84.00                                   ,                                        ,Valid                                   ,X ,Improved
390041440012     ,1989/06/05,          ,1989/06/07,8900083507          ,                                        ,                                        ,                                        ,23272   ,29      ,                                        ,                                        ,                                        ,  ,
390041440013     ,2010/09/15,          ,2010/09/15,                    ,Route slip                              ,                                        ,                                        ,        ,        ,                                        ,Route Slip                              ,                                        ,  ,
390041440013     ,2005/09/14,          ,2005/09/30,05-198087           ,Fee conveyance                          ,                                        ,                                        ,        ,        ,0                                       ,Quitclaim apartment deed                ,                                        ,  ,
390041440013     ,2003/09/15,          ,2003/09/18,03-200240           ,Fee conveyance                          ,                                        ,                                        ,        ,        ,0                                       ,Apartment deed                          ,Other                                   ,7 ,Improved
390041440013     ,2003/09/10,    332000,2003/09/18,03-200239           ,Fee conveyance                          ,                                        ,                                        ,        ,        ,332                                     ,Apartment deed                          ,Valid Sale                              ,0 ,Improved
390041440013     ,1999/05/20,    166000,1999/05/26,9900084189          ,Fee conveyance                          ,                                        ,                                        ,        ,        ,166.00                                  ,                                        ,Valid                                   ,X ,Improved
390041440013     ,1989/11/30,    175000,1989/11/30,8900182232          ,Fee conveyance                          ,                                        ,                                        ,23930   ,565     ,87.50                                   ,                                        ,Valid                                   ,X ,Improved
390041440013     ,1989/06/05,          ,1989/06/07,8900083507          ,                                        ,                                        ,                                        ,23272   ,29      ,                                        ,                                        ,                                        ,  ,
390041440014     ,2021/03/01,    650000,2021/03/08,A77370188           ,Fee conveyance                          ,                                        ,                                        ,        ,        ,1625                                    ,Apartment deed                          ,Valid Sale                              ,0 ,Improved
390041440014     ,2010/09/15,          ,2010/09/15,                    ,Route slip                              ,                                        ,                                        ,        ,        ,                                        ,Route Slip                              ,                                        ,  ,
390041440014     ,2009/02/17,    420000,2009/02/23,09-025872           ,Fee conveyance                          ,                                        ,                                        ,        ,        ,420                                     ,Trustee's limited warranty deed         ,                                        ,  ,
390041440014     ,2006/02/22,          ,2006/03/03,06-040911           ,Fee conveyance                          ,                                        ,                                        ,        ,        ,0                                       ,Quitclaim apartment deed                ,                                        ,  ,
390041440014     ,2006/02/10,    670000,2006/03/01,06-039402           ,Fee conveyance                          ,                                        ,                                        ,        ,        ,1675                                    ,Apartment deed                          ,                                        ,  ,
390041440014     ,1999/05/03,    178000,1999/06/07,9900092105          ,Fee conveyance                          ,                                        ,                                        ,        ,        ,178.00                                  ,                                        ,Valid                                   ,X ,Improved
390041440014     ,1992/01/22,          ,1992/07/16,9200113982          ,Fee conveyance                          ,                                        ,                                        ,        ,        ,0.00                                    ,                                        ,                                        ,  ,
390041440014     ,1989/10/20,    158000,1989/10/20,8900161395          ,Fee conveyance                          ,                                        ,                                        ,23786   ,673     ,79.00                                   ,                                        ,Valid                                   ,X ,Improved
390041440014     ,1989/06/05,          ,1989/06/07,8900083507          ,                                        ,                                        ,                                        ,23272   ,29      ,                                        ,                                        ,                                        ,  ,
390041440015     ,2020/10/29,          ,2020/11/06,A76150702           ,Fee conveyance                          ,                                        ,                                        ,        ,        ,                                        ,Apartment deed                          ,                                        ,  ,
390041440015     ,2020/08/15,    789000,2020/08/20,A75370158           ,Fee conveyance                          ,                                        ,                                        ,        ,        ,1972.5                                  ,Exchange deed                           ,Valid Sale                              ,0 ,Improved
390041440015     ,2020/04/26,          ,2020/05/18,A74430483           ,Fee conveyance                          ,                                        ,                                        ,        ,        ,                                        ,Apartment deed                          ,                                        ,  ,
390041440015     ,2017/11/20,    695000,2017/11/27,A65400331           ,Fee conveyance                          ,                                        ,                                        ,        ,        ,1737.5                                  ,Exchange deed                           ,Valid Sale                              ,0 ,Improved
390041440015     ,2010/09/15,          ,2010/09/15,                    ,Route slip                              ,                                        ,                                        ,        ,        ,                                        ,Route Slip                              ,                                        ,  ,
390041440015     ,2002/11/06,      1001,2002/11/13,02-201672           ,Fee conveyance                          ,                                        ,                                        ,        ,        ,1.00                                    ,Apartment deed                          ,Other                                   ,7 ,
390041440015     ,2002/05/23,      1001,2002/06/04,02-097358           ,Fee conveyance                          ,                                        ,                                        ,        ,        ,1.00                                    ,Apartment deed                          ,                                        ,  ,
390041440015     ,2000/04/19,          ,2000/05/11,0000064293          ,Fee conveyance                          ,                                        ,                                        ,        ,        ,1.00                                    ,                                        ,                                        ,  ,
390041440015     ,2000/04/12,    308000,2000/04/19,0000052214          ,Fee conveyance                          ,                                        ,                                        ,        ,        ,308.00                                  ,                                        ,Valid                                   ,X ,Improved
390041440015     ,1990/02/27,          ,          ,0000000000          ,                                        ,                                        ,                                        ,        ,        ,                                        ,                                        ,                                        ,  ,
390041440015     ,1989/06/05,          ,1989/06/07,8900083507          ,                                        ,                                        ,                                        ,23272   ,29      ,                                        ,                                        ,                                        ,  ,
390041440016     ,2022/11/08,          ,2022/11/29,A83680362           ,Fee conveyance                          ,                                        ,                                        ,        ,        ,                                        ,Deed to trust                           ,                                        ,  ,
390041440016     ,2015/07/20,    610000,2015/07/31,A56900662           ,Fee conveyance                          ,                                        ,                                        ,        ,        ,1525                                    ,Warranty deed                           ,Valid Sale                              ,0 ,Improved
390041440016     ,2014/08/20,          ,2014/08/26,A53510223           ,Fee conveyance                          ,                                        ,                                        ,        ,        ,                                        ,Warranty deed                           ,                                        ,  ,
390041440016     ,2013/10/30,          ,2013/11/18,A50700091           ,Fee conveyance                          ,                                        ,                                        ,        ,        ,0                                       ,Warranty deed                           ,                                        ,  ,Improved
390041440016     ,2010/09/15,          ,2010/09/15,                    ,Route slip                              ,                                        ,                                        ,        ,        ,                                        ,Route Slip                              ,                                        ,  ,
390041440016     ,2008/12/31,          ,2008/12/31,                    ,Route slip                              ,                                        ,                                        ,        ,        ,                                        ,Route Slip                              ,                                        ,  ,
390041440016     ,2008/01/04,    610000,2008/01/24,08-010430           ,Fee conveyance                          ,                                        ,                                        ,        ,        ,1525                                    ,Apartment deed                          ,Valid Sale                              ,0 ,Improved
390041440016     ,2002/02/08,          ,2002/03/18,02-046401           ,Fee conveyance                          ,                                        ,                                        ,        ,        ,                                        ,Deed                                    ,                                        ,  ,
390041440016     ,2000/02/28,    270000,2000/03/01,0000027945          ,Fee conveyance                          ,                                        ,                                        ,        ,        ,270.00                                  ,                                        ,Valid Sale                              ,0 ,Improved
390041440016     ,1991/11/25,    303000,1991/11/27,9100162468          ,Fee conveyance                          ,                                        ,                                        ,        ,        ,151.50                                  ,                                        ,Valid Sale                              ,0 ,Improved
390041440016     ,1989/10/11,    168000,1989/10/20,8900161389          ,Fee conveyance                          ,                                        ,                                        ,23786   ,605     ,84.00                                   ,                                        ,Valid Sale                              ,0 ,Improved
390041440016     ,1989/06/05,          ,1989/06/07,8900083507          ,                                        ,                                        ,                                        ,23272   ,29      ,                                        ,                                        ,                                        ,  ,
390041440017     ,2010/09/15,          ,2010/09/15,                    ,Route slip                              ,                                        ,                                        ,        ,        ,                                        ,Route Slip                              ,                                        ,  ,
390041440017     ,1999/04/27,    248000,1999/05/07,9900071794          ,Fee conveyance                          ,                                        ,                                        ,        ,        ,248.00                                  ,                                        ,Valid                                   ,X ,Improved
390041440017     ,1998/02/28,          ,1998/03/09,9800030495          ,Fee conveyance                          ,                                        ,                                        ,        ,        ,0.00                                    ,                                        ,                                        ,  ,
390041440017     ,1998/02/18,          ,1998/02/27,9800025497          ,Fee conveyance                          ,                                        ,                                        ,        ,        ,0.00                                    ,                                        ,                                        ,  ,
390041440017     ,1995/10/24,          ,1995/11/07,9500144633          ,Fee conveyance                          ,                                        ,                                        ,        ,        ,0.00                                    ,                                        ,                                        ,  ,
390041440017     ,1989/12/24,    249000,1990/01/02,9000000259          ,Fee conveyance                          ,                                        ,                                        ,        ,        ,124.50                                  ,                                        ,Valid                                   ,X ,Improved
390041440017     ,1989/10/26,    183000,1989/10/26,8900164217          ,Fee conveyance                          ,                                        ,                                        ,23805   ,377     ,91.50                                   ,                                        ,                                        ,  ,
390041440017     ,1989/06/05,          ,1989/06/07,8900083507          ,                                        ,                                        ,                                        ,23272   ,29      ,                                        ,                                        ,                                        ,  ,
390041440018     ,2010/09/15,          ,2010/09/15,                    ,Route slip                              ,                                        ,                                        ,        ,        ,                                        ,Route Slip                              ,                                        ,  ,
390041440018     ,2002/10/31,    365000,2002/11/06,02-199619           ,Fee conveyance                          ,                                        ,                                        ,        ,        ,365.00                                  ,Warranty deed                           ,Valid Sale                              ,0 ,Improved
390041440018     ,1998/10/30,          ,1999/03/22,9900042704          ,Fee conveyance                          ,                                        ,                                        ,        ,        ,0.00                                    ,                                        ,                                        ,  ,
390041440018     ,1993/06/17,    275000,1993/06/24,9300101546          ,Fee conveyance                          ,                                        ,                                        ,        ,        ,137.50                                  ,                                        ,Valid                                   ,X ,Improved
390041440018     ,1989/10/31,    183000,1989/10/31,8900167131          ,Fee conveyance                          ,                                        ,                                        ,23825   ,660     ,91.50                                   ,                                        ,Valid                                   ,X ,Improved
390041440018     ,1989/06/05,          ,1989/06/07,8900083507          ,                                        ,                                        ,                                        ,23272   ,29      ,                                        ,                                        ,                                        ,  ,
390041440019     ,2022/02/11,   1123000,2022/02/24,A80900250           ,Fee conveyance                          ,                                        ,                                        ,        ,        ,4492                                    ,Apartment deed                          ,Valid Sale                              ,0 ,Improved
390041440019     ,2013/01/28,    629000,2013/01/31,A47790527           ,Fee conveyance                          ,                                        ,                                        ,        ,        ,1572.5                                  ,Apartment deed                          ,Valid Sale                              ,0 ,Improved
390041440019     ,2010/09/15,          ,2010/09/15,                    ,Route slip                              ,                                        ,                                        ,        ,        ,                                        ,Route Slip                              ,                                        ,  ,
390041440019     ,2003/01/17,    385000,2003/01/22,03-011072           ,Fee conveyance                          ,                                        ,                                        ,        ,        ,385                                     ,Apartment deed                          ,Valid Sale                              ,0 ,Improved
390041440019     ,1989/10/19,    173000,1989/10/25,8900163333          ,Fee conveyance                          ,                                        ,                                        ,23799   ,481     ,86.50                                   ,                                        ,Valid                                   ,X ,Improved
390041440019     ,1989/06/05,          ,1989/06/07,8900083507          ,                                        ,                                        ,                                        ,23272   ,29      ,                                        ,                                        ,                                        ,  ,
390041440020     ,2016/09/22,          ,2016/10/21,A61380950           ,Fee conveyance                          ,                                        ,                                        ,        ,        ,0                                       ,Apartment deed                          ,                                        ,  ,
390041440020     ,2010/09/15,          ,2010/09/15,                    ,Route slip                              ,                                        ,                                        ,        ,        ,                                        ,Route Slip                              ,                                        ,  ,
390041440020     ,2000/05/31,          ,2000/07/28,0000104795          ,Fee conveyance                          ,                                        ,                                        ,        ,        ,0.00                                    ,                                        ,                                        ,  ,
390041440020     ,1989/10/24,    205000,1989/10/24,8900179469          ,Fee conveyance                          ,                                        ,                                        ,23911   ,239     ,102.50                                  ,                                        ,Valid                                   ,X ,Improved
390041440020     ,1989/06/05,          ,1989/06/07,8900083507          ,                                        ,                                        ,                                        ,23272   ,29      ,                                        ,                                        ,                                        ,  ,
390041440021     ,2022/04/09,   1180000,2022/04/25,A81500293           ,Fee conveyance                          ,                                        ,                                        ,        ,        ,4720                                    ,Apartment deed                          ,Valid Sale                              ,0 ,Improved
390041440021     ,2010/09/15,          ,2010/09/15,                    ,Route slip                              ,                                        ,                                        ,        ,        ,                                        ,Route Slip                              ,                                        ,  ,
390041440021     ,1998/02/10,          ,1998/02/19,9800021498          ,Fee conveyance                          ,                                        ,                                        ,        ,        ,0.00                                    ,                                        ,                                        ,  ,
390041440021     ,1989/10/20,    173000,1989/10/20,8900161398          ,Fee conveyance                          ,                                        ,                                        ,23876   ,700     ,86.50                                   ,                                        ,Valid                                   ,X ,Improved
390041440021     ,1989/06/05,          ,1989/06/07,8900083507          ,                                        ,                                        ,                                        ,23272   ,29      ,                                        ,                                        ,                                        ,  ,
390041440022     ,2022/05/11,   1300000,2022/05/17,A81720402           ,Fee conveyance                          ,                                        ,                                        ,        ,        ,5200                                    ,Apartment deed                          ,Valid Sale                              ,0 ,Improved
390041440022     ,2019/05/21,    526000,2019/05/24,A70830191           ,Fee conveyance                          ,                                        ,                                        ,        ,        ,789                                     ,Commissioner's deed                     ,REO/Short sale                          ,R ,
390041440022     ,2010/09/15,          ,2010/09/15,                    ,Route slip                              ,                                        ,                                        ,        ,        ,                                        ,Route Slip                              ,                                        ,  ,
390041440022     ,2005/03/17,    560000,2005/03/23,05-056914           ,Fee conveyance                          ,                                        ,                                        ,        ,        ,560                                     ,Apartment deed                          ,Valid Sale                              ,0 ,Improved
390041440022     ,1990/03/15,          ,1991/01/18,9100007103          ,Fee conveyance                          ,                                        ,                                        ,        ,        ,0.00                                    ,                                        ,                                        ,  ,
390041440022     ,1989/10/11,    188000,1989/10/20,8900161388          ,Fee conveyance                          ,                                        ,                                        ,23786   ,591     ,94.00                                   ,                                        ,Valid                                   ,X ,Improved
390041440022     ,1989/06/06,          ,1991/01/18,9100007102          ,Fee conveyance                          ,                                        ,                                        ,        ,        ,0.00                                    ,                                        ,                                        ,  ,
390041440022     ,1989/06/05,          ,1989/06/07,8900083507          ,                                        ,                                        ,                                        ,23272   ,29      ,                                        ,                                        ,                                        ,  ,
390041440023     ,2019/12/05,    825000,2019/12/11,A72840230           ,Fee conveyance                          ,                                        ,                                        ,        ,        ,2062.5                                  ,Warranty deed                           ,Valid Sale                              ,0 ,Improved
390041440023     ,2012/07/02,    800000,2012/07/11,A45750075           ,Fee conveyance                          ,                                        ,                                        ,        ,        ,2000                                    ,Apartment deed                          ,Valid Sale                              ,0 ,Improved
390041440023     ,2010/09/15,          ,2010/09/15,                    ,Route slip                              ,                                        ,                                        ,        ,        ,                                        ,Route Slip                              ,                                        ,  ,
390041440023     ,2006/03/23,          ,2006/03/29,06-059068           ,Fee conveyance                          ,                                        ,                                        ,        ,        ,0                                       ,Apartment deed                          ,                                        ,  ,
390041440023     ,1997/04/28,    283000,1997/05/09,9700060440          ,Fee conveyance                          ,                                        ,                                        ,        ,        ,283.00                                  ,                                        ,Valid                                   ,X ,Improved
390041440023     ,1993/02/12,          ,1993/04/15,9300059772          ,Fee conveyance                          ,                                        ,                                        ,        ,        ,0.00                                    ,                                        ,                                        ,  ,
390041440023     ,1990/02/08,    310000,1990/02/15,9000022536          ,Fee conveyance                          ,                                        ,                                        ,        ,        ,155.00                                  ,                                        ,                                        ,  ,
390041440023     ,1989/10/25,    193000,1989/10/25,8900163335          ,Fee conveyance                          ,                                        ,                                        ,23799   ,508     ,96.50                                   ,                                        ,Valid                                   ,X ,Improved
390041440023     ,1989/06/05,          ,1989/06/07,8900083507          ,                                        ,                                        ,                                        ,23272   ,29      ,                                        ,                                        ,                                        ,  ,
390041440024     ,2021/08/31,          ,2021/10/14,A79571531           ,Fee conveyance                          ,                                        ,                                        ,        ,        ,                                        ,Quitclaim deed                          ,                                        ,  ,
390041440024     ,2010/09/15,          ,2010/09/15,                    ,Route slip                              ,                                        ,                                        ,        ,        ,                                        ,Route Slip                              ,                                        ,  ,
390041440024     ,2010/05/13,    595000,2010/05/19,10-068639           ,Fee conveyance                          ,                                        ,                                        ,        ,        ,1487.5                                  ,Apartment deed                          ,Valid Sale                              ,0 ,Improved
390041440024     ,2004/02/09,    570900,2004/02/13,04-030626           ,Fee conveyance                          ,                                        ,                                        ,        ,        ,570.9                                   ,Apartment deed                          ,Valid Sale                              ,0 ,Improved
390041440024     ,1998/06/25,          ,1998/07/09,9800098888          ,Fee conveyance                          ,                                        ,                                        ,        ,        ,0.00                                    ,                                        ,                                        ,  ,
390041440024     ,1998/06/25,          ,1998/07/09,9800098889          ,Fee conveyance                          ,                                        ,                                        ,        ,        ,0.00                                    ,                                        ,                                        ,  ,
390041440024     ,1998/06/25,    240000,1998/07/17,9800103968          ,Fee conveyance                          ,                                        ,                                        ,        ,        ,240.00                                  ,                                        ,Valid                                   ,X ,Improved
390041440024     ,1996/08/19,          ,1996/10/04,9600143036          ,Fee conveyance                          ,                                        ,                                        ,        ,        ,                                        ,                                        ,                                        ,  ,
390041440024     ,1990/07/16,    350000,1990/07/31,9000116182          ,Fee conveyance                          ,                                        ,                                        ,        ,        ,175.00                                  ,                                        ,Abnormal financing                      ,6 ,Improved
390041440024     ,1989/11/29,    245000,1989/11/29,8900181460          ,Fee conveyance                          ,                                        ,                                        ,23925   ,115     ,122.50                                  ,                                        ,Abnormal financing                      ,6 ,Improved
390041440024     ,1989/06/05,          ,1989/06/07,8900083507          ,                                        ,                                        ,                                        ,23272   ,29      ,                                        ,                                        ,                                        ,  ,
390041440025     ,2010/09/15,          ,2010/09/15,                    ,Route slip                              ,                                        ,                                        ,        ,        ,                                        ,Route Slip                              ,                                        ,  ,
390041440025     ,2004/07/03,    105000,2004/07/21,04-148314           ,Fee conveyance                          ,                                        ,                                        ,        ,        ,105                                     ,Apartment deed                          ,Other                                   ,7 ,Improved
390041440025     ,1998/07/23,          ,          ,0000000000          ,                                        ,                                        ,                                        ,        ,        ,                                        ,                                        ,                                        ,  ,
390041440025     ,1993/10/01,          ,          ,0000000000          ,                                        ,                                        ,                                        ,        ,        ,                                        ,                                        ,                                        ,  ,
390041440025     ,1989/10/26,    195000,1989/10/26,8900164215          ,Fee conveyance                          ,                                        ,                                        ,23805   ,350     ,97.50                                   ,                                        ,Valid                                   ,X ,Improved
390041440025     ,1989/10/17,    265000,1989/10/26,8900164216          ,Fee conveyance                          ,                                        ,                                        ,23805   ,364     ,132.50                                  ,                                        ,                                        ,  ,
390041440025     ,1989/06/05,          ,1989/06/07,8900083507          ,                                        ,                                        ,                                        ,23272   ,29      ,                                        ,                                        ,                                        ,  ,
390041440025     ,1900/01/01,          ,1999/12/29,0000000000          ,                                        ,                                        ,                                        ,        ,        ,                                        ,                                        ,                                        ,  ,
390041440026     ,2010/09/15,          ,2010/09/15,                    ,Route slip                              ,                                        ,                                        ,        ,        ,                                        ,Route Slip                              ,                                        ,  ,
390041440026     ,2006/10/23,      1000,2006/11/16,06-209662           ,Fee conveyance                          ,                                        ,                                        ,        ,        ,1.5                                     ,Apartment deed                          ,                                        ,  ,
390041440026     ,1989/10/17,    225000,1989/10/25,8900163330          ,Fee conveyance                          ,                                        ,                                        ,23799   ,453     ,112.50                                  ,                                        ,Valid                                   ,X ,Improved
390041440026     ,1989/06/05,          ,1989/06/07,8900083507          ,                                        ,                                        ,                                        ,23272   ,29      ,                                        ,                                        ,                                        ,  ,
390041440027     ,2014/06/25,          ,2014/07/16,A53100559           ,Fee conveyance                          ,                                        ,                                        ,        ,        ,0                                       ,Apartment deed                          ,                                        ,  ,
390041440027     ,2010/09/15,          ,2010/09/15,                    ,Route slip                              ,                                        ,                                        ,        ,        ,                                        ,Route Slip                              ,                                        ,  ,
390041440027     ,1999/09/24,    275000,1999/09/30,9900157049          ,Fee conveyance                          ,                                        ,                                        ,        ,        ,275.00                                  ,                                        ,Valid Sale                              ,0 ,Improved
390041440027     ,1989/10/20,    183000,1989/10/20,8900161401          ,Fee conveyance                          ,                                        ,                                        ,23786   ,726     ,91.50                                   ,                                        ,Valid Sale                              ,0 ,Improved
390041440027     ,1989/06/05,          ,1989/06/07,8900083507          ,                                        ,                                        ,                                        ,23272   ,29      ,                                        ,                                        ,                                        ,  ,
390041440028     ,2014/04/22,    805000,2014/04/25,A52280111           ,Fee conveyance                          ,                                        ,                                        ,        ,        ,2012.5                                  ,Exchange deed                           ,Valid Sale                              ,0 ,Improved
390041440028     ,2010/09/15,          ,2010/09/15,                    ,Route slip                              ,                                        ,                                        ,        ,        ,                                        ,Route Slip                              ,                                        ,  ,
390041440028     ,2003/09/23,          ,2003/09/30,03-211325           ,Fee conveyance                          ,                                        ,                                        ,        ,        ,0                                       ,Apartment deed                          ,Related individuals                     ,4 ,Improved
390041440028     ,2000/05/26,    400000,2000/06/23,0000086163          ,Fee conveyance                          ,                                        ,                                        ,        ,        ,400.00                                  ,                                        ,Valid                                   ,X ,Improved
390041440028     ,2000/03/29,    315000,2000/04/05,0000045285          ,Fee conveyance                          ,                                        ,                                        ,        ,        ,315.00                                  ,                                        ,Valid                                   ,X ,Improved
390041440028     ,1989/10/20,    235000,1989/10/20,8900161385          ,Fee conveyance                          ,                                        ,                                        ,23786   ,552     ,117.50                                  ,                                        ,Valid                                   ,X ,Improved
390041440028     ,1989/06/05,          ,1989/06/07,8900083507          ,                                        ,                                        ,                                        ,23272   ,29      ,                                        ,                                        ,                                        ,  ,
390041440029     ,2016/02/29,          ,2016/03/21,A59240947           ,Fee conveyance                          ,                                        ,                                        ,        ,        ,0                                       ,Apartment deed                          ,                                        ,  ,
390041440029     ,2010/09/15,          ,2010/09/15,                    ,Route slip                              ,                                        ,                                        ,        ,        ,                                        ,Route Slip                              ,                                        ,  ,
390041440029     ,2007/01/23,    665000,2007/01/30,07-017085           ,Fee conveyance                          ,                                        ,                                        ,        ,        ,1662.5                                  ,Apartment deed                          ,Valid Sale                              ,0 ,Improved
390041440029     ,1990/03/06,    175000,1990/03/06,9000031746          ,Fee conveyance                          ,                                        ,                                        ,        ,        ,87.50                                   ,                                        ,                                        ,  ,
390041440029     ,1990/02/01,    175000,          ,                    ,Fee conveyance                          ,                                        ,                                        ,        ,        ,                                        ,                                        ,Valid                                   ,X ,Improved
390041440029     ,1989/06/05,          ,1989/06/07,8900083507          ,                                        ,                                        ,                                        ,23272   ,29      ,                                        ,                                        ,                                        ,  ,
390041440029     ,1900/01/01,     25000,1994/06/03,9400094169          ,Fee conveyance                          ,                                        ,                                        ,        ,        ,25.00                                   ,                                        ,                                        ,  ,
390041440030     ,2024/06/24,    750000,2024/07/08,A89550134           ,Fee conveyance                          ,                                        ,                                        ,        ,        ,1875                                    ,Apartment deed                          ,Valid Sale                              ,0 ,Improved
390041440030     ,2017/04/17,          ,2017/04/21,A63201100           ,Fee conveyance                          ,                                        ,                                        ,        ,        ,0                                       ,Quitclaim apartment deed                ,                                        ,  ,
390041440030     ,2010/09/15,          ,2010/09/15,                    ,Route slip                              ,                                        ,                                        ,        ,        ,                                        ,Route Slip                              ,                                        ,  ,
390041440030     ,1989/12/08,    175000,1989/12/08,8900187092          ,Fee conveyance                          ,                                        ,                                        ,23965   ,1       ,87.50                                   ,                                        ,Valid                                   ,X ,Improved
390041440030     ,1989/06/05,          ,1989/06/07,8900083507          ,                                        ,                                        ,                                        ,23272   ,29      ,                                        ,                                        ,                                        ,  ,
390041440031     ,2016/02/29,          ,2016/03/21,A59240948           ,Fee conveyance                          ,                                        ,                                        ,        ,        ,0                                       ,Apartment deed                          ,                                        ,  ,
390041440031     ,2010/09/15,          ,2010/09/15,                    ,Route slip                              ,                                        ,                                        ,        ,        ,                                        ,Route Slip                              ,                                        ,  ,
390041440031     ,2008/04/21,    555000,2008/05/05,08-071129           ,Fee conveyance                          ,                                        ,                                        ,        ,        ,832.5                                   ,Apartment deed                          ,Valid Sale                              ,0 ,Improved
390041440031     ,2003/01/08,    270000,2003/01/17,03-009275           ,Fee conveyance                          ,                                        ,                                        ,        ,        ,270                                     ,Apartment deed                          ,Valid Sale                              ,0 ,Improved
390041440031     ,1989/12/15,    165000,1989/12/15,8900192416          ,Fee conveyance                          ,                                        ,                                        ,24003   ,163     ,82.50                                   ,                                        ,Valid                                   ,X ,Improved
390041440031     ,1989/06/05,          ,1989/06/07,8900083507          ,                                        ,                                        ,                                        ,23272   ,29      ,                                        ,                                        ,                                        ,  ,
390041440032     ,2010/09/15,          ,2010/09/15,                    ,Route slip                              ,                                        ,                                        ,        ,        ,                                        ,Route Slip                              ,                                        ,  ,
390041440032     ,2000/02/18,    220000,2000/02/29,0000026447          ,Fee conveyance                          ,                                        ,                                        ,        ,        ,220.00                                  ,                                        ,Valid                                   ,X ,Improved
390041440032     ,1990/12/26,    210000,1990/12/28,9000198504          ,Fee conveyance                          ,                                        ,                                        ,        ,        ,105.00                                  ,                                        ,Valid                                   ,X ,Improved
390041440032     ,1990/12/21,    210000,1990/12/28,9000198503          ,Fee conveyance                          ,                                        ,                                        ,        ,        ,105.00                                  ,                                        ,Valid                                   ,X ,Improved
390041440032     ,1989/10/29,    145000,1989/10/29,8900181455          ,Fee conveyance                          ,                                        ,                                        ,23925   ,55      ,72.50                                   ,                                        ,Valid                                   ,X ,Improved
390041440032     ,1989/06/05,          ,1989/06/07,8900083507          ,                                        ,                                        ,                                        ,23272   ,29      ,                                        ,                                        ,                                        ,  ,
390041440033     ,2025/03/27,          ,2025/04/11,A9232000310         ,Fee conveyance                          ,                                        ,                                        ,        ,        ,                                        ,Apartment deed                          ,                                        ,  ,
390041440033     ,2022/12/22,   1025000,2023/01/06,A84060168           ,Fee conveyance                          ,                                        ,                                        ,        ,        ,4100                                    ,Apartment deed                          ,Valid Sale                              ,0 ,Improved
390041440033     ,2018/07/11,    517500,2018/07/23,A67780600           ,Fee conveyance                          ,                                        ,                                        ,        ,        ,776.3                                   ,Exchange deed                           ,Valid Sale                              ,0 ,Improved
390041440033     ,2017/10/02,          ,2017/10/09,A64910021           ,Fee conveyance                          ,                                        ,                                        ,        ,        ,0                                       ,Warranty deed                           ,                                        ,  ,
390041440033     ,2016/11/21,      1000,2016/12/15,A61930166           ,Fee conveyance                          ,                                        ,                                        ,        ,        ,1.5                                     ,Warranty deed                           ,                                        ,  ,
390041440033     ,2010/09/15,          ,2010/09/15,                    ,Route slip                              ,                                        ,                                        ,        ,        ,                                        ,Route Slip                              ,                                        ,  ,
390041440033     ,2008/04/09,          ,2008/05/28,08-085652           ,Fee conveyance                          ,                                        ,                                        ,        ,        ,0                                       ,Warranty deed                           ,                                        ,  ,
390041440033     ,2008/04/09,          ,2008/05/28,08-085651           ,Fee conveyance                          ,                                        ,                                        ,        ,        ,0                                       ,Warranty deed                           ,                                        ,  ,
390041440033     ,2003/04/07,          ,2003/06/10,03-116488           ,Fee conveyance                          ,                                        ,                                        ,        ,        ,0                                       ,Deed                                    ,                                        ,  ,
390041440033     ,2000/11/15,    249000,2000/11/24,00-164603           ,Fee conveyance                          ,                                        ,                                        ,        ,        ,249.00                                  ,Apartment deed                          ,Valid Sale                              ,0 ,Improved
390041440033     ,1994/08/01,    175000,          ,                    ,Fee conveyance                          ,                                        ,                                        ,        ,        ,                                        ,                                        ,Foreclosure                             ,5 ,Improved
390041440033     ,1989/12/11,    145000,1989/12/11,8900188576          ,Fee conveyance                          ,                                        ,                                        ,23978   ,679     ,72.50                                   ,                                        ,Valid                                   ,X ,Improved
390041440033     ,1989/06/05,          ,1989/06/07,8900083507          ,                                        ,                                        ,                                        ,23272   ,29      ,                                        ,                                        ,                                        ,  ,
390041440033     ,1900/01/01,    175000,1994/08/17,9400136776          ,Fee conveyance                          ,                                        ,                                        ,        ,        ,175.00                                  ,                                        ,                                        ,  ,
390041440034     ,2020/12/04,    575000,2020/12/09,A76480131           ,Fee conveyance                          ,                                        ,                                        ,        ,        ,862.5                                   ,Apartment deed                          ,Valid Sale                              ,0 ,Improved
390041440034     ,2020/07/27,    560000,2020/07/28,A75140201           ,Fee conveyance                          ,                                        ,                                        ,        ,        ,846                                     ,Apartment deed                          ,Other                                   ,2 ,Improved
390041440034     ,2013/11/23,    455000,2013/11/29,A50810382           ,Fee conveyance                          ,                                        ,                                        ,        ,        ,682.5                                   ,Apartment deed                          ,Valid Sale                              ,0 ,Improved
390041440034     ,2010/09/15,          ,2010/09/15,                    ,Route slip                              ,                                        ,                                        ,        ,        ,                                        ,Route Slip                              ,                                        ,  ,
390041440034     ,2009/12/12,    420000,2009/12/16,09-191167           ,Fee conveyance                          ,                                        ,                                        ,        ,        ,630                                     ,Apartment deed                          ,Valid Sale                              ,0 ,Improved
390041440034     ,2004/07/16,    436000,2004/09/15,04-188659           ,Fee conveyance                          ,                                        ,                                        ,        ,        ,436                                     ,Apartment deed                          ,Valid Sale                              ,0 ,Improved
390041440034     ,1989/12/22,    145000,1989/12/22,8900197863          ,Fee conveyance                          ,                                        ,                                        ,24038   ,167     ,72.50                                   ,                                        ,Valid                                   ,X ,Improved
390041440034     ,1989/06/05,          ,1989/06/07,8900083507          ,                                        ,                                        ,                                        ,23272   ,29      ,                                        ,                                        ,                                        ,  ,
390041440035     ,2010/09/15,          ,2010/09/15,                    ,Route slip                              ,                                        ,                                        ,        ,        ,                                        ,Route Slip                              ,                                        ,  ,
390041440035     ,2009/12/04,    415000,2009/12/21,09-193287           ,Fee conveyance                          ,                                        ,                                        ,        ,        ,622.5                                   ,Apartment deed                          ,Valid Sale                              ,0 ,Improved
390041440035     ,2009/03/26,          ,2009/04/14,09-055240           ,Fee conveyance                          ,                                        ,                                        ,        ,        ,0                                       ,Trustee's limited warranty deed         ,                                        ,  ,
390041440035     ,2004/06/10,          ,2004/06/21,04-124071           ,Fee conveyance                          ,                                        ,                                        ,        ,        ,0                                       ,Deed to trust                           ,                                        ,  ,
390041440035     ,2000/10/04,    250000,2000/10/11,0000142481          ,Fee conveyance                          ,                                        ,                                        ,        ,        ,250.00                                  ,                                        ,Valid Sale                              ,0 ,Improved
390041440035     ,1999/02/18,    185000,1999/02/25,9900028694          ,Fee conveyance                          ,                                        ,                                        ,        ,        ,185.00                                  ,                                        ,Valid                                   ,X ,Improved
390041440035     ,1990/07/02,          ,1990/07/24,9000111733          ,Fee conveyance                          ,                                        ,                                        ,        ,        ,0.00                                    ,                                        ,                                        ,  ,
390041440035     ,1989/12/01,    158000,1989/12/01,8900183286          ,Fee conveyance                          ,                                        ,                                        ,23938   ,653     ,79.00                                   ,                                        ,Valid                                   ,X ,Improved
390041440035     ,1989/06/05,          ,1989/06/07,8900083507          ,                                        ,                                        ,                                        ,23272   ,29      ,                                        ,                                        ,                                        ,  ,
390041440036     ,2020/07/29,          ,2020/08/11,A75280661           ,Fee conveyance                          ,                                        ,                                        ,        ,        ,                                        ,Quitclaim deed                          ,                                        ,  ,
390041440036     ,2010/09/15,          ,2010/09/15,                    ,Route slip                              ,                                        ,                                        ,        ,        ,                                        ,Route Slip                              ,                                        ,  ,
390041440036     ,2002/05/28,    285000,2002/06/03,02-096539           ,Fee conveyance                          ,                                        ,                                        ,        ,        ,285.00                                  ,Apartment deed                          ,                                        ,  ,
390041440036     ,1999/06/07,    192000,1999/06/18,9900097373          ,Fee conveyance                          ,                                        ,                                        ,        ,        ,192.00                                  ,                                        ,Valid                                   ,X ,Improved
390041440036     ,1991/05/01,    179000,          ,                    ,Fee conveyance                          ,                                        ,                                        ,        ,        ,                                        ,                                        ,Valid                                   ,X ,Improved
390041440036     ,1991/04/02,    179000,1991/05/13,9100060777          ,Fee conveyance                          ,                                        ,                                        ,        ,        ,89.50                                   ,                                        ,                                        ,  ,
390041440036     ,1990/03/30,    173200,1990/03/30,9000044637          ,Fee conveyance                          ,                                        ,                                        ,        ,        ,86.60                                   ,                                        ,Valid                                   ,X ,Improved
390041440036     ,1989/06/05,          ,1989/06/07,8900083507          ,                                        ,                                        ,                                        ,23272   ,29      ,                                        ,                                        ,                                        ,  ,
390041440037     ,2010/09/15,          ,2010/09/15,                    ,Route slip                              ,                                        ,                                        ,        ,        ,                                        ,Route Slip                              ,                                        ,  ,
390041440037     ,2006/10/25,          ,2006/11/01,06-199726           ,Fee conveyance                          ,                                        ,                                        ,        ,        ,0                                       ,Quitclaim apartment deed                ,                                        ,  ,
390041440037     ,1989/12/22,    154000,1989/12/26,8900198919          ,Fee conveyance                          ,                                        ,                                        ,24045   ,730     ,77.00                                   ,                                        ,Valid                                   ,X ,Improved
390041440037     ,1989/06/05,          ,1989/06/07,8900083507          ,                                        ,                                        ,                                        ,23272   ,29      ,                                        ,                                        ,                                        ,  ,
390041440038     ,2010/09/15,          ,2010/09/15,                    ,Route slip                              ,                                        ,                                        ,        ,        ,                                        ,Route Slip                              ,                                        ,  ,
390041440038     ,2002/02/01,          ,2002/08/22,03-176306           ,Fee conveyance                          ,                                        ,                                        ,        ,        ,0                                       ,Apartment deed                          ,                                        ,  ,
390041440038     ,2000/01/21,    231000,2000/01/27,0000011185          ,Fee conveyance                          ,                                        ,                                        ,        ,        ,231.00                                  ,                                        ,Valid                                   ,X ,Improved
390041440038     ,1991/08/01,    220000,1991/08/05,9100104935          ,Fee conveyance                          ,                                        ,                                        ,        ,        ,110.00                                  ,                                        ,                                        ,  ,
390041440038     ,1989/11/01,    162000,          ,                    ,Fee conveyance                          ,                                        ,                                        ,        ,        ,                                        ,                                        ,Valid                                   ,X ,Improved
390041440038     ,1989/09/25,    162000,1989/11/17,8900176099          ,Fee conveyance                          ,                                        ,                                        ,23886   ,150     ,81.00                                   ,                                        ,                                        ,  ,
390041440038     ,1989/06/05,          ,1989/06/07,8900083507          ,                                        ,                                        ,                                        ,23272   ,29      ,                                        ,                                        ,                                        ,  ,
390041440039     ,2023/09/28,   1250000,2023/10/03,A86760291           ,Fee conveyance                          ,                                        ,                                        ,        ,        ,5000                                    ,Apartment deed                          ,Valid Sale                              ,0 ,Improved
390041440039     ,2012/06/22,    500000,2012/06/27,A45610426           ,Fee conveyance                          ,                                        ,                                        ,        ,        ,750                                     ,Apartment deed                          ,Valid Sale                              ,0 ,Improved
390041440039     ,2010/09/15,          ,2010/09/15,                    ,Route slip                              ,                                        ,                                        ,        ,        ,                                        ,Route Slip                              ,                                        ,  ,
390041440039     ,2000/12/31,          ,2000/12/31,                    ,Route slip                              ,                                        ,                                        ,        ,        ,                                        ,Death                                   ,                                        ,  ,
390041440039     ,1999/04/20,          ,1999/05/10,9900072672          ,Fee conveyance                          ,                                        ,                                        ,        ,        ,0.00                                    ,                                        ,                                        ,  ,
390041440039     ,1989/11/14,    183000,1989/11/14,8900173893          ,Fee conveyance                          ,                                        ,                                        ,23870   ,626     ,91.50                                   ,                                        ,Valid                                   ,X ,Improved
390041440039     ,1989/06/05,          ,1989/06/07,8900083507          ,                                        ,                                        ,                                        ,23272   ,29      ,                                        ,                                        ,                                        ,  ,
390041440040     ,2021/10/18,      1000,2021/11/10,A79840689           ,Fee conveyance                          ,                                        ,                                        ,        ,        ,1.5                                     ,Apartment deed                          ,                                        ,  ,
390041440040     ,2012/05/31,          ,2012/06/14,A45480854           ,Fee conveyance                          ,                                        ,                                        ,        ,        ,0                                       ,Apartment deed                          ,Related individuals                     ,4 ,
390041440040     ,2010/09/15,          ,2010/09/15,                    ,Route slip                              ,                                        ,                                        ,        ,        ,                                        ,Route Slip                              ,                                        ,  ,
390041440040     ,2004/06/09,    575000,2004/06/16,04-120500           ,Fee conveyance                          ,                                        ,                                        ,        ,        ,575                                     ,Apartment deed                          ,Valid Sale                              ,0 ,Improved
390041440040     ,2004/06/08,      1000,2004/06/16,04-120502           ,Fee conveyance                          ,                                        ,                                        ,        ,        ,1                                       ,Apartment deed                          ,                                        ,  ,
390041440040     ,2000/10/09,          ,2000/10/17,0000146388          ,Fee conveyance                          ,                                        ,                                        ,        ,        ,0.00                                    ,                                        ,                                        ,  ,
390041440040     ,2000/10/09,         0,2000/11/08,00-156990           ,Fee conveyance                          ,                                        ,                                        ,        ,        ,0.00                                    ,Apartment deed                          ,                                        ,  ,
390041440040     ,2000/03/01,    260000,          ,                    ,Fee conveyance                          ,                                        ,                                        ,        ,        ,                                        ,                                        ,Valid                                   ,X ,Improved
390041440040     ,2000/02/17,    260000,2000/03/17,0000036064          ,Fee conveyance                          ,                                        ,                                        ,        ,        ,260.00                                  ,                                        ,                                        ,  ,
390041440040     ,1999/12/01,    260000,          ,                    ,Fee conveyance                          ,                                        ,                                        ,        ,        ,                                        ,                                        ,Valid                                   ,X ,Improved
390041440040     ,1999/11/15,          ,1999/12/20,9900200106          ,Fee conveyance                          ,                                        ,                                        ,        ,        ,260.00                                  ,                                        ,                                        ,  ,
390041440040     ,1999/03/02,    216000,1999/03/15,9900037859          ,Fee conveyance                          ,                                        ,                                        ,        ,        ,216.00                                  ,                                        ,Valid                                   ,X ,Improved
390041440040     ,1989/12/27,    225000,1989/12/27,8900199515          ,Fee conveyance                          ,                                        ,                                        ,24049   ,352     ,112.50                                  ,                                        ,Valid                                   ,X ,Improved
390041440040     ,1989/06/05,          ,1989/06/07,8900083507          ,                                        ,                                        ,                                        ,23272   ,29      ,                                        ,                                        ,                                        ,  ,
390041440041     ,2015/03/17,     10000,2015/03/24,A55610631           ,Fee conveyance                          ,                                        ,                                        ,        ,        ,15                                      ,Warranty deed                           ,Other                                   ,2 ,
390041440041     ,2015/01/06,          ,2015/02/11,A55200631           ,Fee conveyance                          ,                                        ,                                        ,        ,        ,0                                       ,Personal representative's deed          ,Other                                   ,2 ,
390041440041     ,2014/05/01,          ,2014/05/01,                    ,Route slip                              ,                                        ,                                        ,        ,        ,                                        ,Death                                   ,                                        ,  ,Improved
390041440041     ,2010/09/15,          ,2010/09/15,                    ,Route slip                              ,                                        ,                                        ,        ,        ,                                        ,Route Slip                              ,                                        ,  ,
390041440041     ,2003/03/03,    399000,2003/03/06,03-040873           ,Fee conveyance                          ,                                        ,                                        ,        ,        ,399                                     ,Apartment deed                          ,Valid Sale                              ,0 ,Improved
390041440041     ,1999/06/29,    216000,1999/07/14,9900112052          ,Fee conveyance                          ,                                        ,                                        ,        ,        ,216.00                                  ,                                        ,Valid Sale                              ,0 ,Improved
390041440041     ,1989/11/29,    186500,1989/11/29,8900181437          ,Fee conveyance                          ,                                        ,                                        ,23924   ,747     ,93.25                                   ,                                        ,Valid Sale                              ,0 ,Improved
390041440041     ,1989/06/05,          ,1989/06/07,8900083507          ,                                        ,                                        ,                                        ,23272   ,29      ,                                        ,                                        ,                                        ,  ,
390041440042     ,2018/08/15,    599999,2018/09/04,A68210175           ,Fee conveyance                          ,                                        ,                                        ,        ,        ,900                                     ,Apartment deed                          ,Valid Sale                              ,0 ,Improved
390041440042     ,2010/09/15,          ,2010/09/15,                    ,Route slip                              ,                                        ,                                        ,        ,        ,                                        ,Route Slip                              ,                                        ,  ,
390041440042     ,2008/06/13,          ,2008/06/27,08-104453           ,Fee conveyance                          ,                                        ,                                        ,        ,        ,0                                       ,Quitclaim apartment deed                ,                                        ,  ,
390041440042     ,2008/06/06,    640000,2008/06/20,08-099950           ,Fee conveyance                          ,                                        ,                                        ,        ,        ,1600                                    ,Apartment deed                          ,Valid Sale                              ,0 ,Improved
390041440042     ,1989/12/21,    168000,1989/12/21,8900196992          ,Fee conveyance                          ,                                        ,                                        ,24032   ,70      ,84.00                                   ,                                        ,Valid                                   ,X ,Improved
390041440042     ,1989/06/05,          ,1989/06/07,8900083507          ,                                        ,                                        ,                                        ,23272   ,29      ,                                        ,                                        ,                                        ,  ,
390041440043     ,2019/03/27,          ,2019/04/11,A70400637           ,Fee conveyance                          ,                                        ,                                        ,        ,        ,0                                       ,Quitclaim deed                          ,                                        ,  ,
390041440043     ,2010/09/15,          ,2010/09/15,                    ,Route slip                              ,                                        ,                                        ,        ,        ,                                        ,Route Slip                              ,                                        ,  ,
390041440043     ,2010/03/30,    533000,2010/04/05,10-044178           ,Fee conveyance                          ,                                        ,                                        ,        ,        ,799.5                                   ,Apartment deed                          ,Valid Sale                              ,0 ,Improved
390041440043     ,1998/01/16,          ,1998/01/29,9800011943          ,Fee conveyance                          ,                                        ,                                        ,        ,        ,0.00                                    ,                                        ,                                        ,  ,
390041440043     ,1998/01/16,    260000,1998/01/29,9800011944          ,Fee conveyance                          ,                                        ,                                        ,        ,        ,260.00                                  ,                                        ,Valid                                   ,X ,Improved
390041440043     ,1996/09/25,    230000,1996/09/30,9600140461          ,A/S on fee                              ,                                        ,                                        ,        ,        ,230.00                                  ,                                        ,Related individuals                     ,4 ,Improved
390041440043     ,1996/02/20,          ,1996/03/21,9600038785          ,Fee conveyance                          ,                                        ,                                        ,        ,        ,0.00                                    ,                                        ,                                        ,  ,
390041440043     ,1989/11/14,    205000,1989/11/14,8900173878          ,Fee conveyance                          ,                                        ,                                        ,23870   ,507     ,102.50                                  ,                                        ,Valid                                   ,X ,Improved
390041440043     ,1989/06/05,          ,1989/06/07,8900083507          ,                                        ,                                        ,                                        ,23272   ,29      ,                                        ,                                        ,                                        ,  ,
390041440044     ,2021/04/01,          ,2021/04/23,A77830637           ,Fee conveyance                          ,                                        ,                                        ,        ,        ,                                        ,Quitclaim deed                          ,                                        ,  ,
390041440044     ,2018/08/10,          ,2018/08/16,A68020388           ,Fee conveyance                          ,                                        ,                                        ,        ,        ,                                        ,Warranty deed                           ,                                        ,  ,
390041440044     ,2013/05/09,    520000,2013/05/15,A48830595           ,Fee conveyance                          ,                                        ,                                        ,        ,        ,780                                     ,Exchange deed                           ,Valid Sale                              ,0 ,Improved
390041440044     ,2010/09/15,          ,2010/09/15,                    ,Route slip                              ,                                        ,                                        ,        ,        ,                                        ,Route Slip                              ,                                        ,  ,
390041440044     ,2010/03/22,          ,2010/03/30,10-041521           ,Fee conveyance                          ,                                        ,                                        ,        ,        ,0                                       ,Deed to trust                           ,Related individuals                     ,4 ,
390041440044     ,1992/08/08,          ,1992/08/20,9200136539          ,Fee conveyance                          ,                                        ,                                        ,        ,        ,0.00                                    ,                                        ,                                        ,  ,
390041440044     ,1990/06/27,    317000,1990/07/03,0090100412          ,A/S on fee                              ,                                        ,                                        ,        ,        ,158.50                                  ,                                        ,Valid                                   ,X ,Improved
390041440044     ,1989/12/14,    168000,1989/12/14,8900191071          ,Fee conveyance                          ,                                        ,                                        ,23994   ,534     ,84.00                                   ,                                        ,Valid                                   ,X ,Improved
390041440044     ,1989/06/05,          ,1989/06/07,8900083507          ,                                        ,                                        ,                                        ,23272   ,29      ,                                        ,                                        ,                                        ,  ,
390041440045     ,2020/05/08,          ,2020/06/01,A74570543           ,Fee conveyance                          ,                                        ,                                        ,        ,        ,                                        ,Quitclaim deed                          ,                                        ,  ,
390041440045     ,2017/06/24,    625540,2017/06/30,A63900595           ,Fee conveyance                          ,                                        ,                                        ,        ,        ,1563.9                                  ,Apartment deed                          ,Valid Sale                              ,0 ,Improved
390041440045     ,2011/05/24,      1500,2011/06/01,11-086504           ,Fee conveyance                          ,                                        ,                                        ,        ,        ,1.5                                     ,Quitclaim apartment deed                ,Related individuals                     ,4 ,
390041440045     ,2011/05/18,    480000,2011/05/23,11-082172           ,Fee conveyance                          ,                                        ,                                        ,        ,        ,720                                     ,Apartment deed                          ,Valid Sale                              ,0 ,Improved
390041440045     ,2010/09/15,          ,2010/09/15,                    ,Route slip                              ,                                        ,                                        ,        ,        ,                                        ,Route Slip                              ,                                        ,  ,
390041440045     ,2004/06/02,    570000,2004/06/08,04-114909           ,Fee conveyance                          ,                                        ,                                        ,        ,        ,570                                     ,Apartment deed                          ,                                        ,  ,
390041440045     ,1999/09/16,    299000,1999/10/20,9900167760          ,Fee conveyance                          ,                                        ,                                        ,        ,        ,299.00                                  ,                                        ,Valid                                   ,X ,Improved
390041440045     ,1997/04/04,    245000,1997/04/18,9700050110          ,Fee conveyance                          ,                                        ,                                        ,        ,        ,245.00                                  ,                                        ,Valid                                   ,X ,Improved
390041440045     ,1989/11/20,    190000,1989/11/20,8900176934          ,Fee conveyance                          ,                                        ,                                        ,23895   ,293     ,95.00                                   ,                                        ,Valid                                   ,X ,Improved
390041440045     ,1989/06/05,          ,1989/06/07,8900083507          ,                                        ,                                        ,                                        ,23272   ,29      ,                                        ,                                        ,                                        ,  ,
390041440046     ,2012/01/25,          ,2012/06/14,A45480306           ,Fee conveyance                          ,                                        ,                                        ,        ,        ,0                                       ,Quitclaim apartment deed                ,Related individuals                     ,4 ,
390041440046     ,2011/12/07,    510533,2011/12/30,A43810698           ,Fee conveyance                          ,                                        ,                                        ,        ,        ,765.8                                   ,Apartment deed                          ,Related individuals                     ,4 ,Improved
390041440046     ,2011/05/10,    518533,2011/05/16,11-078250           ,Fee conveyance                          ,                                        ,                                        ,        ,        ,777.8                                   ,Quitclaim deed                          ,Foreclosure                             ,5 ,Improved
390041440046     ,2010/09/15,          ,2010/09/15,                    ,Route slip                              ,                                        ,                                        ,        ,        ,                                        ,Route Slip                              ,                                        ,  ,
390041440046     ,2005/04/22,          ,2005/05/10,05-092837           ,Fee conveyance                          ,                                        ,                                        ,        ,        ,685                                     ,Apartment deed                          ,                                        ,  ,
390041440046     ,2002/05/09,    340000,2002/06/03,02-096533           ,Fee conveyance                          ,                                        ,                                        ,        ,        ,340.00                                  ,Warranty deed                           ,                                        ,  ,
390041440046     ,1999/08/06,    294000,1999/08/16,9900131539          ,Fee conveyance                          ,                                        ,                                        ,        ,        ,294.00                                  ,                                        ,Valid                                   ,X ,Improved
390041440046     ,1993/05/26,    225000,1993/06/18,9300097165          ,Fee conveyance                          ,                                        ,                                        ,        ,        ,112.50                                  ,                                        ,                                        ,  ,
390041440046     ,1990/01/16,    225000,1990/01/29,9000012089          ,Fee conveyance                          ,                                        ,                                        ,        ,        ,112.50                                  ,                                        ,                                        ,  ,
390041440046     ,1989/12/19,    285000,1990/01/29,9000012090          ,Fee conveyance                          ,                                        ,                                        ,        ,        ,142.50                                  ,                                        ,Valid                                   ,X ,Improved
390041440046     ,1989/06/05,          ,1989/06/07,8900083507          ,                                        ,                                        ,                                        ,23272   ,29      ,                                        ,                                        ,                                        ,  ,
390041440046     ,1900/01/01,          ,1995/09/20,9500120497          ,Fee conveyance                          ,                                        ,                                        ,        ,        ,0.00                                    ,                                        ,                                        ,  ,
390041440047     ,2024/11/13,          ,2025/04/14,A9235000409         ,Recorded document                       ,                                        ,                                        ,        ,        ,                                        ,Affidavit (all types)                   ,                                        ,  ,
390041440047     ,2010/09/15,          ,2010/09/15,                    ,Route slip                              ,                                        ,                                        ,        ,        ,                                        ,Route Slip                              ,                                        ,  ,
390041440047     ,2007/08/13,          ,2007/08/14,                    ,Route slip                              ,                                        ,                                        ,        ,        ,                                        ,Ownership correction                    ,                                        ,  ,
390041440047     ,1989/12/29,    225000,1989/12/29,8900201943          ,Fee conveyance                          ,                                        ,                                        ,24065   ,599     ,112.50                                  ,                                        ,Valid                                   ,X ,Improved
390041440047     ,1989/06/05,          ,1989/06/07,8900083507          ,                                        ,                                        ,                                        ,23272   ,29      ,                                        ,                                        ,                                        ,  ,
390041440047     ,1900/01/01,          ,1996/07/22,9600104067          ,Fee conveyance                          ,                                        ,                                        ,        ,        ,0.00                                    ,                                        ,                                        ,  ,
390041440047     ,1900/01/01,          ,1995/08/29,9500111100          ,Fee conveyance                          ,                                        ,                                        ,        ,        ,0.00                                    ,                                        ,                                        ,  ,
390041440047     ,1900/01/01,          ,1996/09/09,9600129118          ,Fee conveyance                          ,                                        ,                                        ,        ,        ,0.00                                    ,                                        ,                                        ,  ,
390041440048     ,2010/09/15,          ,2010/09/15,                    ,Route slip                              ,                                        ,                                        ,        ,        ,                                        ,Route Slip                              ,                                        ,  ,
390041440048     ,2008/03/03,          ,2008/03/11,08-37675            ,Fee conveyance                          ,                                        ,                                        ,        ,        ,0                                       ,Apartment deed                          ,                                        ,  ,
390041440048     ,1989/11/14,    225000,1989/11/14,8900173880          ,Fee conveyance                          ,                                        ,                                        ,23870   ,528     ,112.50                                  ,                                        ,Valid                                   ,X ,Improved
390041440048     ,1989/06/05,          ,1989/06/07,8900083507          ,                                        ,                                        ,                                        ,23272   ,29      ,                                        ,                                        ,                                        ,  ,
