PARID,SALEDATE,PRICE,RECORDDATE,INSTRUNO,INSTRUTYPE,LANDCOURT_NO,CERT_NO,BOOK,PAGE,CONV_TAX,DOC_TYPE,VALCODE,VALCODE,SALETYP
210080820000     ,2026/04/08,          ,2026/05/29,                    ,Recorded document                       ,T13297219                               ,                                        ,        ,        ,                                        ,Amendment of CPR, HPR or Declaration    ,                                        ,  ,
210080820000     ,2024/09/19,          ,2024/10/25,                    ,Recorded document                       ,T12716184                               ,12716184                                ,        ,        ,                                        ,Amendment of CPR, HPR or Declaration    ,                                        ,  ,
210080820000     ,2007/08/27,          ,2007/09/25,                    ,Route slip                              ,3660140                                 ,                                        ,        ,        ,                                        ,Amendment of CPR, HPR or Declaration    ,                                        ,  ,
210080820000     ,2005/11/02,          ,2005/11/29,                    ,Recorded document                       ,3360984                                 ,                                        ,        ,        ,                                        ,Amendment of CPR, HPR or Declaration    ,                                        ,  ,
210080820000     ,1990/10/29,          ,          ,0000000000          ,                                        ,                                        ,                                        ,        ,        ,                                        ,                                        ,                                        ,  ,
210080820000     ,1989/09/18,          ,1989/09/26,0000000000          ,                                        ,1669456                                 ,315856                                  ,        ,        ,                                        ,                                        ,                                        ,  ,
210080820000     ,1988/07/14,   7440000,1988/07/14,0000000000          ,Fee conveyance                          ,1564562                                 ,315856                                  ,        ,        ,3720.00                                 ,                                        ,Valid Sale                              ,0 ,Improved
210080820000     ,1988/07/14,   6200000,1988/07/14,0000000000          ,Fee conveyance                          ,1564561                                 ,315855                                  ,        ,        ,3100.00                                 ,                                        ,                                        ,  ,
210080820000     ,1900/01/01,          ,1991/10/22,0000000000          ,                                        ,1859392                                 ,315856                                  ,        ,        ,0.00                                    ,                                        ,                                        ,  ,
210080820001     ,2024/09/19,          ,2024/10/25,                    ,Recorded document                       ,T12716184                               ,12716184                                ,        ,        ,                                        ,Amendment of CPR, HPR or Declaration    ,                                        ,  ,
210080820001     ,2010/12/06,    685000,2010/12/13,                    ,Fee conveyance                          ,4028799                                 ,1006535                                 ,        ,        ,1712.5                                  ,Apartment deed                          ,Valid Sale                              ,0 ,Improved
210080820001     ,2009/03/06,          ,2009/04/01,                    ,Fee conveyance                          ,3843965                                 ,941345                                  ,        ,        ,0                                       ,Warranty deed                           ,                                        ,  ,
210080820001     ,2003/02/06,    575000,2003/02/12,                    ,Fee conveyance                          ,2891504                                 ,636802                                  ,        ,        ,575                                     ,Apartment deed                          ,Valid Sale                              ,0 ,Improved
210080820001     ,2002/10/21,    477500,2002/10/25,                    ,Fee conveyance                          ,2854481                                 ,626630                                  ,        ,        ,477.50                                  ,Apartment deed                          ,Valid Sale                              ,0 ,Improved
210080820001     ,1999/04/20,    279000,1999/04/29,0000000000          ,Fee conveyance                          ,2539809                                 ,530,635                                 ,        ,        ,279.00                                  ,                                        ,Valid                                   ,X ,Improved
210080820001     ,1991/04/29,    425000,1991/05/03,0000000000          ,Fee conveyance                          ,1817400                                 ,368854                                  ,        ,        ,212.50                                  ,                                        ,Valid                                   ,X ,Improved
210080820001     ,1990/10/29,          ,          ,0000000000          ,                                        ,                                        ,                                        ,        ,        ,                                        ,                                        ,                                        ,  ,
210080820002     ,2024/09/19,          ,2024/10/25,                    ,Recorded document                       ,T12716184                               ,12716184                                ,        ,        ,                                        ,Amendment of CPR, HPR or Declaration    ,                                        ,  ,
210080820002     ,2020/12/18,   1100000,2021/01/11,                    ,Fee conveyance                          ,T11333162                               ,1206485                                 ,        ,        ,4400                                    ,Apartment deed                          ,Other                                   ,2 ,Improved
210080820002     ,2014/04/16,          ,2014/04/22,                    ,Fee conveyance                          ,T8877076                                ,1077096                                 ,        ,        ,                                        ,Apartment deed                          ,                                        ,  ,
210080820002     ,2006/12/18,          ,2006/12/21,                    ,Land Court Order (all types)            ,168790                                  ,825947                                  ,        ,        ,                                        ,Land Court Order (all types)            ,                                        ,  ,
210080820002     ,2006/09/25,          ,2006/10/02,                    ,Fee conveyance                          ,3490975                                 ,825947                                  ,        ,        ,0                                       ,Quitclaim deed                          ,                                        ,  ,
210080820002     ,2003/03/20,    549000,2003/03/31,                    ,Fee conveyance                          ,2909912                                 ,641114                                  ,        ,        ,549                                     ,Apartment deed                          ,Valid Sale                              ,0 ,Improved
210080820002     ,1993/07/16,    295000,1993/08/06,0000000000          ,Fee conveyance                          ,2052661                                 ,419073                                  ,        ,        ,295.00                                  ,                                        ,Valid Sale                              ,0 ,Improved
210080820002     ,1990/12/03,    467250,1991/01/31,0000000000          ,Fee conveyance                          ,1798059                                 ,365423                                  ,        ,        ,233.60                                  ,                                        ,Valid Sale                              ,0 ,Improved
210080820002     ,1990/10/29,          ,          ,0000000000          ,                                        ,                                        ,                                        ,        ,        ,                                        ,                                        ,                                        ,  ,
210080820003     ,2024/09/19,          ,2024/10/25,                    ,Recorded document                       ,T12716184                               ,12716184                                ,        ,        ,                                        ,Amendment of CPR, HPR or Declaration    ,                                        ,  ,
210080820003     ,2002/07/17,    499500,2002/07/31,                    ,Fee conveyance                          ,2827193                                 ,618346                                  ,        ,        ,499.50                                  ,Warranty deed                           ,Valid Sale                              ,0 ,Improved
210080820003     ,2000/08/25,    400000,2000/09/21,                    ,Fee conveyance                          ,2652391                                 ,563,743                                 ,        ,        ,400.00                                  ,Apartment deed                          ,Valid Sale                              ,0 ,Improved
210080820003     ,1991/02/26,    425000,1991/03/05,0000000000          ,Fee conveyance                          ,1804581                                 ,366848                                  ,        ,        ,212.50                                  ,                                        ,Valid                                   ,X ,Improved
210080820003     ,1990/10/29,          ,          ,0000000000          ,                                        ,                                        ,                                        ,        ,        ,                                        ,                                        ,                                        ,  ,
210080820004     ,2024/09/19,          ,2024/10/25,                    ,Recorded document                       ,T12716184                               ,12716184                                ,        ,        ,                                        ,Amendment of CPR, HPR or Declaration    ,                                        ,  ,
210080820004     ,1997/10/16,    265000,1997/11/13,0000000000          ,Fee conveyance                          ,                                        ,                                        ,        ,        ,265.00                                  ,                                        ,Valid                                   ,X ,Improved
210080820004     ,1993/07/01,   2320013,1993/09/27,0000000000          ,Fee conveyance                          ,2069747                                 ,422371*                                 ,        ,        ,2320.00                                 ,                                        ,                                        ,  ,
210080820004     ,1990/12/13,    467250,1991/01/31,0000000000          ,Fee conveyance                          ,1798080                                 ,365434                                  ,        ,        ,233.60                                  ,                                        ,Other                                   ,2 ,Improved
210080820004     ,1990/10/29,          ,          ,0000000000          ,                                        ,                                        ,                                        ,        ,        ,                                        ,                                        ,                                        ,  ,
210080820005     ,2024/09/19,          ,2024/10/25,                    ,Recorded document                       ,T12716184                               ,12716184                                ,        ,        ,                                        ,Amendment of CPR, HPR or Declaration    ,                                        ,  ,
210080820005     ,2020/04/15,    710000,2020/04/22,                    ,Fee conveyance                          ,T11069115                               ,1192688                                 ,        ,        ,1775                                    ,Exchange deed                           ,Valid Sale                              ,0 ,Improved
210080820005     ,2015/04/23,    615000,2015/05/01,                    ,Fee conveyance                          ,T9251234                                ,1096774                                 ,        ,        ,1537.5                                  ,Apartment deed                          ,Valid Sale                              ,0 ,Improved
210080820005     ,1990/12/13,    320250,1991/02/12,0000000000          ,Fee conveyance                          ,1800676                                 ,365939                                  ,        ,        ,160.10                                  ,                                        ,Valid                                   ,X ,Improved
210080820005     ,1990/10/29,          ,          ,0000000000          ,                                        ,                                        ,                                        ,        ,        ,                                        ,                                        ,                                        ,  ,
210080820006     ,2024/09/19,          ,2024/10/25,                    ,Recorded document                       ,T12716184                               ,12716184                                ,        ,        ,                                        ,Amendment of CPR, HPR or Declaration    ,                                        ,  ,
210080820006     ,2022/03/20,    895000,2022/04/01,                    ,Fee conveyance                          ,T11778062                               ,1234511                                 ,        ,        ,2237.5                                  ,Exchange deed                           ,Other                                   ,2 ,Improved
210080820006     ,2014/11/12,    595000,2014/11/19,                    ,Fee conveyance                          ,T9088398                                ,1088103                                 ,        ,        ,892.5                                   ,Apartment deed                          ,Valid Sale                              ,0 ,Improved
210080820006     ,2010/05/18,          ,2010/05/27,                    ,Fee conveyance                          ,3966828                                 ,983544                                  ,        ,        ,862.5                                   ,Apartment deed                          ,                                        ,  ,Improved
210080820006     ,1996/11/06,    190000,1996/11/27,0000000000          ,Fee conveyance                          ,2350217                                 ,483783                                  ,        ,        ,190.00                                  ,                                        ,Valid Sale                              ,0 ,Improved
210080820006     ,1991/12/01,    325000,          ,                    ,Fee conveyance                          ,                                        ,                                        ,        ,        ,                                        ,                                        ,Valid Sale                              ,0 ,Improved
210080820006     ,1990/12/13,    325000,1991/06/03,0000000000          ,Fee conveyance                          ,1824727                                 ,330616                                  ,        ,        ,162.50                                  ,                                        ,Valid Sale                              ,0 ,Improved
210080820006     ,1990/10/29,          ,          ,0000000000          ,                                        ,                                        ,                                        ,        ,        ,                                        ,                                        ,                                        ,  ,Improved
210080820007     ,2024/10/24,   1390000,2024/10/30,                    ,Fee conveyance                          ,T12721042                               ,1276611                                 ,        ,        ,5560                                    ,Apartment deed                          ,Valid Sale                              ,0 ,Improved
210080820007     ,2024/09/19,          ,2024/10/25,                    ,Recorded document                       ,T12716184                               ,12716184                                ,        ,        ,                                        ,Amendment of CPR, HPR or Declaration    ,                                        ,  ,
210080820007     ,2023/04/28,   1381000,2023/05/18,                    ,Fee conveyance                          ,T12190080                               ,1253656                                 ,        ,        ,5524                                    ,Apartment deed                          ,Valid Sale                              ,0 ,Improved
210080820007     ,1990/11/29,    404250,1991/01/31,0000000000          ,Fee conveyance                          ,1798061                                 ,365424                                  ,        ,        ,202.10                                  ,                                        ,Valid                                   ,X ,Improved
210080820007     ,1990/10/29,          ,          ,0000000000          ,                                        ,                                        ,                                        ,        ,        ,                                        ,                                        ,                                        ,  ,
210080820008     ,2024/09/19,          ,2024/10/25,                    ,Recorded document                       ,T12716184                               ,12716184                                ,        ,        ,                                        ,Amendment of CPR, HPR or Declaration    ,                                        ,  ,
210080820008     ,2003/09/24,          ,2004/02/03,                    ,Fee conveyance                          ,3063982                                 ,683274                                  ,        ,        ,0                                       ,Apartment deed                          ,                                        ,  ,
210080820008     ,1990/12/13,    420000,1991/01/31,0000000000          ,Fee conveyance                          ,1798086                                 ,365438                                  ,        ,        ,210.00                                  ,                                        ,Valid                                   ,X ,Improved
210080820008     ,1990/10/29,          ,          ,0000000000          ,                                        ,                                        ,                                        ,        ,        ,                                        ,                                        ,                                        ,  ,
210080820009     ,2024/09/19,          ,2024/10/25,                    ,Recorded document                       ,T12716184                               ,12716184                                ,        ,        ,                                        ,Amendment of CPR, HPR or Declaration    ,                                        ,  ,
210080820009     ,2013/12/13,    680000,2013/12/24,                    ,Fee conveyance                          ,T8758026                                ,1071791                                 ,        ,        ,1700                                    ,Apartment deed                          ,Valid Sale                              ,0 ,Improved
210080820009     ,1997/09/01,    235000,          ,                    ,Fee conveyance                          ,                                        ,                                        ,        ,        ,                                        ,                                        ,Valid Sale                              ,0 ,Improved
210080820009     ,1996/09/01,    235000,          ,                    ,Fee conveyance                          ,                                        ,                                        ,        ,        ,                                        ,                                        ,Valid Sale                              ,0 ,Improved
210080820009     ,1996/08/28,    235000,1996/09/06,0000000000          ,Fee conveyance                          ,2334511                                 ,365426                                  ,        ,        ,235.00                                  ,                                        ,Valid Sale                              ,0 ,
210080820009     ,1990/11/09,    446250,1991/01/31,0000000000          ,Fee conveyance                          ,1798065                                 ,365426                                  ,        ,        ,223.10                                  ,                                        ,Valid Sale                              ,0 ,Improved
210080820009     ,1990/10/29,          ,          ,0000000000          ,                                        ,                                        ,                                        ,        ,        ,                                        ,                                        ,Valid Sale                              ,0 ,
210080820010     ,2024/09/19,          ,2024/10/25,                    ,Recorded document                       ,T12716184                               ,12716184                                ,        ,        ,                                        ,Amendment of CPR, HPR or Declaration    ,                                        ,  ,
210080820010     ,2011/12/27,    650000,2012/01/12,                    ,Fee conveyance                          ,T8046123                                ,1037221                                 ,        ,        ,1625                                    ,Apartment deed                          ,Valid Sale                              ,0 ,Improved
210080820010     ,2003/05/15,          ,2003/05/22,                    ,Fee conveyance                          ,2933120                                 ,646973                                  ,        ,        ,0                                       ,Apartment deed                          ,Other                                   ,7 ,Improved
210080820010     ,2003/01/06,    489000,2003/01/13,                    ,Fee conveyance                          ,2880506                                 ,633879                                  ,        ,        ,489                                     ,Apartment deed                          ,Valid Sale                              ,0 ,Improved
210080820010     ,1998/01/12,    245000,1998/01/20,0000000000          ,Fee conveyance                          ,2433302                                 ,504259                                  ,        ,        ,245.00                                  ,                                        ,Valid                                   ,X ,Improved
210080820010     ,1996/10/15,    220000,1996/11/01,0000000000          ,Fee conveyance                          ,2345573                                 ,482859                                  ,        ,        ,220.00                                  ,                                        ,Valid                                   ,X ,Improved
210080820010     ,1990/12/13,    450000,1991/01/31,0000000000          ,Fee conveyance                          ,1798084                                 ,365436                                  ,        ,        ,225.00                                  ,                                        ,Valid                                   ,X ,Improved
210080820010     ,1990/10/29,          ,          ,0000000000          ,                                        ,                                        ,                                        ,        ,        ,                                        ,                                        ,                                        ,  ,
210080820010     ,1990/02/01,    450000,          ,                    ,Fee conveyance                          ,                                        ,                                        ,        ,        ,                                        ,                                        ,Valid                                   ,X ,Improved
210080820010     ,1900/01/01,          ,1993/04/02,0000000000          ,                                        ,111208                                  ,315856*                                 ,        ,        ,0.00                                    ,                                        ,                                        ,  ,
210080820011     ,2025/10/22,    999000,2025/10/31,T13087079           ,Fee conveyance                          ,                                        ,                                        ,        ,        ,1998                                    ,Apartment deed                          ,Valid Sale                              ,0 ,
210080820011     ,2024/09/19,          ,2024/10/25,                    ,Recorded document                       ,T12716184                               ,12716184                                ,        ,        ,                                        ,Amendment of CPR, HPR or Declaration    ,                                        ,  ,
210080820011     ,2015/08/25,          ,2015/08/25,                    ,Route slip                              ,                                        ,                                        ,        ,        ,                                        ,Correction                              ,Other                                   ,2 ,
210080820011     ,2014/11/07,    608500,2014/11/26,                    ,Fee conveyance                          ,T9095239                                ,1088579                                 ,        ,        ,1521.3                                  ,Apartment deed                          ,Related individuals                     ,4 ,Improved
210080820011     ,2014/06/30,          ,2014/07/03,                    ,Land Court Order (all types)            ,T8949058                                ,919428                                  ,        ,        ,                                        ,Land Court Order (all types)            ,                                        ,  ,
210080820011     ,2008/07/28,          ,2008/08/20,                    ,Fee conveyance                          ,3781499                                 ,919428                                  ,        ,        ,0                                       ,Quitclaim deed                          ,                                        ,  ,
210080820011     ,2004/02/05,          ,2004/03/23,                    ,Fee conveyance                          ,3086989                                 ,689858                                  ,        ,        ,0                                       ,Quitclaim apartment deed                ,                                        ,  ,
210080820011     ,2003/09/12,          ,2003/09/25,                    ,Fee conveyance                          ,2999618                                 ,666260                                  ,        ,        ,0                                       ,Quitclaim apartment deed                ,                                        ,  ,Improved
210080820011     ,1998/03/01,    175000,          ,                    ,Fee conveyance                          ,                                        ,                                        ,        ,        ,                                        ,                                        ,Valid Sale                              ,0 ,Improved
210080820011     ,1990/12/13,    320250,1991/01/31,0000000000          ,Fee conveyance                          ,1798073                                 ,365430                                  ,        ,        ,160.10                                  ,                                        ,Valid Sale                              ,0 ,Improved
210080820011     ,1990/10/29,          ,          ,0000000000          ,                                        ,                                        ,                                        ,        ,        ,                                        ,                                        ,                                        ,  ,
210080820011     ,1900/01/01,    175000,1998/04/01,0000000000          ,Fee conveyance                          ,2447344                                 ,507642                                  ,        ,        ,175.00                                  ,                                        ,                                        ,  ,
210080820012     ,2025/01/27,          ,2025/02/10,                    ,Land Court Order (all types)            ,T12824185                               ,                                        ,        ,        ,                                        ,Land Court Order (all types)            ,                                        ,  ,
210080820012     ,2024/09/19,          ,2024/10/25,                    ,Recorded document                       ,T12716184                               ,12716184                                ,        ,        ,                                        ,Amendment of CPR, HPR or Declaration    ,                                        ,  ,
210080820012     ,2003/02/21,    350000,2003/02/28,                    ,Fee conveyance                          ,2897624                                 ,638206                                  ,        ,        ,350                                     ,Warranty deed                           ,Valid Sale                              ,0 ,Improved
210080820012     ,2000/02/01,    285000,          ,                    ,Fee conveyance                          ,                                        ,                                        ,        ,        ,                                        ,                                        ,Valid                                   ,X ,Improved
210080820012     ,2000/01/27,    285000,2000/02/29,                    ,Fee conveyance                          ,2609512                                 ,549283                                  ,        ,        ,285                                     ,Apartment deed                          ,                                        ,  ,
210080820012     ,1995/12/07,          ,1995/12/19,0000000000          ,Fee conveyance                          ,2278998                                 ,467329                                  ,        ,        ,0.00                                    ,                                        ,                                        ,  ,
210080820012     ,1991/02/28,    325000,1991/04/04,0000000000          ,Fee conveyance                          ,1810715                                 ,367357                                  ,        ,        ,162.50                                  ,                                        ,Valid                                   ,X ,Improved
210080820012     ,1990/10/29,          ,          ,0000000000          ,                                        ,                                        ,                                        ,        ,        ,                                        ,                                        ,                                        ,  ,
210080820013     ,2024/09/19,          ,2024/10/25,                    ,Recorded document                       ,T12716184                               ,12716184                                ,        ,        ,                                        ,Amendment of CPR, HPR or Declaration    ,                                        ,  ,
210080820013     ,2020/11/06,    698000,2020/11/16,T11277167           ,Fee conveyance                          ,                                        ,                                        ,        ,        ,1745                                    ,Apartment deed                          ,Valid Sale                              ,0 ,Improved
210080820013     ,2011/09/23,    595000,2011/09/30,                    ,Fee conveyance                          ,4101489                                 ,1032307                                 ,        ,        ,892.5                                   ,Apartment deed                          ,Valid Sale                              ,0 ,Improved
210080820013     ,2006/06/08,    700000,2006/06/14,                    ,Fee conveyance                          ,3439865                                 ,809124                                  ,        ,        ,1750                                    ,Apartment deed                          ,Valid Sale                              ,0 ,Improved
210080820013     ,1996/11/15,    265000,1996/11/29,0000000000          ,Fee conveyance                          ,2350631                                 ,483879                                  ,        ,        ,265.00                                  ,                                        ,Valid                                   ,X ,Improved
210080820013     ,1991/05/08,    305000,1991/06/12,0000000000          ,Fee conveyance                          ,1826559                                 ,371090                                  ,        ,        ,152.50                                  ,                                        ,Valid                                   ,X ,Improved
210080820013     ,1991/05/06,    305000,1991/06/12,0000000000          ,Fee conveyance                          ,1826558                                 ,371089                                  ,        ,        ,152.50                                  ,                                        ,Valid                                   ,X ,Improved
210080820013     ,1990/10/29,          ,          ,0000000000          ,                                        ,                                        ,                                        ,        ,        ,                                        ,                                        ,                                        ,  ,
210080820014     ,2024/09/19,          ,2024/10/25,                    ,Recorded document                       ,T12716184                               ,12716184                                ,        ,        ,                                        ,Amendment of CPR, HPR or Declaration    ,                                        ,  ,
210080820014     ,2009/12/08,    500000,2009/12/16,                    ,Fee conveyance                          ,3924552                                 ,967427                                  ,        ,        ,750                                     ,Apartment deed                          ,Valid Sale                              ,0 ,Improved
210080820014     ,2005/10/13,    789520,2005/11/01,                    ,Fee conveyance                          ,3349144                                 ,777849                                  ,        ,        ,1973.8                                  ,Apartment deed                          ,Valid Sale                              ,0 ,Improved
210080820014     ,1991/11/04,    341250,1991/05/01,0000000000          ,Fee conveyance                          ,1816913                                 ,368738                                  ,        ,        ,170.60                                  ,                                        ,                                        ,  ,
210080820014     ,1991/04/01,    341250,          ,                    ,Fee conveyance                          ,                                        ,                                        ,        ,        ,                                        ,                                        ,Valid                                   ,X ,Improved
210080820014     ,1990/10/29,          ,          ,0000000000          ,                                        ,                                        ,                                        ,        ,        ,                                        ,                                        ,                                        ,  ,
210080820015     ,2024/09/19,          ,2024/10/25,                    ,Recorded document                       ,T12716184                               ,12716184                                ,        ,        ,                                        ,Amendment of CPR, HPR or Declaration    ,                                        ,  ,
210080820015     ,2011/10/18,    313733,2011/10/26,                    ,Fee conveyance                          ,4106557                                 ,1033346                                 ,        ,        ,470.6                                   ,Limited warranty/apartment deed         ,Valid Sale                              ,0 ,Improved
210080820015     ,2011/10/17,    313733,2011/10/26,                    ,Fee conveyance                          ,4106558                                 ,1033347                                 ,        ,        ,470.6                                   ,Apartment deed                          ,Other                                   ,2 ,Improved
210080820015     ,2006/12/27,    950000,2007/01/03,                    ,Fee conveyance                          ,3535745                                 ,840027                                  ,        ,        ,2375                                    ,Apartment deed                          ,Valid Sale                              ,0 ,Improved
210080820015     ,2002/09/10,    390000,2002/09/13,                    ,Fee conveyance                          ,2840213                                 ,622251                                  ,        ,        ,390.00                                  ,Apartment deed                          ,Valid Sale                              ,0 ,Improved
210080820015     ,2000/05/28,          ,2000/06/22,0000000000          ,Fee conveyance                          ,2633371                                 ,557,117                                 ,        ,        ,0.00                                    ,                                        ,                                        ,  ,
210080820015     ,1998/02/24,          ,1998/02/25,0000000000          ,                                        ,130523                                  ,457706                                  ,        ,        ,                                        ,                                        ,                                        ,  ,
210080820015     ,1996/03/20,          ,1996/04/22,0000000000          ,Fee conveyance                          ,2303392                                 ,457706                                  ,        ,        ,0.00                                    ,                                        ,                                        ,  ,
210080820015     ,1992/11/27,    346000,1991/12/06,0000000000          ,Fee conveyance                          ,187O472                                 ,381126                                  ,        ,        ,173.00                                  ,                                        ,                                        ,  ,
210080820015     ,1992/07/02,          ,1992/07/07,0000000000          ,Fee conveyance                          ,1928499                                 ,381126                                  ,        ,        ,143.50                                  ,                                        ,                                        ,  ,
210080820015     ,1992/06/01,    287000,          ,                    ,Fee conveyance                          ,                                        ,                                        ,        ,        ,                                        ,                                        ,Valid                                   ,X ,Improved
210080820015     ,1991/11/01,    346000,          ,                    ,Fee conveyance                          ,                                        ,                                        ,        ,        ,                                        ,                                        ,Valid                                   ,X ,Improved
210080820015     ,1990/10/29,          ,          ,0000000000          ,                                        ,                                        ,                                        ,        ,        ,                                        ,                                        ,                                        ,  ,
210080820016     ,2024/09/19,          ,2024/10/25,                    ,Recorded document                       ,T12716184                               ,12716184                                ,        ,        ,                                        ,Amendment of CPR, HPR or Declaration    ,                                        ,  ,
210080820016     ,2013/04/11,         1,2013/05/14,                    ,Fee conveyance                          ,T8534014                                ,1060322                                 ,        ,        ,1                                       ,Quitclaim deed                          ,                                        ,  ,
210080820016     ,2007/11/01,    870000,2007/11/15,                    ,Fee conveyance                          ,3681051                                 ,885414                                  ,        ,        ,2175                                    ,Apartment deed                          ,Valid Sale                              ,0 ,Improved
210080820016     ,1997/12/01,    270000,1997/12/10,0000000000          ,Fee conveyance                          ,2425044                                 ,502009                                  ,        ,        ,270.00                                  ,                                        ,Valid                                   ,X ,Improved
210080820016     ,1993/07/01,   2320013,1993/09/27,0000000000          ,Fee conveyance                          ,2069747                                 ,422371*                                 ,        ,        ,2320.00                                 ,                                        ,                                        ,  ,
210080820016     ,1991/04/11,    425250,1991/05/02,0000000000          ,Fee conveyance                          ,1817283                                 ,368826                                  ,        ,        ,212.60                                  ,                                        ,Valid                                   ,X ,Improved
210080820016     ,1990/10/29,          ,          ,0000000000          ,                                        ,                                        ,                                        ,        ,        ,                                        ,                                        ,                                        ,  ,
210080820017     ,2024/09/19,          ,2024/10/25,                    ,Recorded document                       ,T12716184                               ,12716184                                ,        ,        ,                                        ,Amendment of CPR, HPR or Declaration    ,                                        ,  ,
210080820017     ,2021/12/17,   1230000,2021/12/30,                    ,Fee conveyance                          ,T11686044                               ,1229317                                 ,        ,        ,4920                                    ,Apartment deed                          ,Valid Sale                              ,0 ,Improved
210080820017     ,2019/05/14,    764300,2019/05/29,                    ,Fee conveyance                          ,T10740198                               ,1176575                                 ,        ,        ,1910.8                                  ,Apartment deed                          ,Other                                   ,2 ,Improved
210080820017     ,2016/05/17,    810000,2016/05/27,                    ,Fee conveyance                          ,T9643164                                ,1117445                                 ,        ,        ,2025                                    ,Exchange deed                           ,Valid Sale                              ,0 ,Improved
210080820017     ,2003/03/25,    705000,2003/04/16,                    ,Fee conveyance                          ,2916452                                 ,642673                                  ,        ,        ,705                                     ,Apartment deed                          ,Valid Sale                              ,0 ,Improved
210080820017     ,2002/01/11,    400000,2002/01/15,                    ,Fee conveyance                          ,2769649                                 ,601254                                  ,        ,        ,400.00                                  ,Limited warranty/apartment deed         ,Valid Sale                              ,0 ,Improved
210080820017     ,2002/01/11,      1001,2002/01/18,                    ,Fee conveyance                          ,                                        ,                                        ,        ,        ,                                        ,Apartment deed                          ,                                        ,  ,
210080820017     ,2001/07/27,    400000,2001/07/31,                    ,Fee conveyance                          ,2726045                                 ,587970                                  ,        ,        ,400.00                                  ,Exchange deed                           ,                                        ,  ,
210080820017     ,1996/12/26,    223000,1996/12/31,0000000000          ,Fee conveyance                          ,2358019                                 ,485743                                  ,        ,        ,223.00                                  ,                                        ,Developer sale                          ,8 ,Improved
210080820017     ,1990/10/29,          ,          ,0000000000          ,                                        ,                                        ,                                        ,        ,        ,                                        ,                                        ,                                        ,  ,
210080820018     ,2024/09/19,          ,2024/10/25,                    ,Recorded document                       ,T12716184                               ,12716184                                ,        ,        ,                                        ,Amendment of CPR, HPR or Declaration    ,                                        ,  ,
210080820018     ,2004/01/23,    651000,2004/01/30,                    ,Fee conveyance                          ,3062632                                 ,682795                                  ,        ,        ,651                                     ,Apartment deed                          ,Valid Sale                              ,0 ,Improved
210080820018     ,2003/03/08,    490000,2003/03/17,                    ,Fee conveyance                          ,2903459                                 ,639652                                  ,        ,        ,490                                     ,Warranty deed                           ,Valid Sale                              ,0 ,Improved
210080820018     ,2000/11/15,    435000,2000/12/18,                    ,Fee conveyance                          ,2671342                                 ,570,576                                 ,        ,        ,435.00                                  ,Apartment deed                          ,Valid Sale                              ,0 ,Improved
210080820018     ,1991/04/11,    472500,1991/05/09,0000000000          ,Fee conveyance                          ,1818653                                 ,369151                                  ,        ,        ,236.25                                  ,                                        ,Valid                                   ,X ,Improved
210080820018     ,1990/10/29,          ,          ,0000000000          ,                                        ,                                        ,                                        ,        ,        ,                                        ,                                        ,                                        ,  ,
210080820019     ,2024/09/19,          ,2024/10/25,                    ,Recorded document                       ,T12716184                               ,12716184                                ,        ,        ,                                        ,Amendment of CPR, HPR or Declaration    ,                                        ,  ,
210080820019     ,2022/03/17,   1204000,2022/03/30,                    ,Fee conveyance                          ,T11776095                               ,1234331                                 ,        ,        ,4816                                    ,Apartment deed                          ,Valid Sale                              ,0 ,Improved
210080820019     ,2016/03/14,    660000,2016/03/18,                    ,Fee conveyance                          ,T9573134                                ,1113275                                 ,        ,        ,1650                                    ,Apartment deed                          ,Valid Sale                              ,0 ,Improved
210080820019     ,2012/03/20,    525000,2012/04/16,                    ,Fee conveyance                          ,T8141036                                ,1041037                                 ,        ,        ,787.5                                   ,Apartment deed                          ,Valid Sale                              ,0 ,Improved
210080820019     ,1999/07/01,    229000,          ,                    ,Fee conveyance                          ,                                        ,                                        ,        ,        ,                                        ,                                        ,Valid                                   ,X ,Improved
210080820019     ,1999/06/21,    239000,1999/07/02,0000000000          ,Fee conveyance                          ,2557401                                 ,534,858                                 ,        ,        ,239.00                                  ,                                        ,                                        ,  ,
210080820019     ,1997/08/13,          ,1997/08/27,0000000000          ,Fee conveyance                          ,                                        ,                                        ,        ,        ,0.00                                    ,                                        ,                                        ,  ,
210080820019     ,1991/05/07,    325000,1991/05/21,0000000000          ,Fee conveyance                          ,1821347                                 ,369711                                  ,        ,        ,162.50                                  ,                                        ,                                        ,  ,
210080820019     ,1991/03/01,    325000,          ,                    ,Fee conveyance                          ,                                        ,                                        ,        ,        ,                                        ,                                        ,Valid                                   ,X ,Improved
210080820019     ,1990/10/29,          ,          ,0000000000          ,                                        ,                                        ,                                        ,        ,        ,                                        ,                                        ,                                        ,  ,
210080820020     ,2024/09/19,          ,2024/10/25,                    ,Recorded document                       ,T12716184                               ,12716184                                ,        ,        ,                                        ,Amendment of CPR, HPR or Declaration    ,                                        ,  ,
210080820020     ,2019/12/18,    699000,2020/01/10,                    ,Fee conveyance                          ,T10966122                               ,1188186                                 ,        ,        ,1747.4                                  ,Apartment deed                          ,Valid Sale                              ,0 ,Improved
210080820020     ,2013/05/16,      1000,2013/06/12,                    ,Fee conveyance                          ,T8563126                                ,1061818                                 ,        ,        ,1.5                                     ,Quitclaim apartment deed                ,Related individuals                     ,4 ,Improved
210080820020     ,2012/10/18,      1000,2012/10/24,                    ,Fee conveyance                          ,T8332109                                ,1049821                                 ,        ,        ,1                                       ,Quitclaim apartment deed                ,Related individuals                     ,4 ,Improved
210080820020     ,2006/03/14,    529533,2006/04/11,                    ,Fee conveyance                          ,3414909                                 ,800981                                  ,        ,        ,794.3                                   ,Warranty deed                           ,                                        ,  ,
210080820020     ,2005/11/12,    799000,2005/11/23,                    ,Fee conveyance                          ,3358630                                 ,781157                                  ,        ,        ,1997.5                                  ,Warranty deed                           ,Valid Sale                              ,0 ,Improved
210080820020     ,1999/07/15,    249000,1999/08/02,0000000000          ,Fee conveyance                          ,2564462                                 ,536,645                                 ,        ,        ,249.00                                  ,                                        ,Valid                                   ,X ,Improved
210080820020     ,1996/06/17,    215000,1996/06/20,0000000000          ,Fee conveyance                          ,2317274                                 ,476579                                  ,        ,        ,215.00                                  ,                                        ,Valid                                   ,X ,Improved
210080820020     ,1996/06/12,    195000,1996/06/20,0000000000          ,Fee conveyance                          ,2317271                                 ,476577                                  ,        ,        ,195.00                                  ,                                        ,                                        ,  ,
210080820020     ,1993/08/10,    400000,1993/08/27,0000000000          ,Fee conveyance                          ,2060090                                 ,420420                                  ,        ,        ,400.00                                  ,                                        ,                                        ,  ,
210080820020     ,1991/03/07,    341250,1991/05/24,0000000000          ,Fee conveyance                          ,1822633                                 ,370174                                  ,        ,        ,170.60                                  ,                                        ,Valid                                   ,X ,Improved
210080820020     ,1990/10/29,          ,          ,0000000000          ,                                        ,                                        ,                                        ,        ,        ,                                        ,                                        ,                                        ,  ,
210080820021     ,2024/09/19,          ,2024/10/25,                    ,Recorded document                       ,T12716184                               ,12716184                                ,        ,        ,                                        ,Amendment of CPR, HPR or Declaration    ,                                        ,  ,
210080820021     ,2013/04/25,    550000,2013/05/03,                    ,Fee conveyance                          ,T8523151                                ,1059872                                 ,        ,        ,825                                     ,Warranty deed/Assignment of apt lease   ,Valid Sale                              ,0 ,Improved
210080820021     ,2008/11/13,          ,2008/12/31,                    ,Fee conveyance                          ,3816634                                 ,932310                                  ,        ,        ,0                                       ,Deed                                    ,                                        ,  ,
210080820021     ,2008/02/11,          ,2008/06/03,                    ,Fee conveyance                          ,3754848                                 ,910406                                  ,        ,        ,0                                       ,Deed                                    ,                                        ,  ,
210080820021     ,2003/03/03,          ,2003/03/11,                    ,Fee conveyance                          ,2901778                                 ,639226                                  ,        ,        ,0                                       ,Apartment deed                          ,Related individuals                     ,4 ,
210080820021     ,2003/03/03,          ,2003/03/11,                    ,Fee conveyance                          ,2901780                                 ,639227                                  ,        ,        ,0                                       ,Apartment deed                          ,Related individuals                     ,4 ,
210080820021     ,1996/07/08,    214000,1996/07/16,0000000000          ,Fee conveyance                          ,2323184                                 ,477926                                  ,        ,        ,214.00                                  ,                                        ,Valid                                   ,X ,Improved
210080820021     ,1996/06/12,    195000,1996/06/20,0000000000          ,Fee conveyance                          ,2317272                                 ,476578                                  ,        ,        ,195.00                                  ,                                        ,                                        ,  ,
210080820021     ,1993/08/10,    428571,1993/08/27,0000000000          ,Fee conveyance                          ,2060091                                 ,420421                                  ,        ,        ,428.57                                  ,                                        ,                                        ,  ,
210080820021     ,1991/03/07,    320250,1991/05/24,0000000000          ,Fee conveyance                          ,1822632                                 ,370173                                  ,        ,        ,160.10                                  ,                                        ,Valid                                   ,X ,Improved
210080820021     ,1990/10/29,          ,          ,0000000000          ,                                        ,                                        ,                                        ,        ,        ,                                        ,                                        ,                                        ,  ,
210080820021     ,1900/01/01,          ,1997/04/02,0000000000          ,Fee conveyance                          ,2373451                                 ,489759                                  ,        ,        ,0.00                                    ,                                        ,                                        ,  ,
210080820022     ,2024/09/19,          ,2024/10/25,                    ,Recorded document                       ,T12716184                               ,12716184                                ,        ,        ,                                        ,Amendment of CPR, HPR or Declaration    ,                                        ,  ,
210080820022     ,2008/12/19,          ,2008/12/30,                    ,Fee conveyance                          ,3815990                                 ,932083                                  ,        ,        ,0                                       ,Quitclaim apartment deed                ,                                        ,  ,
210080820022     ,2008/12/18,          ,2008/12/30,                    ,Land Court Order (all types)            ,177357                                  ,369367                                  ,        ,        ,                                        ,Land Court Order (all types)            ,                                        ,  ,
210080820022     ,1991/05/07,    325000,1991/05/14,0000000000          ,Fee conveyance                          ,1819723                                 ,369367                                  ,        ,        ,162.50                                  ,                                        ,Valid                                   ,X ,Vacant Land
210080820022     ,1990/10/29,          ,          ,0000000000          ,                                        ,                                        ,                                        ,        ,        ,                                        ,                                        ,                                        ,  ,
210080820023     ,2024/09/19,          ,2024/10/25,                    ,Recorded document                       ,T12716184                               ,12716184                                ,        ,        ,                                        ,Amendment of CPR, HPR or Declaration    ,                                        ,  ,
210080820023     ,2013/02/28,    635000,2013/03/06,                    ,Fee conveyance                          ,T8465025                                ,1056763                                 ,        ,        ,1270                                    ,Warranty deed                           ,Valid Sale                              ,0 ,Improved
210080820023     ,2002/11/12,    407500,2002/11/29,                    ,Fee conveyance                          ,2865677                                 ,629796                                  ,        ,        ,407.50                                  ,Apartment deed                          ,Valid Sale                              ,0 ,Improved
210080820023     ,1999/12/01,    293000,          ,                    ,Fee conveyance                          ,                                        ,                                        ,        ,        ,                                        ,                                        ,Valid                                   ,X ,Improved
210080820023     ,1996/12/01,    292900,          ,                    ,Fee conveyance                          ,                                        ,                                        ,        ,        ,                                        ,                                        ,Developer sale                          ,8 ,Improved
210080820023     ,1991/11/06,    267750,1991/11/22,0000000000          ,Fee conveyance                          ,1867148                                 ,380371                                  ,        ,        ,133.80                                  ,                                        ,                                        ,  ,
210080820023     ,1991/11/06,    178500,1991/11/22,0000000000          ,Fee conveyance                          ,1867149                                 ,380372                                  ,        ,        ,89.25                                   ,                                        ,                                        ,  ,
210080820023     ,1991/10/18,    178500,1991/11/22,0000000000          ,Fee conveyance                          ,1867150                                 ,380373                                  ,        ,        ,89.25                                   ,                                        ,                                        ,  ,
210080820023     ,1990/10/29,          ,          ,0000000000          ,                                        ,                                        ,                                        ,        ,        ,                                        ,                                        ,                                        ,  ,
210080820024     ,2024/09/19,          ,2024/10/25,                    ,Recorded document                       ,T12716184                               ,12716184                                ,        ,        ,                                        ,Amendment of CPR, HPR or Declaration    ,                                        ,  ,
210080820024     ,2017/08/24,          ,2017/08/25,                    ,Fee conveyance                          ,T10098299                               ,1079450                                 ,        ,        ,0                                       ,Land Court Order (all types)            ,                                        ,  ,
210080820024     ,2014/05/30,    800000,2014/06/05,                    ,Fee conveyance                          ,T8921096                                ,1079450                                 ,        ,        ,2000                                    ,Apartment deed                          ,Valid Sale                              ,0 ,Improved
210080820024     ,2000/01/01,    410000,          ,                    ,Fee conveyance                          ,                                        ,                                        ,        ,        ,                                        ,                                        ,Valid Sale                              ,0 ,Improved
210080820024     ,1999/12/17,    410000,2000/01/07,0000000000          ,Fee conveyance                          ,2600260                                 ,546,544                                 ,        ,        ,410.00                                  ,                                        ,Valid Sale                              ,0 ,
210080820024     ,1991/04/11,    500000,1991/05/03,0000000000          ,Fee conveyance                          ,1817396                                 ,368902                                  ,        ,        ,250.00                                  ,                                        ,Valid Sale                              ,0 ,Improved
210080820024     ,1990/10/29,          ,          ,0000000000          ,                                        ,                                        ,                                        ,        ,        ,                                        ,                                        ,Valid Sale                              ,0 ,
210080820025     ,2024/09/19,          ,2024/10/25,                    ,Recorded document                       ,T12716184                               ,12716184                                ,        ,        ,                                        ,Amendment of CPR, HPR or Declaration    ,                                        ,  ,
210080820025     ,2010/10/07,    490000,2010/10/22,                    ,Fee conveyance                          ,4012571                                 ,1001606                                 ,        ,        ,735                                     ,Apartment deed                          ,Valid Sale                              ,0 ,Improved
210080820025     ,2004/01/29,      1001,2004/02/19,                    ,Fee conveyance                          ,3071599                                 ,685157                                  ,        ,        ,1                                       ,Quitclaim apartment deed                ,                                        ,  ,
210080820025     ,2002/07/03,       100,2002/07/26,                    ,Fee conveyance                          ,2826434                                 ,618118                                  ,        ,        ,1                                       ,Quitclaim apartment deed                ,Other                                   ,7 ,
210080820025     ,2002/06/19,    360000,2002/07/10,                    ,Fee conveyance                          ,2821610                                 ,616620                                  ,        ,        ,360.00                                  ,Apartment deed                          ,Valid Sale                              ,0 ,Improved
210080820025     ,2000/04/01,    285000,          ,                    ,Fee conveyance                          ,                                        ,                                        ,        ,        ,                                        ,                                        ,Valid                                   ,X ,Improved
210080820025     ,2000/03/28,    285000,2000/04/07,0000000000          ,Fee conveyance                          ,2617900                                 ,551996                                  ,        ,        ,285.00                                  ,                                        ,                                        ,  ,
210080820025     ,1991/04/11,    320250,1991/05/01,0000000000          ,Fee conveyance                          ,1816911                                 ,368737                                  ,        ,        ,160.10                                  ,                                        ,Valid                                   ,X ,Improved
210080820025     ,1990/10/29,          ,          ,0000000000          ,                                        ,                                        ,                                        ,        ,        ,                                        ,                                        ,                                        ,  ,
210080820026     ,2024/09/19,          ,2024/10/25,                    ,Recorded document                       ,T12716184                               ,12716184                                ,        ,        ,                                        ,Amendment of CPR, HPR or Declaration    ,                                        ,  ,
210080820026     ,2009/11/27,    555000,2009/12/11,                    ,Fee conveyance                          ,3923442                                 ,967128                                  ,        ,        ,832.5                                   ,Warranty deed                           ,Valid Sale                              ,0 ,Improved
210080820026     ,2006/10/12,          ,2006/10/20,                    ,Fee conveyance                          ,3501680                                 ,829476                                  ,        ,        ,0                                       ,Quitclaim deed                          ,                                        ,  ,
210080820026     ,2005/06/06,          ,2005/07/11,                    ,Fee conveyance                          ,3294322                                 ,757943                                  ,        ,        ,0                                       ,Apartment deed                          ,Related individuals                     ,4 ,Improved
210080820026     ,2005/04/22,          ,2005/05/02,                    ,Fee conveyance                          ,3260995                                 ,746208                                  ,        ,        ,710                                     ,Apartment deed                          ,                                        ,  ,
210080820026     ,2003/02/19,    385000,2003/03/03,                    ,Fee conveyance                          ,2898187                                 ,638360                                  ,        ,        ,385                                     ,Warranty deed                           ,Valid Sale                              ,0 ,Improved
210080820026     ,1991/04/11,    325000,1991/06/18,0000000000          ,Fee conveyance                          ,1828102                                 ,371386                                  ,        ,        ,162.50                                  ,                                        ,Valid                                   ,X ,Improved
210080820026     ,1990/10/29,          ,          ,0000000000          ,                                        ,                                        ,                                        ,        ,        ,                                        ,                                        ,                                        ,  ,
210080820027     ,2024/09/19,          ,2024/10/25,                    ,Recorded document                       ,T12716184                               ,12716184                                ,        ,        ,                                        ,Amendment of CPR, HPR or Declaration    ,                                        ,  ,
210080820027     ,2023/01/11,      1000,2023/01/17,                    ,Fee conveyance                          ,T12069165                               ,1249011                                 ,        ,        ,1.5                                     ,Quitclaim deed                          ,Other                                   ,2 ,Improved
210080820027     ,2022/07/20,   1550000,2022/07/26,                    ,Fee conveyance                          ,T11894042                               ,1240924                                 ,        ,        ,6200                                    ,Apartment deed                          ,Valid Sale                              ,0 ,Improved
210080820027     ,2020/02/12,    935000,2020/02/14,                    ,Fee conveyance                          ,T11001074                               ,1189719                                 ,        ,        ,2337.5                                  ,Warranty deed                           ,Valid Sale                              ,0 ,Improved
210080820027     ,2015/02/25,    895000,2015/03/03,                    ,Fee conveyance                          ,T9192055                                ,1093510                                 ,        ,        ,2237.5                                  ,Apartment deed                          ,Valid Sale                              ,0 ,Improved
210080820027     ,2007/08/13,          ,2007/09/07,                    ,Fee conveyance                          ,3652675                                 ,875716                                  ,        ,        ,0                                       ,Quitclaim apartment deed                ,                                        ,  ,
210080820027     ,2007/08/06,   1030000,2007/08/24,                    ,Fee conveyance                          ,3646527                                 ,873607                                  ,        ,        ,3605                                    ,Apartment deed                          ,Valid Sale                              ,0 ,Improved
210080820027     ,2006/09/13,          ,2006/09/25,                    ,Fee conveyance                          ,3486898                                 ,824875                                  ,        ,        ,0                                       ,Quitclaim apartment deed                ,                                        ,  ,
210080820027     ,2006/09/13,          ,2006/09/19,                    ,Fee conveyance                          ,3483846                                 ,823820                                  ,        ,        ,0                                       ,Quitclaim apartment deed                ,                                        ,  ,
210080820027     ,2006/02/07,    875000,2006/02/14,                    ,Fee conveyance                          ,3391151                                 ,792855                                  ,        ,        ,2187.5                                  ,Apartment deed                          ,Valid Sale                              ,0 ,Improved
210080820027     ,1996/08/21,    270000,1996/09/10,0000000000          ,Fee conveyance                          ,2334821                                 ,480398                                  ,        ,        ,270.00                                  ,                                        ,Developer sale                          ,8 ,Improved
210080820027     ,1990/10/29,          ,          ,0000000000          ,                                        ,                                        ,                                        ,        ,        ,                                        ,                                        ,                                        ,  ,
210080820028     ,2024/09/19,          ,2024/10/25,                    ,Recorded document                       ,T12716184                               ,12716184                                ,        ,        ,                                        ,Amendment of CPR, HPR or Declaration    ,                                        ,  ,
210080820028     ,2022/04/08,   1295000,2022/04/14,                    ,Fee conveyance                          ,T11791221                               ,1235332                                 ,        ,        ,5180                                    ,Apartment deed                          ,Valid Sale                              ,0 ,Improved
210080820028     ,1997/04/25,    269000,1997/05/01,0000000000          ,Fee conveyance                          ,2378622                                 ,491063                                  ,        ,        ,269.00                                  ,                                        ,Valid                                   ,X ,Improved
210080820028     ,1995/04/19,    250000,1995/05/22,0000000000          ,Fee conveyance                          ,2238494                                 ,456951                                  ,        ,        ,250.00                                  ,                                        ,Foreclosure                             ,5 ,Improved
210080820028     ,1991/04/11,    446250,1991/05/01,0000000000          ,Fee conveyance                          ,1816988                                 ,368756                                  ,        ,        ,232.10                                  ,                                        ,Valid                                   ,X ,Improved
210080820028     ,1990/10/29,          ,          ,0000000000          ,                                        ,                                        ,                                        ,        ,        ,                                        ,                                        ,                                        ,  ,
210080820028     ,1900/01/01,    447666,1992/12/10,0000000000          ,Fee conveyance                          ,1978606                                 ,403709                                  ,        ,        ,223.83                                  ,                                        ,                                        ,  ,
210080820029     ,2024/09/19,          ,2024/10/25,                    ,Recorded document                       ,T12716184                               ,12716184                                ,        ,        ,                                        ,Amendment of CPR, HPR or Declaration    ,                                        ,  ,
210080820029     ,2011/03/18,    650000,2011/04/21,                    ,Fee conveyance                          ,4067272                                 ,1021081                                 ,        ,        ,1625                                    ,Apartment deed                          ,Related individuals                     ,4 ,Improved
210080820029     ,2011/01/20,    650000,2011/02/02,                    ,Fee conveyance                          ,4045448                                 ,1012019                                 ,        ,        ,1625                                    ,Apartment deed                          ,Valid Sale                              ,0 ,Improved
210080820029     ,1992/11/27,    356000,1991/11/27,0000000000          ,Fee conveyance                          ,1870471                                 ,381125                                  ,        ,        ,178.00                                  ,                                        ,                                        ,  ,
210080820029     ,1992/11/25,    322000,1992/12/02,0000000000          ,Fee conveyance                          ,1976041                                 ,403147                                  ,        ,        ,161.00                                  ,                                        ,Valid                                   ,X ,Improved
210080820029     ,1991/11/01,    356000,          ,                    ,Fee conveyance                          ,                                        ,                                        ,        ,        ,                                        ,                                        ,Valid                                   ,X ,Improved
210080820029     ,1990/10/29,          ,          ,0000000000          ,                                        ,                                        ,                                        ,        ,        ,                                        ,                                        ,                                        ,  ,
210080820030     ,2024/09/19,          ,2024/10/25,                    ,Recorded document                       ,T12716184                               ,12716184                                ,        ,        ,                                        ,Amendment of CPR, HPR or Declaration    ,                                        ,  ,
210080820030     ,2005/04/25,          ,2005/12/15,                    ,Fee conveyance                          ,3367348                                 ,784071                                  ,        ,        ,0                                       ,Deed                                    ,Related individuals                     ,4 ,Improved
210080820030     ,2005/04/23,    900000,2005/05/06,                    ,Fee conveyance                          ,3264935                                 ,747383                                  ,        ,        ,900                                     ,Apartment deed                          ,Valid Sale                              ,0 ,Improved
210080820030     ,2004/02/25,    650000,2004/03/31,                    ,Fee conveyance                          ,3091115                                 ,691138                                  ,        ,        ,650                                     ,Warranty deed                           ,Valid Sale                              ,0 ,Improved
210080820030     ,1999/03/10,    285000,1999/03/17,0000000000          ,Fee conveyance                          ,2528552                                 ,527867                                  ,        ,        ,285.00                                  ,                                        ,Valid                                   ,X ,Improved
210080820030     ,1995/05/15,    250000,1995/05/24,0000000000          ,Fee conveyance                          ,2238936                                 ,457020                                  ,        ,        ,250.00                                  ,                                        ,Foreclosure                             ,5 ,Improved
210080820030     ,1991/04/11,    446250,1991/05/01,0000000000          ,Fee conveyance                          ,1816986                                 ,368755                                  ,        ,        ,223.10                                  ,                                        ,Valid                                   ,X ,Improved
210080820030     ,1990/10/29,          ,          ,0000000000          ,                                        ,                                        ,                                        ,        ,        ,                                        ,                                        ,                                        ,  ,
210080820030     ,1900/01/01,    447666,1992/12/10,0000000000          ,Fee conveyance                          ,1978607                                 ,403710                                  ,        ,        ,223.83                                  ,                                        ,                                        ,  ,
210080820031     ,2024/09/19,          ,2024/10/25,                    ,Recorded document                       ,T12716184                               ,12716184                                ,        ,        ,                                        ,Amendment of CPR, HPR or Declaration    ,                                        ,  ,
210080820031     ,2022/04/07,   1475000,2022/04/11,                    ,Fee conveyance                          ,T11788085                               ,1235009                                 ,        ,        ,5900                                    ,Exchange deed                           ,Valid Sale                              ,0 ,Improved
210080820031     ,2021/11/18,          ,2021/12/08,                    ,Land Court Order (all types)            ,T11664209                               ,                                        ,        ,        ,                                        ,Land Court Order (all types)            ,                                        ,  ,
210080820031     ,2017/01/13,          ,2017/01/13,                    ,Land Court Order (all types)            ,T9874440                                ,533936                                  ,        ,        ,0                                       ,Land Court Order (all types)            ,                                        ,  ,
210080820031     ,2016/12/27,          ,2017/01/13,                    ,Fee conveyance                          ,T9874441                                ,1130130                                 ,        ,        ,0                                       ,Apartment deed                          ,                                        ,  ,
210080820031     ,1999/05/12,    256000,1999/06/21,0000000000          ,Fee conveyance                          ,2553767                                 ,533,936                                 ,        ,        ,256.00                                  ,                                        ,Valid                                   ,X ,Improved
210080820031     ,1991/04/11,    451500,1991/05/01,0000000000          ,Fee conveyance                          ,1816939                                 ,368743                                  ,        ,        ,225.75                                  ,                                        ,Valid                                   ,X ,Improved
210080820031     ,1990/10/29,          ,          ,0000000000          ,                                        ,                                        ,                                        ,        ,        ,                                        ,                                        ,                                        ,  ,
210080820032     ,2024/09/19,          ,2024/10/25,                    ,Recorded document                       ,T12716184                               ,12716184                                ,        ,        ,                                        ,Amendment of CPR, HPR or Declaration    ,                                        ,  ,
210080820032     ,2020/11/30,    721350,2020/12/04,                    ,Fee conveyance                          ,T11295222                               ,1204296                                 ,        ,        ,1803.4                                  ,Warranty deed                           ,REO/Short sale                          ,R ,Improved
210080820032     ,2013/06/11,    657938,2013/09/20,                    ,Fee conveyance                          ,T8663347                                ,1067294                                 ,        ,        ,1644.9                                  ,Deed                                    ,Foreclosure                             ,5 ,
210080820032     ,2004/03/08,    690000,2004/03/25,                    ,Fee conveyance                          ,3088556                                 ,690365                                  ,        ,        ,690                                     ,Apartment deed                          ,Valid Sale                              ,0 ,Improved
210080820032     ,1999/09/09,    400000,1999/09/15,0000000000          ,Fee conveyance                          ,2574624                                 ,539,292                                 ,        ,        ,400.00                                  ,                                        ,Valid                                   ,X ,Improved
210080820032     ,1997/02/07,    235000,1997/03/07,0000000000          ,Fee conveyance                          ,2369188                                 ,488481                                  ,        ,        ,235.00                                  ,                                        ,Valid                                   ,X ,Improved
210080820032     ,1991/04/11,    550000,1991/05/01,0000000000          ,Fee conveyance                          ,1816937                                 ,368742                                  ,        ,        ,275.00                                  ,                                        ,Valid                                   ,X ,Improved
210080820032     ,1990/10/29,          ,          ,0000000000          ,                                        ,                                        ,                                        ,        ,        ,                                        ,                                        ,                                        ,  ,
210080820033     ,2024/09/19,          ,2024/10/25,                    ,Recorded document                       ,T12716184                               ,12716184                                ,        ,        ,                                        ,Amendment of CPR, HPR or Declaration    ,                                        ,  ,
210080820033     ,2011/10/03,    575000,2011/10/13,                    ,Fee conveyance                          ,4103526                                 ,1032845                                 ,        ,        ,862.5                                   ,Apartment deed                          ,Valid Sale                              ,0 ,Improved
210080820033     ,2003/12/18,    507060,2003/12/30,                    ,Fee conveyance                          ,                                        ,                                        ,        ,        ,507.1                                   ,Apartment deed                          ,Valid Sale                              ,0 ,Improved
210080820033     ,2002/12/04,          ,2003/01/06,                    ,Fee conveyance                          ,2878589                                 ,633381                                  ,        ,        ,0                                       ,Apartment deed                          ,Related individuals                     ,4 ,
210080820033     ,2001/11/27,    351100,2001/12/05,                    ,Fee conveyance                          ,2758112                                 ,597697                                  ,        ,        ,351.10                                  ,Commissioner's deed                     ,                                        ,  ,
210080820033     ,1991/04/11,    409500,1991/09/30,0000000000          ,Fee conveyance                          ,1854353                                 ,377564                                  ,        ,        ,204.75                                  ,                                        ,Valid                                   ,X ,Improved
210080820033     ,1990/10/29,          ,          ,0000000000          ,                                        ,                                        ,                                        ,        ,        ,                                        ,                                        ,                                        ,  ,
210080820034     ,2025/02/04,   1295000,2025/02/10,                    ,Fee conveyance                          ,T12824041                               ,1280761                                 ,        ,        ,5180                                    ,Apartment deed                          ,Valid Sale                              ,0 ,Improved
210080820034     ,2024/09/19,          ,2024/10/25,                    ,Recorded document                       ,T12716184                               ,12716184                                ,        ,        ,                                        ,Amendment of CPR, HPR or Declaration    ,                                        ,  ,
210080820034     ,2021/08/30,    915000,2021/09/17,                    ,Fee conveyance                          ,T11582279                               ,1221985                                 ,        ,        ,2287.5                                  ,Apartment deed                          ,Valid Sale                              ,0 ,Improved
210080820034     ,2004/12/21,    500000,2004/12/30,                    ,Fee conveyance                          ,3212995                                 ,730158                                  ,        ,        ,500                                     ,Apartment deed                          ,Valid Sale                              ,0 ,Improved
210080820034     ,2003/10/15,          ,2003/10/20,                    ,Land Court Order (all types)            ,153352                                  ,659361                                  ,        ,        ,0                                       ,Land Court Order (all types)            ,Related individuals                     ,4 ,Improved
210080820034     ,2003/07/24,     50000,2003/08/11,                    ,Fee conveyance                          ,2974871                                 ,659361                                  ,        ,        ,50                                      ,Apartment deed                          ,Related individuals                     ,4 ,Improved
210080820034     ,1999/08/02,    288000,1999/08/13,0000000000          ,Fee conveyance                          ,2567571                                 ,537,460                                 ,        ,        ,288.00                                  ,                                        ,Valid                                   ,X ,Improved
210080820034     ,1991/07/12,    415000,1991/07/31,0000000000          ,Fee conveyance                          ,1839793                                 ,374265                                  ,        ,        ,207.50                                  ,                                        ,Valid                                   ,X ,Improved
210080820034     ,1990/10/29,          ,          ,0000000000          ,                                        ,                                        ,                                        ,        ,        ,                                        ,                                        ,                                        ,  ,
210080820035     ,2024/09/19,          ,2024/10/25,                    ,Recorded document                       ,T12716184                               ,12716184                                ,        ,        ,                                        ,Amendment of CPR, HPR or Declaration    ,                                        ,  ,
210080820035     ,2015/02/10,    650000,2015/02/13,                    ,Fee conveyance                          ,T9174144                                ,1092726                                 ,        ,        ,1625                                    ,Apartment deed                          ,REO/Short sale                          ,R ,Improved
210080820035     ,2014/10/03,    519000,2014/10/10,                    ,Fee conveyance                          ,T9048072                                ,1086009                                 ,        ,        ,778.5                                   ,Warranty deed                           ,Foreclosure                             ,5 ,Improved
210080820035     ,2007/12/20,          ,2008/01/04,                    ,Fee conveyance                          ,3698726                                 ,891039                                  ,        ,        ,0                                       ,Trustee's quitclaim deed                ,                                        ,  ,
210080820035     ,2007/12/20,          ,2008/01/09,                    ,Fee conveyance                          ,3700123                                 ,891382                                  ,        ,        ,0                                       ,Quitclaim apartment deed                ,                                        ,  ,
210080820035     ,2004/07/16,    749000,2004/08/05,                    ,Fee conveyance                          ,3147381                                 ,708774                                  ,        ,        ,749                                     ,Apartment deed                          ,Valid Sale                              ,0 ,Improved
210080820035     ,2002/12/20,    399000,2002/12/24,                    ,Fee conveyance                          ,2874905                                 ,632369                                  ,        ,        ,399.00                                  ,Apartment deed                          ,Valid Sale                              ,0 ,Improved
210080820035     ,2000/03/01,    328000,          ,                    ,Fee conveyance                          ,                                        ,                                        ,        ,        ,                                        ,                                        ,Valid                                   ,X ,Improved
210080820035     ,2000/02/24,    328000,2000/03/01,0000000000          ,Fee conveyance                          ,2610027                                 ,549,455                                 ,        ,        ,328.00                                  ,                                        ,                                        ,  ,
210080820035     ,1997/04/11,    190000,1997/04/18,0000000000          ,Fee conveyance                          ,2376416                                 ,490502                                  ,        ,        ,190.00                                  ,                                        ,Valid                                   ,X ,Improved
210080820035     ,1991/03/07,    409500,1991/05/01,0000000000          ,Fee conveyance                          ,1816941                                 ,368744                                  ,        ,        ,204.75                                  ,                                        ,Valid                                   ,X ,Improved
210080820035     ,1990/10/29,          ,          ,0000000000          ,                                        ,                                        ,                                        ,        ,        ,                                        ,                                        ,                                        ,  ,
210080820036     ,2024/09/19,          ,2024/10/25,                    ,Recorded document                       ,T12716184                               ,12716184                                ,        ,        ,                                        ,Amendment of CPR, HPR or Declaration    ,                                        ,  ,
210080820036     ,2022/01/28,    985000,2022/02/04,                    ,Fee conveyance                          ,T11722104                               ,1231296                                 ,        ,        ,1970                                    ,Apartment deed                          ,Valid Sale                              ,0 ,Improved
210080820036     ,2016/02/11,          ,2016/02/16,                    ,Fee conveyance                          ,T9542202                                ,1111594                                 ,        ,        ,0                                       ,Apartment deed                          ,Related individuals                     ,4 ,Improved
210080820036     ,2015/11/18,    715000,2015/12/10,                    ,Fee conveyance                          ,T9474116                                ,1108347                                 ,        ,        ,1787.5                                  ,Apartment deed                          ,Valid Sale                              ,0 ,Improved
210080820036     ,2008/08/22,    585000,2008/09/08,                    ,Fee conveyance                          ,3787017                                 ,921822                                  ,        ,        ,877.5                                   ,Apartment deed                          ,Valid Sale                              ,0 ,Improved
210080820036     ,1998/02/02,          ,2001/01/08,                    ,Fee conveyance                          ,2675767                                 ,572,256                                 ,        ,        ,0.00                                    ,Apartment deed                          ,                                        ,  ,
210080820036     ,1991/10/22,    465000,1991/10/30,0000000000          ,Fee conveyance                          ,1861493                                 ,379185                                  ,        ,        ,232.50                                  ,                                        ,                                        ,  ,
210080820036     ,1990/10/29,          ,          ,0000000000          ,                                        ,                                        ,                                        ,        ,        ,                                        ,                                        ,                                        ,  ,
210080820037     ,2024/09/19,          ,2024/10/25,                    ,Recorded document                       ,T12716184                               ,12716184                                ,        ,        ,                                        ,Amendment of CPR, HPR or Declaration    ,                                        ,  ,
210080820037     ,1997/12/03,    269900,1997/12/10,0000000000          ,Fee conveyance                          ,2425043                                 ,502008                                  ,        ,        ,269.90                                  ,                                        ,Valid                                   ,X ,Improved
210080820037     ,1994/12/14,    240000,1994/12/21,0000000000          ,Fee conveyance                          ,2205302                                 ,449778                                  ,        ,        ,240.00                                  ,                                        ,Foreclosure                             ,5 ,Improved
210080820037     ,1991/04/11,    409500,1991/05/01,0000000000          ,Fee conveyance                          ,1816984                                 ,368754                                  ,        ,        ,204.75                                  ,                                        ,Valid                                   ,X ,Improved
210080820037     ,1990/10/29,          ,          ,0000000000          ,                                        ,                                        ,                                        ,        ,        ,                                        ,                                        ,                                        ,  ,
210080820038     ,2024/09/19,          ,2024/10/25,                    ,Recorded document                       ,T12716184                               ,12716184                                ,        ,        ,                                        ,Amendment of CPR, HPR or Declaration    ,                                        ,  ,
210080820038     ,2013/02/28,          ,2013/03/11,                    ,Fee conveyance                          ,T8470017                                ,1057002                                 ,        ,        ,0                                       ,Deed to trust                           ,                                        ,  ,
210080820038     ,2002/10/25,          ,2002/12/17,                    ,Fee conveyance                          ,2872083                                 ,631528                                  ,        ,        ,0.00                                    ,Quitclaim apartment deed                ,Related individuals                     ,4 ,
210080820038     ,2001/10/29,          ,2001/11/21,                    ,Fee conveyance                          ,2754343                                 ,596577                                  ,        ,        ,0.00                                    ,Quitclaim apartment deed                ,                                        ,  ,
210080820038     ,2001/10/17,          ,2001/10/24,                    ,Fee conveyance                          ,2747129                                 ,594260                                  ,        ,        ,                                        ,Quitclaim apartment deed                ,                                        ,  ,
210080820038     ,2001/10/17,          ,2001/10/24,                    ,Fee conveyance                          ,2747129                                 ,594260                                  ,        ,        ,                                        ,Quitclaim apartment deed                ,                                        ,  ,
210080820038     ,1999/06/24,          ,1999/09/08,0000000000          ,Fee conveyance                          ,2573165                                 ,538919                                  ,        ,        ,0.00                                    ,                                        ,                                        ,  ,
210080820038     ,1998/10/26,          ,1998/11/02,0000000000          ,Fee conveyance                          ,2497190                                 ,520372                                  ,        ,        ,0.00                                    ,                                        ,                                        ,  ,
210080820038     ,1998/02/13,    230000,1998/02/13,0000000000          ,A/S on fee                              ,2438114                                 ,421239                                  ,        ,        ,230.00                                  ,                                        ,Valid                                   ,X ,Improved
210080820038     ,1993/09/03,    235000,1993/09/09,0000000000          ,Fee conveyance                          ,2063879                                 ,421239                                  ,        ,        ,235.00                                  ,                                        ,Foreclosure                             ,5 ,Improved
210080820038     ,1991/11/27,    376000,1991/12/06,0000000000          ,Fee conveyance                          ,1870470                                 ,381124                                  ,        ,        ,188.00                                  ,                                        ,Valid                                   ,X ,Improved
210080820038     ,1990/10/29,          ,          ,0000000000          ,                                        ,                                        ,                                        ,        ,        ,                                        ,                                        ,                                        ,  ,
210080820039     ,2024/09/19,          ,2024/10/25,                    ,Recorded document                       ,T12716184                               ,12716184                                ,        ,        ,                                        ,Amendment of CPR, HPR or Declaration    ,                                        ,  ,
210080820039     ,2024/03/04,          ,2024/04/19,                    ,Fee conveyance                          ,T12527237                               ,1267432                                 ,        ,        ,                                        ,Apartment deed                          ,                                        ,  ,
210080820039     ,2021/02/17,    735000,2021/02/24,                    ,Fee conveyance                          ,T11377100                               ,1208783                                 ,        ,        ,1837.5                                  ,Apartment deed                          ,Valid Sale                              ,0 ,Improved
210080820039     ,2019/04/16,    725001,2019/04/30,                    ,Fee conveyance                          ,T10711043                               ,1175003                                 ,        ,        ,1812.5                                  ,Exchange deed                           ,Valid Sale                              ,0 ,Improved
210080820039     ,2018/11/08,    740000,2018/11/19,                    ,Fee conveyance                          ,T10549169                               ,1166946                                 ,        ,        ,1850                                    ,Warranty deed                           ,Valid Sale                              ,0 ,Improved
210080820039     ,2012/11/29,    515000,2012/12/21,                    ,Fee conveyance                          ,T8390367                                ,1052981                                 ,        ,        ,772.5                                   ,Limited warranty/apartment deed         ,Valid Sale                              ,0 ,Improved
210080820039     ,1999/04/29,    405000,1999/05/06,0000000000          ,Fee conveyance                          ,2541789                                 ,531115                                  ,        ,        ,220.00                                  ,                                        ,                                        ,  ,
210080820039     ,1999/04/01,    220000,          ,                    ,Fee conveyance                          ,                                        ,                                        ,        ,        ,                                        ,                                        ,Valid                                   ,X ,Improved
210080820039     ,1997/07/21,    200000,1997/07/28,0000000000          ,Fee conveyance                          ,2393780                                 ,495044                                  ,        ,        ,200.00                                  ,                                        ,Valid                                   ,X ,Improved
210080820039     ,1997/05/13,    160600,1997/05/16,0000000000          ,Fee conveyance                          ,2381423                                 ,491876                                  ,        ,        ,160.60                                  ,                                        ,Foreclosure                             ,5 ,Improved
210080820039     ,1992/02/24,    325500,1992/06/05,0000000000          ,Fee conveyance                          ,1919049                                 ,391942                                  ,        ,        ,162.75                                  ,                                        ,                                        ,  ,
210080820039     ,1992/02/01,    325000,          ,                    ,Fee conveyance                          ,                                        ,                                        ,        ,        ,                                        ,                                        ,Valid                                   ,X ,Improved
210080820039     ,1990/10/29,          ,          ,0000000000          ,                                        ,                                        ,                                        ,        ,        ,                                        ,                                        ,                                        ,  ,
210080820040     ,2024/11/21,          ,2024/11/27,                    ,Land Court Order (all types)            ,T12749004                               ,                                        ,        ,        ,                                        ,Land Court Order (all types)            ,                                        ,  ,
210080820040     ,2024/09/19,          ,2024/10/25,                    ,Recorded document                       ,T12716184                               ,12716184                                ,        ,        ,                                        ,Amendment of CPR, HPR or Declaration    ,                                        ,  ,
210080820040     ,2012/05/07,    490000,2012/05/30,                    ,Fee conveyance                          ,T8185158                                ,1042935                                 ,        ,        ,735                                     ,Apartment deed                          ,Valid Sale                              ,0 ,Improved
210080820040     ,2010/10/27,          ,2010/11/16,                    ,Fee conveyance                          ,4020135                                 ,1003859                                 ,        ,        ,0                                       ,Apartment deed                          ,Related individuals                     ,4 ,Improved
210080820040     ,2008/04/24,    600000,2008/05/08,                    ,Fee conveyance                          ,3744538                                 ,906949                                  ,        ,        ,1500                                    ,Apartment deed                          ,Valid Sale                              ,0 ,Improved
210080820040     ,1991/04/11,    335000,1991/05/01,0000000000          ,Fee conveyance                          ,1816935                                 ,368741                                  ,        ,        ,167.50                                  ,                                        ,Valid                                   ,X ,Improved
210080820040     ,1990/10/29,          ,          ,0000000000          ,                                        ,                                        ,                                        ,        ,        ,                                        ,                                        ,                                        ,  ,
210080820041     ,2025/04/10,          ,2025/04/14,                    ,Fee conveyance                          ,T12887155                               ,1283545                                 ,        ,        ,                                        ,Warranty deed                           ,                                        ,  ,
210080820041     ,2024/09/19,          ,2024/10/25,                    ,Recorded document                       ,T12716184                               ,12716184                                ,        ,        ,                                        ,Amendment of CPR, HPR or Declaration    ,                                        ,  ,
210080820041     ,2022/05/11,   1350000,2022/05/23,                    ,Fee conveyance                          ,T11830155                               ,1237433                                 ,        ,        ,5400                                    ,Exchange deed                           ,Other                                   ,2 ,Improved
210080820041     ,2021/04/13,    720000,2021/05/10,                    ,Fee conveyance                          ,T11452098                               ,1213207                                 ,        ,        ,1800                                    ,Apartment deed                          ,Valid Sale                              ,0 ,Improved
210080820041     ,2018/06/20,    728000,2018/06/27,                    ,Fee conveyance                          ,T10404150                               ,1158994                                 ,        ,        ,1820                                    ,Apartment deed                          ,Valid Sale                              ,0 ,Improved
210080820041     ,2014/03/20,    629900,2014/03/25,                    ,Fee conveyance                          ,T8849011                                ,1075803                                 ,        ,        ,1574.8                                  ,Apartment deed                          ,Valid Sale                              ,0 ,Improved
210080820041     ,2004/03/01,          ,2004/04/07,                    ,Fee conveyance                          ,3094009                                 ,692050                                  ,        ,        ,0                                       ,Quitclaim deed                          ,                                        ,  ,
210080820041     ,1996/11/12,    200000,1996/11/18,0000000000          ,Fee conveyance                          ,2348107                                 ,483312                                  ,        ,        ,200.00                                  ,                                        ,Valid Sale                              ,0 ,Improved
210080820041     ,1990/10/29,          ,          ,0000000000          ,                                        ,                                        ,                                        ,        ,        ,                                        ,                                        ,                                        ,  ,
210080820042     ,2024/09/19,          ,2024/10/25,                    ,Recorded document                       ,T12716184                               ,12716184                                ,        ,        ,                                        ,Amendment of CPR, HPR or Declaration    ,                                        ,  ,
210080820042     ,1999/03/29,    215000,1999/04/16,0000000000          ,Fee conveyance                          ,2536183                                 ,529,774                                 ,        ,        ,215.00                                  ,                                        ,Valid                                   ,X ,Improved
210080820042     ,1991/04/01,    399000,          ,                    ,Fee conveyance                          ,                                        ,                                        ,        ,        ,                                        ,                                        ,Valid                                   ,X ,Improved
210080820042     ,1990/12/31,    399000,1991/04/22,0000000000          ,Fee conveyance                          ,1814212                                 ,368131                                  ,        ,        ,199.50                                  ,                                        ,                                        ,  ,
210080820042     ,1990/10/29,          ,          ,0000000000          ,                                        ,                                        ,                                        ,        ,        ,                                        ,                                        ,                                        ,  ,
210080820043     ,2024/09/19,          ,2024/10/25,                    ,Recorded document                       ,T12716184                               ,12716184                                ,        ,        ,                                        ,Amendment of CPR, HPR or Declaration    ,                                        ,  ,
210080820043     ,2022/04/07,   1400000,2022/04/11,                    ,Fee conveyance                          ,T11788086                               ,1235010                                 ,        ,        ,5600                                    ,Exchange deed                           ,Valid Sale                              ,0 ,Improved
210080820043     ,2021/09/22,   1000000,2021/09/28,                    ,Fee conveyance                          ,T11593175                               ,1222686                                 ,        ,        ,4000                                    ,Exchange deed                           ,Valid Sale                              ,0 ,Improved
210080820043     ,2014/11/21,          ,2014/12/05,                    ,Fee conveyance                          ,T9104195                                ,1089080                                 ,        ,        ,                                        ,Apartment deed                          ,                                        ,  ,
210080820043     ,2014/05/08,          ,2014/05/08,                    ,Route slip                              ,                                        ,                                        ,        ,        ,                                        ,Correction                              ,                                        ,  ,
210080820043     ,2014/04/23,    869000,2014/05/07,                    ,Fee conveyance                          ,T8892139                                ,1077966                                 ,        ,        ,2172.5                                  ,Apartment deed                          ,Valid Sale                              ,0 ,Improved
210080820043     ,2006/08/08,    995000,2006/08/16,                    ,Fee conveyance                          ,3468264                                 ,818599                                  ,        ,        ,2487.5                                  ,Apartment deed                          ,Valid Sale                              ,0 ,Improved
210080820043     ,2004/05/26,    660000,2004/06/03,                    ,Fee conveyance                          ,3118107                                 ,669511                                  ,        ,        ,660                                     ,Apartment deed                          ,Valid Sale                              ,0 ,Improved
210080820043     ,1997/11/12,    240000,1997/11/28,0000000000          ,Fee conveyance                          ,2422877                                 ,501510                                  ,        ,        ,240.00                                  ,                                        ,Valid Sale                              ,0 ,Improved
210080820043     ,1996/08/30,    205000,1996/09/09,0000000000          ,Fee conveyance                          ,2334621                                 ,369150                                  ,        ,        ,205.00                                  ,                                        ,Valid Sale                              ,0 ,Improved
210080820043     ,1991/04/30,    405000,1991/05/09,0000000000          ,Fee conveyance                          ,1818651                                 ,369150                                  ,        ,        ,202.50                                  ,                                        ,Valid Sale                              ,0 ,Improved
210080820043     ,1990/10/29,          ,          ,0000000000          ,                                        ,                                        ,                                        ,        ,        ,                                        ,                                        ,                                        ,  ,
210080820044     ,2024/09/19,          ,2024/10/25,                    ,Recorded document                       ,T12716184                               ,12716184                                ,        ,        ,                                        ,Amendment of CPR, HPR or Declaration    ,                                        ,  ,
210080820044     ,2021/03/10,    925000,2021/03/22,                    ,Fee conveyance                          ,T11403099                               ,1210135                                 ,        ,        ,2312.5                                  ,Apartment deed                          ,Other                                   ,2 ,
210080820044     ,2019/01/23,    895000,2019/02/01,                    ,Fee conveyance                          ,T10623091                               ,1170854                                 ,        ,        ,2337.5                                  ,Apartment deed                          ,Valid Sale                              ,0 ,Improved
210080820044     ,2013/06/20,    795000,2013/06/25,                    ,Fee conveyance                          ,T8576119                                ,1062488                                 ,        ,        ,1987.5                                  ,Apartment deed                          ,Valid Sale                              ,0 ,Improved
210080820044     ,2005/02/14,    800000,2005/02/18,                    ,Fee conveyance                          ,3232207                                 ,735542                                  ,        ,        ,800                                     ,Apartment deed                          ,Other                                   ,7 ,Improved
210080820044     ,2001/02/16,    485000,2001/02/22,                    ,Fee conveyance                          ,2684550                                 ,575,058                                 ,        ,        ,485.00                                  ,Warranty deed                           ,Valid Sale                              ,0 ,Improved
210080820044     ,1997/01/06,    240000,1997/01/15,0000000000          ,Fee conveyance                          ,2360438                                 ,486389                                  ,        ,        ,240.00                                  ,                                        ,Related individuals                     ,4 ,Improved
210080820044     ,1996/05/29,    240000,1996/06/06,0000000000          ,Fee conveyance                          ,2313945                                 ,475870                                  ,        ,        ,240.00                                  ,                                        ,                                        ,  ,
210080820044     ,1993/03/10,    350000,1993/03/16,0000000000          ,Fee conveyance                          ,2006302                                 ,409498                                  ,        ,        ,175.00                                  ,                                        ,Valid                                   ,X ,Improved
210080820044     ,1990/12/13,    466250,1991/02/01,0000000000          ,Fee conveyance                          ,1798803                                 ,315856                                  ,        ,        ,233.10                                  ,                                        ,Valid                                   ,X ,Improved
210080820044     ,1990/10/29,          ,          ,0000000000          ,                                        ,                                        ,                                        ,        ,        ,                                        ,                                        ,                                        ,  ,
210080820045     ,2024/09/19,          ,2024/10/25,                    ,Recorded document                       ,T12716184                               ,12716184                                ,        ,        ,                                        ,Amendment of CPR, HPR or Declaration    ,                                        ,  ,
210080820045     ,2021/09/28,    999000,2021/09/30,                    ,Fee conveyance                          ,T11595331                               ,1222919                                 ,        ,        ,2497.5                                  ,Exchange deed                           ,Valid Sale                              ,0 ,Improved
210080820045     ,2001/11/05,          ,2001/11/15,                    ,Fee conveyance                          ,2752900                                 ,596153                                  ,        ,        ,                                        ,Quitclaim apartment deed                ,                                        ,  ,
210080820045     ,2001/11/05,    405000,2001/11/09,                    ,Fee conveyance                          ,2751311                                 ,595436                                  ,        ,        ,405.00                                  ,Apartment deed                          ,Valid Sale                              ,0 ,Improved
210080820045     ,1991/04/11,    420000,1991/05/03,0000000000          ,Fee conveyance                          ,1817394                                 ,368852                                  ,        ,        ,210.00                                  ,                                        ,Valid                                   ,X ,Improved
210080820045     ,1991/02/28,    420000,1991/05/03,0000000000          ,Fee conveyance                          ,1817393                                 ,368851                                  ,        ,        ,210.00                                  ,                                        ,                                        ,  ,
210080820045     ,1990/10/29,          ,          ,0000000000          ,                                        ,                                        ,                                        ,        ,        ,                                        ,                                        ,                                        ,  ,
210080820046     ,2024/09/19,          ,2024/10/25,                    ,Recorded document                       ,T12716184                               ,12716184                                ,        ,        ,                                        ,Amendment of CPR, HPR or Declaration    ,                                        ,  ,
210080820046     ,2018/01/29,    835000,2018/02/06,                    ,Fee conveyance                          ,T10263019                               ,1151305                                 ,        ,        ,2087.5                                  ,Apartment deed                          ,Valid Sale                              ,0 ,Improved
210080820046     ,1998/05/22,    275000,1998/05/29,0000000000          ,Fee conveyance                          ,2460506                                 ,510861                                  ,        ,        ,275.00                                  ,                                        ,Valid                                   ,X ,Improved
210080820046     ,1994/09/01,    390000,1994/09/02,0000000000          ,Fee conveyance                          ,2177511                                 ,443941                                  ,        ,        ,390.00                                  ,                                        ,Valid                                   ,X ,Improved
210080820046     ,1990/12/13,    456750,1991/07/19,0000000000          ,Fee conveyance                          ,1836956                                 ,373663                                  ,        ,        ,228.35                                  ,                                        ,                                        ,  ,
210080820046     ,1990/12/01,    456700,          ,                    ,Fee conveyance                          ,                                        ,                                        ,        ,        ,                                        ,                                        ,Valid                                   ,X ,Improved
210080820046     ,1990/10/29,          ,          ,0000000000          ,                                        ,                                        ,                                        ,        ,        ,                                        ,                                        ,                                        ,  ,
210080820047     ,2024/09/19,          ,2024/10/25,                    ,Recorded document                       ,T12716184                               ,12716184                                ,        ,        ,                                        ,Amendment of CPR, HPR or Declaration    ,                                        ,  ,
210080820047     ,2018/01/01,          ,2018/01/01,                    ,Route slip                              ,                                        ,                                        ,        ,        ,0                                       ,Route Slip                              ,                                        ,  ,
210080820047     ,2014/03/27,          ,2014/04/30,                    ,Fee conveyance                          ,T8885382                                ,1077598                                 ,        ,        ,                                        ,Deed to trust                           ,                                        ,  ,
210080820047     ,2014/02/26,          ,2014/03/12,                    ,Fee conveyance                          ,T8836206                                ,1075219                                 ,        ,        ,                                        ,Deed to trust                           ,                                        ,  ,
210080820047     ,2009/08/08,          ,2009/08/18,                    ,Fee conveyance                          ,3889442                                 ,955427                                  ,        ,        ,0                                       ,Apartment deed                          ,                                        ,  ,
210080820047     ,2003/03/14,    390000,2003/04/07,                    ,Fee conveyance                          ,2912383                                 ,641660                                  ,        ,        ,390                                     ,Apartment deed                          ,Valid Sale                              ,0 ,Improved
210080820047     ,1990/12/13,    372750,1991/01/31,0000000000          ,Fee conveyance                          ,1798063                                 ,365425                                  ,        ,        ,186.35                                  ,                                        ,Valid Sale                              ,0 ,Improved
210080820047     ,1990/10/29,          ,          ,0000000000          ,                                        ,                                        ,                                        ,        ,        ,                                        ,                                        ,                                        ,  ,
210080820048     ,2024/09/19,          ,2024/10/25,                    ,Recorded document                       ,T12716184                               ,12716184                                ,        ,        ,                                        ,Amendment of CPR, HPR or Declaration    ,                                        ,  ,
210080820048     ,2020/10/24,    840000,2020/10/28,                    ,Fee conveyance                          ,T11258296                               ,1202158                                 ,        ,        ,2100                                    ,Exchange deed                           ,Valid Sale                              ,0 ,Improved
210080820048     ,2020/10/15,          ,2020/10/21,                    ,Land Court Order (all types)            ,T11251468                               ,                                        ,        ,        ,                                        ,Land Court Order (all types)            ,                                        ,  ,
210080820048     ,2003/03/26,    399000,2003/04/04,                    ,Fee conveyance                          ,2911912                                 ,641560                                  ,        ,        ,399                                     ,Apartment deed                          ,Valid Sale                              ,0 ,Improved
210080820048     ,1998/12/12,          ,1998/12/28,0000000000          ,Fee conveyance                          ,2509473                                 ,523607                                  ,        ,        ,0.00                                    ,                                        ,                                        ,  ,
210080820048     ,1998/03/17,    205000,1998/04/02,0000000000          ,Fee conveyance                          ,2447716                                 ,507740                                  ,        ,        ,205.00                                  ,                                        ,Valid                                   ,X ,Improved
210080820048     ,1997/07/26,          ,1997/09/03,0000000000          ,Fee conveyance                          ,2400767                                 ,496962                                  ,        ,        ,0.00                                    ,                                        ,                                        ,  ,
210080820048     ,1993/07/22,    260000,1993/07/28,0000000000          ,Fee conveyance                          ,2048778                                 ,418325                                  ,        ,        ,260.00                                  ,                                        ,Foreclosure                             ,5 ,Improved
210080820048     ,1990/12/13,    390000,1991/01/31,0000000000          ,Fee conveyance                          ,1798071                                 ,365429                                  ,        ,        ,195.00                                  ,                                        ,Valid                                   ,X ,Improved
210080820048     ,1990/10/29,          ,          ,0000000000          ,                                        ,                                        ,                                        ,        ,        ,                                        ,                                        ,                                        ,  ,
210080820049     ,2024/09/19,          ,2024/10/25,                    ,Recorded document                       ,T12716184                               ,12716184                                ,        ,        ,                                        ,Amendment of CPR, HPR or Declaration    ,                                        ,  ,
210080820049     ,2019/09/09,    759000,2019/09/16,                    ,Fee conveyance                          ,T10850026                               ,1182388                                 ,        ,        ,1897.5                                  ,Apartment deed                          ,Valid Sale                              ,0 ,Improved
210080820049     ,1996/12/10,    266169,1997/02/11,0000000000          ,Fee conveyance                          ,2365138                                 ,487465                                  ,        ,        ,266.20                                  ,                                        ,                                        ,  ,
210080820049     ,1996/12/01,    266170,          ,                    ,Fee conveyance                          ,                                        ,                                        ,        ,        ,                                        ,                                        ,Related individuals                     ,4 ,Improved
210080820049     ,1990/12/15,    420000,1991/01/31,0000000000          ,Fee conveyance                          ,1798082                                 ,365435                                  ,        ,        ,210.00                                  ,                                        ,Valid                                   ,X ,Improved
210080820049     ,1990/10/29,          ,          ,0000000000          ,                                        ,                                        ,                                        ,        ,        ,                                        ,                                        ,                                        ,  ,
210080820050     ,2024/09/19,          ,2024/10/25,                    ,Recorded document                       ,T12716184                               ,12716184                                ,        ,        ,                                        ,Amendment of CPR, HPR or Declaration    ,                                        ,  ,
210080820050     ,1991/09/25,          ,1991/10/26,0000000000          ,Fee conveyance                          ,1858289                                 ,378484                                  ,        ,        ,0.00                                    ,                                        ,                                        ,  ,
210080820050     ,1991/01/07,    435000,1991/01/31,0000000000          ,Fee conveyance                          ,1798077                                 ,365432                                  ,        ,        ,217.50                                  ,                                        ,Valid                                   ,X ,Improved
210080820050     ,1991/01/07,    435000,1991/01/31,0000000000          ,Fee conveyance                          ,1798078                                 ,365433                                  ,        ,        ,217.50                                  ,                                        ,Valid                                   ,X ,Improved
210080820050     ,1990/10/29,          ,          ,0000000000          ,                                        ,                                        ,                                        ,        ,        ,                                        ,                                        ,                                        ,  ,
210080820051     ,2024/09/19,          ,2024/10/25,                    ,Recorded document                       ,T12716184                               ,12716184                                ,        ,        ,                                        ,Amendment of CPR, HPR or Declaration    ,                                        ,  ,
210080820051     ,2016/09/30,    985000,2016/10/12,                    ,Fee conveyance                          ,T9781100                                ,1125031                                 ,        ,        ,2462.5                                  ,Apartment deed                          ,Valid Sale                              ,0 ,Improved
210080820051     ,2015/03/10,    905000,2015/04/17,                    ,Fee conveyance                          ,T9237094                                ,1095884                                 ,        ,        ,2262.5                                  ,Apartment deed                          ,Valid Sale                              ,0 ,Improved
210080820051     ,2012/03/20,    741000,2012/03/27,                    ,Fee conveyance                          ,T8121127                                ,1040114                                 ,        ,        ,1852.5                                  ,                                        ,Valid Sale                              ,0 ,Improved
210080820051     ,2006/04/10,    975000,2006/04/19,                    ,Fee conveyance                          ,3417983                                 ,801827                                  ,        ,        ,2437.5                                  ,Apartment deed                          ,Valid Sale                              ,0 ,Improved
210080820051     ,2004/10/21,          ,2004/11/15,                    ,Fee conveyance                          ,3192883                                 ,724062                                  ,        ,        ,0                                       ,Warranty deed                           ,                                        ,  ,
210080820051     ,1998/05/22,    340000,1998/05/29,0000000000          ,Fee conveyance                          ,2460119                                 ,510737                                  ,        ,        ,340.00                                  ,                                        ,Valid                                   ,X ,Improved
210080820051     ,1996/07/26,    255000,1996/08/14,0000000000          ,Fee conveyance                          ,2329761                                 ,479219                                  ,        ,        ,255.00                                  ,                                        ,Valid                                   ,X ,Improved
210080820051     ,1996/06/24,    200000,1996/06/26,0000000000          ,Fee conveyance                          ,2318550                                 ,476860                                  ,        ,        ,200.00                                  ,                                        ,                                        ,  ,
210080820051     ,1993/09/29,    332337,1993/10/15,9300170620          ,Fee conveyance                          ,2076774                                 ,423932                                  ,        ,        ,715.03                                  ,                                        ,                                        ,  ,
210080820051     ,1990/12/13,    435750,1991/02/05,0000000000          ,Fee conveyance                          ,1799384                                 ,365670                                  ,        ,        ,217.85                                  ,                                        ,Valid                                   ,X ,Improved
210080820051     ,1990/10/29,          ,          ,0000000000          ,                                        ,                                        ,                                        ,        ,        ,                                        ,                                        ,                                        ,  ,
210080820052     ,2024/09/19,          ,2024/10/25,                    ,Recorded document                       ,T12716184                               ,12716184                                ,        ,        ,                                        ,Amendment of CPR, HPR or Declaration    ,                                        ,  ,
210080820052     ,2003/11/13,          ,2003/11/19,                    ,Fee conveyance                          ,3029242                                 ,673781                                  ,        ,        ,0                                       ,Apartment deed                          ,Related individuals                     ,4 ,Improved
210080820052     ,2003/04/01,    540000,2003/04/04,                    ,Fee conveyance                          ,2911924                                 ,641570                                  ,        ,        ,540                                     ,Apartment deed                          ,Valid Sale                              ,0 ,Improved
210080820052     ,2002/04/10,          ,2002/05/28,                    ,Fee conveyance                          ,2808741                                 ,612782                                  ,        ,        ,0.00                                    ,Apartment deed                          ,                                        ,  ,
210080820052     ,1999/07/08,          ,1999/07/22,0000000000          ,Fee conveyance                          ,2561974                                 ,535,944                                 ,        ,        ,0.00                                    ,                                        ,                                        ,  ,
210080820052     ,1993/08/20,    325000,1993/08/27,0000000000          ,Fee conveyance                          ,2060093                                 ,420422                                  ,        ,        ,325.00                                  ,                                        ,                                        ,  ,
210080820052     ,1990/12/13,    445000,1991/01/30,0000000000          ,Fee conveyance                          ,1797908                                 ,365346                                  ,        ,        ,222.50                                  ,                                        ,Valid                                   ,X ,Improved
210080820052     ,1990/10/29,          ,          ,0000000000          ,                                        ,                                        ,                                        ,        ,        ,                                        ,                                        ,                                        ,  ,
210080820052     ,1900/01/01,    600000,1993/04/22,0000000000          ,Fee conveyance                          ,2017106                                 ,412251                                  ,        ,        ,300.00                                  ,                                        ,                                        ,  ,
210080820053     ,2024/09/19,          ,2024/10/25,                    ,Recorded document                       ,T12716184                               ,12716184                                ,        ,        ,                                        ,Amendment of CPR, HPR or Declaration    ,                                        ,  ,
210080820053     ,2019/11/08,          ,2019/11/14,                    ,Fee conveyance                          ,T10909213                               ,1185558                                 ,        ,        ,                                        ,Warranty deed                           ,                                        ,  ,
210080820053     ,2003/09/08,          ,2003/09/11,                    ,Fee conveyance                          ,152746                                  ,535822                                  ,        ,        ,0                                       ,Land Court Order (all types)            ,Other                                   ,7 ,Improved
210080820053     ,1999/06/21,    242000,1999/07/21,0000000000          ,Fee conveyance                          ,2561578                                 ,494,648                                 ,        ,        ,242.00                                  ,                                        ,Valid                                   ,X ,Improved
210080820053     ,1997/07/07,    185000,1997/07/17,0000000000          ,Fee conveyance                          ,2392218                                 ,494648                                  ,        ,        ,185.00                                  ,                                        ,Developer sale                          ,8 ,Improved
210080820053     ,1990/10/29,          ,          ,0000000000          ,                                        ,                                        ,                                        ,        ,        ,                                        ,                                        ,                                        ,  ,
210080820054     ,2024/09/19,          ,2024/10/25,                    ,Recorded document                       ,T12716184                               ,12716184                                ,        ,        ,                                        ,Amendment of CPR, HPR or Declaration    ,                                        ,  ,
210080820054     ,2019/11/08,          ,2019/11/14,                    ,Fee conveyance                          ,T10909215                               ,1185560                                 ,        ,        ,                                        ,Warranty deed                           ,                                        ,  ,
210080820054     ,2012/11/06,    540000,2012/11/16,                    ,Fee conveyance                          ,T8355061                                ,1051007                                 ,        ,        ,810                                     ,Apartment deed                          ,Valid Sale                              ,0 ,Improved
210080820054     ,2000/10/12,    305000,2000/10/20,                    ,Fee conveyance                          ,2658910                                 ,365440                                  ,        ,        ,305.00                                  ,Apartment deed                          ,Valid Sale                              ,0 ,Improved
210080820054     ,1990/12/01,    399000,          ,                    ,Fee conveyance                          ,                                        ,                                        ,        ,        ,                                        ,                                        ,Valid                                   ,X ,Improved
210080820054     ,1990/11/21,    399000,1991/01/31,0000000000          ,Fee conveyance                          ,1798090                                 ,365440                                  ,        ,        ,199.50                                  ,                                        ,                                        ,  ,
210080820054     ,1990/10/29,          ,          ,0000000000          ,                                        ,                                        ,                                        ,        ,        ,                                        ,                                        ,                                        ,  ,
210080820055     ,2024/09/19,          ,2024/10/25,                    ,Recorded document                       ,T12716184                               ,12716184                                ,        ,        ,                                        ,Amendment of CPR, HPR or Declaration    ,                                        ,  ,
210080820055     ,2016/12/22,    784000,2016/12/28,                    ,Fee conveyance                          ,T9858135                                ,1129203                                 ,        ,        ,1960                                    ,Apartment deed                          ,Valid Sale                              ,0 ,Improved
210080820055     ,2013/07/25,          ,2013/08/05,                    ,Fee conveyance                          ,T8617250                                ,1064733                                 ,        ,        ,0                                       ,Warranty deed                           ,                                        ,  ,
210080820055     ,2004/11/05,    775000,2004/11/16,                    ,Fee conveyance                          ,3193310                                 ,724149                                  ,        ,        ,775                                     ,Apartment deed                          ,Valid Sale                              ,0 ,Improved
210080820055     ,1999/09/01,    273000,          ,                    ,Fee conveyance                          ,                                        ,                                        ,        ,        ,                                        ,                                        ,Valid Sale                              ,0 ,Improved
210080820055     ,1999/08/12,    273000,1999/08/23,0000000000          ,Fee conveyance                          ,2569188                                 ,537,883                                 ,        ,        ,273.00                                  ,                                        ,                                        ,  ,
210080820055     ,1997/06/02,          ,1997/06/17,0000000000          ,Fee conveyance                          ,2386627                                 ,493246                                  ,        ,        ,0.00                                    ,                                        ,                                        ,  ,
210080820055     ,1996/06/10,    230000,1996/06/17,0000000000          ,Fee conveyance                          ,2316022                                 ,476359                                  ,        ,        ,230.00                                  ,                                        ,Valid Sale                              ,0 ,Improved
210080820055     ,1994/10/13,    215000,1994/10/18,0000000000          ,Fee conveyance                          ,2188422                                 ,446091                                  ,        ,        ,215.00                                  ,                                        ,Foreclosure                             ,5 ,Improved
210080820055     ,1991/03/05,    470000,1991/03/08,0000000000          ,Fee conveyance                          ,1805260                                 ,366995                                  ,        ,        ,235.00                                  ,                                        ,Valid Sale                              ,0 ,Improved
210080820055     ,1990/10/29,          ,          ,0000000000          ,                                        ,                                        ,                                        ,        ,        ,                                        ,                                        ,                                        ,  ,
210080820056     ,2024/09/19,          ,2024/10/25,                    ,Recorded document                       ,T12716184                               ,12716184                                ,        ,        ,                                        ,Amendment of CPR, HPR or Declaration    ,                                        ,  ,
210080820056     ,2018/03/21,    925000,2018/04/06,                    ,Fee conveyance                          ,T10322128                               ,1154310                                 ,        ,        ,2312.5                                  ,Apartment deed                          ,Other                                   ,7 ,Improved
210080820056     ,2010/12/10,    642000,2011/01/04,                    ,Fee conveyance                          ,4035123                                 ,1008885                                 ,        ,        ,963                                     ,Apartment deed                          ,Valid Sale                              ,0 ,Improved
210080820056     ,1997/10/02,    270000,1997/10/07,0000000000          ,Fee conveyance                          ,2407438                                 ,498948                                  ,        ,        ,270.00                                  ,                                        ,Valid                                   ,X ,Improved
210080820056     ,1996/08/06,    215000,1996/08/15,0000000000          ,Fee conveyance                          ,2330009                                 ,479264                                  ,        ,        ,215.00                                  ,                                        ,Related individuals                     ,4 ,Improved
210080820056     ,1990/12/13,    467250,1991/01/31,0000000000          ,Fee conveyance                          ,1798075                                 ,365431                                  ,        ,        ,233.60                                  ,                                        ,Valid                                   ,X ,Leasehold
210080820056     ,1990/10/29,          ,          ,0000000000          ,                                        ,                                        ,                                        ,        ,        ,                                        ,                                        ,                                        ,  ,
210080820057     ,2026/05/15,          ,2026/05/26,                    ,Fee conveyance                          ,T13294127                               ,1300979                                 ,        ,        ,                                        ,Quitclaim deed                          ,                                        ,  ,
210080820057     ,2024/09/19,          ,2024/10/25,                    ,Recorded document                       ,T12716184                               ,                                        ,        ,        ,                                        ,Amendment of CPR, HPR or Declaration    ,                                        ,  ,
210080820057     ,2014/11/14,    822888,2014/12/04,                    ,Fee conveyance                          ,T9103038                                ,1088947                                 ,        ,        ,2057.2                                  ,Apartment deed                          ,Valid Sale                              ,0 ,Improved
210080820057     ,2013/08/09,          ,2013/08/21,                    ,Fee conveyance                          ,T8633085                                ,1065472                                 ,        ,        ,0                                       ,Apartment deed                          ,                                        ,  ,
210080820057     ,2010/11/05,    608000,2010/11/18,                    ,Fee conveyance                          ,4021364                                 ,1004341                                 ,        ,        ,1520                                    ,Limited warranty/apartment deed         ,REO/Short sale                          ,R ,Improved
210080820057     ,2010/04/09,    549000,2010/05/03,                    ,Fee conveyance                          ,3960220                                 ,980724                                  ,        ,        ,823.5                                   ,Quitclaim deed                          ,Foreclosure                             ,5 ,Improved
210080820057     ,2007/09/18,    250000,2007/09/25,                    ,Fee conveyance                          ,3660153                                 ,878299                                  ,        ,        ,375                                     ,Apartment deed                          ,Valid Sale                              ,0 ,Improved
210080820057     ,2004/04/13,    749000,2004/04/15,                    ,Fee conveyance                          ,3096774                                 ,692944                                  ,        ,        ,749                                     ,Apartment deed                          ,Valid Sale                              ,0 ,
210080820057     ,2004/04/13,      1000,2004/04/29,                    ,Fee conveyance                          ,3102399                                 ,694690                                  ,        ,        ,1                                       ,Quitclaim apartment deed                ,                                        ,  ,
210080820057     ,2003/09/22,    475000,2003/09/29,                    ,Fee conveyance                          ,3001122                                 ,666597                                  ,        ,        ,475                                     ,Apartment deed                          ,Valid Sale                              ,0 ,Improved
210080820057     ,1991/03/07,    480000,1991/03/28,0000000000          ,Fee conveyance                          ,1809789                                 ,361847                                  ,        ,        ,240.00                                  ,                                        ,                                        ,  ,
210080820057     ,1990/10/29,          ,          ,0000000000          ,                                        ,                                        ,                                        ,        ,        ,                                        ,                                        ,                                        ,  ,
210080820057     ,1990/03/01,    480000,          ,                    ,Fee conveyance                          ,                                        ,                                        ,        ,        ,                                        ,                                        ,Valid Sale                              ,0 ,Improved
210080820058     ,2024/09/19,          ,2024/10/25,                    ,Recorded document                       ,T12716184                               ,12716184                                ,        ,        ,                                        ,Amendment of CPR, HPR or Declaration    ,                                        ,  ,
210080820058     ,2017/03/09,    812100,2017/05/22,                    ,Fee conveyance                          ,T10003061                               ,1136934                                 ,        ,        ,2030.3                                  ,Apartment deed                          ,Valid Sale                              ,0 ,Improved
210080820058     ,1992/07/01,    350000,          ,                    ,Fee conveyance                          ,                                        ,                                        ,        ,        ,                                        ,                                        ,Valid                                   ,X ,Improved
210080820058     ,1990/12/13,    477750,1991/02/07,0000000000          ,Fee conveyance                          ,1799973                                 ,365781                                  ,        ,        ,238.85                                  ,                                        ,Valid                                   ,X ,Improved
210080820058     ,1990/10/29,          ,          ,0000000000          ,                                        ,                                        ,                                        ,        ,        ,                                        ,                                        ,                                        ,  ,
210080820058     ,1900/01/01,    350000,1992/09/03,0000000000          ,Fee conveyance                          ,1950457                                 ,397845                                  ,        ,        ,175.00                                  ,                                        ,                                        ,  ,
210080820059     ,2025/07/08,   1425000,2025/07/29,                    ,Fee conveyance                          ,T12993021                               ,1288179                                 ,        ,        ,5700                                    ,Apartment deed                          ,Valid Sale                              ,0 ,
210080820059     ,2024/09/19,          ,2024/10/25,                    ,Recorded document                       ,T12716184                               ,                                        ,        ,        ,                                        ,Amendment of CPR, HPR or Declaration    ,                                        ,  ,
210080820059     ,2015/09/03,   1150000,2015/09/11,                    ,Fee conveyance                          ,T9384322                                ,1103770                                 ,        ,        ,4600                                    ,Warranty deed                           ,Other                                   ,2 ,Improved
210080820059     ,2007/07/23,   1150000,2007/07/31,                    ,Fee conveyance                          ,3636208                                 ,869856                                  ,        ,        ,4025                                    ,Apartment deed                          ,Valid Sale                              ,0 ,Improved
210080820059     ,2005/06/16,    815000,2005/06/30,                    ,Fee conveyance                          ,3289157                                 ,755790                                  ,        ,        ,815                                     ,Apartment deed                          ,Valid Sale                              ,0 ,Improved
210080820059     ,2002/06/24,    550000,2002/06/28,                    ,Fee conveyance                          ,2818518                                 ,615627                                  ,        ,        ,550.00                                  ,Apartment deed                          ,                                        ,  ,
210080820059     ,1999/06/01,    299000,1999/06/07,0000000000          ,Fee conveyance                          ,2550184                                 ,533039                                  ,        ,        ,299.00                                  ,                                        ,Valid                                   ,X ,Improved
210080820059     ,1991/01/08,    509250,1991/01/31,0000000000          ,Fee conveyance                          ,1798088                                 ,365439                                  ,        ,        ,254.60                                  ,                                        ,Valid                                   ,X ,Improved
210080820059     ,1990/10/29,          ,          ,0000000000          ,                                        ,                                        ,                                        ,        ,        ,                                        ,                                        ,                                        ,  ,
210080820060     ,2024/10/23,   1425000,2024/11/01,                    ,Fee conveyance                          ,T12723015                               ,1276775                                 ,        ,        ,5700                                    ,Apartment deed                          ,Valid Sale                              ,0 ,Improved
210080820060     ,2024/09/19,          ,2024/10/25,                    ,Recorded document                       ,T12716184                               ,12716184                                ,        ,        ,                                        ,Amendment of CPR, HPR or Declaration    ,                                        ,  ,
210080820060     ,2008/11/17,          ,2008/11/28,                    ,Fee conveyance                          ,3809605                                 ,929725                                  ,        ,        ,0                                       ,Deed to trust                           ,                                        ,  ,
210080820060     ,1999/05/20,          ,1999/05/25,0000000000          ,Fee conveyance                          ,2546666                                 ,532,206                                 ,        ,        ,386.00                                  ,                                        ,                                        ,  ,
210080820060     ,1999/05/01,    386000,          ,                    ,Fee conveyance                          ,                                        ,                                        ,        ,        ,                                        ,                                        ,Valid                                   ,X ,Improved
210080820060     ,1997/10/08,    260000,1997/11/21,0000000000          ,Fee conveyance                          ,2421262                                 ,501115                                  ,        ,        ,260.00                                  ,                                        ,Developer sale                          ,8 ,Improved
210080820060     ,1990/10/29,          ,          ,0000000000          ,                                        ,                                        ,                                        ,        ,        ,                                        ,                                        ,                                        ,  ,
210080820061     ,2024/09/19,          ,2024/10/25,                    ,Recorded document                       ,T12716184                               ,12716184                                ,        ,        ,                                        ,Amendment of CPR, HPR or Declaration    ,                                        ,  ,
210080820061     ,2020/03/24,   1400000,2020/03/30,                    ,Fee conveyance                          ,T11046013                               ,1191628                                 ,        ,        ,5600                                    ,Apartment deed                          ,Valid Sale                              ,0 ,Improved
210080820061     ,2018/04/05,          ,2018/04/17,                    ,Land Court Order (all types)            ,T10333014                               ,1149759                                 ,        ,        ,0                                       ,Land Court Order (all types)            ,                                        ,  ,
210080820061     ,2017/12/29,   1075000,2018/01/05,                    ,Fee conveyance                          ,T10231085                               ,1149759                                 ,        ,        ,4300                                    ,Apartment deed                          ,Valid Sale                              ,0 ,Improved
210080820061     ,2003/01/08,    700000,2003/01/10,                    ,Fee conveyance                          ,2880120                                 ,633820                                  ,        ,        ,700                                     ,Deed to trust                           ,                                        ,  ,
210080820061     ,1997/09/08,    150000,1997/09/15,0000000000          ,Fee conveyance                          ,2402921                                 ,497516                                  ,        ,        ,150.00                                  ,                                        ,Related individuals                     ,4 ,Improved
210080820061     ,1992/07/01,    350000,          ,                    ,Fee conveyance                          ,                                        ,                                        ,        ,        ,                                        ,                                        ,Valid                                   ,X ,Improved
210080820061     ,1990/12/13,    525000,1991/01/31,0000000000          ,Fee conveyance                          ,1798092                                 ,365441                                  ,        ,        ,262.50                                  ,                                        ,Valid                                   ,X ,Improved
210080820061     ,1990/10/29,          ,          ,0000000000          ,                                        ,                                        ,                                        ,        ,        ,                                        ,                                        ,                                        ,  ,
210080820061     ,1900/01/01,    350000,1992/08/10,0000000000          ,Fee conveyance                          ,1940943                                 ,396295                                  ,        ,        ,175.00                                  ,                                        ,                                        ,  ,
210080820062     ,2024/09/19,          ,2024/10/25,                    ,Recorded document                       ,T12716184                               ,12716184                                ,        ,        ,                                        ,Amendment of CPR, HPR or Declaration    ,                                        ,  ,
210080820062     ,2007/01/31,          ,2007/05/02,                    ,Fee conveyance                          ,3596002                                 ,856617                                  ,        ,        ,0                                       ,Apartment deed                          ,                                        ,  ,
210080820062     ,1993/09/01,    376000,          ,                    ,Fee conveyance                          ,                                        ,                                        ,        ,        ,                                        ,                                        ,Valid                                   ,X ,Improved
210080820062     ,1993/08/13,    376000,1993/09/13,0000000000          ,Fee conveyance                          ,2064998                                 ,421505                                  ,        ,        ,376.00                                  ,                                        ,                                        ,  ,
210080820062     ,1990/12/13,    550000,1991/01/31,0000000000          ,Fee conveyance                          ,1798069                                 ,365428                                  ,        ,        ,275.00                                  ,                                        ,Valid                                   ,X ,Improved
210080820062     ,1990/10/29,          ,          ,0000000000          ,                                        ,                                        ,                                        ,        ,        ,                                        ,                                        ,                                        ,  ,
210080820063     ,2024/09/19,          ,2024/10/25,                    ,Recorded document                       ,T12716184                               ,12716184                                ,        ,        ,                                        ,Amendment of CPR, HPR or Declaration    ,                                        ,  ,
210080820063     ,2008/01/24,          ,2008/02/06,                    ,Fee conveyance                          ,3708938                                 ,894404                                  ,        ,        ,0                                       ,Apartment deed                          ,                                        ,  ,
210080820063     ,2007/02/16,    388000,2007/02/28,                    ,Fee conveyance                          ,3566602                                 ,847317                                  ,        ,        ,582                                     ,Apartment deed                          ,                                        ,  ,
210080820063     ,1999/09/22,          ,1999/09/29,0000000000          ,Fee conveyance                          ,2578134                                 ,540,281                                 ,        ,        ,0.00                                    ,                                        ,                                        ,  ,
210080820063     ,1997/12/03,    275000,1997/12/18,0000000000          ,Fee conveyance                          ,2426975                                 ,502477                                  ,        ,        ,275.00                                  ,                                        ,Valid                                   ,X ,Improved
210080820063     ,1993/07/01,   2320013,1993/09/27,0000000000          ,Fee conveyance                          ,2069747                                 ,422371*                                 ,        ,        ,2320.00                                 ,                                        ,                                        ,  ,
210080820063     ,1990/12/13,    467250,1991/01/31,0000000000          ,Fee conveyance                          ,1797989                                 ,365437                                  ,        ,        ,233.60                                  ,                                        ,Valid                                   ,X ,Improved
210080820063     ,1990/10/29,          ,          ,0000000000          ,                                        ,                                        ,                                        ,        ,        ,                                        ,                                        ,                                        ,  ,
210080820064     ,2024/09/19,          ,2024/10/25,                    ,Recorded document                       ,T12716184                               ,12716184                                ,        ,        ,                                        ,Amendment of CPR, HPR or Declaration    ,                                        ,  ,
210080820064     ,2021/12/13,    924000,2021/12/20,                    ,Fee conveyance                          ,T11676594                               ,1228707                                 ,        ,        ,2310                                    ,Apartment deed                          ,Related individuals                     ,4 ,
210080820064     ,2013/02/05,          ,2013/04/24,                    ,Fee conveyance                          ,T8459245                                ,1056493                                 ,        ,        ,0                                       ,Trustee's deed                          ,                                        ,  ,
210080820064     ,1996/11/09,          ,1997/01/28,0000000000          ,Fee conveyance                          ,2362392                                 ,486808                                  ,        ,        ,0.00                                    ,                                        ,                                        ,  ,
210080820064     ,1996/06/13,    385000,1996/06/28,0000000000          ,Fee conveyance                          ,2319298                                 ,477043                                  ,        ,        ,385.00                                  ,                                        ,Valid                                   ,X ,Improved
210080820064     ,1990/12/13,    470000,1991/01/31,0000000000          ,Fee conveyance                          ,1798067                                 ,365427                                  ,        ,        ,235.00                                  ,                                        ,Valid                                   ,X ,Improved
210080820064     ,1990/10/29,          ,          ,0000000000          ,                                        ,                                        ,                                        ,        ,        ,                                        ,                                        ,                                        ,  ,
210080820065     ,2024/11/22,    800000,2024/11/27,                    ,Fee conveyance                          ,T12749132                               ,1277837                                 ,        ,        ,2000                                    ,Apartment deed                          ,Other                                   ,7 ,Improved
210080820065     ,2024/11/22,    800000,2024/11/27,                    ,Fee conveyance                          ,T12749133                               ,1277838                                 ,        ,        ,2000                                    ,Personal representative's warranty deed ,Other                                   ,7 ,Improved
210080820065     ,2024/09/19,          ,2024/10/25,                    ,Recorded document                       ,T12716184                               ,12716184                                ,        ,        ,                                        ,Amendment of CPR, HPR or Declaration    ,                                        ,  ,
210080820065     ,2024/09/15,          ,2024/11/22,                    ,Recorded document                       ,T12744075                               ,                                        ,        ,        ,                                        ,Recorded Document                       ,                                        ,  ,
210080820065     ,2007/11/07,          ,2007/11/08,                    ,Land Court Order (all types)            ,172698                                  ,365443                                  ,        ,        ,                                        ,Land Court Order (all types)            ,                                        ,  ,
210080820065     ,2007/10/31,          ,2008/01/23,                    ,Fee conveyance                          ,3704345                                 ,892851                                  ,        ,        ,0                                       ,Personal representative's warranty deed ,                                        ,  ,
210080820065     ,1991/01/08,    525000,1991/01/31,0000000000          ,Fee conveyance                          ,1798096                                 ,365443                                  ,        ,        ,262.50                                  ,                                        ,Valid                                   ,X ,Improved
210080820065     ,1990/10/29,          ,          ,0000000000          ,                                        ,                                        ,                                        ,        ,        ,                                        ,                                        ,                                        ,  ,
210080820066     ,2024/09/19,          ,2024/10/25,                    ,Recorded document                       ,T12716184                               ,12716184                                ,        ,        ,                                        ,Amendment of CPR, HPR or Declaration    ,                                        ,  ,
210080820066     ,2020/12/11,          ,2020/12/31,                    ,Fee conveyance                          ,T11322705                               ,1206186                                 ,        ,        ,                                        ,Apartment deed                          ,                                        ,  ,
210080820066     ,2020/12/11,          ,2020/12/30,                    ,Fee conveyance                          ,T11321460                               ,1206064                                 ,        ,        ,                                        ,Apartment deed                          ,                                        ,  ,
210080820066     ,2013/03/08,   1260000,2013/04/22,                    ,Fee conveyance                          ,T8512157                                ,1059171                                 ,        ,        ,5040                                    ,Apartment deed                          ,Valid Sale                              ,0 ,Improved
210080820066     ,2007/08/31,          ,2007/10/09,                    ,Fee conveyance                          ,3665512                                 ,880172                                  ,        ,        ,0                                       ,Quitclaim apartment deed                ,                                        ,  ,
210080820066     ,2007/04/19,   1440000,2007/04/30,                    ,Fee conveyance                          ,3594755                                 ,856170                                  ,        ,        ,5040                                    ,Apartment deed                          ,Valid Sale                              ,0 ,Improved
210080820066     ,1999/09/08,          ,1999/09/28,0000000000          ,Fee conveyance                          ,2577697                                 ,540,136                                 ,        ,        ,0.00                                    ,                                        ,                                        ,  ,
210080820066     ,1999/04/08,    499000,1999/04/16,0000000000          ,Fee conveyance                          ,2536184                                 ,529,775                                 ,        ,        ,499.00                                  ,                                        ,Other                                   ,7 ,Improved
210080820066     ,1998/12/02,    350000,1998/12/17,0000000000          ,Fee conveyance                          ,2507376                                 ,523020                                  ,        ,        ,350.00                                  ,                                        ,Foreclosure                             ,5 ,Improved
210080820066     ,1991/01/08,    561750,1991/02/01,0000000000          ,Fee conveyance                          ,1798801                                 ,365554                                  ,        ,        ,280.85                                  ,                                        ,Valid                                   ,X ,Improved
210080820066     ,1990/10/29,          ,          ,0000000000          ,                                        ,                                        ,                                        ,        ,        ,                                        ,                                        ,                                        ,  ,
210080820067     ,2024/09/19,          ,2024/10/25,                    ,Recorded document                       ,T12716184                               ,12716184                                ,        ,        ,                                        ,Amendment of CPR, HPR or Declaration    ,                                        ,  ,
210080820067     ,2010/08/14,          ,2010/08/25,                    ,Fee conveyance                          ,3993039                                 ,994069                                  ,        ,        ,0                                       ,Apartment deed                          ,Related individuals                     ,4 ,Improved
210080820067     ,2008/01/23,    835000,2008/01/31,                    ,Fee conveyance                          ,3707234                                 ,893817                                  ,        ,        ,2087.5                                  ,Apartment deed                          ,Valid Sale                              ,0 ,Improved
210080820067     ,1994/06/01,    290000,          ,                    ,Fee conveyance                          ,                                        ,                                        ,        ,        ,                                        ,                                        ,Valid                                   ,X ,Improved
210080820067     ,1991/01/08,    450000,1991/02/20,0000000000          ,Fee conveyance                          ,1802068                                 ,366245                                  ,        ,        ,225.00                                  ,                                        ,Valid                                   ,X ,Improved
210080820067     ,1990/10/29,          ,          ,0000000000          ,                                        ,                                        ,                                        ,        ,        ,                                        ,                                        ,                                        ,  ,
210080820067     ,1900/01/01,    290000,1994/06/22,0000000000          ,Fee conveyance                          ,2157178                                 ,439793                                  ,        ,        ,290.00                                  ,                                        ,                                        ,  ,
210080820068     ,2024/09/19,          ,2024/10/25,                    ,Recorded document                       ,T12716184                               ,12716184                                ,        ,        ,                                        ,Amendment of CPR, HPR or Declaration    ,                                        ,  ,
210080820068     ,1991/01/08,    477750,1991/02/06,0000000000          ,Fee conveyance                          ,1799788                                 ,365743                                  ,        ,        ,238.85                                  ,                                        ,Valid                                   ,X ,Improved
210080820068     ,1990/10/29,          ,          ,0000000000          ,                                        ,                                        ,                                        ,        ,        ,                                        ,                                        ,                                        ,  ,
210080820069     ,2024/09/19,          ,2024/10/25,                    ,Recorded document                       ,T12716184                               ,12716184                                ,        ,        ,                                        ,Amendment of CPR, HPR or Declaration    ,                                        ,  ,
210080820069     ,2012/09/21,          ,2012/09/28,                    ,Fee conveyance                          ,T8306122                                ,1048644                                 ,        ,        ,0                                       ,Quitclaim apartment deed                ,                                        ,  ,
210080820069     ,2011/01/10,     10000,2011/01/24,                    ,Fee conveyance                          ,4042236                                 ,1011193                                 ,        ,        ,15                                      ,Quitclaim apartment deed                ,Related individuals                     ,4 ,Improved
210080820069     ,2008/05/23,          ,2008/05/29,                    ,Fee conveyance                          ,3752797                                 ,909678                                  ,        ,        ,0                                       ,Quitclaim apartment deed                ,                                        ,  ,
210080820069     ,2007/08/21,   1150000,2007/08/31,                    ,Fee conveyance                          ,3650099                                 ,874960                                  ,        ,        ,4025                                    ,Apartment deed                          ,Valid Sale                              ,0 ,Improved
210080820069     ,1999/02/03,    272000,1999/04/27,0000000000          ,Fee conveyance                          ,2538938                                 ,530,406                                 ,        ,        ,272.00                                  ,                                        ,Related individuals                     ,4 ,Improved
210080820069     ,1998/09/15,          ,1998/10/01,0000000000          ,Fee conveyance                          ,2489340                                 ,518482                                  ,        ,        ,0.00                                    ,                                        ,                                        ,  ,
210080820069     ,1991/01/08,    575000,1991/02/06,0000000000          ,Fee conveyance                          ,1799712                                 ,365711                                  ,        ,        ,287.50                                  ,                                        ,Valid                                   ,X ,Improved
210080820069     ,1990/10/29,          ,          ,0000000000          ,                                        ,                                        ,                                        ,        ,        ,                                        ,                                        ,                                        ,  ,
210080820070     ,2024/09/19,          ,2024/10/25,                    ,Recorded document                       ,T12716184                               ,12716184                                ,        ,        ,                                        ,Amendment of CPR, HPR or Declaration    ,                                        ,  ,
210080820070     ,2003/07/03,    788000,2003/07/11,                    ,Fee conveyance                          ,2956112                                 ,652533                                  ,        ,        ,788                                     ,Apartment deed                          ,Valid Sale                              ,0 ,Improved
210080820070     ,1991/01/08,    603750,1991/01/31,0000000000          ,Fee conveyance                          ,1798102                                 ,365451                                  ,        ,        ,301.85                                  ,                                        ,Valid                                   ,X ,Improved
210080820070     ,1990/10/29,          ,          ,0000000000          ,                                        ,                                        ,                                        ,        ,        ,                                        ,                                        ,                                        ,  ,
210080820071     ,2024/09/19,          ,2024/10/25,                    ,Recorded document                       ,T12716184                               ,12716184                                ,        ,        ,                                        ,Amendment of CPR, HPR or Declaration    ,                                        ,  ,
210080820071     ,2010/03/25,    751000,2010/04/01,                    ,Fee conveyance                          ,3952199                                 ,977259                                  ,        ,        ,1877.5                                  ,Apartment deed                          ,Valid Sale                              ,0 ,Improved
210080820071     ,2004/10/27,          ,2004/11/19,                    ,Fee conveyance                          ,3195587                                 ,724725                                  ,        ,        ,0                                       ,Quitclaim apartment deed                ,                                        ,  ,
210080820071     ,2000/12/05,          ,2001/04/26,2699936             ,Fee conveyance                          ,2699936                                 ,580,059                                 ,        ,        ,0.00                                    ,Apartment deed                          ,                                        ,  ,
210080820071     ,1998/12/10,    340000,1998/12/15,0000000000          ,Fee conveyance                          ,2506631                                 ,522830                                  ,        ,        ,340.00                                  ,                                        ,Valid                                   ,X ,Improved
210080820071     ,1991/01/08,    577500,1991/01/31,0000000000          ,Fee conveyance                          ,1798100                                 ,365445                                  ,        ,        ,288.75                                  ,                                        ,Valid                                   ,X ,Improved
210080820071     ,1990/10/29,          ,          ,0000000000          ,                                        ,                                        ,                                        ,        ,        ,                                        ,                                        ,                                        ,  ,
210080820072     ,2024/09/19,          ,2024/10/25,                    ,Recorded document                       ,T12716184                               ,12716184                                ,        ,        ,                                        ,Amendment of CPR, HPR or Declaration    ,                                        ,  ,
210080820072     ,2021/09/13,   1293636,2021/09/16,                    ,Fee conveyance                          ,T11581001                               ,1221770                                 ,        ,        ,5174.5                                  ,Apartment deed                          ,Valid Sale                              ,0 ,Improved
210080820072     ,2007/04/02,   1569000,2007/04/10,                    ,Fee conveyance                          ,3586033                                 ,853259                                  ,        ,        ,5491.5                                  ,Apartment deed                          ,Valid Sale                              ,0 ,Improved
210080820072     ,1999/12/13,    525000,1999/12/21,0000000000          ,Fee conveyance                          ,2596603                                 ,545,347                                 ,        ,        ,525.00                                  ,                                        ,Related individuals                     ,4 ,Improved
210080820072     ,1993/05/01,    610000,          ,                    ,Fee conveyance                          ,                                        ,                                        ,        ,        ,                                        ,                                        ,Valid                                   ,X ,Improved
210080820072     ,1993/03/03,    610000,1993/06/06,0000000000          ,Fee conveyance                          ,2021759                                 ,413127                                  ,        ,        ,305.00                                  ,                                        ,                                        ,  ,
210080820072     ,1991/06/10,    600000,1991/07/19,0000000000          ,Fee conveyance                          ,1836957                                 ,373664                                  ,        ,        ,300.00                                  ,                                        ,Valid                                   ,X ,Improved
210080820072     ,1990/10/29,          ,          ,0000000000          ,                                        ,                                        ,                                        ,        ,        ,                                        ,                                        ,                                        ,  ,
210080820073     ,2024/09/19,          ,2024/10/25,                    ,Recorded document                       ,T12716184                               ,12716184                                ,        ,        ,                                        ,Amendment of CPR, HPR or Declaration    ,                                        ,  ,
210080820073     ,2009/12/30,    750000,2010/01/06,                    ,Fee conveyance                          ,3929651                                 ,969230                                  ,        ,        ,1875                                    ,Apartment deed                          ,Valid Sale                              ,0 ,Improved
210080820073     ,2005/04/15,    900000,2005/04/20,                    ,Fee conveyance                          ,3256247                                 ,744438                                  ,        ,        ,900                                     ,Apartment deed                          ,Valid Sale                              ,0 ,Improved
210080820073     ,1990/12/12,    483000,1991/01/31,0000000000          ,Fee conveyance                          ,1798104                                 ,365446                                  ,        ,        ,241.50                                  ,                                        ,Valid                                   ,X ,Improved
210080820073     ,1990/10/29,          ,          ,0000000000          ,                                        ,                                        ,                                        ,        ,        ,                                        ,                                        ,                                        ,  ,
210080820074     ,2024/09/19,          ,2024/10/25,                    ,Recorded document                       ,T12716184                               ,12716184                                ,        ,        ,                                        ,Amendment of CPR, HPR or Declaration    ,                                        ,  ,
210080820074     ,2019/07/09,    950000,2019/07/18,                    ,Fee conveyance                          ,T10790054                               ,1179252                                 ,        ,        ,2375                                    ,Warranty deed                           ,Valid Sale                              ,0 ,Improved
210080820074     ,2011/05/07,          ,2011/06/03,                    ,Fee conveyance                          ,4077539                                 ,1025200                                 ,        ,        ,0                                       ,Quitclaim apartment deed                ,Related individuals                     ,4 ,Improved
210080820074     ,1999/08/06,    380000,1999/08/12,0000000000          ,Fee conveyance                          ,2567134                                 ,237,331                                 ,        ,        ,380.00                                  ,                                        ,Other                                   ,7 ,Improved
210080820074     ,1998/10/21,    380000,1998/10/30,0000000000          ,Fee conveyance                          ,2496938                                 ,520292                                  ,        ,        ,380.00                                  ,                                        ,Other                                   ,7 ,Improved
210080820074     ,1991/01/08,    510000,1991/01/31,0000000000          ,Fee conveyance                          ,1798112                                 ,365450                                  ,        ,        ,255.00                                  ,                                        ,Valid                                   ,X ,Improved
210080820074     ,1990/10/29,          ,          ,0000000000          ,                                        ,                                        ,                                        ,        ,        ,                                        ,                                        ,                                        ,  ,
210080820075     ,2024/09/19,          ,2024/10/25,                    ,Recorded document                       ,T12716184                               ,12716184                                ,        ,        ,                                        ,Amendment of CPR, HPR or Declaration    ,                                        ,  ,
210080820075     ,2021/04/09,    930000,2021/04/27,                    ,Fee conveyance                          ,T11439070                               ,1212311                                 ,        ,        ,2325                                    ,Apartment deed                          ,Valid Sale                              ,0 ,Improved
210080820075     ,1991/01/08,    483000,1991/01/31,0000000000          ,Fee conveyance                          ,1798098                                 ,365444                                  ,        ,        ,241.50                                  ,                                        ,Valid                                   ,X ,Improved
210080820075     ,1990/10/29,          ,          ,0000000000          ,                                        ,                                        ,                                        ,        ,        ,                                        ,                                        ,                                        ,  ,
210080820076     ,2024/09/19,          ,2024/10/25,                    ,Recorded document                       ,T12716184                               ,12716184                                ,        ,        ,                                        ,Amendment of CPR, HPR or Declaration    ,                                        ,  ,
210080820076     ,2022/07/08,          ,2022/09/13,                    ,Fee conveyance                          ,T11943245                               ,                                        ,        ,        ,                                        ,T O D                                   ,                                        ,  ,
210080820076     ,2018/10/25,   1050000,2018/11/07,                    ,Fee conveyance                          ,T10537078                               ,1166300                                 ,        ,        ,4200                                    ,Apartment deed                          ,Valid Sale                              ,0 ,Improved
210080820076     ,2015/09/03,   1225000,2015/09/11,                    ,Fee conveyance                          ,T9384323                                ,1103771                                 ,        ,        ,4900                                    ,Warranty deed                           ,Other                                   ,2 ,Improved
210080820076     ,2008/05/30,   1225000,2008/05/30,                    ,Fee conveyance                          ,3753888                                 ,910054                                  ,        ,        ,4287.5                                  ,Apartment deed                          ,Valid Sale                              ,0 ,Improved
210080820076     ,2005/05/09,   1225000,2005/05/12,                    ,Fee conveyance                          ,3267191                                 ,748126                                  ,        ,        ,1225                                    ,Apartment deed                          ,Valid Sale                              ,0 ,Improved
210080820076     ,2001/03/12,    570000,2001/03/30,                    ,Fee conveyance                          ,2693993                                 ,578,030                                 ,        ,        ,570.00                                  ,Warranty deed                           ,Valid Sale                              ,0 ,Improved
210080820076     ,1991/01/08,    490000,1991/01/31,0000000000          ,Fee conveyance                          ,1798094                                 ,365442                                  ,        ,        ,245.00                                  ,                                        ,Valid                                   ,X ,Improved
210080820076     ,1990/10/29,          ,          ,0000000000          ,                                        ,                                        ,                                        ,        ,        ,                                        ,                                        ,                                        ,  ,
210080820077     ,2024/09/19,          ,2024/10/25,                    ,Recorded document                       ,T12716184                               ,12716184                                ,        ,        ,                                        ,Amendment of CPR, HPR or Declaration    ,                                        ,  ,
210080820077     ,2008/01/04,          ,2008/01/10,                    ,Fee conveyance                          ,3700247                                 ,891549                                  ,        ,        ,0                                       ,Quitclaim apartment deed                ,                                        ,  ,
210080820077     ,2003/10/21,    585000,2003/11/10,                    ,Fee conveyance                          ,3024826                                 ,672688                                  ,        ,        ,585                                     ,Apartment deed                          ,Valid Sale                              ,0 ,Improved
210080820077     ,1991/01/08,    483000,1991/01/31,0000000000          ,Fee conveyance                          ,1798110                                 ,365449                                  ,        ,        ,241.50                                  ,                                        ,Valid                                   ,X ,Improved
210080820077     ,1990/10/29,          ,          ,0000000000          ,                                        ,                                        ,                                        ,        ,        ,                                        ,                                        ,                                        ,  ,
210080820078     ,2024/09/19,          ,2024/10/25,                    ,Recorded document                       ,T12716184                               ,12716184                                ,        ,        ,                                        ,Amendment of CPR, HPR or Declaration    ,                                        ,  ,
210080820078     ,1995/07/25,    435000,1995/08/01,0000000000          ,Fee conveyance                          ,2252487                                 ,460395                                  ,        ,        ,435.00                                  ,                                        ,Valid                                   ,X ,Improved
210080820078     ,1991/05/07,    540000,1991/06/14,0000000000          ,Fee conveyance                          ,1827631                                 ,371286                                  ,        ,        ,270.00                                  ,                                        ,Valid                                   ,X ,Improved
210080820078     ,1990/10/29,          ,          ,0000000000          ,                                        ,                                        ,                                        ,        ,        ,                                        ,                                        ,                                        ,  ,
210080820079     ,2024/09/19,          ,2024/10/25,                    ,Recorded document                       ,T12716184                               ,12716184                                ,        ,        ,                                        ,Amendment of CPR, HPR or Declaration    ,                                        ,  ,
210080820079     ,2022/10/17,   1250000,2022/10/28,                    ,Fee conveyance                          ,T11988061                               ,1245811                                 ,        ,        ,5000                                    ,Warranty deed                           ,Valid Sale                              ,0 ,Improved
210080820079     ,2018/03/12,    770000,2018/03/19,                    ,Fee conveyance                          ,T10304087                               ,1153323                                 ,        ,        ,1925                                    ,Apartment deed                          ,Valid Sale                              ,0 ,Improved
210080820079     ,2006/06/16,    825000,2006/06/30,                    ,Fee conveyance                          ,3447458                                 ,811786                                  ,        ,        ,2062.5                                  ,Apartment deed                          ,Valid Sale                              ,0 ,Improved
210080820079     ,2003/12/23,    540000,2003/12/31,                    ,Fee conveyance                          ,3050181                                 ,679516                                  ,        ,        ,540                                     ,Apartment deed                          ,Valid Sale                              ,0 ,Improved
210080820079     ,2000/04/03,    355000,2000/04/14,0000000000          ,Fee conveyance                          ,2619248                                 ,552419                                  ,        ,        ,355.00                                  ,                                        ,Valid                                   ,X ,Improved
210080820079     ,1997/03/10,    260000,1997/03/25,0000000000          ,Fee conveyance                          ,2371992                                 ,489256                                  ,        ,        ,260.00                                  ,                                        ,Developer sale                          ,8 ,Improved
210080820079     ,1992/06/24,    446250,1992/09/01,0000000000          ,Fee conveyance                          ,1950028                                 ,397732                                  ,        ,        ,223.10                                  ,                                        ,Valid                                   ,X ,Improved
210080820079     ,1991/01/08,    446250,1991/01/31,0000000000          ,Fee conveyance                          ,1798805                                 ,365556                                  ,        ,        ,223.10                                  ,                                        ,Valid                                   ,X ,Improved
210080820079     ,1990/10/29,          ,          ,0000000000          ,                                        ,                                        ,                                        ,        ,        ,                                        ,                                        ,                                        ,  ,
210080820080     ,2024/09/19,          ,2024/10/25,                    ,Recorded document                       ,T12716184                               ,12716184                                ,        ,        ,                                        ,Amendment of CPR, HPR or Declaration    ,                                        ,  ,
210080820080     ,2008/10/09,    560000,2009/01/28,                    ,Fee conveyance                          ,3823304                                 ,935132                                  ,        ,        ,840                                     ,Apartment deed                          ,Valid Sale                              ,0 ,Improved
210080820080     ,2007/02/16,    860000,2007/02/28,                    ,Fee conveyance                          ,3566707                                 ,847358                                  ,        ,        ,2150                                    ,Apartment deed                          ,Valid Sale                              ,0 ,Improved
210080820080     ,2006/05/24,    817000,2006/06/09,                    ,Fee conveyance                          ,3438672                                 ,808723                                  ,        ,        ,2042.5                                  ,Apartment deed                          ,Valid Sale                              ,0 ,Improved
210080820080     ,2003/04/22,    492500,2003/05/06,                    ,Fee conveyance                          ,2925633                                 ,644998                                  ,        ,        ,492.5                                   ,Apartment deed                          ,Valid Sale                              ,0 ,Improved
210080820080     ,2002/06/18,    450000,2002/07/08,                    ,Fee conveyance                          ,2820857                                 ,616407                                  ,        ,        ,450.00                                  ,Warranty deed                           ,Valid Sale                              ,0 ,Improved
210080820080     ,1999/12/10,    200000,1999/12/17,0000000000          ,Fee conveyance                          ,2595747                                 ,545,085                                 ,        ,        ,200.00                                  ,                                        ,Other                                   ,7 ,Improved
210080820080     ,1991/01/08,    450000,1991/01/31,0000000000          ,Fee conveyance                          ,1798106                                 ,365447                                  ,        ,        ,225.00                                  ,                                        ,Valid                                   ,X ,Improved
210080820080     ,1990/10/29,          ,          ,0000000000          ,                                        ,                                        ,                                        ,        ,        ,                                        ,                                        ,                                        ,  ,
210080820081     ,2024/09/19,          ,2024/10/25,                    ,Recorded document                       ,T12716184                               ,12716184                                ,        ,        ,                                        ,Amendment of CPR, HPR or Declaration    ,                                        ,  ,
210080820081     ,2017/01/18,   1100000,2017/01/25,                    ,Fee conveyance                          ,T9886019                                ,1130504                                 ,        ,        ,4400                                    ,Exchange deed                           ,Valid Sale                              ,0 ,Improved
210080820081     ,2013/03/13,    890000,2013/04/11,                    ,Fee conveyance                          ,T8501157                                ,1058678                                 ,        ,        ,2225                                    ,Apartment deed                          ,Valid Sale                              ,0 ,Improved
210080820081     ,2005/12/05,   1110057,2005/12/09,                    ,Fee conveyance                          ,3365404                                 ,783358                                  ,        ,        ,3885.2                                  ,Apartment deed                          ,Valid Sale                              ,0 ,Improved
210080820081     ,2002/05/06,    625000,2002/05/22,                    ,Fee conveyance                          ,2806934                                 ,612152                                  ,        ,        ,625.00                                  ,Warranty deed                           ,                                        ,  ,
210080820081     ,1991/02/20,    500000,1991/02/26,0000000000          ,Fee conveyance                          ,1803204                                 ,366491                                  ,        ,        ,250.00                                  ,                                        ,Valid                                   ,X ,Improved
210080820081     ,1990/10/29,          ,          ,0000000000          ,                                        ,                                        ,                                        ,        ,        ,                                        ,                                        ,                                        ,  ,
210080820082     ,2024/09/19,          ,2024/10/25,                    ,Recorded document                       ,T12716184                               ,12716184                                ,        ,        ,                                        ,Amendment of CPR, HPR or Declaration    ,                                        ,  ,
210080820082     ,2022/02/11,          ,2022/03/28,                    ,Fee conveyance                          ,T11774296                               ,1234291                                 ,        ,        ,                                        ,Warranty deed                           ,                                        ,  ,
210080820082     ,1998/11/10,    350000,1998/12/15,0000000000          ,Fee conveyance                          ,2506709                                 ,522847                                  ,        ,        ,350.00                                  ,                                        ,Valid                                   ,X ,Improved
210080820082     ,1991/01/08,    551250,1991/01/31,0000000000          ,Fee conveyance                          ,1798108                                 ,365448                                  ,        ,        ,275.60                                  ,                                        ,Valid                                   ,X ,Improved
210080820082     ,1990/10/29,          ,          ,0000000000          ,                                        ,                                        ,                                        ,        ,        ,                                        ,                                        ,                                        ,  ,
210080820083     ,2024/09/19,          ,2024/10/25,                    ,Recorded document                       ,T12716184                               ,12716184                                ,        ,        ,                                        ,Amendment of CPR, HPR or Declaration    ,                                        ,  ,
210080820083     ,2019/10/16,    764100,2019/11/15,                    ,Fee conveyance                          ,T10910296                               ,1185681                                 ,        ,        ,1910.3                                  ,Apartment deed                          ,Related individuals                     ,4 ,
210080820083     ,2019/05/22,    850000,2019/05/31,                    ,Fee conveyance                          ,T10742012                               ,1176624                                 ,        ,        ,2125                                    ,Apartment deed                          ,Valid Sale                              ,0 ,Improved
210080820083     ,2016/07/06,    700000,2016/07/12,                    ,Fee conveyance                          ,T9689118                                ,1119871                                 ,        ,        ,1750                                    ,Apartment deed                          ,Valid Sale                              ,0 ,Improved
210080820083     ,1997/03/21,    260000,1997/04/07,0000000000          ,Fee conveyance                          ,2374222                                 ,489941                                  ,        ,        ,260.00                                  ,                                        ,Developer sale                          ,8 ,Improved
210080820083     ,1990/10/29,          ,          ,0000000000          ,                                        ,                                        ,                                        ,        ,        ,                                        ,                                        ,                                        ,  ,
210080820084     ,2024/09/19,          ,2024/10/25,                    ,Recorded document                       ,T12716184                               ,12716184                                ,        ,        ,                                        ,Amendment of CPR, HPR or Declaration    ,                                        ,  ,
210080820084     ,2019/04/01,    875000,2019/04/16,                    ,Fee conveyance                          ,T10697002                               ,1174320                                 ,        ,        ,2187.5                                  ,Exchange deed                           ,Valid Sale                              ,0 ,Improved
210080820084     ,2007/05/26,    875000,2007/06/01,                    ,Fee conveyance                          ,3609886                                 ,861292                                  ,        ,        ,2187.5                                  ,Apartment deed                          ,Valid Sale                              ,0 ,Improved
210080820084     ,1998/03/04,    280000,1998/03/12,0000000000          ,Fee conveyance                          ,2443111                                 ,506489                                  ,        ,        ,280.00                                  ,                                        ,Valid                                   ,X ,Improved
210080820084     ,1991/01/08,    456750,1991/02/05,0000000000          ,Fee conveyance                          ,1799382                                 ,365669                                  ,        ,        ,228.35                                  ,                                        ,Valid                                   ,X ,Improved
210080820084     ,1990/10/29,          ,          ,0000000000          ,                                        ,                                        ,                                        ,        ,        ,                                        ,                                        ,                                        ,  ,
210080820085     ,2024/09/19,          ,2024/10/25,                    ,Recorded document                       ,T12716184                               ,12716184                                ,        ,        ,                                        ,Amendment of CPR, HPR or Declaration    ,                                        ,  ,
210080820085     ,2006/11/26,    950000,2007/04/18,                    ,Fee conveyance                          ,3589938                                 ,854506                                  ,        ,        ,1900                                    ,Quitclaim deed                          ,                                        ,  ,
210080820085     ,2002/12/07,    570000,2002/12/12,                    ,Fee conveyance                          ,2870339                                 ,631060                                  ,        ,        ,570                                     ,Apartment deed                          ,Valid Sale                              ,0 ,Improved
210080820085     ,2000/08/25,    450000,2000/09/21,                    ,Fee conveyance                          ,2652392                                 ,563,744                                 ,        ,        ,450.00                                  ,Apartment deed                          ,Valid Sale                              ,0 ,Improved
210080820085     ,1991/02/26,    470000,1991/03/01,0000000000          ,Fee conveyance                          ,1803981                                 ,366693                                  ,        ,        ,235.00                                  ,                                        ,Valid                                   ,X ,Improved
210080820085     ,1990/10/29,          ,          ,0000000000          ,                                        ,                                        ,                                        ,        ,        ,                                        ,                                        ,                                        ,  ,
210080820086     ,2024/09/19,          ,2024/10/25,                    ,Recorded document                       ,T12716184                               ,12716184                                ,        ,        ,                                        ,Amendment of CPR, HPR or Declaration    ,                                        ,  ,
210080820086     ,2022/04/12,   1575000,2022/04/21,                    ,Fee conveyance                          ,T11798058                               ,1235636                                 ,        ,        ,6300                                    ,Apartment deed                          ,Valid Sale                              ,0 ,Improved
210080820086     ,2016/11/21,          ,          ,                    ,Fee conveyance                          ,T9779161                                ,1123531                                 ,        ,        ,0                                       ,T O D                                   ,                                        ,  ,
210080820086     ,2016/09/01,          ,2016/09/15,                    ,Fee conveyance                          ,T9754233                                ,1123531                                 ,        ,        ,0                                       ,Apartment deed                          ,                                        ,  ,
210080820086     ,2005/12/21,          ,2005/12/28,                    ,Fee conveyance                          ,3372262                                 ,785969                                  ,        ,        ,0                                       ,Deed to trust                           ,                                        ,  ,
210080820086     ,1995/06/29,    370000,1995/06/29,0000000000          ,Fee conveyance                          ,                                        ,                                        ,        ,        ,370.00                                  ,                                        ,Developer sale                          ,8 ,Improved
210080820086     ,1990/10/29,          ,          ,0000000000          ,                                        ,                                        ,                                        ,        ,        ,                                        ,                                        ,                                        ,  ,
210080820087     ,2024/09/19,          ,2024/10/25,                    ,Recorded document                       ,T12716184                               ,12716184                                ,        ,        ,                                        ,Amendment of CPR, HPR or Declaration    ,                                        ,  ,
210080820087     ,2001/09/20,          ,2001/10/23,                    ,Fee conveyance                          ,2746623                                 ,594119                                  ,        ,        ,                                        ,Land Court Order (all types)            ,                                        ,  ,
210080820087     ,1991/02/20,    446250,1991/03/15,0000000000          ,Fee conveyance                          ,1806572                                 ,361114                                  ,        ,        ,223.10                                  ,                                        ,Valid                                   ,X ,Improved
210080820087     ,1990/10/29,          ,          ,0000000000          ,                                        ,                                        ,                                        ,        ,        ,                                        ,                                        ,                                        ,  ,
210080820088     ,2024/09/19,          ,2024/10/25,                    ,Recorded document                       ,T12716184                               ,12716184                                ,        ,        ,                                        ,Amendment of CPR, HPR or Declaration    ,                                        ,  ,
210080820088     ,1993/07/29,    285000,1993/08/10,0000000000          ,Fee conveyance                          ,2053255                                 ,419208                                  ,        ,        ,285.00                                  ,                                        ,Valid                                   ,X ,Improved
210080820088     ,1991/02/20,    460000,1991/03/15,0000000000          ,Fee conveyance                          ,1806581                                 ,361118                                  ,        ,        ,230.00                                  ,                                        ,Valid                                   ,X ,Improved
210080820088     ,1990/10/29,          ,          ,0000000000          ,                                        ,                                        ,                                        ,        ,        ,                                        ,                                        ,                                        ,  ,
210080820089     ,2024/09/19,          ,2024/10/25,                    ,Recorded document                       ,T12716184                               ,12716184                                ,        ,        ,                                        ,Amendment of CPR, HPR or Declaration    ,                                        ,  ,
210080820089     ,2003/11/20,          ,2004/01/05,                    ,Fee conveyance                          ,3050874                                 ,679679                                  ,        ,        ,0                                       ,Quitclaim apartment deed                ,Related individuals                     ,4 ,Improved
210080820089     ,2003/10/06,    689000,2003/10/10,                    ,Fee conveyance                          ,3008369                                 ,668358                                  ,        ,        ,689                                     ,Apartment deed                          ,Valid Sale                              ,0 ,Improved
210080820089     ,1991/02/20,    514500,1991/03/15,0000000000          ,Fee conveyance                          ,1806570                                 ,361113                                  ,        ,        ,257.25                                  ,                                        ,Valid                                   ,X ,Improved
210080820089     ,1990/10/29,          ,          ,0000000000          ,                                        ,                                        ,                                        ,        ,        ,                                        ,                                        ,                                        ,  ,
210080820090     ,2024/09/19,          ,2024/10/25,                    ,Recorded document                       ,T12716184                               ,12716184                                ,        ,        ,                                        ,Amendment of CPR, HPR or Declaration    ,                                        ,  ,
210080820090     ,2006/03/24,   1430000,2006/04/04,                    ,Fee conveyance                          ,3412550                                 ,800212                                  ,        ,        ,5005                                    ,Apartment deed                          ,Valid Sale                              ,0 ,Improved
210080820090     ,2006/03/06,      1133,2006/04/04,                    ,Fee conveyance                          ,3412549                                 ,800211                                  ,        ,        ,1.7                                     ,Apartment deed                          ,                                        ,  ,
210080820090     ,2005/03/08,   1050000,2005/03/11,                    ,Fee conveyance                          ,3239887                                 ,738161                                  ,        ,        ,1050                                    ,Apartment deed                          ,Valid Sale                              ,0 ,Improved
210080820090     ,2000/12/04,    615000,2000/12/18,                    ,Fee conveyance                          ,2671337                                 ,570,573                                 ,        ,        ,615.00                                  ,Warranty deed                           ,Valid Sale                              ,0 ,Improved
210080820090     ,2000/03/24,    575000,2000/03/29,0000000000          ,Fee conveyance                          ,2615380                                 ,551,207                                 ,        ,        ,575.00                                  ,                                        ,Valid                                   ,X ,Improved
210080820090     ,1994/03/29,    470000,1994/04/13,0000000000          ,Fee conveyance                          ,2137161                                 ,435708                                  ,        ,        ,470.00                                  ,                                        ,Valid                                   ,X ,Leasehold
210080820090     ,1992/10/27,    435000,1992/10/30,0000000000          ,Fee conveyance                          ,1966477                                 ,401030                                  ,        ,        ,217.50                                  ,                                        ,Valid                                   ,X ,Improved
210080820090     ,1991/02/20,    525000,1991/03/15,0000000000          ,Fee conveyance                          ,1806577                                 ,361116                                  ,        ,        ,262.50                                  ,                                        ,Valid                                   ,X ,Improved
210080820090     ,1990/10/29,          ,          ,0000000000          ,                                        ,                                        ,                                        ,        ,        ,                                        ,                                        ,                                        ,  ,
210080820091     ,2024/09/19,          ,2024/10/25,                    ,Recorded document                       ,T12716184                               ,12716184                                ,        ,        ,                                        ,Amendment of CPR, HPR or Declaration    ,                                        ,  ,
210080820091     ,2022/02/24,          ,2022/03/01,T11747054           ,Fee conveyance                          ,                                        ,                                        ,        ,        ,                                        ,Apartment deed                          ,                                        ,  ,
210080820091     ,2011/07/21,    912520,2011/08/16,                    ,Fee conveyance                          ,4092239                                 ,1030225                                 ,        ,        ,2281.3                                  ,Apartment deed                          ,Valid Sale                              ,0 ,Improved
210080820091     ,2002/05/07,    590000,2002/05/10,                    ,Fee conveyance                          ,2803386                                 ,611156                                  ,        ,        ,590.00                                  ,Apartment deed                          ,Valid Sale                              ,0 ,Improved
210080820091     ,1994/07/18,    350000,1994/07/18,0000000000          ,Fee conveyance                          ,2164893                                 ,441281                                  ,        ,        ,350.00                                  ,                                        ,Valid                                   ,X ,Improved
210080820091     ,1991/02/20,    493500,1991/03/15,0000000000          ,Fee conveyance                          ,1806579                                 ,361117                                  ,        ,        ,246.75                                  ,                                        ,Valid                                   ,X ,Improved
210080820091     ,1990/10/29,          ,          ,0000000000          ,                                        ,                                        ,                                        ,        ,        ,                                        ,                                        ,                                        ,  ,
210080820092     ,2024/09/19,          ,2024/10/25,                    ,Recorded document                       ,T12716184                               ,12716184                                ,        ,        ,                                        ,Amendment of CPR, HPR or Declaration    ,                                        ,  ,
210080820092     ,2023/10/10,   2177037,2023/10/16,                    ,Fee conveyance                          ,T12341053                               ,1259923                                 ,        ,        ,13062.5                                 ,Apartment deed                          ,Other                                   ,7 ,Improved
210080820092     ,2023/06/09,   1950000,2023/06/22,                    ,Fee conveyance                          ,T12225085                               ,1255011                                 ,        ,        ,7800                                    ,Apartment deed                          ,Valid Sale                              ,0 ,Improved
210080820092     ,2002/03/11,    648000,2002/03/28,                    ,Fee conveyance                          ,2790558                                 ,607100                                  ,        ,        ,648.00                                  ,Warranty deed                           ,Valid Sale                              ,0 ,Improved
210080820092     ,1999/11/24,          ,1999/11/30,0000000000          ,Fee conveyance                          ,2591904                                 ,543,988                                 ,        ,        ,425.00                                  ,                                        ,                                        ,  ,
210080820092     ,1999/11/01,    425000,          ,                    ,Fee conveyance                          ,                                        ,                                        ,        ,        ,                                        ,                                        ,Valid                                   ,X ,Improved
210080820092     ,1991/03/07,    495000,1991/03/18,0000000000          ,Fee conveyance                          ,1807104                                 ,361234                                  ,        ,        ,247.50                                  ,                                        ,Valid                                   ,X ,Improved
210080820092     ,1990/10/29,          ,          ,0000000000          ,                                        ,                                        ,                                        ,        ,        ,                                        ,                                        ,                                        ,  ,
210080820093     ,2024/09/19,          ,2024/10/25,                    ,Recorded document                       ,T12716184                               ,12716184                                ,        ,        ,                                        ,Amendment of CPR, HPR or Declaration    ,                                        ,  ,
210080820093     ,2023/10/04,   1875000,2023/10/12,                    ,Fee conveyance                          ,T12337004                               ,1259721                                 ,        ,        ,7500                                    ,Warranty deed                           ,Valid Sale                              ,0 ,Improved
210080820093     ,2018/04/04,    835000,2018/04/17,                    ,Fee conveyance                          ,T10333133                               ,1154956                                 ,        ,        ,2087.5                                  ,Apartment deed                          ,Valid Sale                              ,0 ,Improved
210080820093     ,2008/10/08,          ,2008/11/21,                    ,Fee conveyance                          ,3807964                                 ,929170                                  ,        ,        ,0                                       ,Quitclaim apartment deed                ,                                        ,  ,
210080820093     ,1996/02/14,    315000,1996/02/22,0000000000          ,Fee conveyance                          ,2291531                                 ,470743                                  ,        ,        ,315.00                                  ,                                        ,Valid                                   ,X ,Improved
210080820093     ,1992/10/26,    265000,1992/11/23,0000000000          ,Fee conveyance                          ,1972809                                 ,402307                                  ,        ,        ,132.50                                  ,                                        ,Valid                                   ,X ,Improved
210080820093     ,1991/03/07,    450000,1991/04/09,0000000000          ,Fee conveyance                          ,1811464                                 ,367494                                  ,        ,        ,225.00                                  ,                                        ,Valid                                   ,X ,Improved
210080820093     ,1990/10/29,          ,          ,0000000000          ,                                        ,                                        ,                                        ,        ,        ,                                        ,                                        ,                                        ,  ,
210080820094     ,2024/09/19,          ,2024/10/25,                    ,Recorded document                       ,T12716184                               ,12716184                                ,        ,        ,                                        ,Amendment of CPR, HPR or Declaration    ,                                        ,  ,
210080820094     ,2022/11/09,   1400000,2022/11/18,                    ,Fee conveyance                          ,T12009054                               ,1246660                                 ,        ,        ,5600                                    ,Apartment deed                          ,Valid Sale                              ,0 ,Improved
210080820094     ,2017/12/01,    939000,2017/12/11,                    ,Fee conveyance                          ,T10206025                               ,1148312                                 ,        ,        ,2347.5                                  ,Warranty deed                           ,Valid Sale                              ,0 ,Improved
210080820094     ,2015/11/25,          ,2016/01/14,                    ,Fee conveyance                          ,T9509008                                ,1109979                                 ,        ,        ,0                                       ,Quitclaim deed                          ,                                        ,  ,
210080820094     ,2013/02/14,          ,2013/06/18,                    ,Fee conveyance                          ,T8569130                                ,1062132                                 ,        ,        ,0                                       ,Apartment deed                          ,                                        ,  ,
210080820094     ,2013/02/09,    775000,2013/02/22,                    ,Fee conveyance                          ,T8453203                                ,1056155                                 ,        ,        ,1937.5                                  ,Apartment deed                          ,Valid Sale                              ,0 ,Improved
210080820094     ,2003/06/12,    565000,2003/06/30,                    ,Fee conveyance                          ,2950688                                 ,651096                                  ,        ,        ,565                                     ,Apartment deed                          ,Valid Sale                              ,0 ,Improved
210080820094     ,2002/04/22,    445000,2002/04/26,                    ,Fee conveyance                          ,2798854                                 ,609813                                  ,        ,        ,445.00                                  ,Apartment deed                          ,                                        ,  ,
210080820094     ,1998/12/07,    320000,1998/12/11,0000000000          ,Fee conveyance                          ,2505801                                 ,522559                                  ,        ,        ,320.00                                  ,                                        ,Valid                                   ,X ,Improved
210080820094     ,1998/01/14,    275000,1998/01/21,0000000000          ,Fee conveyance                          ,2433557                                 ,504315                                  ,        ,        ,275.00                                  ,                                        ,Valid                                   ,X ,Improved
210080820094     ,1991/02/20,    467250,1991/03/20,0000000000          ,Fee conveyance                          ,1807520                                 ,361334                                  ,        ,        ,233.60                                  ,                                        ,Valid                                   ,X ,Improved
210080820094     ,1990/10/29,          ,          ,0000000000          ,                                        ,                                        ,                                        ,        ,        ,                                        ,                                        ,                                        ,  ,
210080820095     ,2024/09/19,          ,2024/10/25,                    ,Recorded document                       ,T12716184                               ,12716184                                ,        ,        ,                                        ,Amendment of CPR, HPR or Declaration    ,                                        ,  ,
210080820095     ,2013/02/28,    790000,2013/03/07,                    ,Fee conveyance                          ,T8466083                                ,1056878                                 ,        ,        ,1975                                    ,Apartment deed                          ,Valid Sale                              ,0 ,Improved
210080820095     ,2006/02/06,   1455000,2006/03/03,                    ,Fee conveyance                          ,3399123                                 ,795425                                  ,        ,        ,5092.5                                  ,Personal representative's deed          ,                                        ,  ,
210080820095     ,1997/04/02,    275000,1997/04/15,0000000000          ,Fee conveyance                          ,2375548                                 ,490285                                  ,        ,        ,275.00                                  ,                                        ,Developer sale                          ,8 ,Improved
210080820095     ,1990/10/29,          ,          ,0000000000          ,                                        ,                                        ,                                        ,        ,        ,                                        ,                                        ,                                        ,  ,
210080820096     ,2024/09/19,          ,2024/10/25,                    ,Recorded document                       ,T12716184                               ,12716184                                ,        ,        ,                                        ,Amendment of CPR, HPR or Declaration    ,                                        ,  ,
210080820096     ,2006/11/02,          ,2006/11/14,                    ,Fee conveyance                          ,3512779                                 ,833261                                  ,        ,        ,0                                       ,Quitclaim apartment deed                ,                                        ,  ,
210080820096     ,2006/10/16,   1400514,2006/11/08,                    ,Fee conveyance                          ,3510267                                 ,832271                                  ,        ,        ,4901.8                                  ,Apartment deed                          ,Valid Sale                              ,0 ,Improved
210080820096     ,2002/10/03,    650000,2002/10/18,                    ,Fee conveyance                          ,2851539                                 ,625633                                  ,        ,        ,650.00                                  ,Warranty deed                           ,Valid Sale                              ,0 ,Improved
210080820096     ,1999/04/29,    405000,1999/05/06,0000000000          ,Fee conveyance                          ,2541786                                 ,531,113                                 ,        ,        ,405.00                                  ,                                        ,Valid                                   ,X ,Improved
210080820096     ,1999/01/21,    320000,1999/02/05,0000000000          ,Fee conveyance                          ,2519070                                 ,525672                                  ,        ,        ,320.00                                  ,                                        ,Other                                   ,7 ,Improved
210080820096     ,1995/09/28,          ,1995/11/06,0000000000          ,Fee conveyance                          ,2271154                                 ,464846                                  ,        ,        ,0.00                                    ,                                        ,                                        ,  ,
210080820096     ,1995/09/28,    350000,1995/11/06,0000000000          ,Fee conveyance                          ,2271155                                 ,467847                                  ,        ,        ,350.00                                  ,                                        ,Related individuals                     ,4 ,Improved
210080820096     ,1991/02/20,    509250,1991/03/15,0000000000          ,Fee conveyance                          ,1806583                                 ,361119                                  ,        ,        ,254.63                                  ,                                        ,Valid                                   ,X ,Improved
210080820096     ,1990/10/29,          ,          ,0000000000          ,                                        ,                                        ,                                        ,        ,        ,                                        ,                                        ,                                        ,  ,
210080820097     ,2024/09/19,          ,2024/10/25,                    ,Recorded document                       ,T12716184                               ,12716184                                ,        ,        ,                                        ,Amendment of CPR, HPR or Declaration    ,                                        ,  ,
210080820097     ,1997/05/19,    300000,1997/06/02,0000000000          ,Fee conveyance                          ,                                        ,                                        ,        ,        ,300.00                                  ,                                        ,Related individuals                     ,4 ,Improved
210080820097     ,1997/03/19,    300000,1997/04/11,0000000000          ,Fee conveyance                          ,2375015                                 ,490176                                  ,        ,        ,300.00                                  ,                                        ,Valid                                   ,X ,Improved
210080820097     ,1996/12/17,    240000,1996/12/27,0000000000          ,Fee conveyance                          ,2356939                                 ,485469                                  ,        ,        ,240.00                                  ,                                        ,Other                                   ,7 ,Improved
210080820097     ,1996/08/01,          ,1996/08/27,9600122695          ,Fee conveyance                          ,2332128                                 ,479707                                  ,        ,        ,                                        ,                                        ,                                        ,  ,
210080820097     ,1991/02/20,    470000,1991/03/21,0000000000          ,Fee conveyance                          ,1807839                                 ,361397                                  ,        ,        ,235.00                                  ,                                        ,Valid                                   ,X ,Improved
210080820097     ,1990/10/29,          ,          ,0000000000          ,                                        ,                                        ,                                        ,        ,        ,                                        ,                                        ,                                        ,  ,
210080820098     ,2024/09/19,          ,2024/10/25,                    ,Recorded document                       ,T12716184                               ,12716184                                ,        ,        ,                                        ,Amendment of CPR, HPR or Declaration    ,                                        ,  ,
210080820098     ,2011/10/24,    875000,2011/11/02,                    ,Fee conveyance                          ,4108410                                 ,1033667                                 ,        ,        ,2187.5                                  ,Apartment deed                          ,Valid Sale                              ,0 ,Improved
210080820098     ,2001/02/07,          ,2001/05/30,                    ,Fee conveyance                          ,2709155                                 ,582960                                  ,        ,        ,                                        ,Warranty deed                           ,                                        ,  ,
210080820098     ,1995/10/25,    400000,1995/11/07,0000000000          ,Fee conveyance                          ,2271315                                 ,464874                                  ,        ,        ,400.00                                  ,                                        ,                                        ,  ,
210080820098     ,1991/02/20,    509250,1991/03/20,0000000000          ,Fee conveyance                          ,1807702                                 ,361376                                  ,        ,        ,254.60                                  ,                                        ,Valid                                   ,X ,Improved
210080820098     ,1990/10/29,          ,          ,0000000000          ,                                        ,                                        ,                                        ,        ,        ,                                        ,                                        ,                                        ,  ,
210080820099     ,2024/09/19,          ,2024/10/25,                    ,Recorded document                       ,T12716184                               ,12716184                                ,        ,        ,                                        ,Amendment of CPR, HPR or Declaration    ,                                        ,  ,
210080820099     ,2013/03/05,    919000,2013/03/18,                    ,Fee conveyance                          ,T8477079                                ,1057407                                 ,        ,        ,2297.5                                  ,Warranty deed                           ,Valid Sale                              ,0 ,Improved
210080820099     ,2004/09/24,    980000,2004/10/01,                    ,Fee conveyance                          ,3173888                                 ,718352                                  ,        ,        ,980                                     ,Warranty deed                           ,Valid Sale                              ,0 ,Improved
210080820099     ,2002/12/30,    670000,2003/01/17,                    ,Fee conveyance                          ,2882088                                 ,634375                                  ,        ,        ,670                                     ,Apartment deed                          ,Valid Sale                              ,0 ,Improved
210080820099     ,1991/02/20,    650000,1991/03/15,0000000000          ,Fee conveyance                          ,1806589                                 ,361122                                  ,        ,        ,325.00                                  ,                                        ,Valid                                   ,X ,Improved
210080820099     ,1990/10/29,          ,          ,0000000000          ,                                        ,                                        ,                                        ,        ,        ,                                        ,                                        ,                                        ,  ,
210080820100     ,2024/09/19,          ,2024/10/25,                    ,Recorded document                       ,T12716184                               ,12716184                                ,        ,        ,                                        ,Amendment of CPR, HPR or Declaration    ,                                        ,  ,
210080820100     ,2022/03/23,   1575000,2022/03/31,                    ,Fee conveyance                          ,T11777017                               ,1234391                                 ,        ,        ,6300                                    ,Apartment deed                          ,Valid Sale                              ,0 ,Improved
210080820100     ,2020/01/24,          ,2020/01/30,                    ,Fee conveyance                          ,T10986264                               ,1189120                                 ,        ,        ,                                        ,Quitclaim deed                          ,                                        ,  ,
210080820100     ,2004/03/03,    910000,2004/03/08,                    ,Fee conveyance                          ,3079322                                 ,687423                                  ,        ,        ,910                                     ,Apartment deed                          ,Valid Sale                              ,0 ,Improved
210080820100     ,2004/02/17,      1000,2004/03/08,                    ,Fee conveyance                          ,3079321                                 ,687422                                  ,        ,        ,1                                       ,Apartment deed                          ,                                        ,  ,
210080820100     ,1999/12/13,    450000,1999/12/17,0000000000          ,Fee conveyance                          ,2595704                                 ,545,062                                 ,        ,        ,450.00                                  ,                                        ,Valid                                   ,X ,Improved
210080820100     ,1993/05/03,    551750,1993/06/06,0000000000          ,Fee conveyance                          ,2021763                                 ,413129                                  ,        ,        ,275.85                                  ,                                        ,Valid                                   ,X ,Improved
210080820100     ,1990/10/29,          ,          ,0000000000          ,                                        ,                                        ,                                        ,        ,        ,                                        ,                                        ,                                        ,  ,
210080820101     ,2024/09/19,          ,2024/10/25,                    ,Recorded document                       ,T12716184                               ,12716184                                ,        ,        ,                                        ,Amendment of CPR, HPR or Declaration    ,                                        ,  ,
210080820101     ,2013/06/28,         2,2014/05/14,                    ,Fee conveyance                          ,T8899112                                ,1078310                                 ,        ,        ,1.5                                     ,Quitclaim deed                          ,                                        ,  ,
210080820101     ,2006/07/07,   1250000,2006/07/18,                    ,Fee conveyance                          ,3454464                                 ,814120                                  ,        ,        ,4375                                    ,Apartment deed                          ,Valid Sale                              ,0 ,Improved
210080820101     ,2006/01/24,   1225000,2006/01/30,                    ,Fee conveyance                          ,3384772                                 ,790136                                  ,        ,        ,4287.5                                  ,Apartment deed                          ,Valid Sale                              ,0 ,Improved
210080820101     ,1991/02/20,    580000,1991/03/22,0000000000          ,Fee conveyance                          ,1808345                                 ,361527                                  ,        ,        ,290.00                                  ,                                        ,Valid                                   ,X ,Improved
210080820101     ,1990/10/29,          ,          ,0000000000          ,                                        ,                                        ,                                        ,        ,        ,                                        ,                                        ,                                        ,  ,
210080820102     ,2024/09/19,          ,2024/10/25,                    ,Recorded document                       ,T12716184                               ,12716184                                ,        ,        ,                                        ,Amendment of CPR, HPR or Declaration    ,                                        ,  ,
210080820102     ,2022/08/03,          ,2023/01/26,                    ,Fee conveyance                          ,T12078143                               ,1249342                                 ,        ,        ,                                        ,Apartment deed                          ,                                        ,  ,
210080820102     ,2018/10/31,   1288800,2018/11/05,                    ,Fee conveyance                          ,T10535102                               ,1166248                                 ,        ,        ,5155.2                                  ,Apartment deed                          ,Valid Sale                              ,0 ,Improved
210080820102     ,2014/04/07,   1300000,2014/05/15,                    ,Fee conveyance                          ,T8900063                                ,1078362                                 ,        ,        ,5200                                    ,Apartment deed                          ,Valid Sale                              ,0 ,Improved
210080820102     ,2010/04/04,    975000,2010/04/21,                    ,Fee conveyance                          ,3956917                                 ,979212                                  ,        ,        ,2437.5                                  ,Apartment deed                          ,Valid Sale                              ,0 ,Improved
210080820102     ,2010/03/31,       101,2010/04/21,                    ,Fee conveyance                          ,3956916                                 ,979211                                  ,        ,        ,1                                       ,Quitclaim apartment deed                ,                                        ,  ,
210080820102     ,2009/11/23,          ,2009/11/25,                    ,Land Court Order (all types)            ,180990                                  ,888053                                  ,        ,        ,                                        ,Land Court Order (all types)            ,                                        ,  ,
210080820102     ,2009/11/13,          ,2009/11/25,                    ,Fee conveyance                          ,3918819                                 ,965509                                  ,        ,        ,0                                       ,Quitclaim apartment deed                ,                                        ,  ,
210080820102     ,2007/11/15,     10000,2007/12/07,                    ,Fee conveyance                          ,3689452                                 ,888053                                  ,        ,        ,15                                      ,Quitclaim apartment deed                ,                                        ,  ,
210080820102     ,2006/05/23,    875000,2006/06/09,                    ,Fee conveyance                          ,3438674                                 ,808724                                  ,        ,        ,2187.5                                  ,Apartment deed                          ,Valid Sale                              ,0 ,
210080820102     ,2006/01/24,    875000,2006/01/30,                    ,Fee conveyance                          ,3384774                                 ,790137                                  ,        ,        ,2187.5                                  ,Apartment deed                          ,Valid Sale                              ,0 ,
210080820102     ,1991/02/20,    603750,1991/03/22,0000000000          ,Fee conveyance                          ,1808347                                 ,361528                                  ,        ,        ,301.85                                  ,                                        ,Valid Sale                              ,0 ,Improved
210080820102     ,1990/10/29,          ,          ,0000000000          ,                                        ,                                        ,                                        ,        ,        ,                                        ,                                        ,Valid Sale                              ,0 ,
210080820103     ,2024/09/19,          ,2024/10/25,                    ,Recorded document                       ,T12716184                               ,12716184                                ,        ,        ,                                        ,Amendment of CPR, HPR or Declaration    ,                                        ,  ,
210080820103     ,1999/07/27,    389000,1999/08/03,0000000000          ,Fee conveyance                          ,2564773                                 ,536,749                                 ,        ,        ,389.00                                  ,                                        ,Other                                   ,7 ,Improved
210080820103     ,1999/05/07,    300000,1999/05/19,0000000000          ,Fee conveyance                          ,2544825                                 ,531,843                                 ,        ,        ,300.00                                  ,                                        ,Other                                   ,7 ,Improved
210080820103     ,1996/12/17,    280000,1996/12/18,0000000000          ,Fee conveyance                          ,2354538                                 ,484824                                  ,        ,        ,280.00                                  ,                                        ,Other                                   ,7 ,Improved
210080820103     ,1991/08/06,    535500,1991/08/20,0000000000          ,Fee conveyance                          ,1844655                                 ,375356                                  ,        ,        ,267.75                                  ,                                        ,Valid                                   ,X ,Improved
210080820103     ,1990/10/29,          ,          ,0000000000          ,                                        ,                                        ,                                        ,        ,        ,                                        ,                                        ,                                        ,  ,
210080820104     ,2024/09/19,          ,2024/10/25,                    ,Recorded document                       ,T12716184                               ,12716184                                ,        ,        ,                                        ,Amendment of CPR, HPR or Declaration    ,                                        ,  ,
210080820104     ,2014/09/16,   1285000,2014/09/26,                    ,Fee conveyance                          ,T9034147                                ,1085268                                 ,        ,        ,5140                                    ,Apartment deed                          ,Valid Sale                              ,0 ,Improved
210080820104     ,2001/10/10,    575000,2001/10/30,                    ,Fee conveyance                          ,2748638                                 ,594656                                  ,        ,        ,575.00                                  ,Warranty deed                           ,Valid Sale                              ,0 ,Improved
210080820104     ,1999/12/10,    250000,1999/12/17,0000000000          ,Fee conveyance                          ,2595748                                 ,545,086                                 ,        ,        ,250.00                                  ,                                        ,Valid Sale                              ,0 ,Improved
210080820104     ,1991/02/20,    570000,1991/03/15,0000000000          ,Fee conveyance                          ,1806587                                 ,361121                                  ,        ,        ,285.00                                  ,                                        ,Valid Sale                              ,0 ,Improved
210080820104     ,1990/10/29,          ,          ,0000000000          ,                                        ,                                        ,                                        ,        ,        ,                                        ,                                        ,                                        ,  ,
210080820105     ,2024/09/19,          ,2024/10/25,                    ,Recorded document                       ,T12716184                               ,12716184                                ,        ,        ,                                        ,Amendment of CPR, HPR or Declaration    ,                                        ,  ,
210080820105     ,2014/08/18,          ,2014/08/26,                    ,Fee conveyance                          ,T9003069                                ,1083590                                 ,        ,        ,                                        ,Apartment deed                          ,                                        ,  ,
210080820105     ,2013/06/03,    655000,2013/06/10,                    ,Fee conveyance                          ,T8561090                                ,1061733                                 ,        ,        ,1637.5                                  ,Apartment deed                          ,Valid Sale                              ,0 ,Improved
210080820105     ,2013/02/04,          ,2013/02/06,                    ,Land Court Order (all types)            ,T8437016                                ,1033673                                 ,        ,        ,0                                       ,Land Court Order (all types)            ,Related individuals                     ,4 ,
210080820105     ,2011/10/28,          ,2011/11/02,                    ,Fee conveyance                          ,4107969                                 ,1033673                                 ,        ,        ,0                                       ,Apartment deed                          ,                                        ,  ,
210080820105     ,2001/08/16,          ,2002/05/13,                    ,Fee conveyance                          ,2804157                                 ,611338                                  ,        ,        ,0.00                                    ,Apartment deed                          ,                                        ,  ,
210080820105     ,1999/11/05,    270000,1999/11/12,0000000000          ,Fee conveyance                          ,2588626                                 ,542,975                                 ,        ,        ,270.00                                  ,                                        ,Valid Sale                              ,0 ,Improved
210080820105     ,1991/03/07,    456750,1991/03/15,0000000000          ,Fee conveyance                          ,1806567                                 ,361112                                  ,        ,        ,228.35                                  ,                                        ,Valid Sale                              ,0 ,Improved
210080820105     ,1990/10/29,          ,          ,0000000000          ,                                        ,                                        ,                                        ,        ,        ,                                        ,                                        ,                                        ,  ,
210080820106     ,2025/10/06,          ,2025/10/07,                    ,Land Court Order (all types)            ,T13063171                               ,                                        ,        ,        ,                                        ,Land Court Order (all types)            ,                                        ,  ,
210080820106     ,2025/01/01,          ,2025/01/01,                    ,Route slip                              ,                                        ,                                        ,        ,        ,                                        ,Death                                   ,                                        ,  ,
210080820106     ,2024/09/19,          ,2024/10/25,                    ,Recorded document                       ,T12716184                               ,12716184                                ,        ,        ,                                        ,Amendment of CPR, HPR or Declaration    ,                                        ,  ,
210080820106     ,2023/12/19,   1545000,2023/12/28,                    ,Fee conveyance                          ,T12414041                               ,1262879                                 ,        ,        ,6180                                    ,Apartment deed                          ,Other                                   ,7 ,Improved
210080820106     ,2020/11/12,    795000,2020/11/18,                    ,Fee conveyance                          ,T11279238                               ,1203327                                 ,        ,        ,1987.5                                  ,Exchange deed                           ,Valid Sale                              ,0 ,Improved
210080820106     ,2018/11/11,    790000,2018/11/19,                    ,Fee conveyance                          ,T10549170                               ,1166947                                 ,        ,        ,1975                                    ,Apartment deed                          ,Valid Sale                              ,0 ,Improved
210080820106     ,2004/08/19,    515000,2004/12/21,                    ,Fee conveyance                          ,3208839                                 ,728587                                  ,        ,        ,515                                     ,Quitclaim deed                          ,                                        ,  ,
210080820106     ,2003/04/29,    515000,2003/04/29,                    ,                                        ,                                        ,                                        ,        ,        ,                                        ,                                        ,Valid                                   ,X ,Improved
210080820106     ,2003/04/29,    515000,2003/06/16,                    ,Fee conveyance                          ,2943206                                 ,649272                                  ,        ,        ,515                                     ,Apartment deed                          ,                                        ,  ,
210080820106     ,2002/06/03,    484000,2002/06/17,                    ,Fee conveyance                          ,                                        ,                                        ,        ,        ,484.00                                  ,Apartment deed                          ,                                        ,  ,
210080820106     ,2001/09/07,    459000,2001/10/15,                    ,Fee conveyance                          ,2744547                                 ,593521                                  ,        ,        ,459.00                                  ,Warranty deed                           ,Valid Sale                              ,0 ,Improved
210080820106     ,1995/03/23,    352500,1995/03/31,0000000000          ,Fee conveyance                          ,222793                                  ,454546                                  ,        ,        ,352.50                                  ,                                        ,Valid                                   ,X ,Improved
210080820106     ,1994/12/29,          ,          ,0000000000          ,                                        ,                                        ,                                        ,        ,        ,                                        ,                                        ,                                        ,  ,
210080820106     ,1991/02/28,    460000,1991/03/15,0000000000          ,Fee conveyance                          ,1806574                                 ,361115                                  ,        ,        ,230.00                                  ,                                        ,Valid                                   ,X ,Improved
210080820106     ,1990/10/29,          ,          ,0000000000          ,                                        ,                                        ,                                        ,        ,        ,                                        ,                                        ,                                        ,  ,
210080820106     ,1900/01/01,          ,1992/08/28,0000000000          ,Fee conveyance                          ,1948837                                 ,397458                                  ,        ,        ,0.00                                    ,                                        ,                                        ,  ,
210080820106     ,1900/01/01,          ,1995/03/31,0000000000          ,                                        ,120126                                  ,379458                                  ,        ,        ,0.00                                    ,                                        ,                                        ,  ,
210080820107     ,2024/09/19,          ,2024/10/25,                    ,Recorded document                       ,T12716184                               ,12716184                                ,        ,        ,                                        ,Amendment of CPR, HPR or Declaration    ,                                        ,  ,
210080820107     ,2013/11/12,          ,2013/11/19,                    ,Fee conveyance                          ,T8723263                                ,1070108                                 ,        ,        ,0                                       ,Apartment deed                          ,                                        ,  ,
210080820107     ,2003/09/16,    495000,2003/09/19,                    ,Fee conveyance                          ,2995871                                 ,665305                                  ,        ,        ,495                                     ,Apartment deed                          ,                                        ,  ,Improved
210080820107     ,1993/01/16,    350000,1993/01/26,0000000000          ,Fee conveyance                          ,1991856                                 ,406746                                  ,        ,        ,175.00                                  ,                                        ,Valid Sale                              ,0 ,Improved
210080820107     ,1991/02/20,    577500,1991/03/15,0000000000          ,Fee conveyance                          ,1806585                                 ,361120                                  ,        ,        ,278.75                                  ,                                        ,Valid Sale                              ,0 ,Improved
210080820107     ,1990/10/29,          ,          ,0000000000          ,                                        ,                                        ,                                        ,        ,        ,                                        ,                                        ,                                        ,  ,
210080820108     ,2024/09/19,          ,2024/10/25,                    ,Recorded document                       ,T12716184                               ,12716184                                ,        ,        ,                                        ,Amendment of CPR, HPR or Declaration    ,                                        ,  ,
210080820108     ,2020/05/12,    800000,2020/05/20,                    ,Fee conveyance                          ,T11097006                               ,1193791                                 ,        ,        ,2000                                    ,Apartment deed                          ,Valid Sale                              ,0 ,Improved
210080820108     ,2019/08/23,          ,2019/08/28,                    ,Land Court Order (all types)            ,T10831131                               ,                                        ,        ,        ,                                        ,Land Court Order (all types)            ,                                        ,  ,
210080820108     ,2013/10/11,          ,2013/10/17,                    ,Fee conveyance                          ,T8690216                                ,1068517                                 ,        ,        ,0                                       ,Apartment deed                          ,                                        ,  ,
210080820108     ,2004/02/11,          ,2004/02/13,                    ,Recorded document                       ,155019                                  ,617382                                  ,        ,        ,0                                       ,Land Court Order (all types)            ,                                        ,  ,
210080820108     ,2004/02/04,    710000,2004/03/11,                    ,Fee conveyance                          ,3081349                                 ,687983                                  ,        ,        ,710                                     ,Apartment deed                          ,                                        ,  ,
210080820108     ,2002/06/28,    532000,2002/07/19,                    ,Fee conveyance                          ,2824281                                 ,617382                                  ,        ,        ,532.00                                  ,Warranty deed                           ,Valid Sale                              ,0 ,Improved
210080820108     ,2000/02/15,    560000,2000/02/25,0000000000          ,Fee conveyance                          ,2608913                                 ,549,076                                 ,        ,        ,560.00                                  ,                                        ,Valid Sale                              ,0 ,Improved
210080820108     ,1991/02/20,    575000,1991/04/03,0000000000          ,Fee conveyance                          ,1810530                                 ,367316                                  ,        ,        ,287.50                                  ,                                        ,Valid Sale                              ,0 ,Improved
210080820108     ,1990/10/29,          ,          ,0000000000          ,                                        ,                                        ,                                        ,        ,        ,                                        ,                                        ,                                        ,  ,
210080820109     ,2024/09/19,          ,2024/10/25,                    ,Recorded document                       ,T12716184                               ,12716184                                ,        ,        ,                                        ,Amendment of CPR, HPR or Declaration    ,                                        ,  ,
210080820109     ,2010/03/09,          ,2010/05/20,                    ,Fee conveyance                          ,3964800                                 ,982868                                  ,        ,        ,0                                       ,Deed to trust                           ,                                        ,  ,
210080820109     ,2010/01/22,    562000,2010/01/29,                    ,Fee conveyance                          ,3935927                                 ,971569                                  ,        ,        ,843                                     ,Apartment deed                          ,Valid Sale                              ,0 ,Improved
210080820109     ,2003/06/05,    382500,2003/06/10,                    ,Fee conveyance                          ,2941113                                 ,648904                                  ,        ,        ,382.5                                   ,Apartment deed                          ,Valid Sale                              ,0 ,Improved
210080820109     ,1997/03/19,    205000,1997/03/21,0000000000          ,Fee conveyance                          ,2371381                                 ,489075                                  ,        ,        ,205.00                                  ,                                        ,Developer sale                          ,8 ,Improved
210080820109     ,1992/07/01,    287000,          ,                    ,Fee conveyance                          ,                                        ,                                        ,        ,        ,                                        ,                                        ,Valid                                   ,X ,Improved
210080820109     ,1990/10/29,          ,          ,0000000000          ,                                        ,                                        ,                                        ,        ,        ,                                        ,                                        ,                                        ,  ,
210080820110     ,2024/09/19,          ,2024/10/25,                    ,Recorded document                       ,T12716184                               ,12716184                                ,        ,        ,                                        ,Amendment of CPR, HPR or Declaration    ,                                        ,  ,
210080820110     ,2018/08/20,          ,2018/09/06,                    ,Fee conveyance                          ,T10475334                               ,361267                                  ,        ,        ,                                        ,T O D                                   ,Other                                   ,7 ,
210080820110     ,1991/02/20,    488250,1991/03/19,0000000000          ,Fee conveyance                          ,1807317                                 ,361267                                  ,        ,        ,244.10                                  ,                                        ,Valid                                   ,X ,Improved
210080820110     ,1990/10/29,          ,          ,0000000000          ,                                        ,                                        ,                                        ,        ,        ,                                        ,                                        ,                                        ,  ,
210080820111     ,2024/09/19,          ,2024/10/25,                    ,Recorded document                       ,T12716184                               ,12716184                                ,        ,        ,                                        ,Amendment of CPR, HPR or Declaration    ,                                        ,  ,
210080820111     ,2020/12/24,    935000,2021/01/11,                    ,Fee conveyance                          ,T11333252                               ,1206540                                 ,        ,        ,2337.5                                  ,Apartment deed                          ,Valid Sale                              ,0 ,Improved
210080820111     ,2012/12/12,    640000,2012/12/27,                    ,Fee conveyance                          ,T8396014                                ,1053199                                 ,        ,        ,1600                                    ,Apartment deed                          ,Valid Sale                              ,0 ,Improved
210080820111     ,2001/06/19,    445000,2001/07/03,                    ,Fee conveyance                          ,2718677                                 ,585831                                  ,        ,        ,445.00                                  ,Apartment deed                          ,Valid Sale                              ,0 ,Improved
210080820111     ,2001/01/08,          ,2001/03/27,                    ,Fee conveyance                          ,2692400                                 ,577,549                                 ,        ,        ,0.00                                    ,Apartment deed                          ,                                        ,  ,
210080820111     ,1991/02/20,    525000,1991/03/08,0000000000          ,Fee conveyance                          ,1806890                                 ,361186                                  ,        ,        ,262.50                                  ,                                        ,Valid                                   ,X ,Improved
210080820111     ,1990/10/29,          ,          ,0000000000          ,                                        ,                                        ,                                        ,        ,        ,                                        ,                                        ,                                        ,  ,
210080820112     ,2024/09/19,          ,2024/10/25,                    ,Recorded document                       ,T12716184                               ,12716184                                ,        ,        ,                                        ,Amendment of CPR, HPR or Declaration    ,                                        ,  ,
210080820112     ,2012/08/22,    575000,2012/08/29,                    ,Fee conveyance                          ,T8276219                                ,1047060                                 ,        ,        ,862.5                                   ,Apartment deed                          ,Valid Sale                              ,0 ,Improved
210080820112     ,2007/04/12,    820000,2007/04/27,                    ,Fee conveyance                          ,3594312                                 ,856075                                  ,        ,        ,2050                                    ,Warranty deed                           ,Valid Sale                              ,0 ,Leasehold
210080820112     ,2002/04/17,          ,2002/08/05,                    ,Fee conveyance                          ,2828603                                 ,618825                                  ,        ,        ,0.00                                    ,Quitclaim deed                          ,                                        ,  ,
210080820112     ,1998/02/26,    250000,1998/03/10,0000000000          ,Fee conveyance                          ,2442470                                 ,506354                                  ,        ,        ,250.00                                  ,                                        ,Valid                                   ,X ,Improved
210080820112     ,1991/02/20,    530250,1991/03/28,0000000000          ,Fee conveyance                          ,1809668                                 ,361801                                  ,        ,        ,268.10                                  ,                                        ,Valid                                   ,X ,Improved
210080820112     ,1990/10/29,          ,          ,0000000000          ,                                        ,                                        ,                                        ,        ,        ,                                        ,                                        ,                                        ,  ,
210080820113     ,2024/09/19,          ,2024/10/25,                    ,Recorded document                       ,T12716184                               ,12716184                                ,        ,        ,                                        ,Amendment of CPR, HPR or Declaration    ,                                        ,  ,
210080820113     ,2014/10/01,          ,2014/10/30,                    ,Fee conveyance                          ,T9068204                                ,1087028                                 ,        ,        ,                                        ,Apartment deed                          ,                                        ,  ,
210080820113     ,2003/05/08,    435000,2003/05/13,                    ,Fee conveyance                          ,2828400                                 ,645648                                  ,        ,        ,435                                     ,Apartment deed                          ,Valid Sale                              ,0 ,Improved
210080820113     ,2000/08/29,    350000,2000/09/06,                    ,Fee conveyance                          ,2649009                                 ,562,615                                 ,        ,        ,350.00                                  ,Apartment deed                          ,Valid Sale                              ,0 ,Improved
210080820113     ,1991/02/28,    415000,1991/05/09,0000000000          ,Fee conveyance                          ,1817398                                 ,368853                                  ,        ,        ,207.50                                  ,                                        ,Valid Sale                              ,0 ,Improved
210080820113     ,1990/10/29,          ,          ,0000000000          ,                                        ,                                        ,                                        ,        ,        ,                                        ,                                        ,                                        ,  ,
210080820114     ,2024/09/19,          ,2024/10/25,                    ,Recorded document                       ,T12716184                               ,12716184                                ,        ,        ,                                        ,Amendment of CPR, HPR or Declaration    ,                                        ,  ,
210080820114     ,2021/06/23,    930000,2021/07/09,                    ,Fee conveyance                          ,T11512322                               ,1217408                                 ,        ,        ,2325                                    ,Apartment deed                          ,Valid Sale                              ,0 ,Improved
210080820114     ,2013/05/15,    630000,2013/05/28,                    ,Fee conveyance                          ,T8548062                                ,1061012                                 ,        ,        ,1575                                    ,Apartment deed                          ,Valid Sale                              ,0 ,Improved
210080820114     ,2012/12/26,      1000,2012/12/26,                    ,Fee conveyance                          ,T8395486                                ,1053241                                 ,        ,        ,1                                       ,Quitclaim deed                          ,                                        ,  ,
210080820114     ,2007/04/10,    820000,2007/04/17,                    ,Fee conveyance                          ,3589200                                 ,854138                                  ,        ,        ,2050                                    ,Apartment deed                          ,Valid Sale                              ,0 ,Improved
210080820114     ,2006/05/30,    100000,2006/06/05,                    ,Fee conveyance                          ,3436218                                 ,807787                                  ,        ,        ,150                                     ,Apartment deed                          ,Other                                   ,7 ,Improved
210080820114     ,1991/04/11,    456750,1991/04/17,0000000000          ,Fee conveyance                          ,1813145                                 ,315856                                  ,        ,        ,228.35                                  ,                                        ,Valid                                   ,X ,Improved
210080820114     ,1990/10/29,          ,          ,0000000000          ,                                        ,                                        ,                                        ,        ,        ,                                        ,                                        ,                                        ,  ,
210080820115     ,2024/11/04,      1000,2024/11/13,                    ,Fee conveyance                          ,T12735230                               ,1277316                                 ,        ,        ,4                                       ,Quitclaim deed                          ,                                        ,  ,
210080820115     ,2024/09/19,          ,2024/10/25,                    ,Recorded document                       ,T12716184                               ,12716184                                ,        ,        ,                                        ,Amendment of CPR, HPR or Declaration    ,                                        ,  ,
210080820115     ,2020/02/03,    690000,2020/02/10,                    ,Fee conveyance                          ,T10997030                               ,1189430                                 ,        ,        ,1380                                    ,                                        ,Valid Sale                              ,0 ,Improved
210080820115     ,1991/02/20,    335000,1991/03/18,0000000000          ,Fee conveyance                          ,1806894                                 ,315856                                  ,        ,        ,167.50                                  ,                                        ,Valid                                   ,X ,Improved
210080820115     ,1990/10/29,          ,          ,0000000000          ,                                        ,                                        ,                                        ,        ,        ,                                        ,                                        ,                                        ,  ,
210080820116     ,2024/09/19,          ,2024/10/25,                    ,Recorded document                       ,T12716184                               ,12716184                                ,        ,        ,                                        ,Amendment of CPR, HPR or Declaration    ,                                        ,  ,
210080820116     ,2018/04/24,    680000,2018/04/27,                    ,Fee conveyance                          ,T10343017                               ,1155486                                 ,        ,        ,1700                                    ,Apartment deed                          ,Valid Sale                              ,0 ,Improved
210080820116     ,1999/12/23,          ,2000/01/06,0000000000          ,Fee conveyance                          ,2600096                                 ,546,533                                 ,        ,        ,0.00                                    ,                                        ,                                        ,  ,
210080820116     ,1999/12/09,    260000,1999/12/29,0000000000          ,Fee conveyance                          ,2598271                                 ,545,894                                 ,        ,        ,260.00                                  ,                                        ,Valid                                   ,X ,Improved
210080820116     ,1998/03/01,    210000,          ,                    ,Fee conveyance                          ,                                        ,                                        ,        ,        ,                                        ,                                        ,Foreclosure                             ,5 ,Improved
210080820116     ,1991/02/20,    409500,1991/07/15,0000000000          ,Fee conveyance                          ,1835432                                 ,373101                                  ,        ,        ,204.75                                  ,                                        ,Valid                                   ,X ,Improved
210080820116     ,1990/10/29,          ,          ,0000000000          ,                                        ,                                        ,                                        ,        ,        ,                                        ,                                        ,                                        ,  ,
210080820116     ,1900/01/01,    210000,1998/04/09,0000000000          ,Fee conveyance                          ,2449211                                 ,508130                                  ,        ,        ,210.00                                  ,                                        ,                                        ,  ,
210080820117     ,2024/09/19,          ,2024/10/25,                    ,Recorded document                       ,T12716184                               ,12716184                                ,        ,        ,                                        ,Amendment of CPR, HPR or Declaration    ,                                        ,  ,
210080820117     ,2017/03/03,    750000,2017/03/24,                    ,Fee conveyance                          ,T9944001                                ,1133529                                 ,        ,        ,1875                                    ,Limited warranty/apartment deed         ,Valid Sale                              ,0 ,Improved
210080820117     ,2012/04/10,    700000,2012/04/20,                    ,Fee conveyance                          ,T8145108                                ,1041275                                 ,        ,        ,1750                                    ,Apartment deed                          ,Valid Sale                              ,0 ,Improved
210080820117     ,2002/04/26,    375000,2002/05/10,                    ,Fee conveyance                          ,2803498                                 ,611209                                  ,        ,        ,375                                     ,Apartment deed                          ,                                        ,  ,
210080820117     ,1991/02/20,    425250,1991/03/18,0000000000          ,Fee conveyance                          ,1806896                                 ,315856                                  ,        ,        ,212.60                                  ,                                        ,Valid                                   ,X ,Improved
210080820117     ,1990/10/29,          ,          ,0000000000          ,                                        ,                                        ,                                        ,        ,        ,                                        ,                                        ,                                        ,  ,
210080820118     ,2024/09/19,          ,2024/10/25,                    ,Recorded document                       ,T12716184                               ,12716184                                ,        ,        ,                                        ,Amendment of CPR, HPR or Declaration    ,                                        ,  ,
210080820118     ,2020/07/29,    860000,2020/08/03,                    ,Fee conveyance                          ,T11172094                               ,1197154                                 ,        ,        ,2150                                    ,Apartment deed                          ,Valid Sale                              ,0 ,Improved
210080820118     ,2018/04/05,          ,2018/04/17,                    ,Land Court Order (all types)            ,T10333028                               ,1149742                                 ,        ,        ,0                                       ,Land Court Order (all types)            ,                                        ,  ,
210080820118     ,2017/12/29,    860000,2018/01/05,                    ,Fee conveyance                          ,T10231058                               ,1149742                                 ,        ,        ,2150                                    ,Apartment deed                          ,Valid Sale                              ,0 ,Improved
210080820118     ,2014/06/21,          ,2014/07/02,                    ,Fee conveyance                          ,T8948128                                ,1080880                                 ,        ,        ,                                        ,Apartment deed                          ,                                        ,  ,
210080820118     ,2013/05/10,    627500,2013/06/04,                    ,Fee conveyance                          ,T8555162                                ,1061443                                 ,        ,        ,1568.8                                  ,Apartment deed                          ,Valid Sale                              ,0 ,Improved
210080820118     ,1991/02/20,    435000,1991/03/18,0000000000          ,Fee conveyance                          ,1806892                                 ,315856                                  ,        ,        ,217.50                                  ,                                        ,Valid Sale                              ,0 ,Improved
210080820118     ,1990/10/29,          ,          ,0000000000          ,                                        ,                                        ,                                        ,        ,        ,                                        ,                                        ,                                        ,  ,
210080820119     ,2025/12/23,    925000,2026/01/02,                    ,Fee conveyance                          ,T13150005                               ,1294972                                 ,        ,        ,2312.5                                  ,Apartment deed                          ,Valid Sale                              ,0 ,
210080820119     ,2024/09/19,          ,2024/10/25,                    ,Recorded document                       ,T12716184                               ,12716184                                ,        ,        ,                                        ,Amendment of CPR, HPR or Declaration    ,                                        ,  ,
210080820119     ,2024/05/20,          ,2024/06/10,                    ,Fee conveyance                          ,T12579267                               ,1270097                                 ,        ,        ,                                        ,Apartment deed                          ,                                        ,  ,
210080820119     ,2016/10/20,    595000,2016/11/03,                    ,Fee conveyance                          ,T9803238                                ,1126312                                 ,        ,        ,892.5                                   ,Apartment deed                          ,Valid Sale                              ,0 ,Improved
210080820119     ,2004/11/22,    600000,2004/12/10,                    ,Fee conveyance                          ,3204342                                 ,727141                                  ,        ,        ,600                                     ,Apartment deed                          ,Valid Sale                              ,0 ,Improved
210080820119     ,1998/11/12,    205000,1998/12/24,0000000000          ,Fee conveyance                          ,2509051                                 ,523500                                  ,        ,        ,205.00                                  ,                                        ,Valid                                   ,X ,Improved
210080820119     ,1991/02/20,    351750,1991/03/18,0000000000          ,Fee conveyance                          ,1806898                                 ,361190                                  ,        ,        ,175.88                                  ,                                        ,Valid                                   ,X ,Improved
210080820119     ,1990/10/29,          ,          ,0000000000          ,                                        ,                                        ,                                        ,        ,        ,                                        ,                                        ,                                        ,  ,
210080820120     ,2024/09/19,          ,2024/10/25,                    ,Recorded document                       ,T12716184                               ,12716184                                ,        ,        ,                                        ,Amendment of CPR, HPR or Declaration    ,                                        ,  ,
210080820120     ,2021/07/09,    785000,2021/07/19,                    ,Fee conveyance                          ,T11522055                               ,1217930                                 ,        ,        ,1570                                    ,Apartment deed                          ,Valid Sale                              ,0 ,Improved
210080820120     ,2013/06/04,    579000,2013/06/13,                    ,Fee conveyance                          ,T8564016                                ,1061863                                 ,        ,        ,868.5                                   ,Apartment deed                          ,Valid Sale                              ,0 ,Improved
210080820120     ,2006/05/18,    786000,2006/06/15,                    ,Fee conveyance                          ,3440677                                 ,809467                                  ,        ,        ,1965                                    ,Apartment deed                          ,Valid Sale                              ,0 ,Improved
210080820120     ,2002/12/05,    375000,2002/12/10,                    ,Fee conveyance                          ,2869021                                 ,630656                                  ,        ,        ,375.00                                  ,Warranty deed                           ,Valid Sale                              ,0 ,Improved
210080820120     ,1997/12/16,    250000,1997/12/24,0000000000          ,Fee conveyance                          ,2428442                                 ,502925                                  ,        ,        ,250.00                                  ,                                        ,Valid                                   ,X ,Improved
210080820120     ,1994/04/22,    262000,1994/05/06,0000000000          ,Fee conveyance                          ,2143155                                 ,437022                                  ,        ,        ,262.00                                  ,                                        ,Foreclosure                             ,5 ,Improved
210080820120     ,1993/10/08,    235000,1993/10/15,0000000000          ,Fee conveyance                          ,2076363                                 ,423844                                  ,        ,        ,235.00                                  ,                                        ,                                        ,  ,
210080820120     ,1991/11/27,    321000,1991/12/06,0000000000          ,Fee conveyance                          ,1870469                                 ,381123                                  ,        ,        ,160.50                                  ,                                        ,Valid                                   ,X ,Improved
210080820120     ,1990/10/29,          ,          ,0000000000          ,                                        ,                                        ,                                        ,        ,        ,                                        ,                                        ,                                        ,  ,
210080820121     ,2024/09/19,          ,2024/10/25,                    ,Recorded document                       ,T12716184                               ,12716184                                ,        ,        ,                                        ,Amendment of CPR, HPR or Declaration    ,                                        ,  ,
210080820121     ,2020/12/04,          ,2020/12/30,                    ,Fee conveyance                          ,T11321414                               ,1205940                                 ,        ,        ,                                        ,Quitclaim deed                          ,                                        ,  ,
210080820121     ,2020/03/16,    855000,2020/03/27,                    ,Fee conveyance                          ,T11043030                               ,1191575                                 ,        ,        ,2137.5                                  ,Apartment deed                          ,Valid Sale                              ,0 ,Improved
210080820121     ,2003/09/25,    490000,2003/09/30,                    ,Fee conveyance                          ,3002847                                 ,667056                                  ,        ,        ,490                                     ,Warranty deed                           ,Valid Sale                              ,0 ,Improved
210080820121     ,1998/10/22,          ,1998/11/18,0000000000          ,                                        ,2500530                                 ,503.825                                 ,        ,        ,0.00                                    ,                                        ,                                        ,  ,
210080820121     ,1998/01/05,    265000,1998/01/08,0000000000          ,Fee conveyance                          ,2431317                                 ,503825                                  ,        ,        ,265.00                                  ,                                        ,Valid                                   ,X ,Improved
210080820121     ,1995/05/31,    240000,1995/06/08,0000000000          ,Fee conveyance                          ,2241835                                 ,457735                                  ,        ,        ,240.00                                  ,                                        ,Foreclosure                             ,5 ,Improved
210080820121     ,1991/05/01,    472500,          ,                    ,Fee conveyance                          ,                                        ,                                        ,        ,        ,                                        ,                                        ,Valid                                   ,X ,Improved
210080820121     ,1991/02/19,    472500,1991/05/30,0000000000          ,Fee conveyance                          ,1823849                                 ,370464                                  ,        ,        ,236.25                                  ,                                        ,                                        ,  ,
210080820121     ,1991/01/31,    472500,1991/05/30,0000000000          ,Fee conveyance                          ,1823848                                 ,370463                                  ,        ,        ,236.25                                  ,                                        ,                                        ,  ,
210080820121     ,1990/10/29,          ,          ,0000000000          ,                                        ,                                        ,                                        ,        ,        ,                                        ,                                        ,                                        ,  ,
210080820122     ,2024/09/19,          ,2024/10/25,                    ,Recorded document                       ,T12716184                               ,12716184                                ,        ,        ,                                        ,Amendment of CPR, HPR or Declaration    ,                                        ,  ,
210080820122     ,2020/03/18,    950000,2020/04/13,                    ,Fee conveyance                          ,T11060001                               ,1192234                                 ,        ,        ,2375                                    ,Exchange deed                           ,Valid Sale                              ,0 ,Improved
210080820122     ,1999/09/01,    339500,          ,                    ,Fee conveyance                          ,                                        ,                                        ,        ,        ,                                        ,                                        ,Valid                                   ,X ,Improved
210080820122     ,1999/08/13,    339500,1999/09/14,0000000000          ,Fee conveyance                          ,2574429                                 ,539260                                  ,        ,        ,339.50                                  ,                                        ,                                        ,  ,
210080820122     ,1992/09/25,          ,1992/10/22,0000000000          ,Fee conveyance                          ,1963955                                 ,400548                                  ,        ,        ,0.00                                    ,                                        ,                                        ,  ,
210080820122     ,1991/02/20,    490000,1991/07/31,0000000000          ,Fee conveyance                          ,1839804                                 ,374269                                  ,        ,        ,245.00                                  ,                                        ,Valid                                   ,X ,Improved
210080820122     ,1990/10/29,          ,          ,0000000000          ,                                        ,                                        ,                                        ,        ,        ,                                        ,                                        ,                                        ,  ,
210080820123     ,2024/09/19,          ,2024/10/25,                    ,Recorded document                       ,T12716184                               ,12716184                                ,        ,        ,                                        ,Amendment of CPR, HPR or Declaration    ,                                        ,  ,
210080820123     ,2004/01/16,          ,2004/02/05,                    ,Fee conveyance                          ,3065016                                 ,683590                                  ,        ,        ,0                                       ,Apartment deed                          ,                                        ,  ,
210080820123     ,2002/11/13,          ,2002/11/22,                    ,Fee conveyance                          ,2863748                                 ,629321                                  ,        ,        ,0.00                                    ,Apartment deed                          ,Related individuals                     ,4 ,
210080820123     ,2001/04/19,          ,2001/04/26,                    ,Fee conveyance                          ,2700104                                 ,580,135                                 ,        ,        ,0.00                                    ,Apartment deed                          ,                                        ,  ,
210080820123     ,1999/08/14,    295000,1999/08/24,0000000000          ,Fee conveyance                          ,2569475                                 ,537,924                                 ,        ,        ,295.00                                  ,                                        ,Valid                                   ,X ,Improved
210080820123     ,1991/04/29,    415000,1991/05/09,0000000000          ,Fee conveyance                          ,1818654                                 ,369152                                  ,        ,        ,207.50                                  ,                                        ,Valid                                   ,X ,Improved
210080820123     ,1990/10/29,          ,          ,0000000000          ,                                        ,                                        ,                                        ,        ,        ,                                        ,                                        ,                                        ,  ,
210080820124     ,2024/09/19,          ,2024/10/25,                    ,Recorded document                       ,T12716184                               ,12716184                                ,        ,        ,                                        ,Amendment of CPR, HPR or Declaration    ,                                        ,  ,
210080820124     ,2022/09/06,   1335000,2022/09/16,                    ,Fee conveyance                          ,T11946010                               ,1243654                                 ,        ,        ,5340                                    ,Apartment deed                          ,Valid Sale                              ,0 ,Improved
210080820124     ,2012/02/21,    660000,2012/02/28,                    ,Fee conveyance                          ,T8093063                                ,1038954                                 ,        ,        ,1650                                    ,Apartment deed                          ,Valid Sale                              ,0 ,Improved
210080820124     ,2009/06/22,    685000,2009/07/02,                    ,Fee conveyance                          ,3874961                                 ,950894                                  ,        ,        ,1712.5                                  ,Apartment deed                          ,Foreclosure                             ,5 ,
210080820124     ,2008/01/23,    867500,2008/02/05,                    ,Fee conveyance                          ,3708663                                 ,894235                                  ,        ,        ,2168.8                                  ,Limited warranty/apartment deed         ,Valid Sale                              ,0 ,Improved
210080820124     ,2008/01/07,    867500,2008/02/05,                    ,Fee conveyance                          ,3708662                                 ,894234                                  ,        ,        ,2168.8                                  ,Apartment deed                          ,                                        ,  ,
210080820124     ,2007/01/05,    965000,2007/01/09,                    ,Fee conveyance                          ,3538251                                 ,840686                                  ,        ,        ,1930                                    ,Apartment deed                          ,Valid Sale                              ,0 ,Improved
210080820124     ,2007/01/04,          ,2007/01/09,                    ,Fee conveyance                          ,3538253                                 ,840687                                  ,        ,        ,0                                       ,Apartment deed                          ,                                        ,  ,
210080820124     ,2003/12/24,    560000,2004/05/25,                    ,Fee conveyance                          ,3114220                                 ,673695                                  ,        ,        ,656.88                                  ,Apartment deed                          ,Related individuals                     ,4 ,Improved
210080820124     ,2003/11/12,    560000,2003/11/18,                    ,Fee conveyance                          ,3028866                                 ,673695                                  ,        ,        ,560                                     ,Apartment deed                          ,Valid Sale                              ,0 ,Improved
210080820124     ,2001/08/30,    465000,2001/09/14,                    ,Fee conveyance                          ,2737320                                 ,591289                                  ,        ,        ,465.00                                  ,Apartment deed                          ,Valid Sale                              ,0 ,Improved
210080820124     ,1994/03/25,    350000,1994/04/04,0000000000          ,Fee conveyance                          ,2134012                                 ,435152                                  ,        ,        ,350.00                                  ,                                        ,Valid                                   ,X ,Improved
210080820124     ,1992/12/09,    335000,1993/01/12,0000000000          ,Fee conveyance                          ,1988345                                 ,406037                                  ,        ,        ,167.50                                  ,                                        ,Valid                                   ,X ,Improved
210080820124     ,1991/02/20,    446250,1991/04/01,0000000000          ,Fee conveyance                          ,1809940                                 ,361883                                  ,        ,        ,223.15                                  ,                                        ,Valid                                   ,X ,Improved
210080820124     ,1990/10/29,          ,          ,0000000000          ,                                        ,                                        ,                                        ,        ,        ,                                        ,                                        ,                                        ,  ,
210080820125     ,2024/09/19,          ,2024/10/25,                    ,Recorded document                       ,T12716184                               ,12716184                                ,        ,        ,                                        ,Amendment of CPR, HPR or Declaration    ,                                        ,  ,
210080820125     ,2021/10/01,   1200000,2021/10/06,                    ,Fee conveyance                          ,T11601047                               ,1223278                                 ,        ,        ,4800                                    ,Apartment deed                          ,Valid Sale                              ,0 ,Improved
210080820125     ,2019/05/31,    875000,2019/06/12,                    ,Fee conveyance                          ,T10754007                               ,1177224                                 ,        ,        ,2187.5                                  ,Apartment deed                          ,Valid Sale                              ,0 ,Improved
210080820125     ,2012/06/25,    550000,2012/06/29,                    ,Fee conveyance                          ,T8215277                                ,1044394                                 ,        ,        ,825                                     ,Apartment deed                          ,Valid Sale                              ,0 ,Improved
210080820125     ,2007/01/11,    875000,2007/01/17,                    ,Fee conveyance                          ,3542156                                 ,841608                                  ,        ,        ,2187.5                                  ,Apartment deed                          ,Valid Sale                              ,0 ,Improved
210080820125     ,2003/06/24,          ,2003/06/27,                    ,Fee conveyance                          ,2949594                                 ,650841                                  ,        ,        ,0                                       ,Quitclaim apartment deed                ,                                        ,  ,
210080820125     ,2001/03/21,          ,2001/05/14,                    ,Fee conveyance                          ,2704774                                 ,581443                                  ,        ,        ,1.00                                    ,Quitclaim apartment deed                ,                                        ,  ,
210080820125     ,1999/07/30,    265000,1999/08/13,0000000000          ,Fee conveyance                          ,2567492                                 ,537,447                                 ,        ,        ,265.00                                  ,                                        ,Valid                                   ,X ,Improved
210080820125     ,1994/04/22,    325000,1994/05/06,0000000000          ,Fee conveyance                          ,2142951                                 ,436982                                  ,        ,        ,325.00                                  ,                                        ,Valid                                   ,X ,Improved
210080820125     ,1990/10/29,          ,          ,0000000000          ,                                        ,                                        ,                                        ,        ,        ,                                        ,                                        ,                                        ,  ,
210080820126     ,2024/09/19,          ,2024/10/25,                    ,Recorded document                       ,T12716184                               ,12716184                                ,        ,        ,                                        ,Amendment of CPR, HPR or Declaration    ,                                        ,  ,
210080820126     ,2022/01/28,   1450000,2022/02/02,                    ,Fee conveyance                          ,T11720068                               ,1231170                                 ,        ,        ,5800                                    ,Apartment deed                          ,Valid Sale                              ,0 ,Improved
210080820126     ,2016/05/24,    770000,2016/05/27,                    ,Fee conveyance                          ,T9643254                                ,1117479                                 ,        ,        ,1925                                    ,Exchange deed                           ,Valid Sale                              ,0 ,Improved
210080820126     ,2004/10/08,          ,2004/10/21,                    ,Fee conveyance                          ,3182551                                 ,720973                                  ,        ,        ,0                                       ,Quitclaim apartment deed                ,Other                                   ,7 ,Improved
210080820126     ,2004/10/06,    700000,2004/10/15,                    ,Fee conveyance                          ,3180269                                 ,720254                                  ,        ,        ,700                                     ,Apartment deed                          ,Valid Sale                              ,0 ,Improved
210080820126     ,1991/02/20,    435750,1991/04/17,0000000000          ,Fee conveyance                          ,1813143                                 ,315856                                  ,        ,        ,217.85                                  ,                                        ,Valid                                   ,X ,Improved
210080820126     ,1990/10/29,          ,          ,0000000000          ,                                        ,                                        ,                                        ,        ,        ,                                        ,                                        ,                                        ,  ,
210080820127     ,2024/09/19,          ,2024/10/25,                    ,Recorded document                       ,T12716184                               ,12716184                                ,        ,        ,                                        ,Amendment of CPR, HPR or Declaration    ,                                        ,  ,
210080820127     ,2018/07/17,        10,2018/07/26,                    ,Fee conveyance                          ,T10433175                               ,1160602                                 ,        ,        ,1                                       ,Apartment deed                          ,Other                                   ,2 ,
210080820127     ,2017/10/03,          ,2017/10/05,                    ,Land Court Order (all types)            ,T10139120                               ,500048                                  ,        ,        ,                                        ,Land Court Order (all types)            ,                                        ,  ,
210080820127     ,2017/01/01,          ,2017/10/30,                    ,Fee conveyance                          ,T10164124                               ,1146071                                 ,        ,        ,0                                       ,Apartment deed                          ,                                        ,  ,
210080820127     ,2016/12/30,          ,2017/10/25,                    ,Fee conveyance                          ,T10159145                               ,1145816                                 ,        ,        ,0                                       ,Apartment deed                          ,                                        ,  ,
210080820127     ,1997/10/23,    175000,1997/10/31,0000000000          ,Fee conveyance                          ,2412328                                 ,500048                                  ,        ,        ,175.00                                  ,                                        ,Valid                                   ,X ,Improved
210080820127     ,1997/07/02,          ,1997/07/11,0000000000          ,Fee conveyance                          ,2391378                                 ,494428                                  ,        ,        ,0.00                                    ,                                        ,                                        ,  ,
210080820127     ,1997/06/24,       100,1997/06/30,0000000000          ,Fee conveyance                          ,2389308                                 ,493877                                  ,        ,        ,1.00                                    ,                                        ,                                        ,  ,
210080820127     ,1996/12/17,    200000,1996/12/27,0000000000          ,Fee conveyance                          ,2356941                                 ,485470                                  ,        ,        ,200.00                                  ,                                        ,Other                                   ,7 ,Improved
210080820127     ,1996/08/01,          ,1996/08/27,9600122695          ,Fee conveyance                          ,2332128                                 ,479707                                  ,        ,        ,                                        ,                                        ,                                        ,  ,
210080820127     ,1991/02/20,    365000,1991/06/12,0000000000          ,Fee conveyance                          ,1826557                                 ,371088                                  ,        ,        ,182.50                                  ,                                        ,Valid                                   ,X ,Improved
210080820127     ,1990/10/29,          ,          ,0000000000          ,                                        ,                                        ,                                        ,        ,        ,                                        ,                                        ,                                        ,  ,
210080820128     ,2024/09/19,          ,2024/10/25,                    ,Recorded document                       ,T12716184                               ,12716184                                ,        ,        ,                                        ,Amendment of CPR, HPR or Declaration    ,                                        ,  ,
210080820128     ,2022/04/07,   1400000,2022/04/18,                    ,Fee conveyance                          ,T11795082                               ,1235385                                 ,        ,        ,5600                                    ,Apartment deed                          ,Valid Sale                              ,0 ,Improved
210080820128     ,2019/08/19,          ,2019/08/29,                    ,Land Court Order (all types)            ,T10832029                               ,                                        ,        ,        ,                                        ,Land Court Order (all types)            ,                                        ,  ,
210080820128     ,2019/08/05,    686000,2019/08/29,                    ,Fee conveyance                          ,T10832030                               ,1181434                                 ,        ,        ,1715                                    ,Apartment deed                          ,Valid Sale                              ,0 ,Improved
210080820128     ,1998/10/08,    235000,1998/10/28,0000000000          ,Fee conveyance                          ,2495953                                 ,520013                                  ,        ,        ,235.00                                  ,                                        ,Valid                                   ,X ,Improved
210080820128     ,1993/12/15,    230000,1993/12/21,0000000000          ,Fee conveyance                          ,2099642                                 ,428301                                  ,        ,        ,230.00                                  ,                                        ,                                        ,  ,
210080820128     ,1991/02/20,    388500,1991/04/04,0000000000          ,Fee conveyance                          ,1810720                                 ,367358                                  ,        ,        ,194.25                                  ,                                        ,Valid                                   ,X ,Improved
210080820128     ,1990/10/29,          ,          ,0000000000          ,                                        ,                                        ,                                        ,        ,        ,                                        ,                                        ,                                        ,  ,
210080820129     ,2024/09/19,          ,2024/10/25,                    ,Recorded document                       ,T12716184                               ,12716184                                ,        ,        ,                                        ,Amendment of CPR, HPR or Declaration    ,                                        ,  ,
210080820129     ,2012/08/17,          ,2012/08/23,                    ,Fee conveyance                          ,T8270307                                ,1046895                                 ,        ,        ,0                                       ,Warranty deed                           ,                                        ,  ,
210080820129     ,2011/12/12,          ,2011/12/14,                    ,Fee conveyance                          ,4118816                                 ,1035971                                 ,        ,        ,0                                       ,Warranty deed                           ,                                        ,  ,
210080820129     ,2011/12/12,          ,2011/12/14,                    ,Land Court Order (all types)            ,189471                                  ,875905                                  ,        ,        ,0                                       ,Land Court Order (all types)            ,                                        ,  ,
210080820129     ,2007/08/31,    840000,2007/09/07,                    ,Fee conveyance                          ,3652798                                 ,875905                                  ,        ,        ,2100                                    ,Apartment deed                          ,Valid Sale                              ,0 ,Improved
210080820129     ,2007/06/05,          ,2007/08/24,                    ,Land Court Order (all types)            ,171791                                  ,393126                                  ,        ,        ,                                        ,Land Court Order (all types)            ,                                        ,  ,
210080820129     ,1992/06/24,    350000,1992/06/26,0000000000          ,Fee conveyance                          ,1925269                                 ,315856                                  ,        ,        ,175.00                                  ,                                        ,Valid                                   ,X ,Improved
210080820129     ,1990/10/29,          ,          ,0000000000          ,                                        ,                                        ,                                        ,        ,        ,                                        ,                                        ,                                        ,  ,
210080820130     ,2024/09/19,          ,2024/10/25,                    ,Recorded document                       ,T12716184                               ,12716184                                ,        ,        ,                                        ,Amendment of CPR, HPR or Declaration    ,                                        ,  ,
210080820130     ,2021/06/22,    858600,2023/03/24,                    ,Fee conveyance                          ,T12135137                               ,1251507                                 ,        ,        ,2146.5                                  ,Deed to trust                           ,Other                                   ,2 ,Improved
210080820130     ,2021/06/22,    858600,2023/03/24,                    ,Fee conveyance                          ,T12135135                               ,1251506                                 ,        ,        ,2146.5                                  ,Warranty deed                           ,Other                                   ,2 ,Improved
210080820130     ,2010/05/20,          ,2010/06/22,                    ,Land Court Order (all types)            ,183135                                  ,593435                                  ,        ,        ,                                        ,Land Court Order (all types)            ,Related individuals                     ,4 ,Improved
210080820130     ,2010/01/12,    800000,2010/07/23,                    ,Fee conveyance                          ,3982314                                 ,989973                                  ,        ,        ,1600                                    ,Apartment deed                          ,Valid Sale                              ,0 ,Improved
210080820130     ,2001/10/09,    800000,2001/10/12,                    ,Fee conveyance                          ,2744288                                 ,593435                                  ,        ,        ,800.00                                  ,Apartment deed                          ,Valid Sale                              ,0 ,Improved
210080820130     ,2000/07/18,    625000,2000/07/25,0000000000          ,Fee conveyance                          ,2639726                                 ,559,280                                 ,        ,        ,625.00                                  ,                                        ,Valid Sale                              ,0 ,Improved
210080820130     ,1991/08/19,    495000,1991/08/27,0000000000          ,Fee conveyance                          ,1846395                                 ,375786                                  ,        ,        ,247.50                                  ,                                        ,Valid                                   ,X ,Improved
210080820130     ,1991/04/11,    425000,1991/08/07,0000000000          ,Fee conveyance                          ,1841835                                 ,374752                                  ,        ,        ,212.50                                  ,                                        ,Valid                                   ,X ,Improved
210080820130     ,1990/10/29,          ,          ,0000000000          ,                                        ,                                        ,                                        ,        ,        ,                                        ,                                        ,                                        ,  ,
210080820131     ,2024/09/19,          ,2024/10/25,                    ,Recorded document                       ,T12716184                               ,12716184                                ,        ,        ,                                        ,Amendment of CPR, HPR or Declaration    ,                                        ,  ,
210080820131     ,2021/03/09,          ,2021/04/13,                    ,Fee conveyance                          ,T11425368                               ,                                        ,        ,        ,                                        ,T O D                                   ,                                        ,  ,
210080820131     ,2020/11/27,    696000,2020/12/31,                    ,Fee conveyance                          ,T11322091                               ,1205951                                 ,        ,        ,1740                                    ,Apartment deed                          ,Valid Sale                              ,0 ,Improved
210080820131     ,2017/03/07,    675000,2017/04/21,                    ,Fee conveyance                          ,T9972093                                ,1135212                                 ,        ,        ,1687.5                                  ,Exchange deed                           ,Valid Sale                              ,0 ,Improved
210080820131     ,2013/01/03,    500000,2013/01/15,                    ,Fee conveyance                          ,T8415076                                ,1054242                                 ,        ,        ,750                                     ,Apartment deed                          ,Valid Sale                              ,0 ,Improved
210080820131     ,1998/08/01,    209900,          ,                    ,Fee conveyance                          ,                                        ,                                        ,        ,        ,                                        ,                                        ,Valid                                   ,X ,Improved
210080820131     ,1996/06/19,          ,1996/09/13,0000000000          ,Fee conveyance                          ,2335701                                 ,383591                                  ,        ,        ,0.00                                    ,                                        ,                                        ,  ,
210080820131     ,1992/02/01,    290000,          ,                    ,Fee conveyance                          ,                                        ,                                        ,        ,        ,                                        ,                                        ,Valid                                   ,X ,Improved
210080820131     ,1992/01/02,    290000,1992/01/09,0000000000          ,Fee conveyance                          ,1879722                                 ,383591                                  ,        ,        ,145.00                                  ,                                        ,                                        ,  ,
210080820131     ,1991/04/11,    309750,1991/06/19,0000000000          ,Fee conveyance                          ,1828385                                 ,371440                                  ,        ,        ,154.85                                  ,                                        ,Valid                                   ,X ,Improved
210080820131     ,1990/10/29,          ,          ,0000000000          ,                                        ,                                        ,                                        ,        ,        ,                                        ,                                        ,                                        ,  ,
210080820131     ,1900/01/01,          ,1995/11/07,0000000000          ,                                        ,122413                                  ,383591                                  ,        ,        ,                                        ,                                        ,                                        ,  ,
210080820131     ,1900/01/01,    209900,1998/09/04,0000000000          ,Fee conveyance                          ,2483012                                 ,516833                                  ,        ,        ,209.90                                  ,                                        ,                                        ,  ,
210080820132     ,2026/06/04,    860000,2026/06/15,                    ,Fee conveyance                          ,T13314061                               ,1301677                                 ,        ,        ,2150                                    ,Apartment deed                          ,                                        ,  ,
210080820132     ,2024/10/08,   1002612,2024/10/14,                    ,Fee conveyance                          ,T12705026                               ,1275916                                 ,        ,        ,3007.8                                  ,Apartment deed                          ,Valid Sale                              ,0 ,Improved
210080820132     ,2024/09/19,          ,2024/10/25,                    ,Recorded document                       ,T12716184                               ,12716184                                ,        ,        ,                                        ,Amendment of CPR, HPR or Declaration    ,                                        ,  ,
210080820132     ,2010/01/22,    525000,2010/02/17,                    ,Fee conveyance                          ,3940604                                 ,973015                                  ,        ,        ,787.5                                   ,Apartment deed                          ,Valid Sale                              ,0 ,Improved
210080820132     ,2010/01/19,          ,2010/02/17,                    ,Fee conveyance                          ,3940603                                 ,973014                                  ,        ,        ,0                                       ,Quitclaim apartment deed                ,                                        ,  ,
210080820132     ,2000/02/10,    290000,2000/02/18,0000000000          ,Fee conveyance                          ,2607814                                 ,548739                                  ,        ,        ,290.00                                  ,                                        ,Valid                                   ,X ,Improved
210080820132     ,1991/04/11,    335000,1991/05/30,0000000000          ,Fee conveyance                          ,1821767                                 ,369799                                  ,        ,        ,167.50                                  ,                                        ,Valid                                   ,X ,Improved
210080820132     ,1990/10/29,          ,          ,0000000000          ,                                        ,                                        ,                                        ,        ,        ,                                        ,                                        ,                                        ,  ,
210080820133     ,2024/09/19,          ,2024/10/25,                    ,Recorded document                       ,T12716184                               ,12716184                                ,        ,        ,                                        ,Amendment of CPR, HPR or Declaration    ,                                        ,  ,
210080820133     ,2019/08/02,          ,2021/12/03,                    ,Fee conveyance                          ,T11659310                               ,1227619                                 ,        ,        ,                                        ,Deed to trust                           ,                                        ,  ,
210080820133     ,2018/05/11,    850000,2018/05/18,                    ,Fee conveyance                          ,T10364096                               ,1156841                                 ,        ,        ,2125                                    ,Apartment deed                          ,Valid Sale                              ,0 ,Improved
210080820133     ,2016/02/25,    675000,2016/03/04,                    ,Fee conveyance                          ,T9559055                                ,1112521                                 ,        ,        ,1687.5                                  ,Apartment deed                          ,Valid Sale                              ,0 ,Improved
210080820133     ,2015/11/25,         0,2015/12/17,                    ,Fee conveyance                          ,T9481291                                ,1108813                                 ,        ,        ,                                        ,Apartment deed                          ,Related individuals                     ,4 ,Improved
210080820133     ,1991/03/07,    430500,1991/07/22,0000000000          ,Fee conveyance                          ,1837246                                 ,373750                                  ,        ,        ,215.25                                  ,                                        ,Valid                                   ,X ,Improved
210080820133     ,1990/10/29,          ,          ,0000000000          ,                                        ,                                        ,                                        ,        ,        ,                                        ,                                        ,                                        ,  ,
210080820134     ,2024/09/19,          ,2024/10/25,                    ,Recorded document                       ,T12716184                               ,12716184                                ,        ,        ,                                        ,Amendment of CPR, HPR or Declaration    ,                                        ,  ,
210080820134     ,2023/06/22,   1750000,2023/06/29,                    ,Fee conveyance                          ,T12232007                               ,1255311                                 ,        ,        ,7000                                    ,Apartment deed                          ,Valid Sale                              ,0 ,Improved
210080820134     ,2022/02/24,   1300000,2022/02/28,                    ,Fee conveyance                          ,T11746184                               ,1232491                                 ,        ,        ,5200                                    ,Apartment deed                          ,Valid Sale                              ,0 ,Improved
210080820134     ,2001/08/05,    420000,2001/05/17,                    ,Fee conveyance                          ,2706193                                 ,582014                                  ,        ,        ,420.00                                  ,Apartment deed                          ,                                        ,  ,
210080820134     ,1998/08/12,    250000,1998/09/11,0000000000          ,Fee conveyance                          ,2484238                                 ,517089                                  ,        ,        ,250.00                                  ,                                        ,Valid                                   ,X ,Improved
210080820134     ,1991/06/10,    435000,1991/06/14,0000000000          ,Fee conveyance                          ,1827520                                 ,371263                                  ,        ,        ,217.50                                  ,                                        ,Valid                                   ,X ,Improved
210080820134     ,1990/10/29,          ,          ,0000000000          ,                                        ,                                        ,                                        ,        ,        ,                                        ,                                        ,                                        ,  ,
210080820135     ,2024/10/17,      1000,2024/10/23,                    ,Fee conveyance                          ,T12714108                               ,1276319                                 ,        ,        ,1.5                                     ,Quitclaim apartment deed                ,                                        ,  ,
210080820135     ,2024/09/19,          ,2024/10/25,                    ,Recorded document                       ,T12716184                               ,12716184                                ,        ,        ,                                        ,Amendment of CPR, HPR or Declaration    ,                                        ,  ,
210080820135     ,2024/06/24,   1318000,2024/06/27,                    ,Fee conveyance                          ,T12596097                               ,1271095                                 ,        ,        ,5272                                    ,Commissioner's deed                     ,Other                                   ,2 ,Improved
210080820135     ,2007/03/09,    989000,2007/03/15,                    ,Fee conveyance                          ,3574578                                 ,849875                                  ,        ,        ,2472.5                                  ,Warranty deed                           ,Valid Sale                              ,0 ,Improved
210080820135     ,2005/12/06,    925000,2005/12/13,                    ,Fee conveyance                          ,3366557                                 ,783703                                  ,        ,        ,1850                                    ,Apartment deed                          ,Valid Sale                              ,0 ,Improved
210080820135     ,2003/05/14,          ,2003/06/12,                    ,Fee conveyance                          ,2941822                                 ,649011                                  ,        ,        ,0                                       ,Apartment deed                          ,Related individuals                     ,4 ,Improved
210080820135     ,2002/10/07,    413000,2002/10/09,                    ,Fee conveyance                          ,2848857                                 ,624856                                  ,        ,        ,413.00                                  ,Apartment deed                          ,Valid Sale                              ,0 ,Improved
210080820135     ,1999/11/01,    150000,          ,                    ,Fee conveyance                          ,                                        ,                                        ,        ,        ,                                        ,                                        ,Related individuals                     ,4 ,Improved
210080820135     ,1999/10/06,    150000,1999/11/19,0000000000          ,Fee conveyance                          ,2589978                                 ,543,447                                 ,        ,        ,150.00                                  ,                                        ,                                        ,  ,
210080820135     ,1995/12/13,    160000,1995/12/22,0000000000          ,Fee conveyance                          ,2280289                                 ,467699                                  ,        ,        ,160.00                                  ,                                        ,                                        ,  ,
210080820135     ,1995/11/01,    160000,          ,                    ,Fee conveyance                          ,                                        ,                                        ,        ,        ,                                        ,                                        ,Related individuals                     ,4 ,Improved
210080820135     ,1991/04/11,    393750,1991/07/03,0000000000          ,Fee conveyance                          ,1832982                                 ,372600                                  ,        ,        ,196.85                                  ,                                        ,                                        ,  ,
210080820135     ,1991/04/01,    393700,          ,                    ,Fee conveyance                          ,                                        ,                                        ,        ,        ,                                        ,                                        ,Valid                                   ,X ,Improved
210080820135     ,1990/10/29,          ,          ,0000000000          ,                                        ,                                        ,                                        ,        ,        ,                                        ,                                        ,                                        ,  ,
210080820136     ,2024/09/19,          ,2024/10/25,                    ,Recorded document                       ,T12716184                               ,12716184                                ,        ,        ,                                        ,Amendment of CPR, HPR or Declaration    ,                                        ,  ,
210080820136     ,2015/11/24,          ,2015/11/27,                    ,Land Court Order (all types)            ,T9461089                                ,1070294                                 ,        ,        ,                                        ,Death                                   ,                                        ,  ,
210080820136     ,2012/07/14,    925000,2012/07/27,                    ,Fee conveyance                          ,T8243145                                ,1045589                                 ,        ,        ,2312.5                                  ,Apartment deed                          ,Valid Sale                              ,0 ,Improved
210080820136     ,2011/07/11,          ,2011/07/13,                    ,Land Court Order (all types)            ,187712                                  ,987829                                  ,        ,        ,                                        ,Land Court Order (all types)            ,                                        ,  ,
210080820136     ,2010/06/02,          ,2010/07/08,                    ,Fee conveyance                          ,3977069                                 ,987828                                  ,        ,        ,0                                       ,Limited warranty/apartment deed         ,                                        ,  ,
210080820136     ,2010/06/02,          ,2010/07/08,                    ,Fee conveyance                          ,3977070                                 ,987829                                  ,        ,        ,0                                       ,Limited warranty/apartment deed         ,Related individuals                     ,4 ,Improved
210080820136     ,2007/10/22,    820000,2007/10/30,                    ,Fee conveyance                          ,3675073                                 ,883071                                  ,        ,        ,2050                                    ,Apartment deed                          ,Valid Sale                              ,0 ,Improved
210080820136     ,2000/01/24,          ,2000/01/28,0000000000          ,Fee conveyance                          ,2603934                                 ,547,680                                 ,        ,        ,0.00                                    ,                                        ,                                        ,  ,
210080820136     ,1997/02/16,    220000,1997/03/12,0000000000          ,Fee conveyance                          ,2369723                                 ,488605                                  ,        ,        ,220.00                                  ,                                        ,Valid                                   ,X ,Improved
210080820136     ,1991/06/10,    400000,1991/06/26,0000000000          ,Fee conveyance                          ,1830343                                 ,371951                                  ,        ,        ,200.00                                  ,                                        ,Valid                                   ,X ,Improved
210080820136     ,1990/10/29,          ,          ,0000000000          ,                                        ,                                        ,                                        ,        ,        ,                                        ,                                        ,                                        ,  ,
210080820137     ,2024/09/19,          ,2024/10/25,                    ,Recorded document                       ,T12716184                               ,12716184                                ,        ,        ,                                        ,Amendment of CPR, HPR or Declaration    ,                                        ,  ,
210080820137     ,2012/11/15,          ,2012/11/23,                    ,Fee conveyance                          ,T8362231                                ,1051395                                 ,        ,        ,0                                       ,Warranty deed                           ,                                        ,  ,
210080820137     ,1996/10/06,    225000,1996/10/25,0000000000          ,Fee conveyance                          ,2343955                                 ,482476                                  ,        ,        ,225.00                                  ,                                        ,Valid                                   ,X ,Improved
210080820137     ,1991/04/11,    309750,1991/07/02,0000000000          ,Fee conveyance                          ,1832664                                 ,372516                                  ,        ,        ,154.85                                  ,                                        ,                                        ,  ,
210080820137     ,1991/04/01,    309700,          ,                    ,Fee conveyance                          ,                                        ,                                        ,        ,        ,                                        ,                                        ,Valid                                   ,X ,Improved
210080820137     ,1990/10/29,          ,          ,0000000000          ,                                        ,                                        ,                                        ,        ,        ,                                        ,                                        ,                                        ,  ,
210080820138     ,2024/09/19,          ,2024/10/25,                    ,Recorded document                       ,T12716184                               ,12716184                                ,        ,        ,                                        ,Amendment of CPR, HPR or Declaration    ,                                        ,  ,
210080820138     ,2021/03/27,    925000,2021/04/01,                    ,Fee conveyance                          ,T11413137                               ,1210894                                 ,        ,        ,2312.5                                  ,Apartment deed                          ,Valid Sale                              ,0 ,Improved
210080820138     ,2007/05/15,          ,2007/05/23,                    ,Fee conveyance                          ,3605758                                 ,859799                                  ,        ,        ,0                                       ,Quitclaim apartment deed                ,                                        ,  ,
210080820138     ,2007/05/07,    799000,2007/05/15,                    ,Fee conveyance                          ,3602210                                 ,858550                                  ,        ,        ,1997.5                                  ,Apartment deed                          ,Valid Sale                              ,0 ,Improved
210080820138     ,2006/09/12,          ,2006/12/22,                    ,Fee conveyance                          ,3531271                                 ,838902                                  ,        ,        ,0                                       ,Quitclaim apartment deed                ,                                        ,  ,
210080820138     ,1999/04/22,    230000,1999/04/30,0000000000          ,Fee conveyance                          ,2540268                                 ,530,750                                 ,        ,        ,230.00                                  ,                                        ,Valid                                   ,X ,Improved
210080820138     ,1998/02/20,    175000,1998/03/06,0000000000          ,Fee conveyance                          ,2441947                                 ,506215                                  ,        ,        ,175.00                                  ,                                        ,Valid                                   ,X ,Improved
210080820138     ,1991/04/11,    315000,1991/05/22,0000000000          ,Fee conveyance                          ,1821657                                 ,369762                                  ,        ,        ,157.50                                  ,                                        ,Valid                                   ,X ,Improved
210080820138     ,1990/10/29,          ,          ,0000000000          ,                                        ,                                        ,                                        ,        ,        ,                                        ,                                        ,                                        ,  ,
210080820139     ,2024/09/19,          ,2024/10/25,                    ,Recorded document                       ,T12716184                               ,12716184                                ,        ,        ,                                        ,Amendment of CPR, HPR or Declaration    ,                                        ,  ,
210080820139     ,2023/03/22,   1500000,2023/04/05,                    ,Fee conveyance                          ,T12147005                               ,1251842                                 ,        ,        ,6000                                    ,Apartment deed                          ,Valid Sale                              ,0 ,Improved
210080820139     ,2004/01/05,    725000,2004/01/13,                    ,Fee conveyance                          ,3054091                                 ,680649                                  ,        ,        ,725                                     ,Apartment deed                          ,Valid Sale                              ,0 ,Improved
210080820139     ,2002/01/11,    290000,2002/01/15,                    ,Fee conveyance                          ,2769651                                 ,601255                                  ,        ,        ,290.00                                  ,Apartment deed                          ,Valid Sale                              ,0 ,Improved
210080820139     ,1997/07/23,    182500,1997/07/31,0000000000          ,Fee conveyance                          ,2394643                                 ,495295                                  ,        ,        ,182.50                                  ,                                        ,Valid                                   ,X ,Improved
210080820139     ,1991/06/10,    450000,1991/07/29,0000000000          ,Fee conveyance                          ,1838963                                 ,374100                                  ,        ,        ,225.00                                  ,                                        ,Valid                                   ,X ,Improved
210080820139     ,1990/10/29,          ,          ,0000000000          ,                                        ,                                        ,                                        ,        ,        ,                                        ,                                        ,                                        ,  ,
210080820140     ,2024/09/19,          ,2024/10/25,                    ,Recorded document                       ,T12716184                               ,12716184                                ,        ,        ,                                        ,Amendment of CPR, HPR or Declaration    ,                                        ,  ,
210080820140     ,2005/03/15,    929000,2005/03/18,                    ,Fee conveyance                          ,3242864                                 ,739104                                  ,        ,        ,929                                     ,Apartment deed                          ,Valid Sale                              ,0 ,Improved
210080820140     ,2003/12/02,    649000,2003/12/08,                    ,Fee conveyance                          ,3037694                                 ,676148                                  ,        ,        ,649                                     ,Apartment deed                          ,Valid Sale                              ,0 ,Improved
210080820140     ,2003/04/18,    535000,2003/04/23,                    ,Fee conveyance                          ,2919550                                 ,643456                                  ,        ,        ,535                                     ,Apartment deed                          ,Valid Sale                              ,0 ,Improved
210080820140     ,2002/12/06,          ,2002/12/31,                    ,Fee conveyance                          ,2877722                                 ,633169                                  ,        ,        ,0                                       ,Apartment deed                          ,Related individuals                     ,4 ,
210080820140     ,1999/07/08,    336000,1999/07/22,0000000000          ,Fee conveyance                          ,2561863                                 ,535,900                                 ,        ,        ,336.00                                  ,                                        ,Valid                                   ,X ,Improved
210080820140     ,1991/04/11,    467250,1991/06/04,0000000000          ,Fee conveyance                          ,1824970                                 ,370745                                  ,        ,        ,233.60                                  ,                                        ,Valid                                   ,X ,Improved
210080820140     ,1990/10/29,          ,          ,0000000000          ,                                        ,                                        ,                                        ,        ,        ,                                        ,                                        ,                                        ,  ,
210080820141     ,2024/09/19,          ,2024/10/25,                    ,Recorded document                       ,T12716184                               ,12716184                                ,        ,        ,                                        ,Amendment of CPR, HPR or Declaration    ,                                        ,  ,
210080820141     ,2021/11/03,          ,2021/12/20,                    ,Fee conveyance                          ,T11676497                               ,1228680                                 ,        ,        ,                                        ,Deed                                    ,                                        ,  ,
210080820141     ,2018/06/15,    740000,2018/06/22,                    ,Fee conveyance                          ,T10399088                               ,1158718                                 ,        ,        ,1850                                    ,Apartment deed                          ,Valid Sale                              ,0 ,Improved
210080820141     ,2013/02/18,    500000,2013/02/28,                    ,Fee conveyance                          ,T8459206                                ,1056474                                 ,        ,        ,750                                     ,Warranty deed                           ,Valid Sale                              ,0 ,Improved
210080820141     ,2004/07/05,          ,2004/09/14,                    ,Fee conveyance                          ,3165178                                 ,715183                                  ,        ,        ,0                                       ,Deed to trust                           ,                                        ,  ,
210080820141     ,2001/04/20,    400000,2001/05/02,                    ,Fee conveyance                          ,2701837                                 ,580,627                                 ,        ,        ,400.00                                  ,Apartment deed                          ,Valid Sale                              ,0 ,Improved
210080820141     ,2000/09/25,    322000,2000/09/29,                    ,Fee conveyance                          ,2654718                                 ,369764                                  ,        ,        ,322.00                                  ,Apartment deed                          ,                                        ,  ,
210080820141     ,1991/05/07,    300000,1991/05/22,0000000000          ,Fee conveyance                          ,1821659                                 ,369764                                  ,        ,        ,150.00                                  ,                                        ,Valid                                   ,X ,Improved
210080820141     ,1990/10/29,          ,          ,0000000000          ,                                        ,                                        ,                                        ,        ,        ,                                        ,                                        ,                                        ,  ,
210080820142     ,2024/09/19,          ,2024/10/25,                    ,Recorded document                       ,T12716184                               ,12716184                                ,        ,        ,                                        ,Amendment of CPR, HPR or Declaration    ,                                        ,  ,
210080820142     ,2021/07/16,    909000,2021/07/22,                    ,Fee conveyance                          ,T11525064                               ,1218183                                 ,        ,        ,2272.5                                  ,Exchange deed                           ,Valid Sale                              ,0 ,Improved
210080820142     ,1996/05/08,    240000,1996/05/29,0000000000          ,Fee conveyance                          ,2311526                                 ,475230                                  ,        ,        ,240.00                                  ,                                        ,Valid                                   ,X ,Improved
210080820142     ,1991/12/24,    325500,1992/01/13,0000000000          ,Fee conveyance                          ,1880737                                 ,383962                                  ,        ,        ,162.75                                  ,                                        ,Valid                                   ,X ,Improved
210080820142     ,1990/10/29,          ,          ,0000000000          ,                                        ,                                        ,                                        ,        ,        ,                                        ,                                        ,                                        ,  ,
210080820143     ,2024/09/19,          ,2024/10/25,                    ,Recorded document                       ,T12716184                               ,12716184                                ,        ,        ,                                        ,Amendment of CPR, HPR or Declaration    ,                                        ,  ,
210080820143     ,2022/01/18,   1320000,2022/02/02,                    ,Fee conveyance                          ,T11720203                               ,1231218                                 ,        ,        ,5280                                    ,Apartment deed                          ,Valid Sale                              ,0 ,Improved
210080820143     ,2018/03/09,    770000,2018/03/19,                    ,Fee conveyance                          ,T10304014                               ,1153298                                 ,        ,        ,1925                                    ,Apartment deed                          ,Valid Sale                              ,0 ,Improved
210080820143     ,2004/05/30,          ,2004/06/28,                    ,Fee conveyance                          ,3128704                                 ,703064                                  ,        ,        ,0                                       ,Deed                                    ,                                        ,  ,
210080820143     ,2002/09/26,    420000,2002/10/22,                    ,Fee conveyance                          ,2852817                                 ,626136                                  ,        ,        ,420.00                                  ,Apartment deed                          ,Valid Sale                              ,0 ,Improved
210080820143     ,1997/01/13,    198000,1997/01/22,0000000000          ,Fee conveyance                          ,2361445                                 ,486632                                  ,        ,        ,198.00                                  ,                                        ,Foreclosure                             ,5 ,Improved
210080820143     ,1996/09/12,    250000,1996/12/26,0000000000          ,Fee conveyance                          ,2356320                                 ,485341                                  ,        ,        ,250.00                                  ,                                        ,                                        ,  ,
210080820143     ,1991/05/23,    395000,1991/05/30,0000000000          ,Fee conveyance                          ,1823851                                 ,370465                                  ,        ,        ,197.50                                  ,                                        ,Valid                                   ,X ,Improved
210080820143     ,1990/10/29,          ,          ,0000000000          ,                                        ,                                        ,                                        ,        ,        ,                                        ,                                        ,                                        ,  ,
210080820144     ,2024/09/19,          ,2024/10/25,                    ,Recorded document                       ,T12716184                               ,12716184                                ,        ,        ,                                        ,Amendment of CPR, HPR or Declaration    ,                                        ,  ,
210080820144     ,2022/04/29,   1230000,2022/08/26,                    ,Fee conveyance                          ,T11925318                               ,1242610                                 ,        ,        ,4920                                    ,Warranty deed                           ,Related individuals                     ,4 ,Improved
210080820144     ,2021/11/12,   1230000,2021/11/23,                    ,Fee conveyance                          ,T11649035                               ,1226836                                 ,        ,        ,4920                                    ,Apartment deed                          ,Valid Sale                              ,0 ,Improved
210080820144     ,1996/12/11,    250000,1996/12/31,0000000000          ,Fee conveyance                          ,2357740                                 ,485670                                  ,        ,        ,250.00                                  ,                                        ,Valid                                   ,X ,Improved
210080820144     ,1992/06/24,    446250,1992/09/01,0000000000          ,Fee conveyance                          ,1950029                                 ,397733                                  ,        ,        ,223.10                                  ,                                        ,Valid                                   ,X ,Improved
210080820144     ,1990/10/29,          ,          ,0000000000          ,                                        ,                                        ,                                        ,        ,        ,                                        ,                                        ,                                        ,  ,
210080820145     ,2024/09/19,          ,2024/10/25,                    ,Recorded document                       ,T12716184                               ,12716184                                ,        ,        ,                                        ,Amendment of CPR, HPR or Declaration    ,                                        ,  ,
210080820145     ,2023/09/19,          ,2023/10/25,                    ,Land Court Order (all types)            ,T12350161                               ,                                        ,        ,        ,                                        ,Land Court Order (all types)            ,                                        ,  ,
210080820145     ,2001/12/14,    400000,2001/12/28,                    ,Fee conveyance                          ,2765336                                 ,599807                                  ,        ,        ,400.00                                  ,Apartment deed                          ,Valid Sale                              ,0 ,Improved
210080820145     ,1991/04/11,    414750,1991/06/19,0000000000          ,Fee conveyance                          ,1828677                                 ,371510                                  ,        ,        ,207.35                                  ,                                        ,Valid                                   ,X ,Improved
210080820145     ,1990/10/29,          ,          ,0000000000          ,                                        ,                                        ,                                        ,        ,        ,                                        ,                                        ,                                        ,  ,
210080820146     ,2024/09/19,          ,2024/10/25,                    ,Recorded document                       ,T12716184                               ,12716184                                ,        ,        ,                                        ,Amendment of CPR, HPR or Declaration    ,                                        ,  ,
210080820146     ,2023/10/10,          ,2023/10/20,                    ,Fee conveyance                          ,T12345143                               ,1260219                                 ,        ,        ,                                        ,Apartment deed                          ,                                        ,  ,
210080820146     ,2023/08/06,   1875000,2023/08/09,                    ,Fee conveyance                          ,T12273001                               ,1256837                                 ,        ,        ,7500                                    ,Apartment deed                          ,Valid Sale                              ,0 ,Improved
210080820146     ,2015/01/06,   1040000,2015/03/11,                    ,Fee conveyance                          ,T9200081                                ,1093918                                 ,        ,        ,4160                                    ,Apartment deed                          ,Valid Sale                              ,0 ,Improved
210080820146     ,2004/09/08,    750000,2004/09/14,                    ,Fee conveyance                          ,3165029                                 ,714999                                  ,        ,        ,750                                     ,Apartment deed                          ,Valid Sale                              ,0 ,Improved
210080820146     ,2001/01/16,    388000,2001/01/19,                    ,Fee conveyance                          ,2677952                                 ,572,937                                 ,        ,        ,388.00                                  ,Apartment deed                          ,Valid Sale                              ,0 ,Improved
210080820146     ,1993/03/08,          ,1993/03/10,0000000000          ,Fee conveyance                          ,2004695                                 ,409196                                  ,        ,        ,1.00                                    ,                                        ,                                        ,  ,
210080820146     ,1993/03/08,    382000,1993/03/10,0000000000          ,Fee conveyance                          ,2004694                                 ,409195                                  ,        ,        ,191.00                                  ,                                        ,                                        ,  ,
210080820146     ,1991/12/13,          ,1991/12/24,0000000000          ,Fee conveyance                          ,187510                                  ,382649                                  ,        ,        ,207.50                                  ,                                        ,                                        ,  ,
210080820146     ,1991/12/01,    415000,          ,                    ,Fee conveyance                          ,                                        ,                                        ,        ,        ,                                        ,                                        ,Valid                                   ,X ,Improved
210080820146     ,1990/10/29,          ,          ,0000000000          ,                                        ,                                        ,                                        ,        ,        ,                                        ,                                        ,                                        ,  ,
210080820147     ,2024/09/19,          ,2024/10/25,                    ,Recorded document                       ,T12716184                               ,12716184                                ,        ,        ,                                        ,Amendment of CPR, HPR or Declaration    ,                                        ,  ,
210080820147     ,2022/03/01,   1495000,2022/03/04,                    ,Fee conveyance                          ,T11750103                               ,1232780                                 ,        ,        ,4485                                    ,Apartment deed                          ,Other                                   ,2 ,Improved
210080820147     ,2020/08/21,          ,2020/08/26,                    ,Fee conveyance                          ,T11195362                               ,1198545                                 ,        ,        ,                                        ,Apartment deed                          ,                                        ,  ,
210080820147     ,2009/06/26,    610000,2009/07/09,                    ,Fee conveyance                          ,3877045                                 ,951625                                  ,        ,        ,1525                                    ,Apartment deed                          ,Foreclosure                             ,5 ,
210080820147     ,2004/01/07,    562000,2004/01/20,                    ,Fee conveyance                          ,3055849                                 ,681165                                  ,        ,        ,562                                     ,Apartment deed                          ,Valid Sale                              ,0 ,Improved
210080820147     ,1997/11/08,    270000,1997/11/17,0000000000          ,Fee conveyance                          ,2418045                                 ,500811                                  ,        ,        ,270.00                                  ,                                        ,Valid                                   ,X ,Improved
210080820147     ,1993/07/01,   2320013,1993/09/27,0000000000          ,Fee conveyance                          ,2069747                                 ,422371*                                 ,        ,        ,2320.00                                 ,                                        ,                                        ,  ,
210080820147     ,1991/04/11,    441000,1991/05/30,0000000000          ,Fee conveyance                          ,1821658                                 ,369763                                  ,        ,        ,220.50                                  ,                                        ,Valid                                   ,X ,Improved
210080820147     ,1990/10/29,          ,          ,0000000000          ,                                        ,                                        ,                                        ,        ,        ,                                        ,                                        ,                                        ,  ,
210080820148     ,2024/09/19,          ,2024/10/25,                    ,Recorded document                       ,T12716184                               ,12716184                                ,        ,        ,                                        ,Amendment of CPR, HPR or Declaration    ,                                        ,  ,
210080820148     ,2023/07/12,   1600000,2023/07/17,                    ,Fee conveyance                          ,T12250006                               ,1255966                                 ,        ,        ,4800                                    ,Apartment deed                          ,Other                                   ,2 ,Improved
210080820148     ,2019/03/06,          ,2019/03/12,                    ,Land Court Order (all types)            ,T10662056                               ,                                        ,        ,        ,                                        ,Land Court Order (all types)            ,Related individuals                     ,4 ,
210080820148     ,2019/02/12,          ,2019/03/12,                    ,Fee conveyance                          ,T10662057                               ,1172593                                 ,        ,        ,                                        ,Deed to trust                           ,Related individuals                     ,4 ,
210080820148     ,1999/12/16,    400000,1999/12/20,0000000000          ,Fee conveyance                          ,2596223                                 ,545,242                                 ,        ,        ,400.00                                  ,                                        ,Valid                                   ,X ,Improved
210080820148     ,1994/03/21,    375000,1994/03/24,0000000000          ,Fee conveyance                          ,2131202                                 ,434582                                  ,        ,        ,375.00                                  ,                                        ,Valid                                   ,X ,Improved
210080820148     ,1993/07/01,   2320013,1993/09/27,0000000000          ,Fee conveyance                          ,2069747                                 ,422371*                                 ,        ,        ,2320.00                                 ,                                        ,                                        ,  ,
210080820148     ,1991/04/11,    445000,1991/05/22,0000000000          ,Fee conveyance                          ,1821766                                 ,369798                                  ,        ,        ,222.50                                  ,                                        ,Valid                                   ,X ,Improved
210080820148     ,1990/10/29,          ,          ,0000000000          ,                                        ,                                        ,                                        ,        ,        ,                                        ,                                        ,                                        ,  ,
210080820149     ,2024/09/19,          ,2024/10/25,                    ,Recorded document                       ,T12716184                               ,12716184                                ,        ,        ,                                        ,Amendment of CPR, HPR or Declaration    ,                                        ,  ,
210080820149     ,2021/09/02,   1155000,2021/09/15,                    ,Fee conveyance                          ,T11580034                               ,1221691                                 ,        ,        ,4620                                    ,Apartment deed                          ,Valid Sale                              ,0 ,Improved
210080820149     ,2020/02/06,    700000,2020/02/11,                    ,Fee conveyance                          ,T10998020                               ,1189516                                 ,        ,        ,1750                                    ,Apartment deed                          ,Valid Sale                              ,0 ,Improved
210080820149     ,2006/03/28,          ,2006/06/08,                    ,Fee conveyance                          ,3438124                                 ,808583                                  ,        ,        ,0                                       ,Apartment deed                          ,                                        ,  ,
210080820149     ,2003/07/02,    415000,2003/07/10,                    ,Fee conveyance                          ,2955361                                 ,652297                                  ,        ,        ,415                                     ,Apartment deed                          ,Valid Sale                              ,0 ,Improved
210080820149     ,2002/03/01,    370000,2002/03/08,                    ,Fee conveyance                          ,2785294                                 ,605613                                  ,        ,        ,370.00                                  ,Apartment deed                          ,Valid Sale                              ,0 ,Improved
210080820149     ,2001/02/23,    363000,2001/03/05,                    ,Fee conveyance                          ,2687307                                 ,575,990                                 ,        ,        ,363.00                                  ,Apartment deed                          ,Valid Sale                              ,0 ,Improved
210080820149     ,1996/08/05,          ,1996/08/08,0000000000          ,                                        ,125197                                  ,463970                                  ,        ,        ,0.00                                    ,                                        ,                                        ,  ,
210080820149     ,1994/05/17,          ,1995/10/18,0000000000          ,Fee conveyance                          ,2267222                                 ,463970                                  ,        ,        ,0.00                                    ,                                        ,                                        ,  ,
210080820149     ,1992/03/27,          ,1992/03/30,0000000000          ,                                        ,106371                                  ,372601                                  ,        ,        ,                                        ,                                        ,                                        ,  ,
210080820149     ,1991/06/26,    304500,1991/07/03,0000000000          ,Fee conveyance                          ,1832983                                 ,372601                                  ,        ,        ,152.25                                  ,                                        ,Other                                   ,2 ,Improved
210080820149     ,1990/10/29,          ,          ,0000000000          ,                                        ,                                        ,                                        ,        ,        ,                                        ,                                        ,                                        ,  ,
210080820150     ,2024/09/19,          ,2024/10/25,                    ,Recorded document                       ,T12716184                               ,12716184                                ,        ,        ,                                        ,Amendment of CPR, HPR or Declaration    ,                                        ,  ,
210080820150     ,2020/01/28,          ,2020/03/13,                    ,Fee conveyance                          ,T11029242                               ,                                        ,        ,        ,                                        ,T O D                                   ,                                        ,  ,
210080820150     ,1999/03/31,    230000,1999/04/09,0000000000          ,Fee conveyance                          ,2534274                                 ,529299                                  ,        ,        ,230.00                                  ,                                        ,Valid                                   ,X ,Improved
210080820150     ,1998/02/25,    230000,1998/04/15,0000000000          ,Fee conveyance                          ,2449829                                 ,508241                                  ,        ,        ,230.00                                  ,                                        ,Valid                                   ,X ,Improved
210080820150     ,1994/07/01,    295000,          ,                    ,Fee conveyance                          ,                                        ,                                        ,        ,        ,                                        ,                                        ,Valid                                   ,X ,Improved
210080820150     ,1994/06/14,    295000,1994/07/12,0000000000          ,Fee conveyance                          ,2163307                                 ,440931                                  ,        ,        ,295.00                                  ,                                        ,                                        ,  ,
210080820150     ,1991/06/10,    310000,1991/06/17,0000000000          ,Fee conveyance                          ,1827964                                 ,371356                                  ,        ,        ,155.00                                  ,                                        ,Valid                                   ,X ,Improved
210080820150     ,1990/10/29,          ,          ,0000000000          ,                                        ,                                        ,                                        ,        ,        ,                                        ,                                        ,                                        ,  ,
210080820151     ,2024/09/19,          ,2024/10/25,                    ,Recorded document                       ,T12716184                               ,12716184                                ,        ,        ,                                        ,Amendment of CPR, HPR or Declaration    ,                                        ,  ,
210080820151     ,2015/01/09,    224800,2015/01/26,                    ,Fee conveyance                          ,T9156008                                ,1091697                                 ,        ,        ,337.2                                   ,Apartment deed                          ,Valid Sale                              ,0 ,
210080820151     ,1996/08/15,    185000,1996/08/15,0000000000          ,Fee conveyance                          ,                                        ,479291                                  ,        ,        ,185.00                                  ,                                        ,Other                                   ,7 ,Improved
210080820151     ,1990/10/29,          ,          ,0000000000          ,                                        ,                                        ,                                        ,        ,        ,                                        ,                                        ,                                        ,  ,
210080820152     ,2024/09/19,          ,2024/10/25,                    ,Recorded document                       ,T12716184                               ,12716184                                ,        ,        ,                                        ,Amendment of CPR, HPR or Declaration    ,                                        ,  ,
210080820152     ,1996/04/02,    100000,1996/04/09,0000000000          ,Fee conveyance                          ,2300838                                 ,472930                                  ,        ,        ,100.00                                  ,                                        ,Other                                   ,7 ,Improved
210080820152     ,1990/10/29,          ,          ,0000000000          ,                                        ,                                        ,                                        ,        ,        ,                                        ,                                        ,                                        ,  ,
