PARID,SALEDATE,PRICE,RECORDDATE,INSTRUNO,INSTRUTYPE,LANDCOURT_NO,CERT_NO,BOOK,PAGE,CONV_TAX,DOC_TYPE,VALCODE,VALCODE,SALETYP
210080830000     ,2020/10/12,          ,2020/12/02,                    ,Recorded document                       ,T11293419                               ,336088                                  ,        ,        ,                                        ,Grant of easement                       ,                                        ,  ,
210080830000     ,2020/06/08,          ,2020/08/14,                    ,Recorded document                       ,T11183321                               ,                                        ,        ,        ,                                        ,Amendment of CPR, HPR or Declaration    ,                                        ,  ,
210080830000     ,2019/12/10,          ,2020/01/10,T10966225           ,Recorded document                       ,                                        ,                                        ,        ,        ,                                        ,Declaration of/Restatement of CPR       ,                                        ,  ,
210080830000     ,2017/12/04,          ,2017/12/22,                    ,Recorded document                       ,T10217497                               ,                                        ,        ,        ,0                                       ,Amendment of CPR, HPR or Declaration    ,Other                                   ,7 ,
210080830000     ,2017/04/18,          ,2017/05/04,                    ,Recorded document                       ,T9985173                                ,                                        ,        ,        ,0                                       ,Amendment of CPR, HPR or Declaration    ,                                        ,  ,
210080830000     ,2010/08/18,          ,2010/08/18,                    ,Route slip                              ,                                        ,                                        ,        ,        ,                                        ,Amendment of CPR, HPR or Declaration    ,                                        ,  ,
210080830000     ,1991/04/18,          ,1991/04/25,0000000000          ,                                        ,1815194                                 ,315856                                  ,        ,        ,                                        ,                                        ,                                        ,  ,
210080830000     ,1989/10/16,          ,1989/01/01,0000000000          ,                                        ,                                        ,                                        ,        ,        ,                                        ,                                        ,                                        ,  ,
210080830000     ,1989/09/15,   9000000,1989/09/25,0000000000          ,Fee conveyance                          ,1669328                                 ,336088                                  ,        ,        ,4500.00                                 ,                                        ,                                        ,  ,
210080830000     ,1989/09/15,   4700000,1989/09/25,0000000000          ,Fee conveyance                          ,1669326                                 ,336087                                  ,        ,        ,2350.00                                 ,                                        ,                                        ,  ,
210080830000     ,1989/02/10,  98641000,1989/02/10,8900018846          ,Fee conveyance                          ,1612904                                 ,325213                                  ,22849   ,1       ,49320.50                                ,                                        ,                                        ,  ,
210080830000     ,1900/01/01,          ,1994/02/23,0000000000          ,                                        ,2121264                                 ,336088                                  ,        ,        ,                                        ,                                        ,                                        ,  ,
210080830000     ,1900/01/01,          ,          ,0000000000          ,                                        ,1815194                                 ,315856                                  ,        ,        ,                                        ,                                        ,                                        ,  ,
210080830000     ,1900/01/01,          ,          ,0000000000          ,                                        ,1826377                                 ,315856                                  ,        ,        ,                                        ,                                        ,                                        ,  ,
210080830000     ,1900/01/01,          ,          ,0000000000          ,                                        ,1864388                                 ,336088                                  ,        ,        ,                                        ,                                        ,                                        ,  ,
210080830001     ,2020/06/08,          ,2020/08/14,                    ,Recorded document                       ,T11183321                               ,                                        ,        ,        ,                                        ,Amendment of CPR, HPR or Declaration    ,                                        ,  ,
210080830001     ,2020/04/01,          ,2020/04/01,                    ,Route slip                              ,                                        ,                                        ,        ,        ,                                        ,Correction                              ,                                        ,  ,
210080830001     ,2020/03/18,    725000,2020/03/31,                    ,Fee conveyance                          ,T11047026                               ,1191686                                 ,        ,        ,1450                                    ,Apartment deed                          ,Valid Sale                              ,0 ,Improved
210080830001     ,2019/12/10,          ,2020/01/10,T10966225           ,Recorded document                       ,                                        ,                                        ,        ,        ,                                        ,Declaration of/Restatement of CPR       ,                                        ,  ,
210080830001     ,2017/12/04,          ,2017/12/22,                    ,Recorded document                       ,T10217497                               ,                                        ,        ,        ,0                                       ,Amendment of CPR, HPR or Declaration    ,                                        ,  ,
210080830001     ,2017/04/18,          ,2017/05/04,                    ,Recorded document                       ,T9985173                                ,                                        ,        ,        ,0                                       ,Amendment of CPR, HPR or Declaration    ,                                        ,  ,
210080830001     ,2015/03/18,          ,2015/03/20,                    ,Land Court Order (all types)            ,T9209082                                ,889449                                  ,        ,        ,                                        ,Land Court Order (all types)            ,Other                                   ,2 ,
210080830001     ,2010/08/18,          ,2010/08/18,                    ,Route slip                              ,                                        ,                                        ,        ,        ,                                        ,Amendment of CPR, HPR or Declaration    ,                                        ,  ,
210080830001     ,2007/12/04,          ,2007/12/19,                    ,Fee conveyance                          ,3693783                                 ,889449                                  ,        ,        ,0                                       ,Apartment deed                          ,                                        ,  ,
210080830001     ,2007/11/29,    830000,2007/12/07,                    ,Fee conveyance                          ,3689300                                 ,888033                                  ,        ,        ,1660                                    ,Apartment deed                          ,Valid Sale                              ,0 ,Improved
210080830001     ,2001/03/13,    325000,2001/03/30,                    ,Fee conveyance                          ,2693764                                 ,577,948                                 ,        ,        ,325.00                                  ,Apartment deed                          ,Valid Sale                              ,0 ,Improved
210080830001     ,1997/02/28,    186850,1997/02/21,0000000000          ,Fee conveyance                          ,                                        ,                                        ,        ,        ,186.90                                  ,                                        ,Developer sale                          ,8 ,Improved
210080830001     ,1900/01/01,          ,          ,0000000000          ,                                        ,1815194                                 ,315856                                  ,        ,        ,                                        ,                                        ,                                        ,  ,
210080830002     ,2020/06/08,          ,2020/08/14,                    ,Recorded document                       ,T11183321                               ,                                        ,        ,        ,                                        ,Amendment of CPR, HPR or Declaration    ,                                        ,  ,
210080830002     ,2019/12/10,          ,2020/01/10,T10966225           ,Recorded document                       ,                                        ,                                        ,        ,        ,                                        ,Declaration of/Restatement of CPR       ,                                        ,  ,
210080830002     ,2017/12/04,          ,2017/12/22,                    ,Recorded document                       ,T10217497                               ,                                        ,        ,        ,0                                       ,Amendment of CPR, HPR or Declaration    ,                                        ,  ,
210080830002     ,2017/04/18,          ,2017/05/04,                    ,Recorded document                       ,T9985173                                ,                                        ,        ,        ,0                                       ,Amendment of CPR, HPR or Declaration    ,                                        ,  ,
210080830002     ,2016/03/10,    685000,2016/03/15,                    ,Fee conveyance                          ,T9570067                                ,1113064                                 ,        ,        ,1712.5                                  ,Apartment deed                          ,Valid Sale                              ,0 ,Improved
210080830002     ,2010/08/18,          ,2010/08/18,                    ,Route slip                              ,                                        ,                                        ,        ,        ,                                        ,Amendment of CPR, HPR or Declaration    ,                                        ,  ,
210080830002     ,2009/06/12,    670000,2009/06/19,                    ,Fee conveyance                          ,3870471                                 ,949336                                  ,        ,        ,1675                                    ,Apartment deed                          ,Valid Sale                              ,0 ,Improved
210080830002     ,2007/02/02,          ,2007/02/07,                    ,Fee conveyance                          ,3556648                                 ,844601                                  ,        ,        ,0                                       ,Quitclaim apartment deed                ,                                        ,  ,
210080830002     ,2007/02/02,          ,2007/03/15,                    ,Fee conveyance                          ,3574393                                 ,849711                                  ,        ,        ,0                                       ,Quitclaim apartment deed                ,                                        ,  ,
210080830002     ,2006/12/21,          ,2007/01/10,                    ,Fee conveyance                          ,3538480                                 ,840761                                  ,        ,        ,0                                       ,Apartment deed                          ,                                        ,  ,
210080830002     ,2006/12/21,          ,2006/12/29,                    ,Fee conveyance                          ,3534395                                 ,839702                                  ,        ,        ,0                                       ,Apartment deed                          ,                                        ,  ,
210080830002     ,2003/09/17,          ,2004/06/04,                    ,Fee conveyance                          ,3119081                                 ,700119                                  ,        ,        ,0                                       ,Limited warranty/apartment deed         ,                                        ,  ,
210080830002     ,2000/01/19,    330000,2000/01/25,0000000000          ,Fee conveyance                          ,2602977                                 ,547,388                                 ,        ,        ,330.00                                  ,                                        ,Valid                                   ,X ,Improved
210080830002     ,1997/04/17,    204450,1997/05/12,0000000000          ,Fee conveyance                          ,2380295                                 ,491569                                  ,        ,        ,204.50                                  ,                                        ,Developer sale                          ,8 ,Improved
210080830002     ,1900/01/01,          ,          ,0000000000          ,                                        ,1815194                                 ,315856                                  ,        ,        ,                                        ,                                        ,                                        ,  ,
210080830003     ,2024/11/01,   1150000,2024/11/07,                    ,Fee conveyance                          ,T12729100                               ,1277000                                 ,        ,        ,3450                                    ,Apartment deed                          ,Valid Sale                              ,0 ,Improved
210080830003     ,2024/10/18,          ,2024/11/07,                    ,Land Court Order (all types)            ,T12729099                               ,                                        ,        ,        ,                                        ,Land Court Order (all types)            ,                                        ,  ,
210080830003     ,2022/01/21,          ,2022/02/17,                    ,Fee conveyance                          ,T11735262                               ,1232116                                 ,        ,        ,                                        ,Apartment deed                          ,                                        ,  ,
210080830003     ,2021/12/03,          ,2022/02/17,                    ,Land Court Order (all types)            ,T11735261                               ,                                        ,        ,        ,                                        ,Land Court Order (all types)            ,                                        ,  ,
210080830003     ,2020/06/08,          ,2020/08/14,                    ,Recorded document                       ,T11183321                               ,                                        ,        ,        ,                                        ,Amendment of CPR, HPR or Declaration    ,                                        ,  ,
210080830003     ,2019/12/10,          ,2020/01/10,T10966225           ,Recorded document                       ,                                        ,                                        ,        ,        ,                                        ,Declaration of/Restatement of CPR       ,                                        ,  ,
210080830003     ,2017/12/04,          ,2017/12/22,                    ,Recorded document                       ,T10217497                               ,                                        ,        ,        ,0                                       ,Amendment of CPR, HPR or Declaration    ,                                        ,  ,
210080830003     ,2017/04/18,          ,2017/05/04,                    ,Recorded document                       ,T9985173                                ,                                        ,        ,        ,0                                       ,Amendment of CPR, HPR or Declaration    ,                                        ,  ,
210080830003     ,2010/08/18,          ,2010/08/18,                    ,Route slip                              ,                                        ,                                        ,        ,        ,                                        ,Amendment of CPR, HPR or Declaration    ,                                        ,  ,
210080830003     ,1997/04/11,    212100,1997/04/18,0000000000          ,Fee conveyance                          ,2376455                                 ,490507                                  ,        ,        ,212.10                                  ,                                        ,Developer sale                          ,8 ,Improved
210080830003     ,1900/01/01,          ,          ,0000000000          ,                                        ,1815194                                 ,315856                                  ,        ,        ,                                        ,                                        ,                                        ,  ,
210080830004     ,2025/12/16,          ,2026/01/06,                    ,Fee conveyance                          ,T13154148                               ,1295169                                 ,        ,        ,                                        ,Deed to trust                           ,                                        ,  ,
210080830004     ,2025/09/22,   1200000,2025/10/17,                    ,Fee conveyance                          ,T13073031                               ,1291877                                 ,        ,        ,3600                                    ,Apartment deed                          ,Valid Sale                              ,0 ,
210080830004     ,2020/06/08,          ,2020/08/14,                    ,Recorded document                       ,T11183321                               ,                                        ,        ,        ,                                        ,Amendment of CPR, HPR or Declaration    ,                                        ,  ,
210080830004     ,2019/12/10,          ,2020/01/10,T10966225           ,Recorded document                       ,                                        ,                                        ,        ,        ,                                        ,Declaration of/Restatement of CPR       ,                                        ,  ,
210080830004     ,2017/12/04,          ,2017/12/22,                    ,Recorded document                       ,T10217497                               ,                                        ,        ,        ,0                                       ,Amendment of CPR, HPR or Declaration    ,                                        ,  ,
210080830004     ,2017/04/18,          ,2017/05/04,                    ,Recorded document                       ,T9985173                                ,                                        ,        ,        ,0                                       ,Amendment of CPR, HPR or Declaration    ,                                        ,  ,
210080830004     ,2013/01/17,    592500,2013/01/31,                    ,Fee conveyance                          ,T8431261                                ,1055093                                 ,        ,        ,888.8                                   ,Apartment deed                          ,Valid Sale                              ,0 ,Improved
210080830004     ,2011/11/29,    535000,2011/12/06,                    ,Fee conveyance                          ,4116350                                 ,1035544                                 ,        ,        ,535                                     ,Apartment deed                          ,Valid Sale                              ,0 ,Improved
210080830004     ,2010/11/23,          ,2010/11/29,                    ,Land Court Order (all types)            ,185024                                  ,912307                                  ,        ,        ,                                        ,Land Court Order (all types)            ,Related individuals                     ,4 ,Improved
210080830004     ,2010/08/18,          ,2010/08/18,                    ,Route slip                              ,                                        ,                                        ,        ,        ,                                        ,Amendment of CPR, HPR or Declaration    ,                                        ,  ,
210080830004     ,2008/06/03,          ,2008/06/20,                    ,Fee conveyance                          ,3761289                                 ,912307                                  ,        ,        ,0                                       ,Deed to trust                           ,                                        ,  ,
210080830004     ,1999/03/05,    350000,1999/03/12,0000000000          ,Fee conveyance                          ,2527522                                 ,437,910                                 ,        ,        ,350.00                                  ,                                        ,Valid                                   ,X ,Improved
210080830004     ,1994/05/17,    370000,1994/05/20,0000000000          ,Fee conveyance                          ,2147801                                 ,437910                                  ,        ,        ,370.00                                  ,                                        ,Valid                                   ,X ,Improved
210080830004     ,1992/11/18,    445000,1992/11/24,0000000000          ,Fee conveyance                          ,1973208                                 ,336088                                  ,        ,        ,222.50                                  ,                                        ,Other                                   ,7 ,Improved
210080830004     ,1900/01/01,          ,          ,0000000000          ,                                        ,1815194                                 ,315856                                  ,        ,        ,                                        ,                                        ,                                        ,  ,
210080830005     ,2020/10/06,    820000,2020/10/09,                    ,Fee conveyance                          ,T11239001                               ,1201039                                 ,        ,        ,1640                                    ,Warranty deed                           ,Valid Sale                              ,0 ,Improved
210080830005     ,2020/06/08,          ,2020/08/14,                    ,Recorded document                       ,T11183321                               ,                                        ,        ,        ,                                        ,Amendment of CPR, HPR or Declaration    ,                                        ,  ,
210080830005     ,2019/12/10,          ,2020/01/10,T10966225           ,Recorded document                       ,                                        ,                                        ,        ,        ,                                        ,Declaration of/Restatement of CPR       ,                                        ,  ,
210080830005     ,2018/05/10,    725000,2018/05/22,                    ,Fee conveyance                          ,T10368118                               ,1157003                                 ,        ,        ,1812.5                                  ,Apartment deed                          ,Valid Sale                              ,0 ,Improved
210080830005     ,2017/12/04,          ,2017/12/22,                    ,Recorded document                       ,T10217497                               ,                                        ,        ,        ,0                                       ,Amendment of CPR, HPR or Declaration    ,                                        ,  ,
210080830005     ,2017/04/18,          ,2017/05/04,                    ,Recorded document                       ,T9985173                                ,                                        ,        ,        ,0                                       ,Amendment of CPR, HPR or Declaration    ,                                        ,  ,
210080830005     ,2013/08/01,          ,2013/08/07,                    ,Land Court Order (all types)            ,T8619314                                ,489921                                  ,        ,        ,0                                       ,Land Court Order (all types)            ,                                        ,  ,
210080830005     ,2010/08/18,          ,2010/08/18,                    ,Route slip                              ,                                        ,                                        ,        ,        ,                                        ,Amendment of CPR, HPR or Declaration    ,                                        ,  ,
210080830005     ,1997/03/27,    212100,1997/04/04,0000000000          ,Fee conveyance                          ,2374123                                 ,489921                                  ,        ,        ,212.10                                  ,                                        ,Developer sale                          ,8 ,Improved
210080830005     ,1900/01/01,          ,          ,0000000000          ,                                        ,1815194                                 ,315856                                  ,        ,        ,                                        ,                                        ,                                        ,  ,
210080830006     ,2022/03/23,   1650000,2022/03/31,                    ,Fee conveyance                          ,T11777015                               ,1234389                                 ,        ,        ,6600                                    ,Apartment deed                          ,Valid Sale                              ,0 ,Improved
210080830006     ,2020/06/08,          ,2020/08/14,                    ,Recorded document                       ,T11183321                               ,                                        ,        ,        ,                                        ,Amendment of CPR, HPR or Declaration    ,                                        ,  ,
210080830006     ,2019/12/10,          ,2020/01/10,T10966225           ,Recorded document                       ,                                        ,                                        ,        ,        ,                                        ,Declaration of/Restatement of CPR       ,                                        ,  ,
210080830006     ,2017/12/04,          ,2017/12/22,                    ,Recorded document                       ,T10217497                               ,                                        ,        ,        ,0                                       ,Amendment of CPR, HPR or Declaration    ,                                        ,  ,
210080830006     ,2017/04/18,          ,2017/05/04,                    ,Recorded document                       ,T9985173                                ,                                        ,        ,        ,0                                       ,Amendment of CPR, HPR or Declaration    ,                                        ,  ,
210080830006     ,2010/08/18,          ,2010/08/18,                    ,Route slip                              ,                                        ,                                        ,        ,        ,                                        ,Amendment of CPR, HPR or Declaration    ,                                        ,  ,
210080830006     ,2005/02/10,    799000,2005/02/18,                    ,Fee conveyance                          ,3232299                                 ,735567                                  ,        ,        ,799                                     ,Apartment deed                          ,Other                                   ,7 ,Improved
210080830006     ,2001/06/05,    545000,2001/06/14,                    ,Fee conveyance                          ,2712967                                 ,584119                                  ,        ,        ,545.00                                  ,Deed                                    ,Valid Sale                              ,0 ,Improved
210080830006     ,1997/03/20,    232250,1997/04/01,0000000000          ,Fee conveyance                          ,2372902                                 ,489475                                  ,        ,        ,232.30                                  ,                                        ,Developer sale                          ,8 ,Improved
210080830006     ,1900/01/01,          ,          ,0000000000          ,                                        ,1815194                                 ,315856                                  ,        ,        ,                                        ,                                        ,                                        ,  ,
210080830007     ,2020/06/08,          ,2020/08/14,                    ,Recorded document                       ,T11183321                               ,                                        ,        ,        ,                                        ,Amendment of CPR, HPR or Declaration    ,                                        ,  ,
210080830007     ,2019/12/10,          ,2020/01/10,T10966225           ,Recorded document                       ,                                        ,                                        ,        ,        ,                                        ,Declaration of/Restatement of CPR       ,                                        ,  ,
210080830007     ,2017/12/04,          ,2017/12/22,                    ,Recorded document                       ,T10217497                               ,                                        ,        ,        ,0                                       ,Amendment of CPR, HPR or Declaration    ,                                        ,  ,
210080830007     ,2017/04/18,          ,2017/05/04,                    ,Recorded document                       ,T9985173                                ,                                        ,        ,        ,0                                       ,Amendment of CPR, HPR or Declaration    ,                                        ,  ,
210080830007     ,2010/08/18,          ,2010/08/18,                    ,Route slip                              ,                                        ,                                        ,        ,        ,                                        ,Amendment of CPR, HPR or Declaration    ,                                        ,  ,
210080830007     ,2006/08/21,          ,2006/11/17,                    ,Fee conveyance                          ,3515026                                 ,833965                                  ,        ,        ,0                                       ,Warranty deed                           ,                                        ,  ,
210080830007     ,1997/03/14,    212100,1997/03/21,0000000000          ,Fee conveyance                          ,2371402                                 ,489083                                  ,        ,        ,212.10                                  ,                                        ,Developer sale                          ,8 ,Improved
210080830007     ,1900/01/01,          ,          ,0000000000          ,                                        ,1815194                                 ,315856                                  ,        ,        ,                                        ,                                        ,                                        ,  ,
210080830008     ,2020/06/08,          ,2020/08/14,                    ,Recorded document                       ,T11183321                               ,                                        ,        ,        ,                                        ,Amendment of CPR, HPR or Declaration    ,                                        ,  ,
210080830008     ,2019/12/10,          ,2020/01/10,T10966225           ,Recorded document                       ,                                        ,                                        ,        ,        ,                                        ,Declaration of/Restatement of CPR       ,                                        ,  ,
210080830008     ,2017/12/04,          ,2017/12/22,                    ,Recorded document                       ,T10217497                               ,                                        ,        ,        ,0                                       ,Amendment of CPR, HPR or Declaration    ,                                        ,  ,
210080830008     ,2017/04/18,          ,2017/05/04,                    ,Recorded document                       ,T9985173                                ,                                        ,        ,        ,0                                       ,Amendment of CPR, HPR or Declaration    ,                                        ,  ,
210080830008     ,2010/08/18,          ,2010/08/18,                    ,Route slip                              ,                                        ,                                        ,        ,        ,                                        ,Amendment of CPR, HPR or Declaration    ,                                        ,  ,
210080830008     ,2007/01/15,          ,2007/01/23,                    ,Fee conveyance                          ,3546087                                 ,842372                                  ,        ,        ,0                                       ,Limited warranty/apartment deed         ,                                        ,  ,
210080830008     ,1997/02/14,    232250,1997/02/28,0000000000          ,Fee conveyance                          ,2367936                                 ,488152                                  ,        ,        ,232.30                                  ,                                        ,Developer sale                          ,8 ,Improved
210080830008     ,1900/01/01,          ,          ,0000000000          ,                                        ,1815194                                 ,315856                                  ,        ,        ,                                        ,                                        ,                                        ,  ,
210080830009     ,2025/03/31,          ,2025/03/31,                    ,Route slip                              ,                                        ,                                        ,        ,        ,                                        ,Death                                   ,                                        ,  ,
210080830009     ,2024/11/07,          ,2024/11/25,                    ,Fee conveyance                          ,T12747122                               ,                                        ,        ,        ,                                        ,T O D                                   ,                                        ,  ,
210080830009     ,2020/06/08,          ,2020/08/14,                    ,Recorded document                       ,T11183321                               ,                                        ,        ,        ,                                        ,Amendment of CPR, HPR or Declaration    ,                                        ,  ,
210080830009     ,2019/12/10,          ,2020/01/10,T10966225           ,Recorded document                       ,                                        ,                                        ,        ,        ,                                        ,Declaration of/Restatement of CPR       ,                                        ,  ,
210080830009     ,2017/12/04,          ,2017/12/22,                    ,Recorded document                       ,T10217497                               ,                                        ,        ,        ,0                                       ,Amendment of CPR, HPR or Declaration    ,                                        ,  ,
210080830009     ,2017/04/18,          ,2017/05/04,                    ,Recorded document                       ,T9985173                                ,                                        ,        ,        ,0                                       ,Amendment of CPR, HPR or Declaration    ,                                        ,  ,
210080830009     ,2015/12/21,    687500,2015/12/29,                    ,Fee conveyance                          ,T9493123                                ,1109261                                 ,        ,        ,1375                                    ,Apartment deed                          ,Valid Sale                              ,0 ,Improved
210080830009     ,2013/08/20,    599000,2013/08/28,                    ,Fee conveyance                          ,T8640044                                ,1065877                                 ,        ,        ,599                                     ,Apartment deed                          ,Valid Sale                              ,0 ,Improved
210080830009     ,2013/04/12,          ,2013/04/17,                    ,Land Court Order (all types)            ,T8507235                                ,491757                                  ,        ,        ,                                        ,Land Court Order (all types)            ,Valid Sale                              ,0 ,
210080830009     ,2010/08/18,          ,2010/08/18,                    ,Route slip                              ,                                        ,                                        ,        ,        ,                                        ,Amendment of CPR, HPR or Declaration    ,Valid Sale                              ,0 ,
210080830009     ,1997/04/16,    186850,1997/05/15,0000000000          ,Fee conveyance                          ,2381087                                 ,491757                                  ,        ,        ,186.90                                  ,                                        ,Valid Sale                              ,0 ,Improved
210080830009     ,1900/01/01,          ,          ,0000000000          ,                                        ,1815194                                 ,315856                                  ,        ,        ,                                        ,                                        ,Valid Sale                              ,0 ,
210080830010     ,2020/06/08,          ,2020/08/14,                    ,Recorded document                       ,T11183321                               ,                                        ,        ,        ,                                        ,Amendment of CPR, HPR or Declaration    ,                                        ,  ,
210080830010     ,2019/12/10,          ,2020/01/10,T10966225           ,Recorded document                       ,                                        ,                                        ,        ,        ,                                        ,Declaration of/Restatement of CPR       ,                                        ,  ,
210080830010     ,2018/03/27,          ,2018/04/09,                    ,Fee conveyance                          ,T10325169                               ,1154457                                 ,        ,        ,0                                       ,Apartment deed                          ,                                        ,  ,
210080830010     ,2017/12/04,          ,2017/12/22,                    ,Recorded document                       ,T10217497                               ,                                        ,        ,        ,0                                       ,Amendment of CPR, HPR or Declaration    ,                                        ,  ,
210080830010     ,2017/04/18,          ,2017/05/04,                    ,Recorded document                       ,T9985173                                ,                                        ,        ,        ,0                                       ,Amendment of CPR, HPR or Declaration    ,                                        ,  ,
210080830010     ,2010/08/18,          ,2010/08/18,                    ,Route slip                              ,                                        ,                                        ,        ,        ,                                        ,Amendment of CPR, HPR or Declaration    ,                                        ,  ,
210080830010     ,1995/02/07,    273000,1995/02/22,0000000000          ,Fee conveyance                          ,2219962                                 ,452943                                  ,        ,        ,273.00                                  ,                                        ,Other                                   ,7 ,Improved
210080830010     ,1900/01/01,          ,          ,0000000000          ,                                        ,1815194                                 ,315856                                  ,        ,        ,                                        ,                                        ,                                        ,  ,
210080830011     ,2020/06/08,          ,2020/08/14,                    ,Recorded document                       ,T11183321                               ,                                        ,        ,        ,                                        ,Amendment of CPR, HPR or Declaration    ,                                        ,  ,
210080830011     ,2020/01/23,          ,2020/01/31,                    ,Fee conveyance                          ,T10987310                               ,1189137                                 ,        ,        ,                                        ,Warranty deed                           ,                                        ,  ,
210080830011     ,2019/12/10,          ,2020/01/10,T10966225           ,Recorded document                       ,                                        ,                                        ,        ,        ,                                        ,Declaration of/Restatement of CPR       ,                                        ,  ,
210080830011     ,2017/12/04,          ,2017/12/22,                    ,Recorded document                       ,T10217497                               ,                                        ,        ,        ,0                                       ,Amendment of CPR, HPR or Declaration    ,                                        ,  ,
210080830011     ,2017/10/05,    715000,2017/10/12,                    ,Fee conveyance                          ,T10146083                               ,1145092                                 ,        ,        ,1430                                    ,Warranty deed                           ,Valid Sale                              ,0 ,Improved
210080830011     ,2017/04/18,          ,2017/05/04,                    ,Recorded document                       ,T9985173                                ,                                        ,        ,        ,0                                       ,Amendment of CPR, HPR or Declaration    ,                                        ,  ,
210080830011     ,2011/12/07,    600000,2011/12/13,                    ,Fee conveyance                          ,4118019                                 ,1035865                                 ,        ,        ,1500                                    ,Apartment deed                          ,Valid Sale                              ,0 ,Improved
210080830011     ,2010/08/18,          ,2010/08/18,                    ,Route slip                              ,                                        ,                                        ,        ,        ,                                        ,Amendment of CPR, HPR or Declaration    ,                                        ,  ,
210080830011     ,2004/03/24,    649500,2004/04/01,                    ,Fee conveyance                          ,3091437                                 ,691214                                  ,        ,        ,649.5                                   ,Warranty deed                           ,Valid Sale                              ,0 ,Improved
210080830011     ,2002/08/21,    500000,2002/09/03,                    ,Fee conveyance                          ,2837298                                 ,621389                                  ,        ,        ,500.00                                  ,Apartment deed                          ,Valid Sale                              ,0 ,Improved
210080830011     ,1997/03/11,    219100,1997/03/14,0000000000          ,Fee conveyance                          ,2370283                                 ,488742                                  ,        ,        ,219.10                                  ,                                        ,Developer sale                          ,8 ,Improved
210080830011     ,1900/01/01,          ,          ,0000000000          ,                                        ,1815194                                 ,315856                                  ,        ,        ,                                        ,                                        ,                                        ,  ,
210080830012     ,2026/04/23,   1125000,2026/04/27,                    ,Fee conveyance                          ,T13265038                               ,1299543                                 ,        ,        ,4500                                    ,Apartment deed                          ,Valid Sale                              ,0 ,
210080830012     ,2026/01/01,          ,2026/01/01,                    ,Route slip                              ,                                        ,                                        ,        ,        ,                                        ,Ownership correction                    ,                                        ,  ,
210080830012     ,2020/06/08,          ,2020/08/14,                    ,Recorded document                       ,T11183321                               ,                                        ,        ,        ,                                        ,Amendment of CPR, HPR or Declaration    ,                                        ,  ,
210080830012     ,2019/12/10,          ,2020/01/10,T10966225           ,Recorded document                       ,                                        ,                                        ,        ,        ,                                        ,Declaration of/Restatement of CPR       ,                                        ,  ,
210080830012     ,2017/12/04,          ,2017/12/22,                    ,Recorded document                       ,T10217497                               ,                                        ,        ,        ,0                                       ,Amendment of CPR, HPR or Declaration    ,                                        ,  ,
210080830012     ,2017/04/18,          ,2017/05/04,                    ,Recorded document                       ,T9985173                                ,                                        ,        ,        ,0                                       ,Amendment of CPR, HPR or Declaration    ,                                        ,  ,
210080830012     ,2015/01/08,          ,2015/01/15,                    ,Fee conveyance                          ,T9145086                                ,1091194                                 ,        ,        ,                                        ,Apartment deed                          ,Other                                   ,2 ,Improved
210080830012     ,2015/01/08,    778000,2015/01/15,                    ,Fee conveyance                          ,T9145087                                ,1091195                                 ,        ,        ,1945                                    ,Apartment deed                          ,Valid Sale                              ,0 ,Improved
210080830012     ,2010/08/18,          ,2010/08/18,                    ,Route slip                              ,                                        ,                                        ,        ,        ,                                        ,Amendment of CPR, HPR or Declaration    ,                                        ,  ,
210080830012     ,1994/03/02,    311500,1994/03/21,0000000000          ,Fee conveyance                          ,2129579                                 ,434324                                  ,        ,        ,311.50                                  ,                                        ,Valid                                   ,X ,Improved
210080830012     ,1900/01/01,          ,          ,0000000000          ,                                        ,1815194                                 ,315856                                  ,        ,        ,                                        ,                                        ,                                        ,  ,
210080830012     ,1900/01/01,          ,1995/08/16,0000000000          ,Fee conveyance                          ,2255079                                 ,460967                                  ,        ,        ,0.00                                    ,                                        ,                                        ,  ,
210080830013     ,2020/06/08,          ,2020/08/14,                    ,Recorded document                       ,T11183321                               ,                                        ,        ,        ,                                        ,Amendment of CPR, HPR or Declaration    ,                                        ,  ,
210080830013     ,2019/12/10,          ,2020/01/10,T10966225           ,Recorded document                       ,                                        ,                                        ,        ,        ,                                        ,Declaration of/Restatement of CPR       ,                                        ,  ,
210080830013     ,2017/12/04,          ,2017/12/22,                    ,Recorded document                       ,T10217497                               ,                                        ,        ,        ,0                                       ,Amendment of CPR, HPR or Declaration    ,                                        ,  ,
210080830013     ,2017/04/18,          ,2017/05/04,                    ,Recorded document                       ,T9985173                                ,                                        ,        ,        ,0                                       ,Amendment of CPR, HPR or Declaration    ,                                        ,  ,
210080830013     ,2017/02/14,          ,2017/02/16,                    ,Land Court Order (all types)            ,T9908136                                ,1125201                                 ,        ,        ,0                                       ,Land Court Order (all types)            ,                                        ,  ,
210080830013     ,2017/01/31,          ,2017/03/06,                    ,Fee conveyance                          ,T9926078                                ,1132535                                 ,        ,        ,0                                       ,Deed to trust                           ,                                        ,  ,
210080830013     ,2016/10/12,          ,2016/10/14,                    ,Fee conveyance                          ,T9783164                                ,1125201                                 ,        ,        ,0                                       ,Deed                                    ,                                        ,  ,
210080830013     ,2014/12/11,          ,2014/12/30,                    ,Fee conveyance                          ,T9129114                                ,1090241                                 ,        ,        ,                                        ,Deed to trust                           ,                                        ,  ,
210080830013     ,2014/12/11,          ,2014/12/22,                    ,Fee conveyance                          ,T9121101                                ,1089829                                 ,        ,        ,                                        ,Deed                                    ,                                        ,  ,
210080830013     ,2013/07/15,          ,2013/07/31,                    ,Fee conveyance                          ,T8612119                                ,1064411                                 ,        ,        ,0                                       ,Quitclaim deed                          ,                                        ,  ,
210080830013     ,2013/07/15,          ,2013/07/31,                    ,Fee conveyance                          ,T8612121                                ,1064412                                 ,        ,        ,                                        ,Apartment deed                          ,                                        ,  ,
210080830013     ,2010/08/18,          ,2010/08/18,                    ,Route slip                              ,                                        ,                                        ,        ,        ,                                        ,Amendment of CPR, HPR or Declaration    ,                                        ,  ,
210080830013     ,2009/05/27,          ,2009/06/18,                    ,Fee conveyance                          ,3869658                                 ,949103                                  ,        ,        ,0                                       ,Deed to trust                           ,                                        ,  ,
210080830013     ,2002/05/21,    525000,2002/06/07,                    ,Fee conveyance                          ,2812419                                 ,613851                                  ,        ,        ,525.00                                  ,Apartment deed                          ,                                        ,  ,
210080830013     ,1996/11/06,    225000,1996/11/20,0000000000          ,Fee conveyance                          ,2348739                                 ,483459                                  ,        ,        ,225.00                                  ,                                        ,Developer sale                          ,8 ,Improved
210080830013     ,1900/01/01,          ,          ,0000000000          ,                                        ,1815194                                 ,315856                                  ,        ,        ,                                        ,                                        ,                                        ,  ,
210080830014     ,2020/06/08,          ,2020/08/14,                    ,Recorded document                       ,T11183321                               ,                                        ,        ,        ,                                        ,Amendment of CPR, HPR or Declaration    ,                                        ,  ,
210080830014     ,2019/12/10,          ,2020/01/10,T10966225           ,Recorded document                       ,                                        ,                                        ,        ,        ,                                        ,Declaration of/Restatement of CPR       ,                                        ,  ,
210080830014     ,2019/05/03,          ,2019/05/24,                    ,Fee conveyance                          ,T10735209                               ,1176427                                 ,        ,        ,                                        ,Apartment deed                          ,Related individuals                     ,4 ,
210080830014     ,2017/12/04,          ,2017/12/22,                    ,Recorded document                       ,T10217497                               ,                                        ,        ,        ,0                                       ,Amendment of CPR, HPR or Declaration    ,                                        ,  ,
210080830014     ,2017/04/18,          ,2017/05/04,                    ,Recorded document                       ,T9985173                                ,                                        ,        ,        ,0                                       ,Amendment of CPR, HPR or Declaration    ,                                        ,  ,
210080830014     ,2010/08/18,          ,2010/08/18,                    ,Route slip                              ,                                        ,                                        ,        ,        ,                                        ,Amendment of CPR, HPR or Declaration    ,                                        ,  ,
210080830014     ,2005/10/24,   1112514,2005/11/29,                    ,Fee conveyance                          ,3360966                                 ,781909                                  ,        ,        ,3893.8                                  ,Apartment deed                          ,Valid Sale                              ,0 ,Improved
210080830014     ,2000/05/17,    699000,2000/06/02,0000000000          ,Fee conveyance                          ,2629856                                 ,555,934                                 ,        ,        ,699.00                                  ,                                        ,Valid                                   ,X ,Improved
210080830014     ,1993/06/16,    580000,1993/06/21,0000000000          ,Fee conveyance                          ,2035884                                 ,415877                                  ,        ,        ,290.00                                  ,                                        ,                                        ,  ,
210080830014     ,1900/01/01,          ,          ,0000000000          ,                                        ,1815194                                 ,315856                                  ,        ,        ,                                        ,                                        ,                                        ,  ,
210080830015     ,2021/06/30,          ,2022/06/06,                    ,Fee conveyance                          ,T11844235                               ,1238300                                 ,        ,        ,                                        ,Warranty deed                           ,                                        ,  ,
210080830015     ,2020/06/08,          ,2020/08/14,                    ,Recorded document                       ,T11183321                               ,                                        ,        ,        ,                                        ,Amendment of CPR, HPR or Declaration    ,                                        ,  ,
210080830015     ,2019/12/10,          ,2020/01/10,T10966225           ,Recorded document                       ,                                        ,                                        ,        ,        ,                                        ,Declaration of/Restatement of CPR       ,                                        ,  ,
210080830015     ,2019/04/18,   1005000,2019/04/24,                    ,Fee conveyance                          ,T10705051                               ,1174735                                 ,        ,        ,4020                                    ,Apartment deed                          ,Valid Sale                              ,0 ,Improved
210080830015     ,2017/12/04,          ,2017/12/22,                    ,Recorded document                       ,T10217497                               ,                                        ,        ,        ,0                                       ,Amendment of CPR, HPR or Declaration    ,                                        ,  ,
210080830015     ,2017/04/18,          ,2017/05/04,                    ,Recorded document                       ,T9985173                                ,                                        ,        ,        ,0                                       ,Amendment of CPR, HPR or Declaration    ,                                        ,  ,
210080830015     ,2017/04/17,    850000,2017/04/28,                    ,Fee conveyance                          ,T9979131                                ,1135654                                 ,        ,        ,2125                                    ,Apartment deed                          ,Valid Sale                              ,0 ,Improved
210080830015     ,2013/04/29,    730000,2013/05/06,                    ,Fee conveyance                          ,T8526044                                ,1059914                                 ,        ,        ,1825                                    ,Apartment deed                          ,Valid Sale                              ,0 ,Improved
210080830015     ,2010/08/18,          ,2010/08/18,                    ,Route slip                              ,                                        ,                                        ,        ,        ,                                        ,Amendment of CPR, HPR or Declaration    ,                                        ,  ,
210080830015     ,2005/01/26,    825000,2005/02/04,                    ,Fee conveyance                          ,3227530                                 ,734054                                  ,        ,        ,825                                     ,Apartment deed                          ,Valid Sale                              ,0 ,Improved
210080830015     ,1997/10/21,          ,1997/11/07,0000000000          ,Fee conveyance                          ,2414600                                 ,500437                                  ,        ,        ,0.00                                    ,                                        ,                                        ,  ,
210080830015     ,1997/01/23,    259900,1997/01/30,0000000000          ,Fee conveyance                          ,2362914                                 ,486902                                  ,        ,        ,259.90                                  ,                                        ,Developer sale                          ,8 ,Improved
210080830015     ,1900/01/01,          ,          ,0000000000          ,                                        ,1815194                                 ,315856                                  ,        ,        ,                                        ,                                        ,                                        ,  ,
210080830016     ,2020/09/30,   1125000,2020/10/06,                    ,Fee conveyance                          ,T11236033                               ,1200832                                 ,        ,        ,4500                                    ,Apartment deed                          ,Valid Sale                              ,0 ,Improved
210080830016     ,2020/06/08,          ,2020/08/14,                    ,Recorded document                       ,T11183321                               ,                                        ,        ,        ,                                        ,Amendment of CPR, HPR or Declaration    ,                                        ,  ,
210080830016     ,2019/12/10,          ,2020/01/10,T10966225           ,Recorded document                       ,                                        ,                                        ,        ,        ,                                        ,Declaration of/Restatement of CPR       ,                                        ,  ,
210080830016     ,2017/12/04,          ,2017/12/22,                    ,Recorded document                       ,T10217497                               ,                                        ,        ,        ,0                                       ,Amendment of CPR, HPR or Declaration    ,                                        ,  ,
210080830016     ,2017/04/18,          ,2017/05/04,                    ,Recorded document                       ,T9985173                                ,                                        ,        ,        ,0                                       ,Amendment of CPR, HPR or Declaration    ,                                        ,  ,
210080830016     ,2014/02/10,          ,2014/02/14,                    ,Fee conveyance                          ,T8810063                                ,1074070                                 ,        ,        ,                                        ,Apartment deed                          ,                                        ,  ,
210080830016     ,2010/08/18,          ,2010/08/18,                    ,Route slip                              ,                                        ,                                        ,        ,        ,                                        ,Amendment of CPR, HPR or Declaration    ,                                        ,  ,
210080830016     ,2009/06/19,    850000,2009/06/26,                    ,Fee conveyance                          ,3872741                                 ,950123                                  ,        ,        ,2125                                    ,Apartment deed                          ,Valid Sale                              ,0 ,Improved
210080830016     ,2003/08/13,          ,2003/09/29,                    ,Fee conveyance                          ,3001587                                 ,666739                                  ,        ,        ,0                                       ,Apartment deed                          ,                                        ,  ,Improved
210080830016     ,1998/09/22,    415000,1998/09/30,0000000000          ,Fee conveyance                          ,2488939                                 ,518368                                  ,        ,        ,415.00                                  ,                                        ,Valid Sale                              ,0 ,Improved
210080830016     ,1996/04/04,          ,1996/04/30,0000000000          ,Fee conveyance                          ,2305467                                 ,473982                                  ,        ,        ,0.00                                    ,                                        ,                                        ,  ,
210080830016     ,1994/03/06,          ,1994/03/15,0000000000          ,Fee conveyance                          ,2128242                                 ,433985                                  ,        ,        ,388.50                                  ,                                        ,                                        ,  ,
210080830016     ,1994/03/01,    388000,          ,                    ,Fee conveyance                          ,                                        ,                                        ,        ,        ,                                        ,                                        ,Valid Sale                              ,0 ,Improved
210080830016     ,1900/01/01,          ,          ,0000000000          ,                                        ,1815194                                 ,315856                                  ,        ,        ,                                        ,                                        ,                                        ,  ,
210080830017     ,2020/06/08,          ,2020/08/14,                    ,Recorded document                       ,T11183321                               ,                                        ,        ,        ,                                        ,Amendment of CPR, HPR or Declaration    ,                                        ,  ,
210080830017     ,2019/12/10,          ,2020/01/10,T10966225           ,Recorded document                       ,                                        ,                                        ,        ,        ,                                        ,Declaration of/Restatement of CPR       ,                                        ,  ,
210080830017     ,2019/05/21,          ,2019/05/22,                    ,Fee conveyance                          ,T10733256                               ,1176303                                 ,        ,        ,                                        ,Deed to trust                           ,Related individuals                     ,4 ,
210080830017     ,2017/12/04,          ,2017/12/22,                    ,Recorded document                       ,T10217497                               ,                                        ,        ,        ,0                                       ,Amendment of CPR, HPR or Declaration    ,                                        ,  ,
210080830017     ,2017/04/18,          ,2017/05/04,                    ,Recorded document                       ,T9985173                                ,                                        ,        ,        ,0                                       ,Amendment of CPR, HPR or Declaration    ,                                        ,  ,
210080830017     ,2016/12/22,    815000,2016/12/30,                    ,Fee conveyance                          ,T9860180                                ,1129405                                 ,        ,        ,1630                                    ,Apartment deed                          ,Valid Sale                              ,0 ,Improved
210080830017     ,2016/12/22,       100,2016/12/30,                    ,Fee conveyance                          ,T9860179                                ,1129404                                 ,        ,        ,1.5                                     ,Apartment deed                          ,                                        ,  ,
210080830017     ,2010/08/18,          ,2010/08/18,                    ,Route slip                              ,                                        ,                                        ,        ,        ,                                        ,Amendment of CPR, HPR or Declaration    ,                                        ,  ,
210080830017     ,1997/05/02,    222200,1997/05/21,0000000000          ,Fee conveyance                          ,2382076                                 ,492096                                  ,        ,        ,222.20                                  ,                                        ,Developer sale                          ,8 ,Improved
210080830017     ,1900/01/01,          ,          ,0000000000          ,                                        ,1815194                                 ,315856                                  ,        ,        ,                                        ,                                        ,                                        ,  ,
210080830018     ,2020/06/08,          ,2020/08/14,                    ,Recorded document                       ,T11183321                               ,                                        ,        ,        ,                                        ,Amendment of CPR, HPR or Declaration    ,                                        ,  ,
210080830018     ,2019/12/10,          ,2020/01/10,T10966225           ,Recorded document                       ,                                        ,                                        ,        ,        ,                                        ,Declaration of/Restatement of CPR       ,                                        ,  ,
210080830018     ,2017/12/04,          ,2017/12/22,                    ,Recorded document                       ,T10217497                               ,                                        ,        ,        ,0                                       ,Amendment of CPR, HPR or Declaration    ,                                        ,  ,
210080830018     ,2017/04/18,          ,2017/05/04,                    ,Recorded document                       ,T9985173                                ,                                        ,        ,        ,0                                       ,Amendment of CPR, HPR or Declaration    ,                                        ,  ,
210080830018     ,2010/08/18,          ,2010/08/18,                    ,Route slip                              ,                                        ,                                        ,        ,        ,                                        ,Amendment of CPR, HPR or Declaration    ,                                        ,  ,
210080830018     ,2008/06/20,    800000,2008/06/30,                    ,Fee conveyance                          ,3764524                                 ,913595                                  ,        ,        ,2000                                    ,Apartment deed                          ,Valid Sale                              ,0 ,Improved
210080830018     ,2006/06/21,    850000,2006/07/10,                    ,Fee conveyance                          ,3450913                                 ,812877                                  ,        ,        ,2125                                    ,Apartment deed                          ,Valid Sale                              ,0 ,Improved
210080830018     ,2004/12/02,          ,2004/12/30,                    ,Fee conveyance                          ,3212785                                 ,730066                                  ,        ,        ,0                                       ,Apartment deed                          ,Other                                   ,7 ,Improved
210080830018     ,2000/07/20,    389000,2000/07/27,0000000000          ,Fee conveyance                          ,2640327                                 ,559,449                                 ,        ,        ,389.00                                  ,                                        ,Valid Sale                              ,0 ,Improved
210080830018     ,1994/04/22,    290000,1994/05/05,0000000000          ,Fee conveyance                          ,2141887                                 ,436779                                  ,        ,        ,290.00                                  ,                                        ,Valid                                   ,X ,Improved
210080830018     ,1900/01/01,          ,          ,0000000000          ,                                        ,1815194                                 ,315856                                  ,        ,        ,                                        ,                                        ,                                        ,  ,
210080830019     ,2025/04/15,          ,2025/04/28,                    ,Land Court Order (all types)            ,T12901195                               ,                                        ,        ,        ,                                        ,Land Court Order (all types)            ,                                        ,  ,
210080830019     ,2025/02/12,          ,2025/05/06,                    ,Fee conveyance                          ,T12909144                               ,                                        ,        ,        ,                                        ,T O D                                   ,                                        ,  ,
210080830019     ,2021/08/30,   1175000,2021/09/03,                    ,Fee conveyance                          ,T11568007                               ,1221021                                 ,        ,        ,4700                                    ,Apartment deed                          ,Valid Sale                              ,0 ,Improved
210080830019     ,2020/06/08,          ,2020/08/14,                    ,Recorded document                       ,T11183321                               ,                                        ,        ,        ,                                        ,Amendment of CPR, HPR or Declaration    ,                                        ,  ,
210080830019     ,2019/12/10,          ,2020/01/10,T10966225           ,Recorded document                       ,                                        ,                                        ,        ,        ,                                        ,Declaration of/Restatement of CPR       ,                                        ,  ,
210080830019     ,2017/12/04,          ,2017/12/22,                    ,Recorded document                       ,T10217497                               ,                                        ,        ,        ,0                                       ,Amendment of CPR, HPR or Declaration    ,                                        ,  ,
210080830019     ,2017/04/18,          ,2017/05/04,                    ,Recorded document                       ,T9985173                                ,                                        ,        ,        ,0                                       ,Amendment of CPR, HPR or Declaration    ,                                        ,  ,
210080830019     ,2010/08/18,          ,2010/08/18,                    ,Route slip                              ,                                        ,                                        ,        ,        ,                                        ,Amendment of CPR, HPR or Declaration    ,                                        ,  ,
210080830019     ,1995/12/19,    290500,1995/12/19,0000000000          ,Fee conveyance                          ,2279018                                 ,467336                                  ,        ,        ,290.50                                  ,                                        ,Developer sale                          ,8 ,Improved
210080830019     ,1900/01/01,          ,          ,0000000000          ,                                        ,1815194                                 ,315856                                  ,        ,        ,                                        ,                                        ,                                        ,  ,
210080830020     ,2020/06/08,          ,2020/08/14,                    ,Recorded document                       ,T11183321                               ,                                        ,        ,        ,                                        ,Amendment of CPR, HPR or Declaration    ,                                        ,  ,
210080830020     ,2019/12/10,          ,2020/01/10,T10966225           ,Recorded document                       ,                                        ,                                        ,        ,        ,                                        ,Declaration of/Restatement of CPR       ,                                        ,  ,
210080830020     ,2018/04/03,    745000,2018/04/10,                    ,Fee conveyance                          ,T10326091                               ,1154447                                 ,        ,        ,1862.5                                  ,Warranty deed                           ,Valid Sale                              ,0 ,Improved
210080830020     ,2017/12/04,          ,2017/12/22,                    ,Recorded document                       ,T10217497                               ,                                        ,        ,        ,0                                       ,Amendment of CPR, HPR or Declaration    ,                                        ,  ,
210080830020     ,2017/04/18,          ,2017/05/04,                    ,Recorded document                       ,T9985173                                ,                                        ,        ,        ,0                                       ,Amendment of CPR, HPR or Declaration    ,                                        ,  ,
210080830020     ,2012/02/24,       666,2012/03/22,                    ,Fee conveyance                          ,T8116180                                ,1039990                                 ,        ,        ,1                                       ,Apartment deed                          ,Related individuals                     ,4 ,Improved
210080830020     ,2010/08/18,          ,2010/08/18,                    ,Route slip                              ,                                        ,                                        ,        ,        ,                                        ,Amendment of CPR, HPR or Declaration    ,                                        ,  ,
210080830020     ,1999/11/22,    372500,1999/12/03,0000000000          ,Fee conveyance                          ,2592832                                 ,544,239                                 ,        ,        ,372.50                                  ,                                        ,Valid                                   ,X ,Improved
210080830020     ,1998/06/09,    347000,1998/06/15,0000000000          ,Fee conveyance                          ,                                        ,                                        ,        ,        ,347.00                                  ,                                        ,Valid                                   ,X ,Improved
210080830020     ,1996/12/26,    247450,1996/12/31,0000000000          ,Fee conveyance                          ,2358223                                 ,485830                                  ,        ,        ,247.50                                  ,                                        ,Developer sale                          ,8 ,Improved
210080830020     ,1900/01/01,          ,          ,0000000000          ,                                        ,1815194                                 ,315856                                  ,        ,        ,                                        ,                                        ,                                        ,  ,
210080830021     ,2021/02/26,   1050000,2021/03/25,                    ,Fee conveyance                          ,T11406161                               ,1210478                                 ,        ,        ,4200                                    ,Apartment deed                          ,Valid Sale                              ,0 ,Improved
210080830021     ,2020/06/08,          ,2020/08/14,                    ,Recorded document                       ,T11183321                               ,                                        ,        ,        ,                                        ,Amendment of CPR, HPR or Declaration    ,                                        ,  ,
210080830021     ,2019/12/10,          ,2020/01/10,T10966225           ,Recorded document                       ,                                        ,                                        ,        ,        ,                                        ,Declaration of/Restatement of CPR       ,                                        ,  ,
210080830021     ,2019/03/19,    885000,2019/03/22,                    ,Fee conveyance                          ,T10672002                               ,1173112                                 ,        ,        ,2212.5                                  ,Apartment deed                          ,Valid Sale                              ,0 ,Improved
210080830021     ,2017/12/04,          ,2017/12/22,                    ,Recorded document                       ,T10217497                               ,                                        ,        ,        ,0                                       ,Amendment of CPR, HPR or Declaration    ,                                        ,  ,
210080830021     ,2017/04/18,          ,2017/05/04,                    ,Recorded document                       ,T9985173                                ,                                        ,        ,        ,0                                       ,Amendment of CPR, HPR or Declaration    ,                                        ,  ,
210080830021     ,2010/08/18,          ,2010/08/18,                    ,Route slip                              ,                                        ,                                        ,        ,        ,                                        ,Amendment of CPR, HPR or Declaration    ,                                        ,  ,
210080830021     ,2005/12/30,    910000,2006/03/31,                    ,Fee conveyance                          ,3411525                                 ,799835                                  ,        ,        ,2275                                    ,Apartment deed                          ,Valid Sale                              ,0 ,Improved
210080830021     ,2002/03/06,       101,2002/03/19,                    ,Fee conveyance                          ,2787830                                 ,606350                                  ,        ,        ,1.00                                    ,Warranty deed                           ,                                        ,  ,
210080830021     ,2002/02/19,    570000,2002/03/11,                    ,Fee conveyance                          ,2785543                                 ,605683                                  ,        ,        ,570.00                                  ,Warranty deed                           ,Valid Sale                              ,0 ,Improved
210080830021     ,1996/05/03,    347500,1996/05/22,0000000000          ,Fee conveyance                          ,2310506                                 ,475016                                  ,        ,        ,347.50                                  ,                                        ,Developer sale                          ,8 ,Improved
210080830021     ,1900/01/01,          ,          ,0000000000          ,                                        ,1815194                                 ,315856                                  ,        ,        ,                                        ,                                        ,                                        ,  ,
210080830022     ,2021/01/27,    888000,2021/03/02,                    ,Fee conveyance                          ,T11383160                               ,1209148                                 ,        ,        ,2200                                    ,Apartment deed                          ,Valid Sale                              ,0 ,Improved
210080830022     ,2020/09/10,          ,2020/10/29,                    ,Fee conveyance                          ,T11259476                               ,1202384                                 ,        ,        ,                                        ,Limited warranty/apartment deed         ,                                        ,  ,
210080830022     ,2020/06/08,          ,2020/08/14,                    ,Recorded document                       ,T11183321                               ,                                        ,        ,        ,                                        ,Amendment of CPR, HPR or Declaration    ,                                        ,  ,
210080830022     ,2019/12/10,          ,2020/01/10,T10966225           ,Recorded document                       ,                                        ,                                        ,        ,        ,                                        ,Declaration of/Restatement of CPR       ,                                        ,  ,
210080830022     ,2017/12/04,          ,2017/12/22,                    ,Recorded document                       ,T10217497                               ,                                        ,        ,        ,0                                       ,Amendment of CPR, HPR or Declaration    ,                                        ,  ,
210080830022     ,2017/04/18,          ,2017/05/04,                    ,Recorded document                       ,T9985173                                ,                                        ,        ,        ,0                                       ,Amendment of CPR, HPR or Declaration    ,                                        ,  ,
210080830022     ,2010/08/18,          ,2010/08/18,                    ,Route slip                              ,                                        ,                                        ,        ,        ,                                        ,Amendment of CPR, HPR or Declaration    ,                                        ,  ,
210080830022     ,1996/12/13,    277750,1996/12/30,0000000000          ,Fee conveyance                          ,2355166                                 ,484985                                  ,        ,        ,277.80                                  ,                                        ,Developer sale                          ,8 ,Improved
210080830022     ,1900/01/01,          ,          ,0000000000          ,                                        ,1815194                                 ,315856                                  ,        ,        ,                                        ,                                        ,                                        ,  ,
210080830023     ,2020/06/08,          ,2020/08/14,                    ,Recorded document                       ,T11183321                               ,                                        ,        ,        ,                                        ,Amendment of CPR, HPR or Declaration    ,                                        ,  ,
210080830023     ,2019/12/10,          ,2020/01/10,T10966225           ,Recorded document                       ,                                        ,                                        ,        ,        ,                                        ,Declaration of/Restatement of CPR       ,                                        ,  ,
210080830023     ,2017/12/04,          ,2017/12/22,                    ,Recorded document                       ,T10217497                               ,                                        ,        ,        ,0                                       ,Amendment of CPR, HPR or Declaration    ,                                        ,  ,
210080830023     ,2017/04/18,          ,2017/05/04,                    ,Recorded document                       ,T9985173                                ,                                        ,        ,        ,0                                       ,Amendment of CPR, HPR or Declaration    ,                                        ,  ,
210080830023     ,2011/04/21,    615000,2011/04/29,                    ,Fee conveyance                          ,4069325                                 ,1021928                                 ,        ,        ,1537.5                                  ,Trustee's limited warranty deed         ,Valid Sale                              ,0 ,Improved
210080830023     ,2010/08/19,          ,2010/09/08,                    ,Fee conveyance                          ,3997152                                 ,995448                                  ,        ,        ,0                                       ,Personal representative's deed          ,                                        ,  ,
210080830023     ,2010/08/18,          ,2010/08/18,                    ,Route slip                              ,                                        ,                                        ,        ,        ,                                        ,Amendment of CPR, HPR or Declaration    ,                                        ,  ,
210080830023     ,1999/12/08,    293000,1999/03/28,0000000000          ,Fee conveyance                          ,2615112                                 ,551,153                                 ,        ,        ,310.17                                  ,                                        ,                                        ,  ,
210080830023     ,1996/12/06,    292900,1996/12/13,0000000000          ,Fee conveyance                          ,2353793                                 ,484617                                  ,        ,        ,292.90                                  ,                                        ,Developer sale                          ,8 ,Improved
210080830023     ,1900/01/01,          ,          ,0000000000          ,                                        ,1815194                                 ,315856                                  ,        ,        ,                                        ,                                        ,                                        ,  ,
210080830024     ,2021/04/23,   1199000,2021/05/07,                    ,Fee conveyance                          ,T11449307                               ,1213130                                 ,        ,        ,4796                                    ,Apartment deed                          ,Valid Sale                              ,0 ,Improved
210080830024     ,2020/06/08,          ,2020/08/14,                    ,Recorded document                       ,T11183321                               ,                                        ,        ,        ,                                        ,Amendment of CPR, HPR or Declaration    ,                                        ,  ,
210080830024     ,2020/02/13,    860000,2020/02/26,                    ,Fee conveyance                          ,T11013174                               ,1190213                                 ,        ,        ,2150                                    ,Apartment deed                          ,Valid Sale                              ,0 ,Improved
210080830024     ,2019/12/10,          ,2020/01/10,T10966225           ,Recorded document                       ,                                        ,                                        ,        ,        ,                                        ,Declaration of/Restatement of CPR       ,                                        ,  ,
210080830024     ,2017/12/04,          ,2017/12/22,                    ,Recorded document                       ,T10217497                               ,                                        ,        ,        ,0                                       ,Amendment of CPR, HPR or Declaration    ,                                        ,  ,
210080830024     ,2017/04/18,          ,2017/05/04,                    ,Recorded document                       ,T9985173                                ,                                        ,        ,        ,0                                       ,Amendment of CPR, HPR or Declaration    ,                                        ,  ,
210080830024     ,2010/08/18,          ,2010/08/18,                    ,Route slip                              ,                                        ,                                        ,        ,        ,                                        ,Amendment of CPR, HPR or Declaration    ,                                        ,  ,
210080830024     ,1994/06/27,    455000,1994/06/30,0000000000          ,Fee conveyance                          ,2159991                                 ,440322                                  ,        ,        ,455.00                                  ,                                        ,Other                                   ,7 ,Improved
210080830024     ,1900/01/01,          ,          ,0000000000          ,                                        ,1815194                                 ,315856                                  ,        ,        ,                                        ,                                        ,                                        ,  ,
210080830025     ,2020/06/08,          ,2020/08/14,                    ,Recorded document                       ,T11183321                               ,                                        ,        ,        ,                                        ,Amendment of CPR, HPR or Declaration    ,                                        ,  ,
210080830025     ,2019/12/10,          ,2020/01/10,T10966225           ,Recorded document                       ,                                        ,                                        ,        ,        ,                                        ,Declaration of/Restatement of CPR       ,                                        ,  ,
210080830025     ,2017/12/04,          ,2017/12/22,                    ,Recorded document                       ,T10217497                               ,                                        ,        ,        ,0                                       ,Amendment of CPR, HPR or Declaration    ,                                        ,  ,
210080830025     ,2017/04/18,          ,2017/05/04,                    ,Recorded document                       ,T9985173                                ,                                        ,        ,        ,0                                       ,Amendment of CPR, HPR or Declaration    ,                                        ,  ,
210080830025     ,2014/11/14,    710000,2014/11/21,                    ,Fee conveyance                          ,T9090065                                ,1088249                                 ,        ,        ,1420                                    ,Apartment deed                          ,Valid Sale                              ,0 ,Improved
210080830025     ,2011/08/03,          ,2011/08/18,                    ,Fee conveyance                          ,4093042                                 ,1030368                                 ,        ,        ,0                                       ,Apartment deed                          ,Valid Sale                              ,0 ,Improved
210080830025     ,2010/08/18,          ,2010/08/18,                    ,Route slip                              ,                                        ,                                        ,        ,        ,                                        ,Amendment of CPR, HPR or Declaration    ,Valid Sale                              ,0 ,Improved
210080830025     ,2008/12/31,     35733,2009/01/05,                    ,Fee conveyance                          ,3817116                                 ,932425                                  ,        ,        ,53.6                                    ,Trustee's deed                          ,Valid Sale                              ,0 ,Improved
210080830025     ,1999/09/08,          ,1999/09/13,0000000000          ,Fee conveyance                          ,2574189                                 ,533853                                  ,        ,        ,0.00                                    ,                                        ,Valid Sale                              ,0 ,Improved
210080830025     ,1999/01/04,    255900,1999/01/07,0000000000          ,Fee conveyance                          ,2512264                                 ,490.402                                 ,        ,        ,255.90                                  ,                                        ,Valid Sale                              ,0 ,Improved
210080830025     ,1997/04/11,    219900,1997/04/17,0000000000          ,Fee conveyance                          ,2376013                                 ,490402                                  ,        ,        ,219.90                                  ,                                        ,Valid Sale                              ,0 ,Improved
210080830025     ,1900/01/01,          ,          ,0000000000          ,                                        ,1815194                                 ,315856                                  ,        ,        ,                                        ,                                        ,Valid Sale                              ,0 ,Improved
210080830026     ,2021/12/15,   1025000,2021/12/23,                    ,Fee conveyance                          ,T11679224                               ,1228930                                 ,        ,        ,3075                                    ,Apartment deed                          ,Valid Sale                              ,0 ,Improved
210080830026     ,2020/06/08,          ,2020/08/14,                    ,Recorded document                       ,T11183321                               ,                                        ,        ,        ,                                        ,Amendment of CPR, HPR or Declaration    ,                                        ,  ,
210080830026     ,2019/12/10,          ,2020/01/10,T10966225           ,Recorded document                       ,                                        ,                                        ,        ,        ,                                        ,Declaration of/Restatement of CPR       ,                                        ,  ,
210080830026     ,2017/12/23,          ,2017/12/23,                    ,Route slip                              ,                                        ,                                        ,        ,        ,0                                       ,Route Slip                              ,                                        ,  ,
210080830026     ,2017/12/04,          ,2017/12/22,                    ,Recorded document                       ,T10217497                               ,                                        ,        ,        ,0                                       ,Amendment of CPR, HPR or Declaration    ,                                        ,  ,
210080830026     ,2017/04/18,          ,2017/05/04,                    ,Recorded document                       ,T9985173                                ,                                        ,        ,        ,0                                       ,Amendment of CPR, HPR or Declaration    ,                                        ,  ,
210080830026     ,2013/02/05,          ,2013/02/12,                    ,Fee conveyance                          ,T8443016                                ,1055611                                 ,        ,        ,0                                       ,Apartment deed                          ,                                        ,  ,
210080830026     ,2010/08/18,          ,2010/08/18,                    ,Route slip                              ,                                        ,                                        ,        ,        ,                                        ,Amendment of CPR, HPR or Declaration    ,                                        ,  ,
210080830026     ,1996/12/13,    200000,1996/12/20,0000000000          ,Fee conveyance                          ,2355168                                 ,484986                                  ,        ,        ,200.00                                  ,                                        ,Developer sale                          ,8 ,Improved
210080830026     ,1900/01/01,          ,          ,0000000000          ,                                        ,1815194                                 ,315856                                  ,        ,        ,                                        ,                                        ,                                        ,  ,
210080830027     ,2021/07/22,          ,2021/07/27,                    ,Land Court Order (all types)            ,T11530051                               ,673335                                  ,        ,        ,                                        ,Land Court Order (all types)            ,                                        ,  ,
210080830027     ,2021/07/19,   1150000,2021/07/27,                    ,Fee conveyance                          ,T11530062                               ,1218446                                 ,        ,        ,3450                                    ,Apartment deed                          ,Valid Sale                              ,0 ,Improved
210080830027     ,2020/06/08,          ,2020/08/14,                    ,Recorded document                       ,T11183321                               ,                                        ,        ,        ,                                        ,Amendment of CPR, HPR or Declaration    ,                                        ,  ,
210080830027     ,2019/12/10,          ,2020/01/10,T10966225           ,Recorded document                       ,                                        ,                                        ,        ,        ,                                        ,Declaration of/Restatement of CPR       ,                                        ,  ,
210080830027     ,2017/12/04,          ,2017/12/22,                    ,Recorded document                       ,T10217497                               ,                                        ,        ,        ,0                                       ,Amendment of CPR, HPR or Declaration    ,                                        ,  ,
210080830027     ,2017/04/18,          ,2017/05/04,                    ,Recorded document                       ,T9985173                                ,                                        ,        ,        ,0                                       ,Amendment of CPR, HPR or Declaration    ,                                        ,  ,
210080830027     ,2010/08/18,          ,2010/08/18,                    ,Route slip                              ,                                        ,                                        ,        ,        ,                                        ,Amendment of CPR, HPR or Declaration    ,                                        ,  ,
210080830027     ,2002/12/07,          ,2003/11/14,                    ,Fee conveyance                          ,3027335                                 ,673335                                  ,        ,        ,0                                       ,Quitclaim apartment deed                ,Related individuals                     ,4 ,Improved
210080830027     ,2002/09/25,          ,2002/10/01,                    ,Fee conveyance                          ,2845918                                 ,624047                                  ,        ,        ,0.00                                    ,Quitclaim apartment deed                ,Related individuals                     ,4 ,
210080830027     ,2001/07/23,    535000,2001/07/31,                    ,Fee conveyance                          ,2725717                                 ,587863                                  ,        ,        ,535.00                                  ,Apartment deed                          ,Valid Sale                              ,0 ,Improved
210080830027     ,1998/01/05,    315000,1998/01/14,0000000000          ,Fee conveyance                          ,2432650                                 ,504107                                  ,        ,        ,315.00                                  ,                                        ,Valid                                   ,X ,Improved
210080830027     ,1997/01/27,    282800,1997/01/31,0000000000          ,Fee conveyance                          ,2363658                                 ,487083                                  ,        ,        ,282.80                                  ,                                        ,Developer sale                          ,8 ,Improved
210080830027     ,1900/01/01,          ,          ,0000000000          ,                                        ,1815194                                 ,315856                                  ,        ,        ,                                        ,                                        ,                                        ,  ,
210080830028     ,2020/06/08,          ,2020/08/14,                    ,Recorded document                       ,T11183321                               ,                                        ,        ,        ,                                        ,Amendment of CPR, HPR or Declaration    ,                                        ,  ,
210080830028     ,2019/12/10,          ,2020/01/10,T10966225           ,Recorded document                       ,                                        ,                                        ,        ,        ,                                        ,Declaration of/Restatement of CPR       ,                                        ,  ,
210080830028     ,2017/12/04,          ,2017/12/22,                    ,Recorded document                       ,T10217497                               ,                                        ,        ,        ,0                                       ,Amendment of CPR, HPR or Declaration    ,                                        ,  ,
210080830028     ,2017/04/18,          ,2017/05/04,                    ,Recorded document                       ,T9985173                                ,                                        ,        ,        ,0                                       ,Amendment of CPR, HPR or Declaration    ,                                        ,  ,
210080830028     ,2015/12/24,    765000,2016/02/12,                    ,Fee conveyance                          ,T9538125                                ,1111484                                 ,        ,        ,1912.5                                  ,Apartment deed                          ,Valid Sale                              ,0 ,Improved
210080830028     ,2010/08/18,          ,2010/08/18,                    ,Route slip                              ,                                        ,                                        ,        ,        ,                                        ,Amendment of CPR, HPR or Declaration    ,                                        ,  ,
210080830028     ,2005/05/05,    775000,2005/06/09,                    ,Fee conveyance                          ,3278950                                 ,752050                                  ,        ,        ,775                                     ,Apartment deed                          ,Other                                   ,7 ,Improved
210080830028     ,1997/03/25,    292900,1997/03/31,0000000000          ,Fee conveyance                          ,2372771                                 ,489452                                  ,        ,        ,292.90                                  ,                                        ,Developer sale                          ,8 ,Improved
210080830028     ,1900/01/01,          ,          ,0000000000          ,                                        ,1815194                                 ,315856                                  ,        ,        ,                                        ,                                        ,                                        ,  ,
210080830029     ,2020/06/08,          ,2020/08/14,                    ,Recorded document                       ,T11183321                               ,                                        ,        ,        ,                                        ,Amendment of CPR, HPR or Declaration    ,                                        ,  ,
210080830029     ,2019/12/10,          ,2020/01/10,T10966225           ,Recorded document                       ,                                        ,                                        ,        ,        ,                                        ,Declaration of/Restatement of CPR       ,                                        ,  ,
210080830029     ,2017/12/04,          ,2017/12/22,                    ,Recorded document                       ,T10217497                               ,                                        ,        ,        ,0                                       ,Amendment of CPR, HPR or Declaration    ,                                        ,  ,
210080830029     ,2017/04/18,          ,2017/05/04,                    ,Recorded document                       ,T9985173                                ,                                        ,        ,        ,0                                       ,Amendment of CPR, HPR or Declaration    ,                                        ,  ,
210080830029     ,2011/04/22,    642000,2011/04/29,                    ,Fee conveyance                          ,4068895                                 ,1021762                                 ,        ,        ,1605                                    ,Apartment deed                          ,Valid Sale                              ,0 ,Improved
210080830029     ,2010/08/18,          ,2010/08/18,                    ,Route slip                              ,                                        ,                                        ,        ,        ,                                        ,Amendment of CPR, HPR or Declaration    ,                                        ,  ,
210080830029     ,1997/03/10,    282800,1997/03/25,0000000000          ,Fee conveyance                          ,2371799                                 ,489191                                  ,        ,        ,282.80                                  ,                                        ,Developer sale                          ,8 ,Improved
210080830029     ,1900/01/01,          ,          ,0000000000          ,                                        ,1815194                                 ,315856                                  ,        ,        ,                                        ,                                        ,                                        ,  ,
210080830030     ,2023/07/09,   1700000,2023/08/02,                    ,Fee conveyance                          ,T12266052                               ,1256621                                 ,        ,        ,6800                                    ,Apartment deed                          ,Valid Sale                              ,0 ,Improved
210080830030     ,2020/06/08,          ,2020/08/14,                    ,Recorded document                       ,T11183321                               ,                                        ,        ,        ,                                        ,Amendment of CPR, HPR or Declaration    ,                                        ,  ,
210080830030     ,2019/12/10,          ,2020/01/10,T10966225           ,Recorded document                       ,                                        ,                                        ,        ,        ,                                        ,Declaration of/Restatement of CPR       ,                                        ,  ,
210080830030     ,2017/12/04,          ,2017/12/22,                    ,Recorded document                       ,T10217497                               ,                                        ,        ,        ,0                                       ,Amendment of CPR, HPR or Declaration    ,                                        ,  ,
210080830030     ,2017/04/18,          ,2017/05/04,                    ,Recorded document                       ,T9985173                                ,                                        ,        ,        ,0                                       ,Amendment of CPR, HPR or Declaration    ,                                        ,  ,
210080830030     ,2010/08/18,          ,2010/08/18,                    ,Route slip                              ,                                        ,                                        ,        ,        ,                                        ,Amendment of CPR, HPR or Declaration    ,                                        ,  ,
210080830030     ,2009/10/21,          ,2009/11/09,                    ,Fee conveyance                          ,3913797                                 ,963695                                  ,        ,        ,0                                       ,Quitclaim apartment deed                ,                                        ,  ,
210080830030     ,2001/04/21,    630000,2001/05/01,                    ,Fee conveyance                          ,2701339                                 ,580,446                                 ,        ,        ,630.00                                  ,Apartment deed                          ,Valid Sale                              ,0 ,Improved
210080830030     ,1996/12/12,    292900,1996/12/26,0000000000          ,Fee conveyance                          ,2356273                                 ,485314                                  ,        ,        ,292.90                                  ,                                        ,Developer sale                          ,8 ,Improved
210080830030     ,1900/01/01,          ,          ,0000000000          ,                                        ,1815194                                 ,315856                                  ,        ,        ,                                        ,                                        ,                                        ,  ,
210080830031     ,2024/02/22,   1705000,2024/02/29,                    ,Fee conveyance                          ,T12477005                               ,1264970                                 ,        ,        ,6820                                    ,Apartment deed                          ,Valid Sale                              ,0 ,Improved
210080830031     ,2021/11/12,          ,2021/11/17,                    ,Land Court Order (all types)            ,T11643136                               ,                                        ,        ,        ,                                        ,Land Court Order (all types)            ,                                        ,  ,
210080830031     ,2021/10/28,    999999,2021/11/17,                    ,Fee conveyance                          ,T11643137                               ,1226396                                 ,        ,        ,2500                                    ,Apartment deed                          ,Valid Sale                              ,0 ,Improved
210080830031     ,2020/08/20,          ,2020/08/26,                    ,Fee conveyance                          ,T11195469                               ,1198610                                 ,        ,        ,                                        ,Quitclaim apartment deed                ,                                        ,  ,
210080830031     ,2020/06/08,          ,2020/08/14,                    ,Recorded document                       ,T11183321                               ,                                        ,        ,        ,                                        ,Amendment of CPR, HPR or Declaration    ,                                        ,  ,
210080830031     ,2019/12/10,          ,2020/01/10,T10966225           ,Recorded document                       ,                                        ,                                        ,        ,        ,                                        ,Declaration of/Restatement of CPR       ,                                        ,  ,
210080830031     ,2019/02/28,    800000,2019/03/12,                    ,Fee conveyance                          ,T10662010                               ,1172574                                 ,        ,        ,1600                                    ,Apartment deed                          ,Valid Sale                              ,0 ,Improved
210080830031     ,2017/12/04,          ,2017/12/22,                    ,Recorded document                       ,T10217497                               ,                                        ,        ,        ,0                                       ,Amendment of CPR, HPR or Declaration    ,                                        ,  ,
210080830031     ,2017/04/18,          ,2017/05/04,                    ,Recorded document                       ,T9985173                                ,                                        ,        ,        ,0                                       ,Amendment of CPR, HPR or Declaration    ,                                        ,  ,
210080830031     ,2010/08/18,          ,2010/08/18,                    ,Route slip                              ,                                        ,                                        ,        ,        ,                                        ,Amendment of CPR, HPR or Declaration    ,                                        ,  ,
210080830031     ,2010/04/14,    750965,2010/04/19,                    ,Fee conveyance                          ,3956415                                 ,978969                                  ,        ,        ,1877.4                                  ,Apartment deed                          ,Valid Sale                              ,0 ,Improved
210080830031     ,2001/07/18,    675000,2001/09/21,                    ,Fee conveyance                          ,2738793                                 ,591703                                  ,        ,        ,645.00                                  ,Apartment deed                          ,Valid Sale                              ,0 ,Improved
210080830031     ,1996/11/22,    292900,1996/11/29,0000000000          ,Fee conveyance                          ,                                        ,                                        ,        ,        ,292.90                                  ,                                        ,Developer sale                          ,8 ,Improved
210080830031     ,1900/01/01,          ,          ,0000000000          ,                                        ,1815194                                 ,315856                                  ,        ,        ,                                        ,                                        ,                                        ,  ,
210080830032     ,2024/03/04,   1650000,2024/04/01,                    ,Fee conveyance                          ,T12509049                               ,1266303                                 ,        ,        ,6600                                    ,Apartment deed                          ,Valid Sale                              ,0 ,Improved
210080830032     ,2023/05/17,   1632500,2023/06/01,                    ,Fee conveyance                          ,T12204042                               ,125412                                  ,        ,        ,6530                                    ,Apartment deed                          ,Valid Sale                              ,0 ,Improved
210080830032     ,2020/06/08,          ,2020/08/14,                    ,Recorded document                       ,T11183321                               ,                                        ,        ,        ,                                        ,Amendment of CPR, HPR or Declaration    ,                                        ,  ,
210080830032     ,2019/12/10,          ,2020/01/10,T10966225           ,Recorded document                       ,                                        ,                                        ,        ,        ,                                        ,Declaration of/Restatement of CPR       ,                                        ,  ,
210080830032     ,2017/12/04,          ,2017/12/22,                    ,Recorded document                       ,T10217497                               ,                                        ,        ,        ,0                                       ,Amendment of CPR, HPR or Declaration    ,                                        ,  ,
210080830032     ,2017/04/18,          ,2017/05/04,                    ,Recorded document                       ,T9985173                                ,                                        ,        ,        ,0                                       ,Amendment of CPR, HPR or Declaration    ,                                        ,  ,
210080830032     ,2010/08/18,          ,2010/08/18,                    ,Route slip                              ,                                        ,                                        ,        ,        ,                                        ,Amendment of CPR, HPR or Declaration    ,                                        ,  ,
210080830032     ,1997/06/01,    525000,          ,                    ,Fee conveyance                          ,                                        ,                                        ,        ,        ,                                        ,                                        ,Related individuals                     ,4 ,Improved
210080830032     ,1997/05/23,    525000,1997/06/06,0000000000          ,Fee conveyance                          ,2384987                                 ,492890                                  ,        ,        ,525.00                                  ,                                        ,Other                                   ,7 ,Improved
210080830032     ,1992/12/14,    660000,1992/12/16,0000000000          ,Fee conveyance                          ,1980289                                 ,404046                                  ,        ,        ,330.00                                  ,                                        ,Other                                   ,7 ,Improved
210080830032     ,1900/01/01,          ,          ,0000000000          ,                                        ,1815194                                 ,315856                                  ,        ,        ,                                        ,                                        ,                                        ,  ,
210080830032     ,1900/01/01,    525000,1997/06/20,0000000000          ,Fee conveyance                          ,2387730                                 ,493489                                  ,        ,        ,525.00                                  ,                                        ,                                        ,  ,
210080830033     ,2020/06/08,          ,2020/08/14,                    ,Recorded document                       ,T11183321                               ,                                        ,        ,        ,                                        ,Amendment of CPR, HPR or Declaration    ,                                        ,  ,
210080830033     ,2019/12/10,          ,2020/01/10,T10966225           ,Recorded document                       ,                                        ,                                        ,        ,        ,                                        ,Declaration of/Restatement of CPR       ,                                        ,  ,
210080830033     ,2018/04/18,    800000,2018/05/01,                    ,Fee conveyance                          ,T10347056                               ,1155868                                 ,        ,        ,2000                                    ,Apartment deed                          ,Valid Sale                              ,0 ,Improved
210080830033     ,2017/12/04,          ,2017/12/22,                    ,Recorded document                       ,T10217497                               ,                                        ,        ,        ,0                                       ,Amendment of CPR, HPR or Declaration    ,                                        ,  ,
210080830033     ,2017/04/18,          ,2017/05/04,                    ,Recorded document                       ,T9985173                                ,                                        ,        ,        ,0                                       ,Amendment of CPR, HPR or Declaration    ,                                        ,  ,
210080830033     ,2010/08/31,          ,2011/01/31,                    ,Fee conveyance                          ,4044871                                 ,1011887                                 ,        ,        ,0                                       ,Deed to trust                           ,                                        ,  ,
210080830033     ,2010/08/18,          ,2010/08/18,                    ,Route slip                              ,                                        ,                                        ,        ,        ,                                        ,Amendment of CPR, HPR or Declaration    ,                                        ,  ,
210080830033     ,2005/10/14,          ,2005/10/25,                    ,Fee conveyance                          ,3345748                                 ,776728                                  ,        ,        ,0                                       ,Apartment deed                          ,Other                                   ,7 ,Improved
210080830033     ,2000/02/01,    510000,          ,                    ,Fee conveyance                          ,                                        ,                                        ,        ,        ,                                        ,                                        ,Valid                                   ,X ,Improved
210080830033     ,2000/01/27,          ,2000/02/01,0000000000          ,Fee conveyance                          ,2604269                                 ,547,781                                 ,        ,        ,510.00                                  ,                                        ,                                        ,  ,
210080830033     ,1997/03/14,    333300,1997/03/21,0000000000          ,Fee conveyance                          ,2371400                                 ,489082                                  ,        ,        ,333.30                                  ,                                        ,Developer sale                          ,8 ,Improved
210080830033     ,1900/01/01,          ,          ,0000000000          ,                                        ,1815194                                 ,315856                                  ,        ,        ,                                        ,                                        ,                                        ,  ,
210080830034     ,2020/06/08,          ,2020/08/14,                    ,Recorded document                       ,T11183321                               ,                                        ,        ,        ,                                        ,Amendment of CPR, HPR or Declaration    ,                                        ,  ,
210080830034     ,2019/12/10,          ,2020/01/10,T10966225           ,Recorded document                       ,                                        ,                                        ,        ,        ,                                        ,Declaration of/Restatement of CPR       ,                                        ,  ,
210080830034     ,2017/12/04,          ,2017/12/22,                    ,Recorded document                       ,T10217497                               ,                                        ,        ,        ,0                                       ,Amendment of CPR, HPR or Declaration    ,                                        ,  ,
210080830034     ,2017/04/18,          ,2017/05/04,                    ,Recorded document                       ,T9985173                                ,                                        ,        ,        ,0                                       ,Amendment of CPR, HPR or Declaration    ,                                        ,  ,
210080830034     ,2015/04/08,   1000000,2015/04/16,                    ,Fee conveyance                          ,T9236011                                ,1095784                                 ,        ,        ,4000                                    ,Apartment deed                          ,Valid Sale                              ,0 ,Improved
210080830034     ,2012/02/22,    999500,2012/04/25,                    ,Fee conveyance                          ,T8150332                                ,1041471                                 ,        ,        ,2498.8                                  ,Apartment deed                          ,Valid Sale                              ,0 ,Improved
210080830034     ,2010/08/18,          ,2010/08/18,                    ,Route slip                              ,                                        ,                                        ,        ,        ,                                        ,Amendment of CPR, HPR or Declaration    ,                                        ,  ,
210080830034     ,1997/04/01,    425000,          ,                    ,Fee conveyance                          ,                                        ,                                        ,        ,        ,                                        ,                                        ,Other                                   ,7 ,Improved
210080830034     ,1997/03/31,    425000,1997/04/03,0000000000          ,Fee conveyance                          ,2373606                                 ,489788                                  ,        ,        ,425.00                                  ,                                        ,                                        ,  ,
210080830034     ,1997/02/12,    353500,1997/03/10,0000000000          ,Fee conveyance                          ,2369406                                 ,488543                                  ,        ,        ,353.50                                  ,                                        ,Developer sale                          ,8 ,Improved
210080830034     ,1900/01/01,          ,          ,0000000000          ,                                        ,1815194                                 ,315856                                  ,        ,        ,                                        ,                                        ,                                        ,  ,
210080830035     ,2025/04/14,   1600000,2025/04/17,                    ,Fee conveyance                          ,T12890028                               ,1283626                                 ,        ,        ,6400                                    ,Apartment deed                          ,Valid Sale                              ,0 ,Improved
210080830035     ,2020/06/08,          ,2020/08/14,                    ,Recorded document                       ,T11183321                               ,                                        ,        ,        ,                                        ,Amendment of CPR, HPR or Declaration    ,                                        ,  ,
210080830035     ,2019/12/10,          ,2020/01/10,T10966225           ,Recorded document                       ,                                        ,                                        ,        ,        ,                                        ,Declaration of/Restatement of CPR       ,                                        ,  ,
210080830035     ,2019/01/09,   1294100,2019/01/15,                    ,Fee conveyance                          ,T10606084                               ,1170046                                 ,        ,        ,3882.3                                  ,Apartment deed                          ,Valid Sale                              ,0 ,Improved
210080830035     ,2017/12/04,          ,2017/12/22,                    ,Recorded document                       ,T10217497                               ,                                        ,        ,        ,0                                       ,Amendment of CPR, HPR or Declaration    ,                                        ,  ,
210080830035     ,2017/04/18,          ,2017/05/04,                    ,Recorded document                       ,T9985173                                ,                                        ,        ,        ,0                                       ,Amendment of CPR, HPR or Declaration    ,                                        ,  ,
210080830035     ,2017/02/15,    975000,2017/02/24,                    ,Fee conveyance                          ,T9916092                                ,1131972                                 ,        ,        ,2437.5                                  ,Apartment deed                          ,Valid Sale                              ,0 ,Improved
210080830035     ,2013/03/05,    864000,2013/03/18,                    ,Fee conveyance                          ,T8477092                                ,1057416                                 ,        ,        ,2160                                    ,Apartment deed                          ,Valid Sale                              ,0 ,Improved
210080830035     ,2011/07/08,    575000,2011/07/15,                    ,Fee conveyance                          ,4086109                                 ,1028822                                 ,        ,        ,862.5                                   ,Apartment deed                          ,Other                                   ,2 ,Improved
210080830035     ,2010/08/18,          ,2010/08/18,                    ,Route slip                              ,                                        ,                                        ,        ,        ,                                        ,Amendment of CPR, HPR or Declaration    ,                                        ,  ,
210080830035     ,2007/11/05,          ,2007/11/08,                    ,Fee conveyance                          ,3679036                                 ,884514                                  ,        ,        ,0                                       ,Apartment deed                          ,                                        ,  ,
210080830035     ,2007/10/24,          ,2007/10/29,                    ,Fee conveyance                          ,3674617                                 ,883062                                  ,        ,        ,0                                       ,Apartment deed                          ,                                        ,  ,
210080830035     ,2000/01/26,          ,2000/02/17,0000000000          ,Fee conveyance                          ,2607694                                 ,548720                                  ,        ,        ,0.00                                    ,                                        ,                                        ,  ,
210080830035     ,1999/12/22,          ,1999/12/23,0000000000          ,Fee conveyance                          ,2597440                                 ,545,632                                 ,        ,        ,0.00                                    ,                                        ,                                        ,  ,
210080830035     ,1999/12/22,          ,1999/12/23,0000000000          ,Fee conveyance                          ,2597441                                 ,545,633                                 ,        ,        ,0.00                                    ,                                        ,                                        ,  ,
210080830035     ,1999/01/28,    375000,1999/01/29,0000000000          ,Fee conveyance                          ,2517683                                 ,525411                                  ,        ,        ,375.00                                  ,                                        ,Valid                                   ,X ,Improved
210080830035     ,1997/03/25,    368650,1997/04/18,0000000000          ,Fee conveyance                          ,2376288                                 ,490457                                  ,        ,        ,368.70                                  ,                                        ,Developer sale                          ,8 ,Improved
210080830035     ,1900/01/01,          ,          ,0000000000          ,                                        ,1815194                                 ,315856                                  ,        ,        ,                                        ,                                        ,                                        ,  ,
210080830036     ,2024/04/23,          ,2024/04/30,                    ,Land Court Order (all types)            ,T12538122                               ,                                        ,        ,        ,                                        ,Land Court Order (all types)            ,                                        ,  ,
210080830036     ,2024/04/10,   2250000,2024/04/30,                    ,Fee conveyance                          ,T12538123                               ,1267880                                 ,        ,        ,13500                                   ,Apartment deed                          ,Valid Sale                              ,0 ,Improved
210080830036     ,2020/06/08,          ,2020/08/14,                    ,Recorded document                       ,T11183321                               ,                                        ,        ,        ,                                        ,Amendment of CPR, HPR or Declaration    ,                                        ,  ,
210080830036     ,2019/12/10,          ,2020/01/10,T10966225           ,Recorded document                       ,                                        ,                                        ,        ,        ,                                        ,Declaration of/Restatement of CPR       ,                                        ,  ,
210080830036     ,2017/12/04,          ,2017/12/22,                    ,Recorded document                       ,T10217497                               ,                                        ,        ,        ,0                                       ,Amendment of CPR, HPR or Declaration    ,                                        ,  ,
210080830036     ,2017/04/18,          ,2017/05/04,                    ,Recorded document                       ,T9985173                                ,                                        ,        ,        ,0                                       ,Amendment of CPR, HPR or Declaration    ,                                        ,  ,
210080830036     ,2010/08/18,          ,2010/08/18,                    ,Route slip                              ,                                        ,                                        ,        ,        ,                                        ,Amendment of CPR, HPR or Declaration    ,                                        ,  ,
210080830036     ,2006/08/10,          ,2007/01/29,                    ,Fee conveyance                          ,3550080                                 ,843185                                  ,        ,        ,0                                       ,Quitclaim deed                          ,                                        ,  ,
210080830036     ,2002/03/18,    740000,2002/04/01,                    ,Fee conveyance                          ,2791305                                 ,607350                                  ,        ,        ,740.00                                  ,Apartment deed                          ,Valid Sale                              ,0 ,Improved
210080830036     ,2000/02/10,    700000,2000/02/15,0000000000          ,Fee conveyance                          ,2606992                                 ,548508                                  ,        ,        ,700.00                                  ,                                        ,Valid                                   ,X ,Improved
210080830036     ,1996/01/26,    553000,1996/01/31,0000000000          ,Fee conveyance                          ,2287434                                 ,336088                                  ,        ,        ,553.00                                  ,                                        ,Other                                   ,7 ,Improved
210080830036     ,1900/01/01,          ,          ,0000000000          ,                                        ,1815194                                 ,315856                                  ,        ,        ,                                        ,                                        ,                                        ,  ,
210080830037     ,2021/10/05,          ,2021/10/20,                    ,Fee conveyance                          ,T11615482                               ,1224485                                 ,        ,        ,                                        ,Quitclaim deed                          ,                                        ,  ,
210080830037     ,2020/06/08,          ,2020/08/14,                    ,Recorded document                       ,T11183321                               ,                                        ,        ,        ,                                        ,Amendment of CPR, HPR or Declaration    ,                                        ,  ,
210080830037     ,2019/12/10,          ,2020/01/10,T10966225           ,Recorded document                       ,                                        ,                                        ,        ,        ,                                        ,Declaration of/Restatement of CPR       ,                                        ,  ,
210080830037     ,2017/12/04,          ,2017/12/22,                    ,Recorded document                       ,T10217497                               ,                                        ,        ,        ,0                                       ,Amendment of CPR, HPR or Declaration    ,                                        ,  ,
210080830037     ,2017/04/18,          ,2017/05/04,                    ,Recorded document                       ,T9985173                                ,                                        ,        ,        ,0                                       ,Amendment of CPR, HPR or Declaration    ,                                        ,  ,
210080830037     ,2012/10/18,    825000,2012/10/30,                    ,Fee conveyance                          ,T8338124                                ,1050101                                 ,        ,        ,2062.5                                  ,Apartment deed                          ,Valid Sale                              ,0 ,Improved
210080830037     ,2010/08/18,          ,2010/08/18,                    ,Route slip                              ,                                        ,                                        ,        ,        ,                                        ,Amendment of CPR, HPR or Declaration    ,                                        ,  ,
210080830037     ,2010/06/22,   1100000,2010/06/28,                    ,Fee conveyance                          ,3974215                                 ,986737                                  ,        ,        ,3300                                    ,Apartment deed                          ,Valid Sale                              ,0 ,Improved
210080830037     ,2006/06/29,   1595000,2006/07/12,                    ,Fee conveyance                          ,3451859                                 ,813138                                  ,        ,        ,5582.5                                  ,Apartment deed                          ,Valid Sale                              ,0 ,Improved
210080830037     ,2004/03/24,    980000,2004/04/01,                    ,Fee conveyance                          ,3091559                                 ,691287                                  ,        ,        ,980                                     ,Apartment deed                          ,Valid Sale                              ,0 ,Improved
210080830037     ,1997/04/22,    313000,1997/05/07,0000000000          ,Fee conveyance                          ,2379654                                 ,336.088                                 ,        ,        ,313.00                                  ,                                        ,Developer sale                          ,8 ,Improved
210080830037     ,1900/01/01,          ,          ,0000000000          ,                                        ,1815194                                 ,315856                                  ,        ,        ,                                        ,                                        ,                                        ,  ,
210080830038     ,2020/06/08,          ,2020/08/14,                    ,Recorded document                       ,T11183321                               ,                                        ,        ,        ,                                        ,Amendment of CPR, HPR or Declaration    ,                                        ,  ,
210080830038     ,2019/12/10,          ,2020/01/10,T10966225           ,Recorded document                       ,                                        ,                                        ,        ,        ,                                        ,Declaration of/Restatement of CPR       ,                                        ,  ,
210080830038     ,2017/12/14,   1368000,2017/12/29,                    ,Fee conveyance                          ,T10224198                               ,1149452                                 ,        ,        ,5472                                    ,Warranty deed                           ,Valid Sale                              ,0 ,Improved
210080830038     ,2017/12/04,          ,2017/12/22,                    ,Recorded document                       ,T10217497                               ,                                        ,        ,        ,0                                       ,Amendment of CPR, HPR or Declaration    ,                                        ,  ,
210080830038     ,2017/04/18,          ,2017/05/04,                    ,Recorded document                       ,T9985173                                ,                                        ,        ,        ,0                                       ,Amendment of CPR, HPR or Declaration    ,                                        ,  ,
210080830038     ,2013/09/05,   1570000,2013/09/06,                    ,Fee conveyance                          ,T8649008                                ,1066416                                 ,        ,        ,4710                                    ,Apartment deed                          ,Unvalidated                             ,9 ,Improved
210080830038     ,2010/08/18,          ,2010/08/18,                    ,Route slip                              ,                                        ,                                        ,        ,        ,                                        ,Amendment of CPR, HPR or Declaration    ,                                        ,  ,
210080830038     ,2005/02/15,   1000000,2005/02/17,                    ,Fee conveyance                          ,3231717                                 ,735421                                  ,        ,        ,1000                                    ,Apartment deed                          ,Other                                   ,7 ,Improved
210080830038     ,2000/07/21,    319336,2000/07/26,0000000000          ,Fee conveyance                          ,2640080                                 ,559,379                                 ,        ,        ,319.30                                  ,                                        ,                                        ,  ,
210080830038     ,1996/12/24,    333300,1996/12/31,0000000000          ,Fee conveyance                          ,2357814                                 ,485703                                  ,        ,        ,333.30                                  ,                                        ,Developer sale                          ,8 ,Improved
210080830038     ,1900/01/01,          ,          ,0000000000          ,                                        ,1815194                                 ,315856                                  ,        ,        ,                                        ,                                        ,                                        ,  ,
210080830039     ,2020/06/08,          ,2020/08/14,                    ,Recorded document                       ,T11183321                               ,                                        ,        ,        ,                                        ,Amendment of CPR, HPR or Declaration    ,                                        ,  ,
210080830039     ,2019/12/10,          ,2020/01/10,T10966225           ,Recorded document                       ,                                        ,                                        ,        ,        ,                                        ,Declaration of/Restatement of CPR       ,                                        ,  ,
210080830039     ,2017/12/04,          ,2017/12/22,                    ,Recorded document                       ,T10217497                               ,                                        ,        ,        ,0                                       ,Amendment of CPR, HPR or Declaration    ,                                        ,  ,
210080830039     ,2017/04/18,          ,2017/05/04,                    ,Recorded document                       ,T9985173                                ,                                        ,        ,        ,0                                       ,Amendment of CPR, HPR or Declaration    ,                                        ,  ,
210080830039     ,2012/10/19,   1100000,2012/11/01,                    ,Fee conveyance                          ,T8340187                                ,1050324                                 ,        ,        ,4400                                    ,Apartment deed                          ,Valid Sale                              ,0 ,Improved
210080830039     ,2010/08/18,          ,2010/08/18,                    ,Route slip                              ,                                        ,                                        ,        ,        ,                                        ,Amendment of CPR, HPR or Declaration    ,                                        ,  ,
210080830039     ,2007/11/06,   1050000,2007/11/15,                    ,Fee conveyance                          ,3681315                                 ,885485                                  ,        ,        ,3675                                    ,Deed                                    ,Valid Sale                              ,0 ,Improved
210080830039     ,1996/12/11,    313000,1997/01/10,0000000000          ,Fee conveyance                          ,2359787                                 ,486260                                  ,        ,        ,313.00                                  ,                                        ,Developer sale                          ,8 ,Improved
210080830039     ,1900/01/01,          ,          ,0000000000          ,                                        ,1815194                                 ,315856                                  ,        ,        ,                                        ,                                        ,                                        ,  ,
210080830040     ,2021/01/01,          ,2021/01/01,                    ,Route slip                              ,                                        ,                                        ,        ,        ,                                        ,Ownership correction                    ,                                        ,  ,
210080830040     ,2020/06/08,          ,2020/08/14,                    ,Recorded document                       ,T11183321                               ,                                        ,        ,        ,                                        ,Amendment of CPR, HPR or Declaration    ,                                        ,  ,
210080830040     ,2019/12/10,          ,2020/01/10,T10966225           ,Recorded document                       ,                                        ,                                        ,        ,        ,                                        ,Declaration of/Restatement of CPR       ,                                        ,  ,
210080830040     ,2019/01/22,     15000,2019/01/28,                    ,Fee conveyance                          ,T10619071                               ,1170584                                 ,        ,        ,22.5                                    ,Quitclaim deed                          ,Related individuals                     ,4 ,
210080830040     ,2017/12/04,          ,2017/12/22,                    ,Recorded document                       ,T10217497                               ,                                        ,        ,        ,0                                       ,Amendment of CPR, HPR or Declaration    ,                                        ,  ,
210080830040     ,2017/04/18,          ,2017/05/04,                    ,Recorded document                       ,T9985173                                ,                                        ,        ,        ,0                                       ,Amendment of CPR, HPR or Declaration    ,                                        ,  ,
210080830040     ,2014/12/29,     15000,2015/04/07,                    ,Fee conveyance                          ,T9227232                                ,1095287                                 ,        ,        ,22.5                                    ,Quitclaim deed                          ,Other                                   ,2 ,
210080830040     ,2010/08/18,          ,2010/08/18,                    ,Route slip                              ,                                        ,                                        ,        ,        ,                                        ,Amendment of CPR, HPR or Declaration    ,                                        ,  ,
210080830040     ,2003/11/24,    925000,2003/11/28,                    ,Fee conveyance                          ,3034064                                 ,675139                                  ,        ,        ,925                                     ,Apartment deed                          ,Valid Sale                              ,0 ,Improved
210080830040     ,1996/12/31,    333300,1997/01/24,0000000000          ,Fee conveyance                          ,2362025                                 ,486752                                  ,        ,        ,333.30                                  ,                                        ,Developer sale                          ,8 ,Improved
210080830040     ,1900/01/01,          ,          ,0000000000          ,                                        ,1815194                                 ,315856                                  ,        ,        ,                                        ,                                        ,                                        ,  ,
210080830041     ,2020/06/08,          ,2020/08/14,                    ,Recorded document                       ,T11183321                               ,                                        ,        ,        ,                                        ,Amendment of CPR, HPR or Declaration    ,                                        ,  ,
210080830041     ,2019/12/10,          ,2020/01/10,T10966225           ,Recorded document                       ,                                        ,                                        ,        ,        ,                                        ,Declaration of/Restatement of CPR       ,                                        ,  ,
210080830041     ,2017/12/04,          ,2017/12/22,                    ,Recorded document                       ,T10217497                               ,                                        ,        ,        ,0                                       ,Amendment of CPR, HPR or Declaration    ,                                        ,  ,
210080830041     ,2017/04/18,          ,2017/05/04,                    ,Recorded document                       ,T9985173                                ,                                        ,        ,        ,0                                       ,Amendment of CPR, HPR or Declaration    ,                                        ,  ,
210080830041     ,2012/07/20,          ,2012/07/25,                    ,Land Court Order (all types)            ,T8241079                                ,555439                                  ,        ,        ,                                        ,Land Court Order (all types)            ,                                        ,  ,
210080830041     ,2010/08/18,          ,2010/08/18,                    ,Route slip                              ,                                        ,                                        ,        ,        ,                                        ,Amendment of CPR, HPR or Declaration    ,                                        ,  ,
210080830041     ,2000/05/04,          ,2000/05/26,0000000000          ,Fee conveyance                          ,2628267                                 ,555439                                  ,        ,        ,0.00                                    ,                                        ,                                        ,  ,
210080830041     ,1997/05/01,    323200,          ,                    ,Fee conveyance                          ,                                        ,                                        ,        ,        ,                                        ,                                        ,Developer sale                          ,8 ,Improved
210080830041     ,1900/01/01,          ,          ,0000000000          ,                                        ,1815194                                 ,315856                                  ,        ,        ,                                        ,                                        ,                                        ,  ,
210080830041     ,1900/01/01,    323200,1997/05/19,0000000000          ,Fee conveyance                          ,2381511                                 ,336.088                                 ,        ,        ,323.20                                  ,                                        ,                                        ,  ,
210080830042     ,2026/03/17,   1900000,2026/03/23,                    ,Fee conveyance                          ,T13230028                               ,1298010                                 ,        ,        ,7600                                    ,Apartment deed                          ,Valid Sale                              ,0 ,
210080830042     ,2020/06/08,          ,2020/08/14,                    ,Recorded document                       ,T11183321                               ,                                        ,        ,        ,                                        ,Amendment of CPR, HPR or Declaration    ,                                        ,  ,
210080830042     ,2019/12/10,          ,2020/01/10,T10966225           ,Recorded document                       ,                                        ,                                        ,        ,        ,                                        ,Declaration of/Restatement of CPR       ,                                        ,  ,
210080830042     ,2017/12/04,          ,2017/12/22,                    ,Recorded document                       ,T10217497                               ,                                        ,        ,        ,0                                       ,Amendment of CPR, HPR or Declaration    ,                                        ,  ,
210080830042     ,2017/04/18,          ,2017/05/04,                    ,Recorded document                       ,T9985173                                ,                                        ,        ,        ,0                                       ,Amendment of CPR, HPR or Declaration    ,                                        ,  ,
210080830042     ,2014/07/18,   1100000,2014/07/31,                    ,Fee conveyance                          ,T8977041                                ,1082281                                 ,        ,        ,4400                                    ,Apartment deed                          ,Valid Sale                              ,0 ,Improved
210080830042     ,2014/06/12,          ,2014/07/14,                    ,Fee conveyance                          ,T8960067                                ,1081360                                 ,        ,        ,                                        ,Apartment deed                          ,Related individuals                     ,4 ,
210080830042     ,2013/07/02,    529000,2013/07/18,                    ,Fee conveyance                          ,T8599083                                ,1063745                                 ,        ,        ,793.5                                   ,Quitclaim apartment deed                ,Related individuals                     ,4 ,
210080830042     ,2010/08/18,          ,2010/08/18,                    ,Route slip                              ,                                        ,                                        ,        ,        ,                                        ,Amendment of CPR, HPR or Declaration    ,                                        ,  ,
210080830042     ,2004/04/19,   1025000,2004/04/22,                    ,Fee conveyance                          ,3099462                                 ,693826                                  ,        ,        ,1025                                    ,Apartment deed                          ,Valid Sale                              ,0 ,Improved
210080830042     ,1998/08/27,          ,1998/09/18,0000000000          ,Fee conveyance                          ,2485977                                 ,517547                                  ,        ,        ,0.00                                    ,                                        ,                                        ,  ,
210080830042     ,1997/01/20,    333300,1997/01/24,0000000000          ,Fee conveyance                          ,2362029                                 ,486753                                  ,        ,        ,333.30                                  ,                                        ,Valid Sale                              ,0 ,Improved
210080830042     ,1900/01/01,          ,          ,0000000000          ,                                        ,1815194                                 ,315856                                  ,        ,        ,                                        ,                                        ,                                        ,  ,
210080830043     ,2022/01/03,   1500000,2022/01/28,                    ,Fee conveyance                          ,T11715132                               ,1230916                                 ,        ,        ,4500                                    ,Apartment deed                          ,Valid Sale                              ,0 ,Improved
210080830043     ,2020/06/08,          ,2020/08/14,                    ,Recorded document                       ,T11183321                               ,                                        ,        ,        ,                                        ,Amendment of CPR, HPR or Declaration    ,                                        ,  ,
210080830043     ,2019/12/10,          ,2020/01/10,T10966225           ,Recorded document                       ,                                        ,                                        ,        ,        ,                                        ,Declaration of/Restatement of CPR       ,                                        ,  ,
210080830043     ,2017/12/04,          ,2017/12/22,                    ,Recorded document                       ,T10217497                               ,                                        ,        ,        ,0                                       ,Amendment of CPR, HPR or Declaration    ,                                        ,  ,
210080830043     ,2017/04/18,          ,2017/05/04,                    ,Recorded document                       ,T9985173                                ,                                        ,        ,        ,0                                       ,Amendment of CPR, HPR or Declaration    ,                                        ,  ,
210080830043     ,2015/07/14,    917000,2015/07/24,                    ,Fee conveyance                          ,T9335039                                ,1101145                                 ,        ,        ,2292.5                                  ,Warranty deed                           ,Valid Sale                              ,0 ,Improved
210080830043     ,2010/08/18,          ,2010/08/18,                    ,Route slip                              ,                                        ,                                        ,        ,        ,                                        ,Amendment of CPR, HPR or Declaration    ,                                        ,  ,
210080830043     ,2007/09/01,   1200000,2007/09/13,                    ,Fee conveyance                          ,3655293                                 ,876526                                  ,        ,        ,4200                                    ,Apartment deed                          ,Valid Sale                              ,0 ,Improved
210080830043     ,2003/04/01,    726000,2003/04/07,                    ,Fee conveyance                          ,2912612                                 ,641702                                  ,        ,        ,726                                     ,Apartment deed                          ,Valid Sale                              ,0 ,Improved
210080830043     ,2002/07/18,          ,2002/09/19,                    ,Fee conveyance                          ,2842195                                 ,622914                                  ,        ,        ,0.00                                    ,Apartment deed                          ,Related individuals                     ,4 ,
210080830043     ,1996/12/24,    373700,1996/12/30,0000000000          ,Fee conveyance                          ,2357247                                 ,485559                                  ,        ,        ,373.70                                  ,                                        ,Developer sale                          ,8 ,Improved
210080830043     ,1900/01/01,          ,          ,0000000000          ,                                        ,1815194                                 ,315856                                  ,        ,        ,                                        ,                                        ,                                        ,  ,
210080830044     ,2026/05/26,          ,2026/05/28,                    ,Recorded document                       ,T13296059                               ,                                        ,        ,        ,                                        ,Affidavit (all types)                   ,                                        ,  ,
210080830044     ,2026/05/20,   1720000,2026/05/28,                    ,Fee conveyance                          ,T13296060                               ,1301009                                 ,        ,        ,6880                                    ,Apartment deed                          ,                                        ,  ,
210080830044     ,2024/01/01,          ,2024/01/01,                    ,Route slip                              ,                                        ,                                        ,        ,        ,                                        ,Death                                   ,                                        ,  ,
210080830044     ,2020/06/08,          ,2020/08/14,                    ,Recorded document                       ,T11183321                               ,                                        ,        ,        ,                                        ,Amendment of CPR, HPR or Declaration    ,                                        ,  ,
210080830044     ,2019/12/10,          ,2020/01/10,T10966225           ,Recorded document                       ,                                        ,                                        ,        ,        ,                                        ,Declaration of/Restatement of CPR       ,                                        ,  ,
210080830044     ,2017/12/04,          ,2017/12/22,                    ,Recorded document                       ,T10217497                               ,                                        ,        ,        ,0                                       ,Amendment of CPR, HPR or Declaration    ,                                        ,  ,
210080830044     ,2017/04/18,          ,2017/05/04,                    ,Recorded document                       ,T9985173                                ,                                        ,        ,        ,0                                       ,Amendment of CPR, HPR or Declaration    ,                                        ,  ,
210080830044     ,2010/08/18,          ,2010/08/18,                    ,Route slip                              ,                                        ,                                        ,        ,        ,                                        ,Amendment of CPR, HPR or Declaration    ,                                        ,  ,
210080830044     ,1998/10/01,    430000,1998/10/15,0000000000          ,Fee conveyance                          ,292886                                  ,519257                                  ,        ,        ,430.00                                  ,                                        ,Valid                                   ,X ,Improved
210080830044     ,1998/06/16,    439000,1998/06/22,0000000000          ,Fee conveyance                          ,2465331                                 ,512140                                  ,        ,        ,439.00                                  ,                                        ,Developer sale                          ,8 ,Improved
210080830044     ,1997/06/03,    340000,1997/06/06,0000000000          ,Fee conveyance                          ,2385041                                 ,492914                                  ,        ,        ,340.00                                  ,                                        ,Foreclosure                             ,5 ,Improved
210080830044     ,1900/01/01,          ,          ,0000000000          ,                                        ,1815194                                 ,315856                                  ,        ,        ,                                        ,                                        ,                                        ,  ,
210080830045     ,2020/06/08,          ,2020/08/14,                    ,Recorded document                       ,T11183321                               ,                                        ,        ,        ,                                        ,Amendment of CPR, HPR or Declaration    ,                                        ,  ,
210080830045     ,2019/12/10,          ,2020/01/10,T10966225           ,Recorded document                       ,                                        ,                                        ,        ,        ,                                        ,Declaration of/Restatement of CPR       ,                                        ,  ,
210080830045     ,2017/12/04,          ,2017/12/22,                    ,Recorded document                       ,T10217497                               ,                                        ,        ,        ,0                                       ,Amendment of CPR, HPR or Declaration    ,                                        ,  ,
210080830045     ,2017/04/18,          ,2017/05/04,                    ,Recorded document                       ,T9985173                                ,                                        ,        ,        ,0                                       ,Amendment of CPR, HPR or Declaration    ,                                        ,  ,
210080830045     ,2015/10/10,          ,2015/12/17,                    ,Fee conveyance                          ,T9481110                                ,1108708                                 ,        ,        ,                                        ,Apartment deed                          ,                                        ,  ,
210080830045     ,2010/08/18,          ,2010/08/18,                    ,Route slip                              ,                                        ,                                        ,        ,        ,                                        ,Amendment of CPR, HPR or Declaration    ,                                        ,  ,
210080830045     ,1997/03/21,    313000,1997/03/31,0000000000          ,Fee conveyance                          ,2372534                                 ,489380                                  ,        ,        ,313.00                                  ,                                        ,Developer sale                          ,8 ,Improved
210080830045     ,1900/01/01,          ,          ,0000000000          ,                                        ,1815194                                 ,315856                                  ,        ,        ,                                        ,                                        ,                                        ,  ,
210080830046     ,2020/06/08,          ,2020/08/14,                    ,Recorded document                       ,T11183321                               ,                                        ,        ,        ,                                        ,Amendment of CPR, HPR or Declaration    ,                                        ,  ,
210080830046     ,2019/12/10,          ,2020/01/10,T10966225           ,Recorded document                       ,                                        ,                                        ,        ,        ,                                        ,Declaration of/Restatement of CPR       ,                                        ,  ,
210080830046     ,2019/05/20,          ,2019/07/08,                    ,Land Court Order (all types)            ,T10780153                               ,                                        ,        ,        ,                                        ,Land Court Order (all types)            ,                                        ,  ,
210080830046     ,2019/04/15,          ,2019/07/08,                    ,Fee conveyance                          ,T10780154                               ,1178737                                 ,        ,        ,                                        ,Quitclaim deed                          ,                                        ,  ,
210080830046     ,2019/01/30,          ,2019/03/07,                    ,Fee conveyance                          ,T10657166                               ,1172440                                 ,        ,        ,                                        ,Quitclaim deed                          ,Related individuals                     ,4 ,
210080830046     ,2017/12/04,          ,2017/12/22,                    ,Recorded document                       ,T10217497                               ,                                        ,        ,        ,0                                       ,Amendment of CPR, HPR or Declaration    ,                                        ,  ,
210080830046     ,2017/04/18,          ,2017/05/04,                    ,Recorded document                       ,T9985173                                ,                                        ,        ,        ,0                                       ,Amendment of CPR, HPR or Declaration    ,                                        ,  ,
210080830046     ,2013/10/18,   1000000,2013/10/30,                    ,Fee conveyance                          ,T8703084                                ,1069034                                 ,        ,        ,3000                                    ,Apartment deed                          ,Valid Sale                              ,0 ,Improved
210080830046     ,2010/08/18,          ,2010/08/18,                    ,Route slip                              ,                                        ,                                        ,        ,        ,                                        ,Amendment of CPR, HPR or Declaration    ,                                        ,  ,
210080830046     ,2007/10/29,   1050000,2007/11/09,                    ,Fee conveyance                          ,3679410                                 ,884684                                  ,        ,        ,3675                                    ,Apartment deed                          ,Valid Sale                              ,0 ,Improved
210080830046     ,2005/08/04,          ,2005/08/09,                    ,Land Court Order (all types)            ,162600                                  ,747087                                  ,        ,        ,0                                       ,Land Court Order (all types)            ,                                        ,  ,
210080830046     ,2005/03/31,          ,2005/05/05,                    ,Fee conveyance                          ,3264091                                 ,747087                                  ,        ,        ,0                                       ,Quitclaim apartment deed                ,                                        ,  ,
210080830046     ,2003/07/26,    680000,2003/08/01,                    ,Fee conveyance                          ,2970731                                 ,658108                                  ,        ,        ,680                                     ,Apartment deed                          ,Valid Sale                              ,0 ,Improved
210080830046     ,1997/03/28,    333300,1997/04/02,0000000000          ,Fee conveyance                          ,2373501                                 ,489768                                  ,        ,        ,333.30                                  ,                                        ,Valid Sale                              ,0 ,Improved
210080830046     ,1900/01/01,          ,          ,0000000000          ,                                        ,1815194                                 ,315856                                  ,        ,        ,                                        ,                                        ,                                        ,  ,
210080830047     ,2023/10/26,          ,2024/11/27,                    ,Land Court Order (all types)            ,T12749214                               ,                                        ,        ,        ,                                        ,Land Court Order (all types)            ,                                        ,  ,
210080830047     ,2020/06/08,          ,2020/08/14,                    ,Recorded document                       ,T11183321                               ,                                        ,        ,        ,                                        ,Amendment of CPR, HPR or Declaration    ,                                        ,  ,
210080830047     ,2019/12/10,          ,2020/01/10,T10966225           ,Recorded document                       ,                                        ,                                        ,        ,        ,                                        ,Declaration of/Restatement of CPR       ,                                        ,  ,
210080830047     ,2019/05/23,          ,2019/05/24,                    ,Fee conveyance                          ,T10735218                               ,1176430                                 ,        ,        ,                                        ,Quitclaim apartment deed                ,Related individuals                     ,4 ,
210080830047     ,2017/12/04,          ,2017/12/22,                    ,Recorded document                       ,T10217497                               ,                                        ,        ,        ,0                                       ,Amendment of CPR, HPR or Declaration    ,                                        ,  ,
210080830047     ,2017/04/18,          ,2017/05/04,                    ,Recorded document                       ,T9985173                                ,                                        ,        ,        ,0                                       ,Amendment of CPR, HPR or Declaration    ,                                        ,  ,
210080830047     ,2010/08/18,          ,2010/08/18,                    ,Route slip                              ,                                        ,                                        ,        ,        ,                                        ,Amendment of CPR, HPR or Declaration    ,                                        ,  ,
210080830047     ,1997/05/20,    315500,1997/05/23,0000000000          ,Fee conveyance                          ,2382548                                 ,492213                                  ,        ,        ,315.50                                  ,                                        ,Developer sale                          ,8 ,Improved
210080830047     ,1900/01/01,          ,          ,0000000000          ,                                        ,1815194                                 ,315856                                  ,        ,        ,                                        ,                                        ,                                        ,  ,
210080830048     ,2020/06/08,          ,2020/08/14,                    ,Recorded document                       ,T11183321                               ,                                        ,        ,        ,                                        ,Amendment of CPR, HPR or Declaration    ,                                        ,  ,
210080830048     ,2019/12/10,          ,2020/01/10,T10966225           ,Recorded document                       ,                                        ,                                        ,        ,        ,                                        ,Declaration of/Restatement of CPR       ,                                        ,  ,
210080830048     ,2017/12/04,          ,2017/12/22,                    ,Recorded document                       ,T10217497                               ,                                        ,        ,        ,0                                       ,Amendment of CPR, HPR or Declaration    ,                                        ,  ,
210080830048     ,2017/04/18,          ,2017/05/04,                    ,Recorded document                       ,T9985173                                ,                                        ,        ,        ,0                                       ,Amendment of CPR, HPR or Declaration    ,                                        ,  ,
210080830048     ,2016/01/06,    990000,2016/01/12,                    ,Fee conveyance                          ,T9507104                                ,1109895                                 ,        ,        ,2475                                    ,Warranty deed                           ,Valid Sale                              ,0 ,Improved
210080830048     ,2014/01/24,          ,2014/02/25,                    ,Fee conveyance                          ,T8821282                                ,1074493                                 ,        ,        ,                                        ,Apartment deed                          ,                                        ,  ,
210080830048     ,2010/08/18,          ,2010/08/18,                    ,Route slip                              ,                                        ,                                        ,        ,        ,                                        ,Amendment of CPR, HPR or Declaration    ,                                        ,  ,
210080830048     ,2006/06/07,   1295000,2006/06/13,                    ,Fee conveyance                          ,3439102                                 ,808895                                  ,        ,        ,3885                                    ,Apartment deed                          ,                                        ,  ,
210080830048     ,2005/10/05,   1100000,2005/10/17,                    ,Fee conveyance                          ,3341967                                 ,775505                                  ,        ,        ,3300                                    ,Apartment deed                          ,Valid Sale                              ,0 ,Improved
210080830048     ,1997/03/21,    333300,1997/03/31,0000000000          ,Fee conveyance                          ,2372536                                 ,489381                                  ,        ,        ,333.30                                  ,                                        ,Valid Sale                              ,0 ,Improved
210080830048     ,1900/01/01,          ,          ,0000000000          ,                                        ,1815194                                 ,315856                                  ,        ,        ,                                        ,                                        ,                                        ,  ,
210080830049     ,2020/06/08,          ,2020/08/14,                    ,Recorded document                       ,T11183321                               ,                                        ,        ,        ,                                        ,Amendment of CPR, HPR or Declaration    ,                                        ,  ,
210080830049     ,2019/12/10,          ,2020/01/10,T10966225           ,Recorded document                       ,                                        ,                                        ,        ,        ,                                        ,Declaration of/Restatement of CPR       ,                                        ,  ,
210080830049     ,2017/12/04,          ,2017/12/22,                    ,Recorded document                       ,T10217497                               ,                                        ,        ,        ,0                                       ,Amendment of CPR, HPR or Declaration    ,                                        ,  ,
210080830049     ,2017/04/18,          ,2017/05/04,                    ,Recorded document                       ,T9985173                                ,                                        ,        ,        ,0                                       ,Amendment of CPR, HPR or Declaration    ,                                        ,  ,
210080830049     ,2014/04/14,    275000,2014/08/01,                    ,Fee conveyance                          ,T8978179                                ,1082466                                 ,        ,        ,412.5                                   ,Apartment deed                          ,Related individuals                     ,4 ,Improved
210080830049     ,2014/04/09,    550000,2014/05/01,                    ,Fee conveyance                          ,T8886136                                ,1077658                                 ,        ,        ,825                                     ,Apartment deed                          ,Other                                   ,7 ,Improved
210080830049     ,2010/08/18,          ,2010/08/18,                    ,Route slip                              ,                                        ,                                        ,        ,        ,                                        ,Amendment of CPR, HPR or Declaration    ,                                        ,  ,
210080830049     ,2008/02/15,   1100000,2008/02/15,                    ,Fee conveyance                          ,3711914                                 ,895356                                  ,        ,        ,3850                                    ,Apartment deed                          ,Valid Sale                              ,0 ,Improved
210080830049     ,1999/03/31,    450000,1999/04/09,0000000000          ,Fee conveyance                          ,2534235                                 ,529,283                                 ,        ,        ,450.00                                  ,                                        ,Valid                                   ,X ,Improved
210080830049     ,1994/06/02,    370000,1994/06/07,0000000000          ,Fee conveyance                          ,2152834                                 ,438897                                  ,        ,        ,370.00                                  ,                                        ,Valid                                   ,X ,Improved
210080830049     ,1900/01/01,          ,          ,0000000000          ,                                        ,1815194                                 ,315856                                  ,        ,        ,                                        ,                                        ,                                        ,  ,
210080830050     ,2020/06/08,          ,2020/08/14,                    ,Recorded document                       ,T11183321                               ,                                        ,        ,        ,                                        ,Amendment of CPR, HPR or Declaration    ,                                        ,  ,
210080830050     ,2019/12/10,          ,2020/01/10,T10966225           ,Recorded document                       ,                                        ,                                        ,        ,        ,                                        ,Declaration of/Restatement of CPR       ,                                        ,  ,
210080830050     ,2019/07/19,       101,2019/08/07,                    ,Fee conveyance                          ,T10810092                               ,1180357                                 ,        ,        ,1.5                                     ,Apartment deed                          ,                                        ,  ,
210080830050     ,2017/12/04,          ,2017/12/22,                    ,Recorded document                       ,T10217497                               ,                                        ,        ,        ,0                                       ,Amendment of CPR, HPR or Declaration    ,                                        ,  ,
210080830050     ,2017/04/18,          ,2017/05/04,                    ,Recorded document                       ,T9985173                                ,                                        ,        ,        ,0                                       ,Amendment of CPR, HPR or Declaration    ,                                        ,  ,
210080830050     ,2010/08/18,          ,2010/08/18,                    ,Route slip                              ,                                        ,                                        ,        ,        ,                                        ,Amendment of CPR, HPR or Declaration    ,                                        ,  ,
210080830050     ,2001/02/12,    830000,2001/02/16,                    ,Fee conveyance                          ,2683688                                 ,574,781                                 ,        ,        ,830.00                                  ,Warranty deed                           ,Valid Sale                              ,0 ,Improved
210080830050     ,1994/06/09,    406000,1994/06/15,0000000000          ,Fee conveyance                          ,2154882                                 ,439255                                  ,        ,        ,406.00                                  ,                                        ,Valid                                   ,X ,Improved
210080830050     ,1900/01/01,          ,          ,0000000000          ,                                        ,1815194                                 ,315856                                  ,        ,        ,                                        ,                                        ,                                        ,  ,
210080830051     ,2022/10/20,      1000,2022/11/10,                    ,Fee conveyance                          ,T12001090                               ,1246361                                 ,        ,        ,1.5                                     ,Apartment deed                          ,Related individuals                     ,4 ,Improved
210080830051     ,2022/07/28,   1525000,2022/08/10,                    ,Fee conveyance                          ,T11909126                               ,1241704                                 ,        ,        ,6100                                    ,Apartment deed                          ,Valid Sale                              ,0 ,Improved
210080830051     ,2020/06/08,          ,2020/08/14,                    ,Recorded document                       ,T11183321                               ,                                        ,        ,        ,                                        ,Amendment of CPR, HPR or Declaration    ,                                        ,  ,
210080830051     ,2019/12/10,          ,2020/01/10,T10966225           ,Recorded document                       ,                                        ,                                        ,        ,        ,                                        ,Declaration of/Restatement of CPR       ,                                        ,  ,
210080830051     ,2017/12/04,          ,2017/12/22,                    ,Recorded document                       ,T10217497                               ,                                        ,        ,        ,0                                       ,Amendment of CPR, HPR or Declaration    ,                                        ,  ,
210080830051     ,2017/04/18,          ,2017/05/04,                    ,Recorded document                       ,T9985173                                ,                                        ,        ,        ,0                                       ,Amendment of CPR, HPR or Declaration    ,                                        ,  ,
210080830051     ,2014/06/24,          ,2014/06/30,                    ,Land Court Order (all types)            ,T8946328                                ,578112                                  ,        ,        ,                                        ,Land Court Order (all types)            ,                                        ,  ,
210080830051     ,2010/08/18,          ,2010/08/18,                    ,Route slip                              ,                                        ,                                        ,        ,        ,                                        ,Amendment of CPR, HPR or Declaration    ,                                        ,  ,
210080830051     ,2001/03/12,          ,2001/04/02,                    ,Fee conveyance                          ,2694226                                 ,578,112                                 ,        ,        ,0.00                                    ,Quitclaim deed                          ,                                        ,  ,
210080830051     ,1994/08/03,    311500,1994/08/17,0000000000          ,Fee conveyance                          ,2173042                                 ,442992                                  ,        ,        ,311.50                                  ,                                        ,Valid Sale                              ,0 ,Improved
210080830051     ,1900/01/01,          ,          ,0000000000          ,                                        ,1815194                                 ,315856                                  ,        ,        ,                                        ,                                        ,                                        ,  ,
210080830052     ,2020/06/08,          ,2020/08/14,                    ,Recorded document                       ,T11183321                               ,                                        ,        ,        ,                                        ,Amendment of CPR, HPR or Declaration    ,                                        ,  ,
210080830052     ,2019/12/10,          ,2020/01/10,T10966225           ,Recorded document                       ,                                        ,                                        ,        ,        ,                                        ,Declaration of/Restatement of CPR       ,                                        ,  ,
210080830052     ,2017/12/04,          ,2017/12/22,                    ,Recorded document                       ,T10217497                               ,                                        ,        ,        ,0                                       ,Amendment of CPR, HPR or Declaration    ,                                        ,  ,
210080830052     ,2017/04/18,          ,2017/05/04,                    ,Recorded document                       ,T9985173                                ,                                        ,        ,        ,0                                       ,Amendment of CPR, HPR or Declaration    ,                                        ,  ,
210080830052     ,2014/10/09,     61000,2014/11/14,                    ,Fee conveyance                          ,T9083241                                ,1087757                                 ,        ,        ,91.5                                    ,Apartment deed                          ,                                        ,  ,
210080830052     ,2014/10/09,     61000,2014/11/14,                    ,Fee conveyance                          ,T9083242                                ,1087758                                 ,        ,        ,91.5                                    ,Apartment deed                          ,                                        ,  ,
210080830052     ,2014/10/09,     61000,2014/11/14,                    ,Fee conveyance                          ,T9083240                                ,1087756                                 ,        ,        ,91.5                                    ,Apartment deed                          ,                                        ,  ,
210080830052     ,2014/10/06,     61000,2014/11/14,                    ,Fee conveyance                          ,T9083239                                ,1087755                                 ,        ,        ,91.5                                    ,Apartment deed                          ,                                        ,  ,
210080830052     ,2014/05/08,          ,2014/11/14,                    ,Fee conveyance                          ,T9083238                                ,1087754                                 ,        ,        ,                                        ,Apartment deed                          ,                                        ,  ,
210080830052     ,2014/05/08,          ,2014/11/14,                    ,Fee conveyance                          ,T9083237                                ,1087753                                 ,        ,        ,                                        ,Apartment deed                          ,                                        ,  ,
210080830052     ,2014/05/08,          ,2014/11/14,                    ,Fee conveyance                          ,T9083235                                ,1087751                                 ,        ,        ,                                        ,Apartment deed                          ,                                        ,  ,
210080830052     ,2014/05/08,          ,2014/11/14,                    ,Fee conveyance                          ,T9083236                                ,1087752                                 ,        ,        ,                                        ,Apartment deed                          ,                                        ,  ,
210080830052     ,2013/03/20,     65880,2013/08/22,                    ,Fee conveyance                          ,T8634291                                ,1065600                                 ,        ,        ,98.82                                   ,Apartment deed                          ,                                        ,  ,Improved
210080830052     ,2013/03/19,          ,2013/08/22,                    ,Fee conveyance                          ,T8634290                                ,1065599                                 ,        ,        ,0                                       ,Apartment deed                          ,                                        ,  ,
210080830052     ,2013/03/07,          ,2013/03/20,                    ,Land Court Order (all types)            ,T8479260                                ,992663                                  ,        ,        ,0                                       ,Land Court Order (all types)            ,                                        ,  ,
210080830052     ,2010/08/18,          ,2010/08/18,                    ,Route slip                              ,                                        ,                                        ,        ,        ,                                        ,Amendment of CPR, HPR or Declaration    ,                                        ,  ,Improved
210080830052     ,2010/07/01,          ,2010/08/17,                    ,Fee conveyance                          ,3989948                                 ,992663                                  ,        ,        ,0                                       ,Apartment deed                          ,                                        ,  ,
210080830052     ,2003/06/24,    565000,2003/06/24,                    ,                                        ,                                        ,                                        ,        ,        ,                                        ,                                        ,Valid Sale                              ,0 ,Improved
210080830052     ,2003/06/24,    565000,2003/06/27,                    ,Fee conveyance                          ,2949548                                 ,650815                                  ,        ,        ,565                                     ,Apartment deed                          ,                                        ,  ,
210080830052     ,1994/02/15,    311500,1994/02/23,0000000000          ,Fee conveyance                          ,2121265                                 ,432612                                  ,        ,        ,311.50                                  ,                                        ,Other                                   ,7 ,Improved
210080830052     ,1900/01/01,          ,          ,0000000000          ,                                        ,1815194                                 ,315856                                  ,        ,        ,                                        ,                                        ,                                        ,  ,
210080830053     ,2020/06/08,          ,2020/08/14,                    ,Recorded document                       ,T11183321                               ,                                        ,        ,        ,                                        ,Amendment of CPR, HPR or Declaration    ,                                        ,  ,
210080830053     ,2019/12/10,          ,2020/01/10,T10966225           ,Recorded document                       ,                                        ,                                        ,        ,        ,                                        ,Declaration of/Restatement of CPR       ,                                        ,  ,
210080830053     ,2017/12/04,          ,2017/12/22,                    ,Recorded document                       ,T10217497                               ,                                        ,        ,        ,0                                       ,Amendment of CPR, HPR or Declaration    ,                                        ,  ,
210080830053     ,2017/04/18,          ,2017/05/04,                    ,Recorded document                       ,T9985173                                ,                                        ,        ,        ,0                                       ,Amendment of CPR, HPR or Declaration    ,                                        ,  ,
210080830053     ,2014/07/21,    925000,2014/07/31,                    ,Fee conveyance                          ,T8977134                                ,1082314                                 ,        ,        ,2312.5                                  ,Apartment deed                          ,Valid Sale                              ,0 ,Improved
210080830053     ,2010/08/18,          ,2010/08/18,                    ,Route slip                              ,                                        ,                                        ,        ,        ,                                        ,Amendment of CPR, HPR or Declaration    ,                                        ,  ,
210080830053     ,2006/03/14,    865000,2006/03/29,                    ,Fee conveyance                          ,3409817                                 ,799307                                  ,        ,        ,2162.5                                  ,Apartment deed                          ,Valid Sale                              ,0 ,Improved
210080830053     ,1997/08/19,    275000,1997/08/29,0000000000          ,Fee conveyance                          ,2400157                                 ,496782                                  ,        ,        ,275.00                                  ,                                        ,Valid Sale                              ,0 ,Improved
210080830053     ,1995/02/27,    290500,1995/03/21,0000000000          ,Fee conveyance                          ,2225553                                 ,454105                                  ,        ,        ,290.50                                  ,                                        ,Valid Sale                              ,0 ,Improved
210080830053     ,1900/01/01,          ,          ,0000000000          ,                                        ,1815194                                 ,315856                                  ,        ,        ,                                        ,                                        ,Valid Sale                              ,0 ,
210080830054     ,2020/06/08,          ,2020/08/14,                    ,Recorded document                       ,T11183321                               ,                                        ,        ,        ,                                        ,Amendment of CPR, HPR or Declaration    ,                                        ,  ,
210080830054     ,2019/12/10,          ,2020/01/10,T10966225           ,Recorded document                       ,                                        ,                                        ,        ,        ,                                        ,Declaration of/Restatement of CPR       ,                                        ,  ,
210080830054     ,2019/03/11,        10,2019/03/12,                    ,Fee conveyance                          ,T10662215                               ,1172654                                 ,        ,        ,1                                       ,Quitclaim apartment deed                ,Related individuals                     ,4 ,
210080830054     ,2017/12/04,          ,2017/12/22,                    ,Recorded document                       ,T10217497                               ,                                        ,        ,        ,0                                       ,Amendment of CPR, HPR or Declaration    ,                                        ,  ,
210080830054     ,2017/04/18,          ,2017/05/04,                    ,Recorded document                       ,T9985173                                ,                                        ,        ,        ,0                                       ,Amendment of CPR, HPR or Declaration    ,                                        ,  ,
210080830054     ,2012/03/19,    685000,2012/03/30,                    ,Fee conveyance                          ,T8124289                                ,1040396                                 ,        ,        ,1712.5                                  ,Apartment deed                          ,Valid Sale                              ,0 ,Improved
210080830054     ,2012/03/07,          ,2012/03/30,                    ,Land Court Order (all types)            ,T8124288                                ,729171                                  ,        ,        ,0                                       ,Land Court Order (all types)            ,                                        ,  ,
210080830054     ,2010/08/18,          ,2010/08/18,                    ,Route slip                              ,                                        ,                                        ,        ,        ,                                        ,Amendment of CPR, HPR or Declaration    ,                                        ,  ,
210080830054     ,2004/12/16,    775000,2004/12/27,                    ,Fee conveyance                          ,3210584                                 ,729171                                  ,        ,        ,775                                     ,Apartment deed                          ,Other                                   ,7 ,Improved
210080830054     ,2004/03/11,    775000,2004/03/16,                    ,Fee conveyance                          ,3083497                                 ,688693                                  ,        ,        ,775000                                  ,Apartment deed                          ,Valid Sale                              ,0 ,Improved
210080830054     ,1995/01/31,          ,1995/02/03,0000000000          ,Fee conveyance                          ,2216521                                 ,452290                                  ,        ,        ,0.00                                    ,                                        ,                                        ,  ,
210080830054     ,1993/05/12,    445000,1993/05/14,0000000000          ,Fee conveyance                          ,2024009                                 ,413611                                  ,        ,        ,222.50                                  ,                                        ,                                        ,  ,
210080830054     ,1900/01/01,          ,          ,0000000000          ,                                        ,1815194                                 ,315856                                  ,        ,        ,                                        ,                                        ,                                        ,  ,
210080830055     ,2026/01/05,   1250000,2026/01/09,                    ,Fee conveyance                          ,T13157100                               ,1295255                                 ,        ,        ,5000                                    ,Apartment deed                          ,Valid Sale                              ,0 ,
210080830055     ,2020/06/08,          ,2020/08/14,                    ,Recorded document                       ,T11183321                               ,                                        ,        ,        ,                                        ,Amendment of CPR, HPR or Declaration    ,                                        ,  ,
210080830055     ,2019/12/10,          ,2020/01/10,T10966225           ,Recorded document                       ,                                        ,                                        ,        ,        ,                                        ,Declaration of/Restatement of CPR       ,                                        ,  ,
210080830055     ,2018/02/06,          ,2018/02/15,                    ,Fee conveyance                          ,T10272220                               ,1151825                                 ,        ,        ,0                                       ,Quitclaim apartment deed                ,                                        ,  ,
210080830055     ,2017/12/04,          ,2017/12/22,                    ,Recorded document                       ,T10217497                               ,                                        ,        ,        ,0                                       ,Amendment of CPR, HPR or Declaration    ,                                        ,  ,
210080830055     ,2017/04/18,          ,2017/05/04,                    ,Recorded document                       ,T9985173                                ,                                        ,        ,        ,0                                       ,Amendment of CPR, HPR or Declaration    ,                                        ,  ,
210080830055     ,2014/06/23,    750000,2014/07/16,                    ,Fee conveyance                          ,T8962056                                ,1081498                                 ,        ,        ,1875                                    ,Apartment deed                          ,Valid Sale                              ,0 ,Improved
210080830055     ,2010/08/18,          ,2010/08/18,                    ,Route slip                              ,                                        ,                                        ,        ,        ,                                        ,Amendment of CPR, HPR or Declaration    ,                                        ,  ,
210080830055     ,2005/03/16,          ,2005/03/31,                    ,Fee conveyance                          ,3247871                                 ,740970                                  ,        ,        ,762                                     ,Apartment deed                          ,                                        ,  ,
210080830055     ,2005/03/16,          ,2005/04/07,                    ,Fee conveyance                          ,3251020                                 ,742217                                  ,        ,        ,0                                       ,Apartment deed                          ,                                        ,  ,
210080830055     ,1999/07/22,    269000,1999/07/29,0000000000          ,Fee conveyance                          ,2563671                                 ,536,420                                 ,        ,        ,269.00                                  ,                                        ,Valid Sale                              ,0 ,Improved
210080830055     ,1996/12/13,    222200,1996/12/26,0000000000          ,Fee conveyance                          ,2356149                                 ,485252                                  ,        ,        ,222.20                                  ,                                        ,Valid Sale                              ,0 ,Improved
210080830055     ,1900/01/01,          ,          ,0000000000          ,                                        ,1815194                                 ,315856                                  ,        ,        ,                                        ,                                        ,                                        ,  ,
210080830056     ,2020/06/08,          ,2020/08/14,                    ,Recorded document                       ,T11183321                               ,                                        ,        ,        ,                                        ,Amendment of CPR, HPR or Declaration    ,                                        ,  ,
210080830056     ,2019/12/10,          ,2020/01/10,T10966225           ,Recorded document                       ,                                        ,                                        ,        ,        ,                                        ,Declaration of/Restatement of CPR       ,                                        ,  ,
210080830056     ,2017/12/04,          ,2017/12/22,                    ,Recorded document                       ,T10217497                               ,                                        ,        ,        ,0                                       ,Amendment of CPR, HPR or Declaration    ,                                        ,  ,
210080830056     ,2017/04/18,          ,2017/05/04,                    ,Recorded document                       ,T9985173                                ,                                        ,        ,        ,0                                       ,Amendment of CPR, HPR or Declaration    ,                                        ,  ,
210080830056     ,2017/02/24,    726500,2017/03/06,                    ,Fee conveyance                          ,T9926068                                ,1132523                                 ,        ,        ,1816.3                                  ,Apartment deed                          ,Valid Sale                              ,0 ,Improved
210080830056     ,2010/08/18,          ,2010/08/18,                    ,Route slip                              ,                                        ,                                        ,        ,        ,                                        ,Amendment of CPR, HPR or Declaration    ,                                        ,  ,
210080830056     ,2003/08/20,    450000,2003/08/26,                    ,Fee conveyance                          ,2982094                                 ,661413                                  ,        ,        ,450                                     ,Apartment deed                          ,Valid Sale                              ,0 ,Improved
210080830056     ,1994/03/28,    266500,1994/03/31,0000000000          ,Fee conveyance                          ,2133793                                 ,435130                                  ,        ,        ,266.50                                  ,                                        ,Valid                                   ,X ,Improved
210080830056     ,1900/01/01,          ,          ,0000000000          ,                                        ,1815194                                 ,315856                                  ,        ,        ,                                        ,                                        ,                                        ,  ,
210080830057     ,2021/06/29,          ,2021/08/25,                    ,Fee conveyance                          ,T11559349                               ,1220454                                 ,        ,        ,                                        ,Apartment deed                          ,                                        ,  ,
210080830057     ,2021/03/31,   1310000,2021/04/08,                    ,Fee conveyance                          ,T11420041                               ,1211207                                 ,        ,        ,5240                                    ,Apartment deed                          ,Valid Sale                              ,0 ,Improved
210080830057     ,2020/06/08,          ,2020/08/14,                    ,Recorded document                       ,T11183321                               ,                                        ,        ,        ,                                        ,Amendment of CPR, HPR or Declaration    ,                                        ,  ,
210080830057     ,2019/12/10,          ,2020/01/10,T10966225           ,Recorded document                       ,                                        ,                                        ,        ,        ,                                        ,Declaration of/Restatement of CPR       ,                                        ,  ,
210080830057     ,2017/12/04,          ,2017/12/22,                    ,Recorded document                       ,T10217497                               ,                                        ,        ,        ,0                                       ,Amendment of CPR, HPR or Declaration    ,                                        ,  ,
210080830057     ,2017/04/18,          ,2017/05/04,                    ,Recorded document                       ,T9985173                                ,                                        ,        ,        ,0                                       ,Amendment of CPR, HPR or Declaration    ,                                        ,  ,
210080830057     ,2010/08/18,          ,2010/08/18,                    ,Route slip                              ,                                        ,                                        ,        ,        ,                                        ,Amendment of CPR, HPR or Declaration    ,                                        ,  ,
210080830057     ,2007/01/05,          ,2007/02/20,                    ,Fee conveyance                          ,3562655                                 ,846175                                  ,        ,        ,0                                       ,Quitclaim deed                          ,                                        ,  ,
210080830057     ,2000/03/17,    590000,2000/03/31,0000000000          ,Fee conveyance                          ,2616175                                 ,551,419                                 ,        ,        ,590.00                                  ,                                        ,Valid                                   ,X ,Improved
210080830057     ,1996/12/10,    333300,1996/12/31,0000000000          ,Fee conveyance                          ,2358305                                 ,485867                                  ,        ,        ,333.30                                  ,                                        ,Developer sale                          ,8 ,Improved
210080830057     ,1900/01/01,          ,          ,0000000000          ,                                        ,1815194                                 ,315856                                  ,        ,        ,                                        ,                                        ,                                        ,  ,
210080830058     ,2020/06/08,          ,2020/08/14,                    ,Recorded document                       ,T11183321                               ,                                        ,        ,        ,                                        ,Amendment of CPR, HPR or Declaration    ,                                        ,  ,
210080830058     ,2019/12/10,          ,2020/01/10,T10966225           ,Recorded document                       ,                                        ,                                        ,        ,        ,                                        ,Declaration of/Restatement of CPR       ,                                        ,  ,
210080830058     ,2017/12/04,          ,2017/12/22,                    ,Recorded document                       ,T10217497                               ,                                        ,        ,        ,0                                       ,Amendment of CPR, HPR or Declaration    ,                                        ,  ,
210080830058     ,2017/04/18,          ,2017/05/04,                    ,Recorded document                       ,T9985173                                ,                                        ,        ,        ,0                                       ,Amendment of CPR, HPR or Declaration    ,                                        ,  ,
210080830058     ,2010/08/18,          ,2010/08/18,                    ,Route slip                              ,                                        ,                                        ,        ,        ,                                        ,Amendment of CPR, HPR or Declaration    ,                                        ,  ,
210080830058     ,2005/02/25,          ,2005/03/02,                    ,Fee conveyance                          ,3236159                                 ,736904                                  ,        ,        ,0                                       ,Apartment deed                          ,Other                                   ,7 ,Improved
210080830058     ,2005/02/25,         0,2005/03/11,                    ,Fee conveyance                          ,3239677                                 ,737983                                  ,        ,        ,0                                       ,Apartment deed                          ,Other                                   ,7 ,Improved
210080830058     ,2000/11/14,    750000,2000/12/04,                    ,Fee conveyance                          ,2668310                                 ,453825                                  ,        ,        ,750.00                                  ,Apartment deed                          ,Valid Sale                              ,0 ,Improved
210080830058     ,1995/02/09,    598500,1995/03/14,0000000000          ,Fee conveyance                          ,2224120                                 ,453825                                  ,        ,        ,598.50                                  ,                                        ,Other                                   ,7 ,Improved
210080830058     ,1900/01/01,          ,          ,0000000000          ,                                        ,1815194                                 ,315856                                  ,        ,        ,                                        ,                                        ,                                        ,  ,
210080830059     ,2025/10/28,          ,2025/11/10,                    ,Fee conveyance                          ,T13097147                               ,1292901                                 ,        ,        ,                                        ,Warranty deed                           ,                                        ,  ,
210080830059     ,2025/09/16,          ,2025/09/16,                    ,Land Court Order (all types)            ,T13042185                               ,                                        ,        ,        ,                                        ,Land Court Order (all types)            ,                                        ,  ,
210080830059     ,2020/06/08,          ,2020/08/14,                    ,Recorded document                       ,T11183321                               ,                                        ,        ,        ,                                        ,Amendment of CPR, HPR or Declaration    ,                                        ,  ,
210080830059     ,2019/12/10,          ,2020/01/10,T10966225           ,Recorded document                       ,                                        ,                                        ,        ,        ,                                        ,Declaration of/Restatement of CPR       ,                                        ,  ,
210080830059     ,2017/12/04,          ,2017/12/22,                    ,Recorded document                       ,T10217497                               ,                                        ,        ,        ,0                                       ,Amendment of CPR, HPR or Declaration    ,                                        ,  ,
210080830059     ,2017/04/18,          ,2017/05/04,                    ,Recorded document                       ,T9985173                                ,                                        ,        ,        ,0                                       ,Amendment of CPR, HPR or Declaration    ,                                        ,  ,
210080830059     ,2010/08/18,          ,2010/08/18,                    ,Route slip                              ,                                        ,                                        ,        ,        ,                                        ,Amendment of CPR, HPR or Declaration    ,                                        ,  ,
210080830059     ,2005/03/18,   1250000,2005/03/22,                    ,Fee conveyance                          ,3244016                                 ,739491                                  ,        ,        ,1250                                    ,Apartment deed                          ,Valid Sale                              ,0 ,Improved
210080830059     ,2003/02/03,    800000,2003/02/07,                    ,Fee conveyance                          ,2889873                                 ,636487                                  ,        ,        ,800                                     ,Apartment deed                          ,Valid Sale                              ,0 ,Improved
210080830059     ,1997/03/13,    290000,1997/03/21,0000000000          ,Fee conveyance                          ,2371405                                 ,489084                                  ,        ,        ,290.00                                  ,                                        ,Developer sale                          ,8 ,Improved
210080830059     ,1900/01/01,          ,          ,0000000000          ,                                        ,1815194                                 ,315856                                  ,        ,        ,                                        ,                                        ,                                        ,  ,
210080830060     ,2020/06/08,          ,2020/08/14,                    ,Recorded document                       ,T11183321                               ,                                        ,        ,        ,                                        ,Amendment of CPR, HPR or Declaration    ,                                        ,  ,
210080830060     ,2019/12/10,          ,2020/01/10,T10966225           ,Recorded document                       ,                                        ,                                        ,        ,        ,                                        ,Declaration of/Restatement of CPR       ,                                        ,  ,
210080830060     ,2019/01/23,   1450000,2019/01/31,                    ,Fee conveyance                          ,T10622125                               ,1170757                                 ,        ,        ,5800                                    ,Apartment deed                          ,Valid Sale                              ,0 ,Improved
210080830060     ,2017/12/04,          ,2017/12/22,                    ,Recorded document                       ,T10217497                               ,                                        ,        ,        ,0                                       ,Amendment of CPR, HPR or Declaration    ,                                        ,  ,
210080830060     ,2017/11/02,   1375000,2017/11/15,                    ,Fee conveyance                          ,T10180033                               ,1146886                                 ,        ,        ,5500                                    ,Apartment deed                          ,Valid Sale                              ,0 ,Improved
210080830060     ,2017/04/18,          ,2017/05/04,                    ,Recorded document                       ,T9985173                                ,                                        ,        ,        ,0                                       ,Amendment of CPR, HPR or Declaration    ,                                        ,  ,
210080830060     ,2013/04/26,   1400000,2013/05/09,                    ,Fee conveyance                          ,T8529222                                ,1060139                                 ,        ,        ,5600                                    ,Apartment deed                          ,Valid Sale                              ,0 ,Improved
210080830060     ,2010/08/18,          ,2010/08/18,                    ,Route slip                              ,                                        ,                                        ,        ,        ,                                        ,Amendment of CPR, HPR or Declaration    ,                                        ,  ,
210080830060     ,2005/06/14,   1360000,2005/06/17,                    ,Fee conveyance                          ,3283792                                 ,754144                                  ,        ,        ,1360                                    ,Warranty deed                           ,Valid Sale                              ,0 ,Improved
210080830060     ,1996/12/10,    375000,1996/12/20,0000000000          ,Fee conveyance                          ,2355170                                 ,484987                                  ,        ,        ,375.00                                  ,                                        ,Developer sale                          ,8 ,Improved
210080830060     ,1900/01/01,          ,          ,0000000000          ,                                        ,1815194                                 ,315856                                  ,        ,        ,                                        ,                                        ,                                        ,  ,
210080830061     ,2020/06/08,          ,2020/08/14,                    ,Recorded document                       ,T11183321                               ,                                        ,        ,        ,                                        ,Amendment of CPR, HPR or Declaration    ,                                        ,  ,
210080830061     ,2019/12/10,          ,2020/01/10,T10966225           ,Recorded document                       ,                                        ,                                        ,        ,        ,                                        ,Declaration of/Restatement of CPR       ,                                        ,  ,
210080830061     ,2018/02/09,          ,2018/02/16,                    ,Fee conveyance                          ,T10273032                               ,1151786                                 ,        ,        ,0                                       ,Apartment deed                          ,                                        ,  ,
210080830061     ,2017/12/04,          ,2017/12/22,                    ,Recorded document                       ,T10217497                               ,                                        ,        ,        ,0                                       ,Amendment of CPR, HPR or Declaration    ,                                        ,  ,
210080830061     ,2017/04/18,          ,2017/05/04,                    ,Recorded document                       ,T9985173                                ,                                        ,        ,        ,0                                       ,Amendment of CPR, HPR or Declaration    ,                                        ,  ,
210080830061     ,2012/04/26,     60000,2012/05/02,                    ,Fee conveyance                          ,T8157046                                ,1041785                                 ,        ,        ,90                                      ,Apartment deed                          ,Related individuals                     ,4 ,Improved
210080830061     ,2010/08/18,          ,2010/08/18,                    ,Route slip                              ,                                        ,                                        ,        ,        ,                                        ,Amendment of CPR, HPR or Declaration    ,                                        ,  ,
210080830061     ,2008/03/12,          ,2008/03/28,                    ,Land Court Order (all types)            ,174252                                  ,615283                                  ,        ,        ,                                        ,Land Court Order (all types)            ,                                        ,  ,
210080830061     ,2008/03/07,          ,2008/03/28,                    ,Fee conveyance                          ,3727394                                 ,900954                                  ,        ,        ,0                                       ,Deed                                    ,                                        ,  ,
210080830061     ,2002/06/07,    920000,2002/06/25,                    ,Fee conveyance                          ,2817255                                 ,615283                                  ,        ,        ,920.00                                  ,Warranty deed                           ,                                        ,  ,
210080830061     ,2001/10/09,      1000,2002/10/18,                    ,Fee conveyance                          ,2796610                                 ,609026                                  ,        ,        ,1.28                                    ,Apartment deed                          ,Related individuals                     ,4 ,
210080830061     ,1998/04/18,          ,1998/06/05,0000000000          ,Fee conveyance                          ,2461909                                 ,511244                                  ,        ,        ,0.00                                    ,                                        ,                                        ,  ,
210080830061     ,1996/08/08,    536200,1996/08/15,0000000000          ,A/S on fee                              ,2329901                                 ,440208                                  ,        ,        ,500.00                                  ,                                        ,Developer sale                          ,8 ,Improved
210080830061     ,1994/06/24,    605500,1994/06/29,0000000000          ,Fee conveyance                          ,2159472                                 ,440208                                  ,        ,        ,605.50                                  ,                                        ,Other                                   ,7 ,Improved
210080830061     ,1900/01/01,          ,          ,0000000000          ,                                        ,1815194                                 ,315856                                  ,        ,        ,                                        ,                                        ,                                        ,  ,
210080830062     ,2025/06/16,   2550000,2025/04/02,                    ,Fee conveyance                          ,T12875074                               ,1282963                                 ,        ,        ,15300                                   ,Apartment deed                          ,Valid Sale                              ,0 ,Improved
210080830062     ,2022/06/16,   2550000,2022/06/20,                    ,Fee conveyance                          ,T11858043                               ,1238957                                 ,        ,        ,15300                                   ,Apartment deed                          ,Valid Sale                              ,0 ,Improved
210080830062     ,2020/06/08,          ,2020/08/14,                    ,Recorded document                       ,T11183321                               ,                                        ,        ,        ,                                        ,Amendment of CPR, HPR or Declaration    ,                                        ,  ,
210080830062     ,2019/12/10,          ,2020/01/10,T10966225           ,Recorded document                       ,                                        ,                                        ,        ,        ,                                        ,Declaration of/Restatement of CPR       ,                                        ,  ,
210080830062     ,2017/12/04,          ,2017/12/22,                    ,Recorded document                       ,T10217497                               ,                                        ,        ,        ,0                                       ,Amendment of CPR, HPR or Declaration    ,                                        ,  ,
210080830062     ,2017/04/18,          ,2017/05/04,                    ,Recorded document                       ,T9985173                                ,                                        ,        ,        ,0                                       ,Amendment of CPR, HPR or Declaration    ,                                        ,  ,
210080830062     ,2012/10/25,          ,2012/10/31,                    ,Fee conveyance                          ,T8339353                                ,1050225                                 ,        ,        ,0                                       ,Quitclaim apartment deed                ,                                        ,  ,
210080830062     ,2010/08/18,          ,2010/08/18,                    ,Route slip                              ,                                        ,                                        ,        ,        ,                                        ,Amendment of CPR, HPR or Declaration    ,                                        ,  ,
210080830062     ,1998/04/28,    618000,1998/05/01,0000000000          ,Fee conveyance                          ,2453897                                 ,509292                                  ,        ,        ,618.00                                  ,                                        ,Other                                   ,7 ,Improved
210080830062     ,1994/03/02,    651000,1994/03/31,0000000000          ,Fee conveyance                          ,2133261                                 ,434990                                  ,        ,        ,651.00                                  ,                                        ,                                        ,  ,
210080830062     ,1900/01/01,          ,          ,0000000000          ,                                        ,1815194                                 ,315856                                  ,        ,        ,                                        ,                                        ,                                        ,  ,
210080830063     ,2020/06/08,          ,2020/08/14,                    ,Recorded document                       ,T11183321                               ,                                        ,        ,        ,                                        ,Amendment of CPR, HPR or Declaration    ,                                        ,  ,
210080830063     ,2019/12/10,          ,2020/01/10,T10966225           ,Recorded document                       ,                                        ,                                        ,        ,        ,                                        ,Declaration of/Restatement of CPR       ,                                        ,  ,
210080830063     ,2017/12/04,          ,2017/12/22,                    ,Recorded document                       ,T10217497                               ,                                        ,        ,        ,0                                       ,Amendment of CPR, HPR or Declaration    ,                                        ,  ,
210080830063     ,2017/04/18,          ,2017/05/04,                    ,Recorded document                       ,T9985173                                ,                                        ,        ,        ,0                                       ,Amendment of CPR, HPR or Declaration    ,                                        ,  ,
210080830063     ,2010/08/18,          ,2010/08/18,                    ,Route slip                              ,                                        ,                                        ,        ,        ,                                        ,Amendment of CPR, HPR or Declaration    ,                                        ,  ,
210080830063     ,1998/09/10,    323200,2000/09/11,                    ,Fee conveyance                          ,2649842                                 ,562,890                                 ,        ,        ,323.20                                  ,Apartment deed                          ,                                        ,  ,
210080830063     ,1997/04/22,    323200,1997/06/02,0000000000          ,Fee conveyance                          ,2384111                                 ,492627                                  ,        ,        ,323.20                                  ,                                        ,Developer sale                          ,8 ,Improved
210080830063     ,1900/01/01,          ,          ,0000000000          ,                                        ,1815194                                 ,315856                                  ,        ,        ,                                        ,                                        ,                                        ,  ,
210080830064     ,2023/02/01,   2050000,2023/02/06,                    ,Fee conveyance                          ,T12089032                               ,1249635                                 ,        ,        ,12300                                   ,Apartment deed                          ,Other                                   ,2 ,Improved
210080830064     ,2020/06/08,          ,2020/08/14,                    ,Recorded document                       ,T11183321                               ,                                        ,        ,        ,                                        ,Amendment of CPR, HPR or Declaration    ,                                        ,  ,
210080830064     ,2019/12/10,          ,2020/01/10,T10966225           ,Recorded document                       ,                                        ,                                        ,        ,        ,                                        ,Declaration of/Restatement of CPR       ,                                        ,  ,
210080830064     ,2017/12/04,          ,2017/12/22,                    ,Recorded document                       ,T10217497                               ,                                        ,        ,        ,0                                       ,Amendment of CPR, HPR or Declaration    ,                                        ,  ,
210080830064     ,2017/04/18,          ,2017/05/04,                    ,Recorded document                       ,T9985173                                ,                                        ,        ,        ,0                                       ,Amendment of CPR, HPR or Declaration    ,                                        ,  ,
210080830064     ,2014/12/22,   1040000,2014/12/26,                    ,Fee conveyance                          ,T9125044                                ,1090033                                 ,        ,        ,4160                                    ,Apartment deed                          ,Valid Sale                              ,0 ,Improved
210080830064     ,2010/08/18,          ,2010/08/18,                    ,Route slip                              ,                                        ,                                        ,        ,        ,                                        ,Amendment of CPR, HPR or Declaration    ,                                        ,  ,Improved
210080830064     ,2003/07/03,    965000,2003/07/15,                    ,Fee conveyance                          ,2959060                                 ,654343                                  ,        ,        ,965                                     ,Apartment deed                          ,Valid Sale                              ,0 ,Improved
210080830064     ,1999/06/01,    425000,1999/06/10,0000000000          ,Fee conveyance                          ,2551072                                 ,533242                                  ,        ,        ,425.00                                  ,                                        ,Valid Sale                              ,0 ,Improved
210080830064     ,1997/03/08,    353500,1997/03/14,0000000000          ,Fee conveyance                          ,2370280                                 ,488741                                  ,        ,        ,353.50                                  ,                                        ,Valid Sale                              ,0 ,Improved
210080830064     ,1900/01/01,          ,          ,0000000000          ,                                        ,1815194                                 ,315856                                  ,        ,        ,                                        ,                                        ,                                        ,  ,Improved
210080830065     ,2023/12/19,       100,2023/12/26,                    ,Fee conveyance                          ,T12412017                               ,1262779                                 ,        ,        ,1.5                                     ,Apartment deed                          ,Other                                   ,2 ,
210080830065     ,2023/10/09,   2595000,2023/10/13,                    ,Fee conveyance                          ,T12338093                               ,1259858                                 ,        ,        ,12975                                   ,Apartment deed                          ,Valid Sale                              ,0 ,Improved
210080830065     ,2020/06/08,          ,2020/08/14,                    ,Recorded document                       ,T11183321                               ,                                        ,        ,        ,                                        ,Amendment of CPR, HPR or Declaration    ,                                        ,  ,
210080830065     ,2019/12/10,          ,2020/01/10,T10966225           ,Recorded document                       ,                                        ,                                        ,        ,        ,                                        ,Declaration of/Restatement of CPR       ,                                        ,  ,
210080830065     ,2018/01/25,      1000,2018/02/05,                    ,Fee conveyance                          ,T10262033                               ,1151245                                 ,        ,        ,1.5                                     ,Apartment deed                          ,                                        ,  ,
210080830065     ,2017/12/04,          ,2017/12/22,                    ,Recorded document                       ,T10217497                               ,                                        ,        ,        ,0                                       ,Amendment of CPR, HPR or Declaration    ,                                        ,  ,
210080830065     ,2017/04/18,          ,2017/05/04,                    ,Recorded document                       ,T9985173                                ,                                        ,        ,        ,0                                       ,Amendment of CPR, HPR or Declaration    ,                                        ,  ,
210080830065     ,2016/04/15,   1425000,2016/04/20,                    ,Fee conveyance                          ,T9606035                                ,1114917                                 ,        ,        ,5700                                    ,Apartment deed                          ,Unvalidated                             ,9 ,Improved
210080830065     ,2010/08/18,          ,2010/08/18,                    ,Route slip                              ,                                        ,                                        ,        ,        ,                                        ,Amendment of CPR, HPR or Declaration    ,                                        ,  ,
210080830065     ,2001/03/07,    745000,2001/03/16,                    ,Fee conveyance                          ,2690222                                 ,576,798                                 ,        ,        ,745.00                                  ,Apartment deed                          ,Valid Sale                              ,0 ,Improved
210080830065     ,2000/03/06,    490000,2000/03/15,0000000000          ,Fee conveyance                          ,2612683                                 ,550,295                                 ,        ,        ,490.00                                  ,                                        ,Valid                                   ,X ,Improved
210080830065     ,1997/02/27,    328250,1997/02/28,0000000000          ,Fee conveyance                          ,2367968                                 ,488161                                  ,        ,        ,328.30                                  ,                                        ,Developer sale                          ,8 ,Improved
210080830065     ,1900/01/01,          ,          ,0000000000          ,                                        ,1815194                                 ,315856                                  ,        ,        ,                                        ,                                        ,                                        ,  ,
210080830066     ,2020/06/08,          ,2020/08/14,                    ,Recorded document                       ,T11183321                               ,                                        ,        ,        ,                                        ,Amendment of CPR, HPR or Declaration    ,                                        ,  ,
210080830066     ,2019/12/10,          ,2020/01/10,T10966225           ,Recorded document                       ,                                        ,                                        ,        ,        ,                                        ,Declaration of/Restatement of CPR       ,                                        ,  ,
210080830066     ,2017/12/04,          ,2017/12/22,                    ,Recorded document                       ,T10217497                               ,                                        ,        ,        ,0                                       ,Amendment of CPR, HPR or Declaration    ,                                        ,  ,
210080830066     ,2017/04/18,          ,2017/05/04,                    ,Recorded document                       ,T9985173                                ,                                        ,        ,        ,0                                       ,Amendment of CPR, HPR or Declaration    ,                                        ,  ,
210080830066     ,2011/04/20,          ,2011/04/25,                    ,Land Court Order (all types)            ,186767                                  ,526749                                  ,        ,        ,                                        ,Land Court Order (all types)            ,Related individuals                     ,4 ,Improved
210080830066     ,2010/08/18,          ,2010/08/18,                    ,Route slip                              ,                                        ,                                        ,        ,        ,                                        ,Amendment of CPR, HPR or Declaration    ,                                        ,  ,
210080830066     ,1999/02/19,    425000,1999/02/25,0000000000          ,Fee conveyance                          ,2523749                                 ,486,900                                 ,        ,        ,425.00                                  ,                                        ,Valid                                   ,X ,Improved
210080830066     ,1997/01/14,    353500,1997/01/30,0000000000          ,Fee conveyance                          ,2362909                                 ,486900                                  ,        ,        ,353.50                                  ,                                        ,Developer sale                          ,8 ,Improved
210080830066     ,1900/01/01,          ,          ,0000000000          ,                                        ,1815194                                 ,315856                                  ,        ,        ,                                        ,                                        ,                                        ,  ,
210080830067     ,2023/01/09,          ,2023/01/17,                    ,Fee conveyance                          ,T12069176                               ,1249013                                 ,        ,        ,                                        ,Limited warranty/apartment deed         ,                                        ,  ,
210080830067     ,2022/11/21,          ,2022/12/06,                    ,Land Court Order (all types)            ,T12027131                               ,                                        ,        ,        ,                                        ,Land Court Order (all types)            ,                                        ,  ,
210080830067     ,2020/06/08,          ,2020/08/14,                    ,Recorded document                       ,T11183321                               ,                                        ,        ,        ,                                        ,Amendment of CPR, HPR or Declaration    ,                                        ,  ,
210080830067     ,2019/12/10,          ,2020/01/10,T10966225           ,Recorded document                       ,                                        ,                                        ,        ,        ,                                        ,Declaration of/Restatement of CPR       ,                                        ,  ,
210080830067     ,2017/12/04,          ,2017/12/22,                    ,Recorded document                       ,T10217497                               ,                                        ,        ,        ,0                                       ,Amendment of CPR, HPR or Declaration    ,                                        ,  ,
210080830067     ,2017/04/18,          ,2017/05/04,                    ,Recorded document                       ,T9985173                                ,                                        ,        ,        ,0                                       ,Amendment of CPR, HPR or Declaration    ,                                        ,  ,
210080830067     ,2010/08/18,          ,2010/08/18,                    ,Route slip                              ,                                        ,                                        ,        ,        ,                                        ,Amendment of CPR, HPR or Declaration    ,                                        ,  ,
210080830067     ,2004/05/04,  11745030,2004/05/06,                    ,Fee conveyance                          ,3106072                                 ,695894                                  ,        ,        ,1174.5                                  ,Apartment deed                          ,                                        ,  ,
210080830067     ,2004/03/15,   1160000,2004/03/19,                    ,Fee conveyance                          ,3085651                                 ,689405                                  ,        ,        ,1160                                    ,Apartment deed                          ,Valid Sale                              ,0 ,Improved
210080830067     ,2003/06/02,          ,2003/09/23,                    ,Fee conveyance                          ,2997493                                 ,665609                                  ,        ,        ,0                                       ,Warranty deed                           ,Related individuals                     ,4 ,Improved
210080830067     ,2003/06/02,          ,2003/06/10,                    ,Fee conveyance                          ,2940593                                 ,648737                                  ,        ,        ,0                                       ,Warranty deed                           ,Related individuals                     ,4 ,Improved
210080830067     ,1999/03/23,          ,1999/03/30,0000000000          ,Fee conveyance                          ,2531549                                 ,528579                                  ,        ,        ,0.00                                    ,                                        ,                                        ,  ,
210080830067     ,1999/03/23,          ,1999/04/26,0000000000          ,Fee conveyance                          ,2538388                                 ,530,284                                 ,        ,        ,0.00                                    ,                                        ,                                        ,  ,
210080830067     ,1997/03/06,    450000,1997/03/14,0000000000          ,Fee conveyance                          ,2370466                                 ,336088                                  ,        ,        ,450.00                                  ,                                        ,Developer sale                          ,8 ,Improved
210080830067     ,1900/01/01,          ,          ,0000000000          ,                                        ,1815194                                 ,315856                                  ,        ,        ,                                        ,                                        ,                                        ,  ,
210080830068     ,2020/06/08,          ,2020/08/14,                    ,Recorded document                       ,T11183321                               ,                                        ,        ,        ,                                        ,Amendment of CPR, HPR or Declaration    ,                                        ,  ,
210080830068     ,2019/12/10,          ,2020/01/10,T10966225           ,Recorded document                       ,                                        ,                                        ,        ,        ,                                        ,Declaration of/Restatement of CPR       ,                                        ,  ,
210080830068     ,2017/12/04,          ,2017/12/22,                    ,Recorded document                       ,T10217497                               ,                                        ,        ,        ,0                                       ,Amendment of CPR, HPR or Declaration    ,                                        ,  ,
210080830068     ,2017/04/18,          ,2017/05/04,                    ,Recorded document                       ,T9985173                                ,                                        ,        ,        ,0                                       ,Amendment of CPR, HPR or Declaration    ,                                        ,  ,
210080830068     ,2016/12/22,   1400000,2016/12/30,                    ,Fee conveyance                          ,T9860154                                ,1129380                                 ,        ,        ,4200                                    ,Apartment deed                          ,Valid Sale                              ,0 ,Improved
210080830068     ,2016/04/22,          ,2016/04/26,                    ,Land Court Order (all types)            ,T9612118                                ,944720                                  ,        ,        ,0                                       ,Land Court Order (all types)            ,                                        ,  ,
210080830068     ,2015/05/13,          ,2016/05/11,                    ,Fee conveyance                          ,T9627327                                ,1116444                                 ,        ,        ,0                                       ,Apartment deed                          ,                                        ,  ,
210080830068     ,2010/08/18,          ,2010/08/18,                    ,Route slip                              ,                                        ,                                        ,        ,        ,                                        ,Amendment of CPR, HPR or Declaration    ,                                        ,  ,
210080830068     ,2009/03/20,   1715000,2009/05/06,                    ,Fee conveyance                          ,3854706                                 ,944720                                  ,        ,        ,5145                                    ,Apartment deed                          ,Valid Sale                              ,0 ,Improved
210080830068     ,1994/03/11,    661000,1994/03/29,0000000000          ,Fee conveyance                          ,2132031                                 ,434749                                  ,        ,        ,661.00                                  ,                                        ,Other                                   ,7 ,Improved
210080830068     ,1900/01/01,          ,          ,0000000000          ,                                        ,1815194                                 ,315856                                  ,        ,        ,                                        ,                                        ,                                        ,  ,
210080830069     ,2020/06/08,          ,2020/08/14,                    ,Recorded document                       ,T11183321                               ,                                        ,        ,        ,                                        ,Amendment of CPR, HPR or Declaration    ,                                        ,  ,
210080830069     ,2019/12/10,          ,2020/01/10,T10966225           ,Recorded document                       ,                                        ,                                        ,        ,        ,                                        ,Declaration of/Restatement of CPR       ,                                        ,  ,
210080830069     ,2017/12/04,          ,2017/12/22,                    ,Recorded document                       ,T10217497                               ,                                        ,        ,        ,0                                       ,Amendment of CPR, HPR or Declaration    ,                                        ,  ,
210080830069     ,2017/04/18,          ,2017/05/04,                    ,Recorded document                       ,T9985173                                ,                                        ,        ,        ,0                                       ,Amendment of CPR, HPR or Declaration    ,                                        ,  ,
210080830069     ,2010/08/18,          ,2010/08/18,                    ,Route slip                              ,                                        ,                                        ,        ,        ,                                        ,Amendment of CPR, HPR or Declaration    ,                                        ,  ,
210080830069     ,1997/04/24,    338350,1997/05/07,0000000000          ,Fee conveyance                          ,2379655                                 ,336.088                                 ,        ,        ,338.40                                  ,                                        ,Developer sale                          ,8 ,Improved
210080830069     ,1900/01/01,          ,          ,0000000000          ,                                        ,1815194                                 ,315856                                  ,        ,        ,                                        ,                                        ,                                        ,  ,
210080830070     ,2023/08/18,          ,2023/09/13,                    ,Fee conveyance                          ,T12308140                               ,1258453                                 ,        ,        ,                                        ,Apartment deed                          ,                                        ,  ,
210080830070     ,2020/06/08,          ,2020/08/14,                    ,Recorded document                       ,T11183321                               ,                                        ,        ,        ,                                        ,Amendment of CPR, HPR or Declaration    ,                                        ,  ,
210080830070     ,2019/12/10,          ,2020/01/10,T10966225           ,Recorded document                       ,                                        ,                                        ,        ,        ,                                        ,Declaration of/Restatement of CPR       ,                                        ,  ,
210080830070     ,2017/12/04,          ,2017/12/22,                    ,Recorded document                       ,T10217497                               ,                                        ,        ,        ,0                                       ,Amendment of CPR, HPR or Declaration    ,                                        ,  ,
210080830070     ,2017/04/18,          ,2017/05/04,                    ,Recorded document                       ,T9985173                                ,                                        ,        ,        ,0                                       ,Amendment of CPR, HPR or Declaration    ,                                        ,  ,
210080830070     ,2013/12/11,   1430000,2013/12/23,                    ,Fee conveyance                          ,T8757148                                ,1071776                                 ,        ,        ,5720                                    ,Apartment deed                          ,Valid Sale                              ,0 ,Improved
210080830070     ,2010/08/18,          ,2010/08/18,                    ,Route slip                              ,                                        ,                                        ,        ,        ,                                        ,Amendment of CPR, HPR or Declaration    ,                                        ,  ,
210080830070     ,2009/02/26,          ,2009/03/11,                    ,Fee conveyance                          ,3837018                                 ,939583                                  ,        ,        ,0                                       ,Apartment deed                          ,                                        ,  ,
210080830070     ,2009/02/24,   1600000,2009/03/06,                    ,Fee conveyance                          ,3835691                                 ,939252                                  ,        ,        ,5600                                    ,Apartment deed                          ,Valid Sale                              ,0 ,Improved
210080830070     ,2005/09/29,          ,2005/10/14,                    ,Fee conveyance                          ,3341165                                 ,775187                                  ,        ,        ,0                                       ,Deed                                    ,                                        ,  ,Improved
210080830070     ,2002/03/07,          ,2002/03/13,                    ,Fee conveyance                          ,2786453                                 ,605937                                  ,        ,        ,                                        ,Apartment deed                          ,                                        ,  ,
210080830070     ,2002/03/07,          ,2002/03/19,                    ,Fee conveyance                          ,2787856                                 ,606370                                  ,        ,        ,                                        ,Apartment deed                          ,                                        ,  ,
210080830070     ,2000/01/01,    550000,          ,                    ,Fee conveyance                          ,                                        ,                                        ,        ,        ,                                        ,                                        ,                                        ,  ,Improved
210080830070     ,1999/12/30,    550000,2000/01/19,0000000000          ,Fee conveyance                          ,2602023                                 ,547,080                                 ,        ,        ,550.00                                  ,                                        ,Valid Sale                              ,0 ,
210080830070     ,1997/05/20,    275000,1997/05/29,0000000000          ,Fee conveyance                          ,2383333                                 ,492386                                  ,        ,        ,375.00                                  ,                                        ,Valid Sale                              ,0 ,
210080830070     ,1997/05/01,    375000,          ,                    ,Fee conveyance                          ,                                        ,                                        ,        ,        ,                                        ,                                        ,Valid Sale                              ,0 ,Improved
210080830070     ,1900/01/01,          ,          ,0000000000          ,                                        ,1815194                                 ,315856                                  ,        ,        ,                                        ,                                        ,Valid Sale                              ,0 ,
210080830071     ,2020/06/08,          ,2020/08/14,                    ,Recorded document                       ,T11183321                               ,                                        ,        ,        ,                                        ,Amendment of CPR, HPR or Declaration    ,                                        ,  ,
210080830071     ,2019/12/10,          ,2020/01/10,T10966225           ,Recorded document                       ,                                        ,                                        ,        ,        ,                                        ,Declaration of/Restatement of CPR       ,                                        ,  ,
210080830071     ,2017/12/04,          ,2017/12/22,                    ,Recorded document                       ,T10217497                               ,                                        ,        ,        ,0                                       ,Amendment of CPR, HPR or Declaration    ,                                        ,  ,
210080830071     ,2017/04/18,          ,2017/05/04,                    ,Recorded document                       ,T9985173                                ,                                        ,        ,        ,0                                       ,Amendment of CPR, HPR or Declaration    ,                                        ,  ,
210080830071     ,2013/04/25,          ,2013/05/01,                    ,Fee conveyance                          ,T8521285                                ,1059731                                 ,        ,        ,0                                       ,Limited warranty/apartment deed         ,                                        ,  ,
210080830071     ,2010/08/18,          ,2010/08/18,                    ,Route slip                              ,                                        ,                                        ,        ,        ,                                        ,Amendment of CPR, HPR or Declaration    ,                                        ,  ,
210080830071     ,1999/06/02,    472000,1999/06/07,0000000000          ,Fee conveyance                          ,2549819                                 ,532944                                  ,        ,        ,472.00                                  ,                                        ,Valid                                   ,X ,Improved
210080830071     ,1997/12/10,    330000,1997/12/17,0000000000          ,Fee conveyance                          ,2426486                                 ,502366                                  ,        ,        ,330.00                                  ,                                        ,Valid                                   ,X ,Improved
210080830071     ,1997/03/21,    323200,1997/04/02,0000000000          ,Fee conveyance                          ,2373506                                 ,489769                                  ,        ,        ,323.20                                  ,                                        ,Developer sale                          ,8 ,Improved
210080830071     ,1900/01/01,          ,          ,0000000000          ,                                        ,1815194                                 ,315856                                  ,        ,        ,                                        ,                                        ,                                        ,  ,
210080830072     ,2024/10/07,          ,2024/10/11,                    ,Fee conveyance                          ,T12702122                               ,1275926                                 ,        ,        ,                                        ,Quitclaim apartment deed                ,                                        ,  ,
210080830072     ,2020/06/08,          ,2020/08/14,                    ,Recorded document                       ,T11183321                               ,                                        ,        ,        ,                                        ,Amendment of CPR, HPR or Declaration    ,                                        ,  ,
210080830072     ,2019/12/10,          ,2020/01/10,T10966225           ,Recorded document                       ,                                        ,                                        ,        ,        ,                                        ,Declaration of/Restatement of CPR       ,                                        ,  ,
210080830072     ,2017/12/04,          ,2017/12/22,                    ,Recorded document                       ,T10217497                               ,                                        ,        ,        ,0                                       ,Amendment of CPR, HPR or Declaration    ,                                        ,  ,
210080830072     ,2017/04/18,          ,2017/05/04,                    ,Recorded document                       ,T9985173                                ,                                        ,        ,        ,0                                       ,Amendment of CPR, HPR or Declaration    ,                                        ,  ,
210080830072     ,2010/08/18,          ,2010/08/18,                    ,Route slip                              ,                                        ,                                        ,        ,        ,                                        ,Amendment of CPR, HPR or Declaration    ,                                        ,  ,
210080830072     ,2002/03/26,    775000,2002/04/02,                    ,Fee conveyance                          ,2791916                                 ,607530                                  ,        ,        ,775.00                                  ,Apartment deed                          ,Valid Sale                              ,0 ,Improved
210080830072     ,1998/07/23,    467500,1998/07/30,0000000000          ,Fee conveyance                          ,2474471                                 ,514491                                  ,        ,        ,467.50                                  ,                                        ,Valid                                   ,X ,Improved
210080830072     ,1997/01/06,    369900,1997/01/17,0000000000          ,Fee conveyance                          ,2360863                                 ,486491                                  ,        ,        ,369.90                                  ,                                        ,                                        ,  ,
210080830072     ,1997/01/01,    369000,          ,                    ,Fee conveyance                          ,                                        ,                                        ,        ,        ,                                        ,                                        ,Developer sale                          ,8 ,Improved
210080830072     ,1900/01/01,          ,          ,0000000000          ,                                        ,1815194                                 ,315856                                  ,        ,        ,                                        ,                                        ,                                        ,  ,
210080830073     ,2020/06/08,          ,2020/08/14,                    ,Recorded document                       ,T11183321                               ,                                        ,        ,        ,                                        ,Amendment of CPR, HPR or Declaration    ,                                        ,  ,
210080830073     ,2019/12/10,          ,2020/01/10,T10966225           ,Recorded document                       ,                                        ,                                        ,        ,        ,                                        ,Declaration of/Restatement of CPR       ,                                        ,  ,
210080830073     ,2017/12/04,          ,2017/12/22,                    ,Recorded document                       ,T10217497                               ,                                        ,        ,        ,0                                       ,Amendment of CPR, HPR or Declaration    ,                                        ,  ,
210080830073     ,2017/04/18,          ,2017/05/04,                    ,Recorded document                       ,T9985173                                ,                                        ,        ,        ,0                                       ,Amendment of CPR, HPR or Declaration    ,                                        ,  ,
210080830073     ,2010/08/18,          ,2010/08/18,                    ,Route slip                              ,                                        ,                                        ,        ,        ,                                        ,Amendment of CPR, HPR or Declaration    ,                                        ,  ,
210080830073     ,1994/08/16,    252000,1994/08/30,0000000000          ,Fee conveyance                          ,2176030                                 ,443577                                  ,        ,        ,252.00                                  ,                                        ,Valid                                   ,X ,Improved
210080830073     ,1900/01/01,          ,          ,0000000000          ,                                        ,1815194                                 ,315856                                  ,        ,        ,                                        ,                                        ,                                        ,  ,
210080830074     ,2020/06/08,          ,2020/08/14,                    ,Recorded document                       ,T11183321                               ,                                        ,        ,        ,                                        ,Amendment of CPR, HPR or Declaration    ,                                        ,  ,
210080830074     ,2019/12/10,          ,2020/01/10,T10966225           ,Recorded document                       ,                                        ,                                        ,        ,        ,                                        ,Declaration of/Restatement of CPR       ,                                        ,  ,
210080830074     ,2018/01/22,    740000,2018/02/01,                    ,Fee conveyance                          ,T10258065                               ,1151108                                 ,        ,        ,1850                                    ,Warranty deed                           ,Valid Sale                              ,0 ,Improved
210080830074     ,2017/12/04,          ,2017/12/22,                    ,Recorded document                       ,T10217497                               ,                                        ,        ,        ,0                                       ,Amendment of CPR, HPR or Declaration    ,                                        ,  ,
210080830074     ,2017/04/18,          ,2017/05/04,                    ,Recorded document                       ,T9985173                                ,                                        ,        ,        ,0                                       ,Amendment of CPR, HPR or Declaration    ,                                        ,  ,
210080830074     ,2010/08/18,          ,2010/08/18,                    ,Route slip                              ,                                        ,                                        ,        ,        ,                                        ,Amendment of CPR, HPR or Declaration    ,                                        ,  ,
210080830074     ,2010/04/30,    650000,2010/05/06,                    ,Fee conveyance                          ,3961236                                 ,981050                                  ,        ,        ,1300                                    ,Apartment deed                          ,Valid Sale                              ,0 ,Improved
210080830074     ,2010/02/01,          ,2010/02/03,                    ,Land Court Order (all types)            ,181721                                  ,410487                                  ,        ,        ,                                        ,Land Court Order (all types)            ,                                        ,  ,
210080830074     ,2010/01/27,        10,2010/02/03,                    ,Fee conveyance                          ,3937138                                 ,971976                                  ,        ,        ,0                                       ,Quitclaim apartment deed                ,                                        ,  ,
210080830074     ,1993/03/22,    425000,1993/03/31,0000000000          ,Fee conveyance                          ,2010790                                 ,410487                                  ,        ,        ,212.50                                  ,                                        ,                                        ,  ,
210080830074     ,1900/01/01,          ,          ,0000000000          ,                                        ,1815194                                 ,315856                                  ,        ,        ,                                        ,                                        ,                                        ,  ,
210080830075     ,2020/06/08,          ,2020/08/14,                    ,Recorded document                       ,T11183321                               ,                                        ,        ,        ,                                        ,Amendment of CPR, HPR or Declaration    ,                                        ,  ,
210080830075     ,2019/12/10,          ,2020/01/10,T10966225           ,Recorded document                       ,                                        ,                                        ,        ,        ,                                        ,Declaration of/Restatement of CPR       ,                                        ,  ,
210080830075     ,2017/12/04,          ,2017/12/22,                    ,Recorded document                       ,T10217497                               ,                                        ,        ,        ,0                                       ,Amendment of CPR, HPR or Declaration    ,                                        ,  ,
210080830075     ,2017/04/18,          ,2017/05/04,                    ,Recorded document                       ,T9985173                                ,                                        ,        ,        ,0                                       ,Amendment of CPR, HPR or Declaration    ,                                        ,  ,
210080830075     ,2017/01/17,    550000,2017/02/03,                    ,Fee conveyance                          ,T9895205                                ,1131141                                 ,        ,        ,825                                     ,Deed                                    ,Related individuals                     ,4 ,
210080830075     ,2010/08/18,          ,2010/08/18,                    ,Route slip                              ,                                        ,                                        ,        ,        ,                                        ,Amendment of CPR, HPR or Declaration    ,                                        ,  ,
210080830075     ,1994/07/22,    290500,1994/08/02,0000000000          ,Fee conveyance                          ,2169074                                 ,442239                                  ,        ,        ,290.50                                  ,                                        ,Valid                                   ,X ,Improved
210080830075     ,1900/01/01,          ,          ,0000000000          ,                                        ,1815194                                 ,315856                                  ,        ,        ,                                        ,                                        ,                                        ,  ,
210080830076     ,2020/06/08,          ,2020/08/14,                    ,Recorded document                       ,T11183321                               ,                                        ,        ,        ,                                        ,Amendment of CPR, HPR or Declaration    ,                                        ,  ,
210080830076     ,2019/12/10,          ,2020/01/10,T10966225           ,Recorded document                       ,                                        ,                                        ,        ,        ,                                        ,Declaration of/Restatement of CPR       ,                                        ,  ,
210080830076     ,2017/12/04,          ,2017/12/22,                    ,Recorded document                       ,T10217497                               ,                                        ,        ,        ,0                                       ,Amendment of CPR, HPR or Declaration    ,                                        ,  ,
210080830076     ,2017/04/18,          ,2017/05/04,                    ,Recorded document                       ,T9985173                                ,                                        ,        ,        ,0                                       ,Amendment of CPR, HPR or Declaration    ,                                        ,  ,
210080830076     ,2015/08/21,    930000,2015/08/31,                    ,Fee conveyance                          ,T9373106                                ,1103106                                 ,        ,        ,2325                                    ,Apartment deed                          ,Valid Sale                              ,0 ,Improved
210080830076     ,2010/08/18,          ,2010/08/18,                    ,Route slip                              ,                                        ,                                        ,        ,        ,                                        ,Amendment of CPR, HPR or Declaration    ,                                        ,  ,
210080830076     ,2007/05/15,   1180000,2007/06/05,                    ,Fee conveyance                          ,3611041                                 ,861731                                  ,        ,        ,4130                                    ,Apartment deed                          ,Valid Sale                              ,0 ,Improved
210080830076     ,1994/05/23,    353500,1994/05/31,0000000000          ,Fee conveyance                          ,2150653                                 ,438511                                  ,        ,        ,353.50                                  ,                                        ,Valid                                   ,X ,Improved
210080830076     ,1900/01/01,          ,          ,0000000000          ,                                        ,1815194                                 ,315856                                  ,        ,        ,                                        ,                                        ,                                        ,  ,
210080830077     ,2020/06/08,          ,2020/08/14,                    ,Recorded document                       ,T11183321                               ,                                        ,        ,        ,                                        ,Amendment of CPR, HPR or Declaration    ,                                        ,  ,
210080830077     ,2019/12/10,          ,2020/01/10,T10966225           ,Recorded document                       ,                                        ,                                        ,        ,        ,                                        ,Declaration of/Restatement of CPR       ,                                        ,  ,
210080830077     ,2017/12/04,          ,2017/12/22,                    ,Recorded document                       ,T10217497                               ,                                        ,        ,        ,0                                       ,Amendment of CPR, HPR or Declaration    ,                                        ,  ,
210080830077     ,2017/04/18,          ,2017/05/04,                    ,Recorded document                       ,T9985173                                ,                                        ,        ,        ,0                                       ,Amendment of CPR, HPR or Declaration    ,                                        ,  ,
210080830077     ,2016/06/14,    950000,2016/06/30,T9677294            ,Fee conveyance                          ,                                        ,                                        ,        ,        ,1900                                    ,Apartment deed                          ,Valid Sale                              ,0 ,Improved
210080830077     ,2010/08/18,          ,2010/08/18,                    ,Route slip                              ,                                        ,                                        ,        ,        ,                                        ,Amendment of CPR, HPR or Declaration    ,                                        ,  ,
210080830077     ,2008/02/25,   1100000,2008/02/25,                    ,Fee conveyance                          ,3714540                                 ,896605                                  ,        ,        ,3850                                    ,Apartment deed                          ,Valid Sale                              ,0 ,Improved
210080830077     ,2000/09/22,    585000,2000/09/27,                    ,Fee conveyance                          ,2653731                                 ,564,264                                 ,        ,        ,585.00                                  ,Apartment deed                          ,Valid Sale                              ,0 ,Improved
210080830077     ,1997/01/21,          ,1997/02/11,0000000000          ,Fee conveyance                          ,2365134                                 ,487463                                  ,        ,        ,0.00                                    ,                                        ,                                        ,  ,
210080830077     ,1993/02/09,    395000,1993/02/12,0000000000          ,Fee conveyance                          ,1997440                                 ,407918                                  ,        ,        ,197.50                                  ,                                        ,Other                                   ,7 ,Improved
210080830077     ,1900/01/01,          ,          ,0000000000          ,                                        ,1815194                                 ,315856                                  ,        ,        ,                                        ,                                        ,                                        ,  ,
210080830077     ,1900/01/01,    175404,1993/06/22,0000000000          ,Fee conveyance                          ,2036286                                 ,415963                                  ,        ,        ,87.75                                   ,                                        ,                                        ,  ,
210080830078     ,2022/08/24,   1765000,2022/09/01,                    ,Fee conveyance                          ,T11931017                               ,1242803                                 ,        ,        ,5295                                    ,Apartment deed                          ,Valid Sale                              ,0 ,Improved
210080830078     ,2021/12/20,   1650000,2021/12/27,                    ,Fee conveyance                          ,T11683045                               ,1228999                                 ,        ,        ,6600                                    ,Apartment deed                          ,Valid Sale                              ,0 ,Improved
210080830078     ,2020/06/08,          ,2020/08/14,                    ,Recorded document                       ,T11183321                               ,                                        ,        ,        ,                                        ,Amendment of CPR, HPR or Declaration    ,                                        ,  ,
210080830078     ,2019/12/10,          ,2020/01/10,T10966225           ,Recorded document                       ,                                        ,                                        ,        ,        ,                                        ,Declaration of/Restatement of CPR       ,                                        ,  ,
210080830078     ,2017/12/04,          ,2017/12/22,                    ,Recorded document                       ,T10217497                               ,                                        ,        ,        ,0                                       ,Amendment of CPR, HPR or Declaration    ,                                        ,  ,
210080830078     ,2017/04/18,          ,2017/05/04,                    ,Recorded document                       ,T9985173                                ,                                        ,        ,        ,0                                       ,Amendment of CPR, HPR or Declaration    ,                                        ,  ,
210080830078     ,2012/11/16,          ,2012/11/21,                    ,Fee conveyance                          ,T8360239                                ,1051284                                 ,        ,        ,0                                       ,Apartment deed                          ,                                        ,  ,
210080830078     ,2010/08/18,          ,2010/08/18,                    ,Route slip                              ,                                        ,                                        ,        ,        ,                                        ,Amendment of CPR, HPR or Declaration    ,                                        ,  ,
210080830078     ,1997/01/27,    299000,1997/01/30,0000000000          ,Fee conveyance                          ,2362911                                 ,486901                                  ,        ,        ,299.00                                  ,                                        ,Developer sale                          ,8 ,Improved
210080830078     ,1900/01/01,          ,          ,0000000000          ,                                        ,1815194                                 ,315856                                  ,        ,        ,                                        ,                                        ,                                        ,  ,
210080830079     ,2021/03/19,   1100000,2021/03/31,                    ,Fee conveyance                          ,T11412264                               ,1210775                                 ,        ,        ,4400                                    ,Apartment deed                          ,Valid Sale                              ,0 ,Improved
210080830079     ,2020/06/08,          ,2020/08/14,                    ,Recorded document                       ,T11183321                               ,                                        ,        ,        ,                                        ,Amendment of CPR, HPR or Declaration    ,                                        ,  ,
210080830079     ,2019/12/10,          ,2020/01/10,T10966225           ,Recorded document                       ,                                        ,                                        ,        ,        ,                                        ,Declaration of/Restatement of CPR       ,                                        ,  ,
210080830079     ,2017/12/12,   1050000,2017/12/29,                    ,Fee conveyance                          ,T10224307                               ,1149501                                 ,        ,        ,4200                                    ,Apartment deed                          ,Valid Sale                              ,0 ,Improved
210080830079     ,2017/12/04,          ,2017/12/22,                    ,Recorded document                       ,T10217497                               ,                                        ,        ,        ,0                                       ,Amendment of CPR, HPR or Declaration    ,                                        ,  ,
210080830079     ,2017/04/18,          ,2017/05/04,                    ,Recorded document                       ,T9985173                                ,                                        ,        ,        ,0                                       ,Amendment of CPR, HPR or Declaration    ,                                        ,  ,
210080830079     ,2015/11/24,          ,2015/11/27,                    ,Land Court Order (all types)            ,T9461089                                ,1070294                                 ,        ,        ,                                        ,Death                                   ,                                        ,  ,
210080830079     ,2013/11/15,   1125000,2013/11/22,                    ,Fee conveyance                          ,T8726144                                ,1070294                                 ,        ,        ,4500                                    ,Apartment deed                          ,Valid Sale                              ,0 ,Improved
210080830079     ,2010/08/18,          ,2010/08/18,                    ,Route slip                              ,                                        ,                                        ,        ,        ,                                        ,Amendment of CPR, HPR or Declaration    ,                                        ,  ,
210080830079     ,2001/03/15,    650000,2001/03/20,                    ,Fee conveyance                          ,2690868                                 ,577,036                                 ,        ,        ,650.00                                  ,Apartment deed                          ,Valid Sale                              ,0 ,Improved
210080830079     ,1997/04/29,    299000,1997/05/02,0000000000          ,Fee conveyance                          ,2379115                                 ,336.088                                 ,        ,        ,299.00                                  ,                                        ,Valid Sale                              ,0 ,Improved
210080830079     ,1900/01/01,          ,          ,0000000000          ,                                        ,1815194                                 ,315856                                  ,        ,        ,                                        ,                                        ,                                        ,  ,
210080830080     ,2022/04/08,   1810000,2022/04/27,                    ,Fee conveyance                          ,T11804103                               ,1235998                                 ,        ,        ,7240                                    ,Warranty deed                           ,Valid Sale                              ,0 ,Improved
210080830080     ,2020/06/08,          ,2020/08/14,                    ,Recorded document                       ,T11183321                               ,                                        ,        ,        ,                                        ,Amendment of CPR, HPR or Declaration    ,                                        ,  ,
210080830080     ,2019/12/10,          ,2020/01/10,T10966225           ,Recorded document                       ,                                        ,                                        ,        ,        ,                                        ,Declaration of/Restatement of CPR       ,                                        ,  ,
210080830080     ,2017/12/04,          ,2017/12/22,                    ,Recorded document                       ,T10217497                               ,                                        ,        ,        ,0                                       ,Amendment of CPR, HPR or Declaration    ,                                        ,  ,
210080830080     ,2017/04/18,          ,2017/05/04,                    ,Recorded document                       ,T9985173                                ,                                        ,        ,        ,0                                       ,Amendment of CPR, HPR or Declaration    ,                                        ,  ,
210080830080     ,2010/08/18,          ,2010/08/18,                    ,Route slip                              ,                                        ,                                        ,        ,        ,                                        ,Amendment of CPR, HPR or Declaration    ,                                        ,  ,
210080830080     ,1999/04/16,    400000,1999/04/23,0000000000          ,Fee conveyance                          ,2537961                                 ,530,181                                 ,        ,        ,400.00                                  ,                                        ,Valid                                   ,X ,Improved
210080830080     ,1997/01/22,    303000,1997/02/04,0000000000          ,Fee conveyance                          ,487195                                  ,487195                                  ,        ,        ,303.00                                  ,                                        ,Developer sale                          ,8 ,Improved
210080830080     ,1900/01/01,          ,          ,0000000000          ,                                        ,1815194                                 ,315856                                  ,        ,        ,                                        ,                                        ,                                        ,  ,
210080830081     ,2021/12/01,          ,2021/12/14,                    ,Land Court Order (all types)            ,T11670414                               ,                                        ,        ,        ,                                        ,Land Court Order (all types)            ,                                        ,  ,
210080830081     ,2021/11/12,          ,2021/12/14,                    ,Fee conveyance                          ,T11670415                               ,1228285                                 ,        ,        ,                                        ,Apartment deed                          ,                                        ,  ,
210080830081     ,2020/06/08,          ,2020/08/14,                    ,Recorded document                       ,T11183321                               ,                                        ,        ,        ,                                        ,Amendment of CPR, HPR or Declaration    ,                                        ,  ,
210080830081     ,2019/12/10,          ,2020/01/10,T10966225           ,Recorded document                       ,                                        ,                                        ,        ,        ,                                        ,Declaration of/Restatement of CPR       ,                                        ,  ,
210080830081     ,2017/12/04,          ,2017/12/22,                    ,Recorded document                       ,T10217497                               ,                                        ,        ,        ,0                                       ,Amendment of CPR, HPR or Declaration    ,                                        ,  ,
210080830081     ,2017/04/18,          ,2017/05/04,                    ,Recorded document                       ,T9985173                                ,                                        ,        ,        ,0                                       ,Amendment of CPR, HPR or Declaration    ,                                        ,  ,
210080830081     ,2010/08/18,          ,2010/08/18,                    ,Route slip                              ,                                        ,                                        ,        ,        ,                                        ,Amendment of CPR, HPR or Declaration    ,                                        ,  ,
210080830081     ,2006/01/23,          ,2006/01/30,                    ,Fee conveyance                          ,3384871                                 ,790144                                  ,        ,        ,0                                       ,Quitclaim deed                          ,                                        ,  ,
210080830081     ,2004/04/19,          ,2004/04/21,                    ,Recorded document                       ,155969                                  ,546878                                  ,        ,        ,0                                       ,Land Court Order (all types)            ,                                        ,  ,
210080830081     ,2004/04/02,    950000,2004/04/21,                    ,Fee conveyance                          ,3099156                                 ,693755                                  ,        ,        ,950                                     ,Apartment deed                          ,Valid Sale                              ,0 ,Improved
210080830081     ,2000/01/10,    525000,2000/01/14,0000000000          ,Fee conveyance                          ,2601358                                 ,546,878                                 ,        ,        ,525.00                                  ,                                        ,                                        ,  ,
210080830081     ,1999/12/01,    525000,          ,                    ,Fee conveyance                          ,                                        ,                                        ,        ,        ,                                        ,                                        ,Valid                                   ,X ,Improved
210080830081     ,1999/04/28,          ,1999/07/29,9900121803          ,Fee conveyance                          ,2563633                                 ,536416                                  ,        ,        ,0.00                                    ,                                        ,                                        ,  ,
210080830081     ,1997/05/16,    275000,1997/06/02,0000000000          ,Fee conveyance                          ,2384116                                 ,492631                                  ,        ,        ,275.00                                  ,                                        ,Developer sale                          ,8 ,Improved
210080830081     ,1900/01/01,          ,          ,0000000000          ,                                        ,1815194                                 ,315856                                  ,        ,        ,                                        ,                                        ,                                        ,  ,
210080830082     ,2020/06/08,          ,2020/08/14,                    ,Recorded document                       ,T11183321                               ,                                        ,        ,        ,                                        ,Amendment of CPR, HPR or Declaration    ,                                        ,  ,
210080830082     ,2019/12/10,          ,2020/01/10,T10966225           ,Recorded document                       ,                                        ,                                        ,        ,        ,                                        ,Declaration of/Restatement of CPR       ,                                        ,  ,
210080830082     ,2018/03/01,          ,2018/03/01,                    ,Route slip                              ,                                        ,                                        ,        ,        ,                                        ,Correction                              ,                                        ,  ,
210080830082     ,2018/03/01,          ,2018/03/01,                    ,Route slip                              ,                                        ,                                        ,        ,        ,                                        ,Correction                              ,                                        ,  ,
210080830082     ,2018/01/17,   1050000,2018/02/28,                    ,Fee conveyance                          ,T10285059                               ,1152288                                 ,        ,        ,4200                                    ,Apartment deed                          ,Valid Sale                              ,0 ,Improved
210080830082     ,2018/01/17,      1000,2018/02/28,                    ,Fee conveyance                          ,T10285058                               ,1152287                                 ,        ,        ,1.5                                     ,Apartment deed                          ,                                        ,  ,
210080830082     ,2017/12/04,          ,2017/12/22,                    ,Recorded document                       ,T10217497                               ,                                        ,        ,        ,0                                       ,Amendment of CPR, HPR or Declaration    ,                                        ,  ,
210080830082     ,2017/04/18,          ,2017/05/04,                    ,Recorded document                       ,T9985173                                ,                                        ,        ,        ,0                                       ,Amendment of CPR, HPR or Declaration    ,                                        ,  ,
210080830082     ,2010/08/18,          ,2010/08/18,                    ,Route slip                              ,                                        ,                                        ,        ,        ,                                        ,Amendment of CPR, HPR or Declaration    ,                                        ,  ,
210080830082     ,2001/04/04,    815000,2001/04/20,                    ,Fee conveyance                          ,2698659                                 ,579,667                                 ,        ,        ,815.00                                  ,Apartment deed                          ,Valid Sale                              ,0 ,Improved
210080830082     ,1997/01/17,    368650,1997/01/24,0000000000          ,Fee conveyance                          ,2361911                                 ,486720                                  ,        ,        ,368.70                                  ,                                        ,Developer sale                          ,8 ,Improved
210080830082     ,1900/01/01,          ,          ,0000000000          ,                                        ,1815194                                 ,315856                                  ,        ,        ,                                        ,                                        ,                                        ,  ,
210080830083     ,2020/06/08,          ,2020/08/14,                    ,Recorded document                       ,T11183321                               ,                                        ,        ,        ,                                        ,Amendment of CPR, HPR or Declaration    ,                                        ,  ,
210080830083     ,2019/12/10,          ,2020/01/10,T10966225           ,Recorded document                       ,                                        ,                                        ,        ,        ,                                        ,Declaration of/Restatement of CPR       ,                                        ,  ,
210080830083     ,2018/06/06,          ,2018/07/16,                    ,Fee conveyance                          ,T10423181                               ,1159996                                 ,        ,        ,                                        ,Warranty deed                           ,Related individuals                     ,4 ,
210080830083     ,2017/12/04,          ,2017/12/22,                    ,Recorded document                       ,T10217497                               ,                                        ,        ,        ,0                                       ,Amendment of CPR, HPR or Declaration    ,                                        ,  ,
210080830083     ,2017/04/18,          ,2017/05/04,                    ,Recorded document                       ,T9985173                                ,                                        ,        ,        ,0                                       ,Amendment of CPR, HPR or Declaration    ,                                        ,  ,
210080830083     ,2010/08/18,          ,2010/08/18,                    ,Route slip                              ,                                        ,                                        ,        ,        ,                                        ,Amendment of CPR, HPR or Declaration    ,                                        ,  ,
210080830083     ,2003/12/05,          ,2004/06/24,                    ,Fee conveyance                          ,3127450                                 ,702693                                  ,        ,        ,0                                       ,Quitclaim deed                          ,                                        ,  ,
210080830083     ,1996/12/09,    343500,1997/01/10,0000000000          ,Fee conveyance                          ,2359791                                 ,486261                                  ,        ,        ,343.50                                  ,                                        ,Developer sale                          ,8 ,Improved
210080830083     ,1900/01/01,          ,          ,0000000000          ,                                        ,1815194                                 ,315856                                  ,        ,        ,                                        ,                                        ,                                        ,  ,
210080830084     ,2020/06/08,          ,2020/08/14,                    ,Recorded document                       ,T11183321                               ,                                        ,        ,        ,                                        ,Amendment of CPR, HPR or Declaration    ,                                        ,  ,
210080830084     ,2019/12/10,          ,2020/01/10,T10966225           ,Recorded document                       ,                                        ,                                        ,        ,        ,                                        ,Declaration of/Restatement of CPR       ,                                        ,  ,
210080830084     ,2017/12/04,          ,2017/12/22,                    ,Recorded document                       ,T10217497                               ,                                        ,        ,        ,0                                       ,Amendment of CPR, HPR or Declaration    ,                                        ,  ,
210080830084     ,2017/04/18,          ,2017/05/04,                    ,Recorded document                       ,T9985173                                ,                                        ,        ,        ,0                                       ,Amendment of CPR, HPR or Declaration    ,                                        ,  ,
210080830084     ,2010/08/18,          ,2010/08/18,                    ,Route slip                              ,                                        ,                                        ,        ,        ,                                        ,Amendment of CPR, HPR or Declaration    ,                                        ,  ,
210080830084     ,2010/04/14,    975000,2010/04/21,                    ,Fee conveyance                          ,3956883                                 ,979205                                  ,        ,        ,2437.5                                  ,Apartment deed                          ,Valid Sale                              ,0 ,Improved
210080830084     ,2004/04/09,          ,2004/04/14,                    ,Fee conveyance                          ,3096109                                 ,692734                                  ,        ,        ,0                                       ,Quitclaim apartment deed                ,                                        ,  ,
210080830084     ,2004/04/09,   1075000,2004/04/14,                    ,Fee conveyance                          ,3096110                                 ,692735                                  ,        ,        ,1075                                    ,Apartment deed                          ,Valid Sale                              ,0 ,Improved
210080830084     ,2001/02/20,    750000,2001/03/01,                    ,Fee conveyance                          ,2686545                                 ,575,750                                 ,        ,        ,750.00                                  ,Apartment deed                          ,Valid Sale                              ,0 ,Improved
210080830084     ,1997/02/17,    353500,1997/02/28,0000000000          ,Fee conveyance                          ,2367820                                 ,488124                                  ,        ,        ,353.50                                  ,                                        ,Developer sale                          ,8 ,Improved
210080830084     ,1900/01/01,          ,          ,0000000000          ,                                        ,1815194                                 ,315856                                  ,        ,        ,                                        ,                                        ,                                        ,  ,
210080830085     ,2020/06/08,          ,2020/08/14,                    ,Recorded document                       ,T11183321                               ,                                        ,        ,        ,                                        ,Amendment of CPR, HPR or Declaration    ,                                        ,  ,
210080830085     ,2019/12/10,          ,2020/01/10,T10966225           ,Recorded document                       ,                                        ,                                        ,        ,        ,                                        ,Declaration of/Restatement of CPR       ,                                        ,  ,
210080830085     ,2017/12/04,          ,2017/12/22,                    ,Recorded document                       ,T10217497                               ,                                        ,        ,        ,0                                       ,Amendment of CPR, HPR or Declaration    ,                                        ,  ,
210080830085     ,2017/04/18,          ,2017/05/04,                    ,Recorded document                       ,T9985173                                ,                                        ,        ,        ,0                                       ,Amendment of CPR, HPR or Declaration    ,                                        ,  ,
210080830085     ,2016/04/26,   1250000,2016/04/29,                    ,Fee conveyance                          ,T9615319                                ,1115678                                 ,        ,        ,5000                                    ,Warranty deed                           ,Valid Sale                              ,0 ,Improved
210080830085     ,2010/08/18,          ,2010/08/18,                    ,Route slip                              ,                                        ,                                        ,        ,        ,                                        ,Amendment of CPR, HPR or Declaration    ,                                        ,  ,
210080830085     ,2006/03/22,   1579000,2006/04/13,                    ,Fee conveyance                          ,3416026                                 ,801263                                  ,        ,        ,5526.5                                  ,Apartment deed                          ,Valid Sale                              ,0 ,Improved
210080830085     ,2006/02/21,      1000,2006/04/13,                    ,Fee conveyance                          ,3416025                                 ,801262                                  ,        ,        ,1.5                                     ,Quitclaim apartment deed                ,                                        ,  ,
210080830085     ,2004/02/13,   1050000,2004/02/18,                    ,Fee conveyance                          ,3071395                                 ,685099                                  ,        ,        ,1060                                    ,Warranty deed                           ,Valid Sale                              ,0 ,Improved
210080830085     ,1996/12/10,    383800,1996/12/31,0000000000          ,Fee conveyance                          ,2358302                                 ,485866                                  ,        ,        ,383.80                                  ,                                        ,Developer sale                          ,8 ,Improved
210080830085     ,1900/01/01,          ,          ,0000000000          ,                                        ,1815194                                 ,315856                                  ,        ,        ,                                        ,                                        ,                                        ,  ,
210080830086     ,2024/02/05,          ,2024/02/06,                    ,Land Court Order (all types)            ,T12454134                               ,                                        ,        ,        ,                                        ,Land Court Order (all types)            ,                                        ,  ,
210080830086     ,2020/06/08,          ,2020/08/14,                    ,Recorded document                       ,T11183321                               ,                                        ,        ,        ,                                        ,Amendment of CPR, HPR or Declaration    ,                                        ,  ,
210080830086     ,2019/12/10,          ,2020/01/10,T10966225           ,Recorded document                       ,                                        ,                                        ,        ,        ,                                        ,Declaration of/Restatement of CPR       ,                                        ,  ,
210080830086     ,2017/12/04,          ,2017/12/22,                    ,Recorded document                       ,T10217497                               ,                                        ,        ,        ,0                                       ,Amendment of CPR, HPR or Declaration    ,                                        ,  ,
210080830086     ,2017/04/18,          ,2017/05/04,                    ,Recorded document                       ,T9985173                                ,                                        ,        ,        ,0                                       ,Amendment of CPR, HPR or Declaration    ,                                        ,  ,
210080830086     ,2010/08/18,          ,2010/08/18,                    ,Route slip                              ,                                        ,                                        ,        ,        ,                                        ,Amendment of CPR, HPR or Declaration    ,                                        ,  ,
210080830086     ,2008/08/22,          ,2008/09/15,                    ,Fee conveyance                          ,3788934                                 ,922534                                  ,        ,        ,0                                       ,Apartment deed                          ,                                        ,  ,
210080830086     ,1995/12/18,    550000,1995/12/29,0000000000          ,Fee conveyance                          ,2281904                                 ,468207                                  ,        ,        ,550.00                                  ,                                        ,Other                                   ,7 ,Improved
210080830086     ,1900/01/01,          ,          ,0000000000          ,                                        ,1815194                                 ,315856                                  ,        ,        ,                                        ,                                        ,                                        ,  ,
210080830087     ,2024/07/18,          ,2024/07/25,                    ,Fee conveyance                          ,T12624120                               ,1272382                                 ,        ,        ,                                        ,Deed to trust                           ,                                        ,  ,
210080830087     ,2020/06/08,          ,2020/08/14,                    ,Recorded document                       ,T11183321                               ,                                        ,        ,        ,                                        ,Amendment of CPR, HPR or Declaration    ,                                        ,  ,
210080830087     ,2019/12/10,          ,2020/01/10,T10966225           ,Recorded document                       ,                                        ,                                        ,        ,        ,                                        ,Declaration of/Restatement of CPR       ,                                        ,  ,
210080830087     ,2017/12/04,          ,2017/12/22,                    ,Recorded document                       ,T10217497                               ,                                        ,        ,        ,0                                       ,Amendment of CPR, HPR or Declaration    ,                                        ,  ,
210080830087     ,2017/04/18,          ,2017/05/04,                    ,Recorded document                       ,T9985173                                ,                                        ,        ,        ,0                                       ,Amendment of CPR, HPR or Declaration    ,                                        ,  ,
210080830087     ,2010/08/18,          ,2010/08/18,                    ,Route slip                              ,                                        ,                                        ,        ,        ,                                        ,Amendment of CPR, HPR or Declaration    ,                                        ,  ,
210080830087     ,2000/05/04,    690000,2000/06/27,0000000000          ,Fee conveyance                          ,2634162                                 ,557,389                                 ,        ,        ,690.00                                  ,                                        ,Valid                                   ,X ,Improved
210080830087     ,1997/02/13,    328250,1997/03/07,0000000000          ,Fee conveyance                          ,2369202                                 ,488483                                  ,        ,        ,328.30                                  ,                                        ,Developer sale                          ,8 ,Improved
210080830087     ,1900/01/01,          ,          ,0000000000          ,                                        ,1815194                                 ,315856                                  ,        ,        ,                                        ,                                        ,                                        ,  ,
210080830088     ,2020/06/08,          ,2020/08/14,                    ,Recorded document                       ,T11183321                               ,                                        ,        ,        ,                                        ,Amendment of CPR, HPR or Declaration    ,                                        ,  ,
210080830088     ,2019/12/10,          ,2020/01/10,T10966225           ,Recorded document                       ,                                        ,                                        ,        ,        ,                                        ,Declaration of/Restatement of CPR       ,                                        ,  ,
210080830088     ,2019/05/22,   1600000,2019/06/05,                    ,Fee conveyance                          ,T10747100                               ,1176997                                 ,        ,        ,6400                                    ,Apartment deed                          ,Valid Sale                              ,0 ,Improved
210080830088     ,2018/11/28,          ,2018/12/07,                    ,Fee conveyance                          ,T1056734                                ,1167871                                 ,        ,        ,                                        ,Apartment deed                          ,Related individuals                     ,4 ,
210080830088     ,2017/12/04,          ,2017/12/22,                    ,Recorded document                       ,T10217497                               ,                                        ,        ,        ,0                                       ,Amendment of CPR, HPR or Declaration    ,                                        ,  ,
210080830088     ,2017/04/18,          ,2017/05/04,                    ,Recorded document                       ,T9985173                                ,                                        ,        ,        ,0                                       ,Amendment of CPR, HPR or Declaration    ,                                        ,  ,
210080830088     ,2010/12/27,   1125000,2010/12/30,                    ,Fee conveyance                          ,4034243                                 ,1008602                                 ,        ,        ,4500                                    ,Apartment deed                          ,Valid Sale                              ,0 ,Improved
210080830088     ,2010/08/18,          ,2010/08/18,                    ,Route slip                              ,                                        ,                                        ,        ,        ,                                        ,Amendment of CPR, HPR or Declaration    ,                                        ,  ,
210080830088     ,1996/11/06,    378750,1996/11/20,0000000000          ,Fee conveyance                          ,2348735                                 ,483458                                  ,        ,        ,378.80                                  ,                                        ,Developer sale                          ,8 ,Improved
210080830088     ,1900/01/01,          ,          ,0000000000          ,                                        ,1815194                                 ,315856                                  ,        ,        ,                                        ,                                        ,                                        ,  ,
210080830089     ,2020/06/08,          ,2020/08/14,                    ,Recorded document                       ,T11183321                               ,                                        ,        ,        ,                                        ,Amendment of CPR, HPR or Declaration    ,                                        ,  ,
210080830089     ,2019/12/10,          ,2020/01/10,T10966225           ,Recorded document                       ,                                        ,                                        ,        ,        ,                                        ,Declaration of/Restatement of CPR       ,                                        ,  ,
210080830089     ,2019/03/13,    800000,2019/03/29,                    ,Fee conveyance                          ,T10679193                               ,1173493                                 ,        ,        ,2000                                    ,Apartment deed                          ,Valid Sale                              ,0 ,Improved
210080830089     ,2017/12/04,          ,2017/12/22,                    ,Recorded document                       ,T10217497                               ,                                        ,        ,        ,0                                       ,Amendment of CPR, HPR or Declaration    ,                                        ,  ,
210080830089     ,2017/04/18,          ,2017/05/04,                    ,Recorded document                       ,T9985173                                ,                                        ,        ,        ,0                                       ,Amendment of CPR, HPR or Declaration    ,                                        ,  ,
210080830089     ,2010/08/18,          ,2010/08/18,                    ,Route slip                              ,                                        ,                                        ,        ,        ,                                        ,Amendment of CPR, HPR or Declaration    ,                                        ,  ,
210080830089     ,2004/11/02,         0,2004/12/29,                    ,Fee conveyance                          ,3211949                                 ,729738                                  ,        ,        ,0                                       ,Apartment deed                          ,Other                                   ,7 ,Improved
210080830089     ,1999/04/26,    319000,1999/05/05,0000000000          ,Fee conveyance                          ,2541445                                 ,531,026                                 ,        ,        ,319.00                                  ,                                        ,Valid                                   ,X ,Improved
210080830089     ,1997/04/03,    237350,1997/04/14,0000000000          ,Fee conveyance                          ,2375345                                 ,490235                                  ,        ,        ,237.40                                  ,                                        ,Developer sale                          ,8 ,Improved
210080830089     ,1900/01/01,          ,          ,0000000000          ,                                        ,1815194                                 ,315856                                  ,        ,        ,                                        ,                                        ,                                        ,  ,
210080830090     ,2020/06/08,          ,2020/08/14,                    ,Recorded document                       ,T11183321                               ,                                        ,        ,        ,                                        ,Amendment of CPR, HPR or Declaration    ,                                        ,  ,
210080830090     ,2019/12/10,          ,2020/01/10,T10966225           ,Recorded document                       ,                                        ,                                        ,        ,        ,                                        ,Declaration of/Restatement of CPR       ,                                        ,  ,
210080830090     ,2017/12/04,          ,2017/12/22,                    ,Recorded document                       ,T10217497                               ,                                        ,        ,        ,0                                       ,Amendment of CPR, HPR or Declaration    ,                                        ,  ,
210080830090     ,2017/04/18,          ,2017/05/04,                    ,Recorded document                       ,T9985173                                ,                                        ,        ,        ,0                                       ,Amendment of CPR, HPR or Declaration    ,                                        ,  ,
210080830090     ,2016/02/08,          ,2016/03/04,                    ,Land Court Order (all types)            ,T9559203                                ,486985                                  ,        ,        ,0                                       ,Land Court Order (all types)            ,                                        ,  ,
210080830090     ,2016/01/28,          ,2016/03/04,                    ,Fee conveyance                          ,T9559205                                ,T9559205                                ,        ,        ,0                                       ,Personal representative's deed          ,                                        ,  ,
210080830090     ,2010/08/18,          ,2010/08/18,                    ,Route slip                              ,                                        ,                                        ,        ,        ,                                        ,Amendment of CPR, HPR or Declaration    ,                                        ,  ,
210080830090     ,1997/01/24,    280000,1997/01/31,0000000000          ,Fee conveyance                          ,2363369                                 ,486985                                  ,        ,        ,280.00                                  ,                                        ,Developer sale                          ,8 ,Improved
210080830090     ,1900/01/01,          ,          ,0000000000          ,                                        ,1815194                                 ,315856                                  ,        ,        ,                                        ,                                        ,                                        ,  ,
210080830091     ,2020/06/08,          ,2020/08/14,                    ,Recorded document                       ,T11183321                               ,                                        ,        ,        ,                                        ,Amendment of CPR, HPR or Declaration    ,                                        ,  ,
210080830091     ,2019/12/10,          ,2020/01/10,T10966225           ,Recorded document                       ,                                        ,                                        ,        ,        ,                                        ,Declaration of/Restatement of CPR       ,                                        ,  ,
210080830091     ,2017/12/04,          ,2017/12/22,                    ,Recorded document                       ,T10217497                               ,                                        ,        ,        ,0                                       ,Amendment of CPR, HPR or Declaration    ,                                        ,  ,
210080830091     ,2017/04/18,          ,2017/05/04,                    ,Recorded document                       ,T9985173                                ,                                        ,        ,        ,0                                       ,Amendment of CPR, HPR or Declaration    ,                                        ,  ,
210080830091     ,2012/11/14,          ,2012/11/27,                    ,Fee conveyance                          ,T8366271                                ,1051510                                 ,        ,        ,0                                       ,Apartment deed                          ,                                        ,  ,
210080830091     ,2010/08/18,          ,2010/08/18,                    ,Route slip                              ,                                        ,                                        ,        ,        ,                                        ,Amendment of CPR, HPR or Declaration    ,                                        ,  ,
210080830091     ,2000/03/01,    550000,          ,                    ,Fee conveyance                          ,                                        ,                                        ,        ,        ,                                        ,                                        ,Other                                   ,7 ,Improved
210080830091     ,2000/02/24,    550000,2000/03/03,0000000000          ,Fee conveyance                          ,2610546                                 ,549,610                                 ,        ,        ,550.00                                  ,                                        ,                                        ,  ,
210080830091     ,1997/03/27,    297950,1997/04/11,0000000000          ,Fee conveyance                          ,2375133                                 ,490184                                  ,        ,        ,298.00                                  ,                                        ,Developer sale                          ,8 ,Improved
210080830091     ,1900/01/01,          ,          ,0000000000          ,                                        ,1815194                                 ,315856                                  ,        ,        ,                                        ,                                        ,                                        ,  ,
210080830092     ,2020/06/08,          ,2020/08/14,                    ,Recorded document                       ,T11183321                               ,                                        ,        ,        ,                                        ,Amendment of CPR, HPR or Declaration    ,                                        ,  ,
210080830092     ,2019/12/10,          ,2020/01/10,T10966225           ,Recorded document                       ,                                        ,                                        ,        ,        ,                                        ,Declaration of/Restatement of CPR       ,                                        ,  ,
210080830092     ,2017/12/04,          ,2017/12/22,                    ,Recorded document                       ,T10217497                               ,                                        ,        ,        ,0                                       ,Amendment of CPR, HPR or Declaration    ,                                        ,  ,
210080830092     ,2017/10/26,          ,2017/11/09,                    ,Fee conveyance                          ,T10174004                               ,1146637                                 ,        ,        ,0                                       ,Apartment deed                          ,                                        ,  ,
210080830092     ,2017/10/16,   1240000,2017/11/02,                    ,Fee conveyance                          ,T10167131                               ,1146295                                 ,        ,        ,4960                                    ,Apartment deed                          ,Valid Sale                              ,0 ,Improved
210080830092     ,2017/04/18,          ,2017/05/04,                    ,Recorded document                       ,T9985173                                ,                                        ,        ,        ,0                                       ,Amendment of CPR, HPR or Declaration    ,                                        ,  ,
210080830092     ,2016/03/21,          ,2016/03/23,                    ,Land Court Order (all types)            ,T9578035                                ,848133                                  ,        ,        ,0                                       ,Land Court Order (all types)            ,                                        ,  ,
210080830092     ,2010/08/18,          ,2010/08/18,                    ,Route slip                              ,                                        ,                                        ,        ,        ,                                        ,Amendment of CPR, HPR or Declaration    ,                                        ,  ,
210080830092     ,2007/02/22,   1100000,2007/03/05,                    ,Fee conveyance                          ,3568940                                 ,848133                                  ,        ,        ,3300                                    ,Apartment deed                          ,Valid Sale                              ,0 ,Improved
210080830092     ,2001/07/26,    700000,2001/08/01,                    ,Fee conveyance                          ,2726262                                 ,588044                                  ,        ,        ,700.00                                  ,Warranty deed                           ,Valid Sale                              ,0 ,Improved
210080830092     ,2000/09/15,    650000,2000/09/20,                    ,Fee conveyance                          ,2651983                                 ,563583                                  ,        ,        ,650.00                                  ,Apartment deed                          ,Valid Sale                              ,0 ,Improved
210080830092     ,1997/05/15,    252500,1997/05/30,0000000000          ,Fee conveyance                          ,2383908                                 ,492576                                  ,        ,        ,252.50                                  ,                                        ,Developer sale                          ,8 ,Improved
210080830092     ,1900/01/01,          ,          ,0000000000          ,                                        ,1815194                                 ,315856                                  ,        ,        ,                                        ,                                        ,                                        ,  ,
210080830093     ,2020/06/08,          ,2020/08/14,                    ,Recorded document                       ,T11183321                               ,                                        ,        ,        ,                                        ,Amendment of CPR, HPR or Declaration    ,                                        ,  ,
210080830093     ,2019/12/10,          ,2020/01/10,T10966225           ,Recorded document                       ,                                        ,                                        ,        ,        ,                                        ,Declaration of/Restatement of CPR       ,                                        ,  ,
210080830093     ,2017/12/04,          ,2017/12/22,                    ,Recorded document                       ,T10217497                               ,                                        ,        ,        ,0                                       ,Amendment of CPR, HPR or Declaration    ,                                        ,  ,
210080830093     ,2017/04/18,          ,2017/05/04,                    ,Recorded document                       ,T9985173                                ,                                        ,        ,        ,0                                       ,Amendment of CPR, HPR or Declaration    ,                                        ,  ,
210080830093     ,2010/08/18,          ,2010/08/18,                    ,Route slip                              ,                                        ,                                        ,        ,        ,                                        ,Amendment of CPR, HPR or Declaration    ,                                        ,  ,
210080830093     ,1997/05/07,    275300,1997/05/12,0000000000          ,Fee conveyance                          ,2380433                                 ,491600                                  ,        ,        ,275.30                                  ,                                        ,                                        ,  ,
210080830093     ,1997/05/01,    275000,          ,                    ,Fee conveyance                          ,                                        ,                                        ,        ,        ,                                        ,                                        ,Developer sale                          ,8 ,Improved
210080830093     ,1900/01/01,          ,          ,0000000000          ,                                        ,1815194                                 ,315856                                  ,        ,        ,                                        ,                                        ,                                        ,  ,
210080830094     ,2020/06/08,          ,2020/08/14,                    ,Recorded document                       ,T11183321                               ,                                        ,        ,        ,                                        ,Amendment of CPR, HPR or Declaration    ,                                        ,  ,
210080830094     ,2019/12/10,          ,2020/01/10,T10966225           ,Recorded document                       ,                                        ,                                        ,        ,        ,                                        ,Declaration of/Restatement of CPR       ,                                        ,  ,
210080830094     ,2017/12/04,          ,2017/12/22,                    ,Recorded document                       ,T10217497                               ,                                        ,        ,        ,0                                       ,Amendment of CPR, HPR or Declaration    ,                                        ,  ,
210080830094     ,2017/04/18,          ,2017/05/04,                    ,Recorded document                       ,T9985173                                ,                                        ,        ,        ,0                                       ,Amendment of CPR, HPR or Declaration    ,                                        ,  ,
210080830094     ,2010/08/18,          ,2010/08/18,                    ,Route slip                              ,                                        ,                                        ,        ,        ,                                        ,Amendment of CPR, HPR or Declaration    ,                                        ,  ,
210080830094     ,1997/01/10,    318150,1997/01/14,0000000000          ,Fee conveyance                          ,2360253                                 ,486336                                  ,        ,        ,318.20                                  ,                                        ,Developer sale                          ,8 ,Improved
210080830094     ,1900/01/01,          ,          ,0000000000          ,                                        ,1815194                                 ,315856                                  ,        ,        ,                                        ,                                        ,                                        ,  ,
210080830095     ,2020/06/08,          ,2020/08/14,                    ,Recorded document                       ,T11183321                               ,                                        ,        ,        ,                                        ,Amendment of CPR, HPR or Declaration    ,                                        ,  ,
210080830095     ,2019/12/10,          ,2020/01/10,T10966225           ,Recorded document                       ,                                        ,                                        ,        ,        ,                                        ,Declaration of/Restatement of CPR       ,                                        ,  ,
210080830095     ,2018/03/05,          ,2018/05/02,                    ,Fee conveyance                          ,T10348304                               ,1156016                                 ,        ,        ,0                                       ,Apartment deed                          ,                                        ,  ,
210080830095     ,2017/12/04,          ,2017/12/22,                    ,Recorded document                       ,T10217497                               ,                                        ,        ,        ,0                                       ,Amendment of CPR, HPR or Declaration    ,                                        ,  ,
210080830095     ,2017/04/18,          ,2017/05/04,                    ,Recorded document                       ,T9985173                                ,                                        ,        ,        ,0                                       ,Amendment of CPR, HPR or Declaration    ,                                        ,  ,
210080830095     ,2017/03/17,    995000,2017/04/17,                    ,Fee conveyance                          ,T9968015                                ,1134869                                 ,        ,        ,2487.5                                  ,Apartment deed                          ,Valid Sale                              ,0 ,Improved
210080830095     ,2010/08/18,          ,2010/08/18,                    ,Route slip                              ,                                        ,                                        ,        ,        ,                                        ,Amendment of CPR, HPR or Declaration    ,                                        ,  ,
210080830095     ,2008/06/16,    815000,2008/06/24,                    ,Fee conveyance                          ,3762477                                 ,912933                                  ,        ,        ,2037.5                                  ,Apartment deed                          ,Valid Sale                              ,0 ,Improved
210080830095     ,1998/11/04,          ,1998/11/16,0000000000          ,Fee conveyance                          ,2499975                                 ,521056                                  ,        ,        ,0.00                                    ,                                        ,                                        ,  ,
210080830095     ,1997/03/12,    267650,1997/03/21,0000000000          ,Fee conveyance                          ,2371510                                 ,489114                                  ,        ,        ,267.70                                  ,                                        ,Developer sale                          ,8 ,Improved
210080830095     ,1900/01/01,          ,          ,0000000000          ,                                        ,1815194                                 ,315856                                  ,        ,        ,                                        ,                                        ,                                        ,  ,
210080830096     ,2024/06/14,          ,2024/12/04,                    ,Land Court Order (all types)            ,T12756175                               ,                                        ,        ,        ,                                        ,Land Court Order (all types)            ,                                        ,  ,
210080830096     ,2020/06/08,          ,2020/08/14,                    ,Recorded document                       ,T11183321                               ,                                        ,        ,        ,                                        ,Amendment of CPR, HPR or Declaration    ,                                        ,  ,
210080830096     ,2019/12/10,          ,2020/01/10,T10966225           ,Recorded document                       ,                                        ,                                        ,        ,        ,                                        ,Declaration of/Restatement of CPR       ,                                        ,  ,
210080830096     ,2017/12/04,          ,2017/12/22,                    ,Recorded document                       ,T10217497                               ,                                        ,        ,        ,0                                       ,Amendment of CPR, HPR or Declaration    ,                                        ,  ,
210080830096     ,2017/04/18,          ,2017/05/04,                    ,Recorded document                       ,T9985173                                ,                                        ,        ,        ,0                                       ,Amendment of CPR, HPR or Declaration    ,                                        ,  ,
210080830096     ,2010/08/18,          ,2010/08/18,                    ,Route slip                              ,                                        ,                                        ,        ,        ,                                        ,Amendment of CPR, HPR or Declaration    ,                                        ,  ,
210080830096     ,1997/01/30,    287850,1997/02/05,0000000000          ,Fee conveyance                          ,2364353                                 ,487252                                  ,        ,        ,287.90                                  ,                                        ,Developer sale                          ,8 ,Improved
210080830096     ,1900/01/01,          ,          ,0000000000          ,                                        ,1815194                                 ,315856                                  ,        ,        ,                                        ,                                        ,                                        ,  ,
210080830097     ,2020/06/08,          ,2020/08/14,                    ,Recorded document                       ,T11183321                               ,                                        ,        ,        ,                                        ,Amendment of CPR, HPR or Declaration    ,                                        ,  ,
210080830097     ,2019/12/10,          ,2020/01/10,T10966225           ,Recorded document                       ,                                        ,                                        ,        ,        ,                                        ,Declaration of/Restatement of CPR       ,                                        ,  ,
210080830097     ,2017/12/04,          ,2017/12/22,                    ,Recorded document                       ,T10217497                               ,                                        ,        ,        ,0                                       ,Amendment of CPR, HPR or Declaration    ,                                        ,  ,
210080830097     ,2017/04/18,          ,2017/05/04,                    ,Recorded document                       ,T9985173                                ,                                        ,        ,        ,0                                       ,Amendment of CPR, HPR or Declaration    ,                                        ,  ,
210080830097     ,2010/08/18,          ,2010/08/18,                    ,Route slip                              ,                                        ,                                        ,        ,        ,                                        ,Amendment of CPR, HPR or Declaration    ,                                        ,  ,
210080830097     ,2009/10/30,          ,2009/12/14,                    ,Fee conveyance                          ,3923880                                 ,967289                                  ,        ,        ,0                                       ,Apartment deed                          ,                                        ,  ,
210080830097     ,2002/12/30,          ,2003/04/01,                    ,Fee conveyance                          ,2910131                                 ,641143                                  ,        ,        ,0                                       ,Warranty deed                           ,Related individuals                     ,4 ,
210080830097     ,1999/05/04,    433000,1999/05/19,0000000000          ,Fee conveyance                          ,2545092                                 ,454,870                                 ,        ,        ,433.00                                  ,                                        ,Valid                                   ,X ,Improved
210080830097     ,1995/03/31,    304500,1995/04/06,0000000000          ,Fee conveyance                          ,2229122                                 ,454870                                  ,        ,        ,304.50                                  ,                                        ,Other                                   ,7 ,Improved
210080830097     ,1900/01/01,          ,          ,0000000000          ,                                        ,1815194                                 ,315856                                  ,        ,        ,                                        ,                                        ,                                        ,  ,
210080830098     ,2020/06/08,          ,2020/08/14,                    ,Recorded document                       ,T11183321                               ,                                        ,        ,        ,                                        ,Amendment of CPR, HPR or Declaration    ,                                        ,  ,
210080830098     ,2019/12/10,          ,2020/01/10,T10966225           ,Recorded document                       ,                                        ,                                        ,        ,        ,                                        ,Declaration of/Restatement of CPR       ,                                        ,  ,
210080830098     ,2017/12/04,          ,2017/12/22,                    ,Recorded document                       ,T10217497                               ,                                        ,        ,        ,0                                       ,Amendment of CPR, HPR or Declaration    ,                                        ,  ,
210080830098     ,2017/04/18,          ,2017/05/04,                    ,Recorded document                       ,T9985173                                ,                                        ,        ,        ,0                                       ,Amendment of CPR, HPR or Declaration    ,                                        ,  ,
210080830098     ,2015/05/13,   1045000,2015/05/18,                    ,Fee conveyance                          ,T9268202                                ,1097600                                 ,        ,        ,4180                                    ,Apartment deed                          ,Valid Sale                              ,0 ,Improved
210080830098     ,2010/08/18,          ,2010/08/18,                    ,Route slip                              ,                                        ,                                        ,        ,        ,                                        ,Amendment of CPR, HPR or Declaration    ,                                        ,  ,
210080830098     ,2005/02/16,          ,2005/05/26,                    ,Fee conveyance                          ,3273265                                 ,750187                                  ,        ,        ,0                                       ,Quitclaim apartment deed                ,                                        ,  ,
210080830098     ,2003/04/28,          ,2003/05/20,                    ,Fee conveyance                          ,2931569                                 ,646441                                  ,        ,        ,0                                       ,Quitclaim apartment deed                ,Related individuals                     ,4 ,Improved
210080830098     ,2003/04/23,    550000,2003/04/30,                    ,Fee conveyance                          ,2923009                                 ,644343                                  ,        ,        ,550                                     ,Apartment deed                          ,Valid Sale                              ,0 ,Improved
210080830098     ,1995/03/27,          ,1995/06/09,0000000000          ,Fee conveyance                          ,                                        ,                                        ,        ,        ,0.00                                    ,                                        ,                                        ,  ,
210080830098     ,1994/07/01,    339500,          ,                    ,Fee conveyance                          ,                                        ,                                        ,        ,        ,                                        ,                                        ,Valid                                   ,X ,Improved
210080830098     ,1994/06/08,    339500,1994/07/11,0000000000          ,Fee conveyance                          ,2163005                                 ,440904                                  ,        ,        ,339.50                                  ,                                        ,                                        ,  ,
210080830098     ,1994/03/01,    400000,1994/03/31,0000000000          ,Fee conveyance                          ,2133262                                 ,434991                                  ,        ,        ,400.00                                  ,                                        ,                                        ,  ,
210080830098     ,1993/01/20,    485000,1993/01/27,0000000000          ,Fee conveyance                          ,1992241                                 ,406823                                  ,        ,        ,242.50                                  ,                                        ,Other                                   ,7 ,Improved
210080830098     ,1900/01/01,          ,          ,0000000000          ,                                        ,1815194                                 ,315856                                  ,        ,        ,                                        ,                                        ,                                        ,  ,
210080830099     ,2021/02/22,   1210000,2021/03/01,                    ,Fee conveyance                          ,T11382034                               ,1209043                                 ,        ,        ,4840                                    ,Apartment deed                          ,Valid Sale                              ,0 ,Improved
210080830099     ,2020/06/08,          ,2020/08/14,                    ,Recorded document                       ,T11183321                               ,                                        ,        ,        ,                                        ,Amendment of CPR, HPR or Declaration    ,                                        ,  ,
210080830099     ,2019/12/10,          ,2020/01/10,T10966225           ,Recorded document                       ,                                        ,                                        ,        ,        ,                                        ,Declaration of/Restatement of CPR       ,                                        ,  ,
210080830099     ,2018/05/30,    800000,2018/06/15,                    ,Fee conveyance                          ,T10392001                               ,1158288                                 ,        ,        ,2000                                    ,Exchange deed                           ,Valid Sale                              ,0 ,Improved
210080830099     ,2017/12/04,          ,2017/12/22,                    ,Recorded document                       ,T10217497                               ,                                        ,        ,        ,0                                       ,Amendment of CPR, HPR or Declaration    ,                                        ,  ,
210080830099     ,2017/04/18,          ,2017/05/04,                    ,Recorded document                       ,T9985173                                ,                                        ,        ,        ,0                                       ,Amendment of CPR, HPR or Declaration    ,                                        ,  ,
210080830099     ,2013/05/25,    720000,2013/05/30,                    ,Fee conveyance                          ,T8550294                                ,1061154                                 ,        ,        ,1800                                    ,Apartment deed                          ,Valid Sale                              ,0 ,Improved
210080830099     ,2010/08/18,          ,2010/08/18,                    ,Route slip                              ,                                        ,                                        ,        ,        ,                                        ,Amendment of CPR, HPR or Declaration    ,                                        ,  ,
210080830099     ,1998/03/23,    212100,1998/05/14,0000000000          ,Fee conveyance                          ,2456872                                 ,509942                                  ,        ,        ,212.10                                  ,                                        ,Related individuals                     ,4 ,Improved
210080830099     ,1997/03/14,    212100,1997/03/20,0000000000          ,Fee conveyance                          ,2371177                                 ,489011                                  ,        ,        ,212.10                                  ,                                        ,Developer sale                          ,8 ,Improved
210080830099     ,1900/01/01,          ,          ,0000000000          ,                                        ,1815194                                 ,315856                                  ,        ,        ,                                        ,                                        ,                                        ,  ,
210080830100     ,2020/06/08,          ,2020/08/14,                    ,Recorded document                       ,T11183321                               ,                                        ,        ,        ,                                        ,Amendment of CPR, HPR or Declaration    ,                                        ,  ,
210080830100     ,2019/12/10,          ,2020/01/10,T10966225           ,Recorded document                       ,                                        ,                                        ,        ,        ,                                        ,Declaration of/Restatement of CPR       ,                                        ,  ,
210080830100     ,2019/03/04,    975000,2019/03/15,                    ,Fee conveyance                          ,T10665093                               ,1172806                                 ,        ,        ,2437.5                                  ,Warranty deed                           ,Valid Sale                              ,0 ,Improved
210080830100     ,2019/01/31,          ,2019/03/15,                    ,Land Court Order (all types)            ,T10665089                               ,                                        ,        ,        ,                                        ,Land Court Order (all types)            ,Other                                   ,7 ,
210080830100     ,2017/12/04,          ,2017/12/22,                    ,Recorded document                       ,T10217497                               ,                                        ,        ,        ,0                                       ,Amendment of CPR, HPR or Declaration    ,                                        ,  ,
210080830100     ,2017/04/18,          ,2017/05/04,                    ,Recorded document                       ,T9985173                                ,                                        ,        ,        ,0                                       ,Amendment of CPR, HPR or Declaration    ,                                        ,  ,
210080830100     ,2010/08/18,          ,2010/08/18,                    ,Route slip                              ,                                        ,                                        ,        ,        ,                                        ,Amendment of CPR, HPR or Declaration    ,                                        ,  ,
210080830100     ,2003/11/10,    595000,2003/12/23,                    ,Fee conveyance                          ,3045725                                 ,678354                                  ,        ,        ,595                                     ,Apartment deed                          ,Valid Sale                              ,0 ,Improved
210080830100     ,2000/08/03,    459000,2000/08/08,0000000000          ,Fee conveyance                          ,2642818                                 ,560,290                                 ,        ,        ,459.00                                  ,                                        ,Valid Sale                              ,0 ,Improved
210080830100     ,1996/12/03,    232250,1996/12/11,0000000000          ,Fee conveyance                          ,2352882                                 ,484439                                  ,        ,        ,232.30                                  ,                                        ,Developer sale                          ,8 ,Improved
210080830100     ,1900/01/01,          ,          ,0000000000          ,                                        ,1815194                                 ,315856                                  ,        ,        ,                                        ,                                        ,                                        ,  ,
210080830101     ,2020/06/08,          ,2020/08/14,                    ,Recorded document                       ,T11183321                               ,                                        ,        ,        ,                                        ,Amendment of CPR, HPR or Declaration    ,                                        ,  ,
210080830101     ,2019/12/10,          ,2020/01/10,T10966225           ,Recorded document                       ,                                        ,                                        ,        ,        ,                                        ,Declaration of/Restatement of CPR       ,                                        ,  ,
210080830101     ,2017/12/04,          ,2017/12/22,                    ,Recorded document                       ,T10217497                               ,                                        ,        ,        ,0                                       ,Amendment of CPR, HPR or Declaration    ,                                        ,  ,
210080830101     ,2017/04/18,          ,2017/05/04,                    ,Recorded document                       ,T9985173                                ,                                        ,        ,        ,0                                       ,Amendment of CPR, HPR or Declaration    ,                                        ,  ,
210080830101     ,2010/08/18,          ,2010/08/18,                    ,Route slip                              ,                                        ,                                        ,        ,        ,                                        ,Amendment of CPR, HPR or Declaration    ,                                        ,  ,
210080830101     ,2006/02/09,    900000,2006/02/21,                    ,Fee conveyance                          ,3394896                                 ,794036                                  ,        ,        ,2250                                    ,Apartment deed                          ,Valid Sale                              ,0 ,Improved
210080830101     ,2004/09/01,          ,2004/09/29,                    ,Fee conveyance                          ,3172854                                 ,718055                                  ,        ,        ,0                                       ,Apartment deed                          ,Other                                   ,7 ,Improved
210080830101     ,2003/06/13,    535000,2003/06/18,                    ,Fee conveyance                          ,2944640                                 ,649613                                  ,        ,        ,535                                     ,Apartment deed                          ,                                        ,  ,
210080830101     ,2003/06/13,    535000,2003/06/13,                    ,                                        ,                                        ,                                        ,        ,        ,                                        ,                                        ,Valid                                   ,X ,Improved
210080830101     ,1999/12/14,          ,1999/12/28,0000000000          ,Fee conveyance                          ,2597936                                 ,545,776                                 ,        ,        ,330.00                                  ,                                        ,                                        ,  ,
210080830101     ,1999/12/01,    330000,          ,                    ,Fee conveyance                          ,                                        ,                                        ,        ,        ,                                        ,                                        ,Valid                                   ,X ,Improved
210080830101     ,1997/01/15,    219100,1997/01/23,0000000000          ,Fee conveyance                          ,2361665                                 ,486667                                  ,        ,        ,219.10                                  ,                                        ,Developer sale                          ,8 ,Improved
210080830101     ,1900/01/01,          ,          ,0000000000          ,                                        ,1815194                                 ,315856                                  ,        ,        ,                                        ,                                        ,                                        ,  ,
210080830102     ,2020/06/08,          ,2020/08/14,                    ,Recorded document                       ,T11183321                               ,                                        ,        ,        ,                                        ,Amendment of CPR, HPR or Declaration    ,                                        ,  ,
210080830102     ,2019/12/10,          ,2020/01/10,T10966225           ,Recorded document                       ,                                        ,                                        ,        ,        ,                                        ,Declaration of/Restatement of CPR       ,                                        ,  ,
210080830102     ,2017/12/04,          ,2017/12/22,                    ,Recorded document                       ,T10217497                               ,                                        ,        ,        ,0                                       ,Amendment of CPR, HPR or Declaration    ,                                        ,  ,
210080830102     ,2017/04/18,          ,2017/05/04,                    ,Recorded document                       ,T9985173                                ,                                        ,        ,        ,0                                       ,Amendment of CPR, HPR or Declaration    ,                                        ,  ,
210080830102     ,2015/07/06,    820000,2015/07/16,                    ,Fee conveyance                          ,T9327136                                ,1100732                                 ,        ,        ,2050                                    ,Apartment deed                          ,Valid Sale                              ,0 ,Improved
210080830102     ,2010/08/18,          ,2010/08/18,                    ,Route slip                              ,                                        ,                                        ,        ,        ,                                        ,Amendment of CPR, HPR or Declaration    ,                                        ,  ,
210080830102     ,1996/11/22,          ,1996/12/03,0000000000          ,Fee conveyance                          ,2351323                                 ,484048                                  ,        ,        ,227.30                                  ,                                        ,                                        ,  ,
210080830102     ,1996/11/01,    227300,          ,                    ,Fee conveyance                          ,                                        ,                                        ,        ,        ,                                        ,                                        ,Developer sale                          ,8 ,Improved
210080830102     ,1900/01/01,          ,          ,0000000000          ,                                        ,1815194                                 ,315856                                  ,        ,        ,                                        ,                                        ,                                        ,  ,
210080830103     ,2020/06/08,          ,2020/08/14,                    ,Recorded document                       ,T11183321                               ,                                        ,        ,        ,                                        ,Amendment of CPR, HPR or Declaration    ,                                        ,  ,
210080830103     ,2020/02/28,    769000,2020/03/06,                    ,Fee conveyance                          ,T11022053                               ,1190656                                 ,        ,        ,1922.5                                  ,Warranty deed                           ,Valid Sale                              ,0 ,Improved
210080830103     ,2019/12/10,          ,2020/01/10,T10966225           ,Recorded document                       ,                                        ,                                        ,        ,        ,                                        ,Declaration of/Restatement of CPR       ,                                        ,  ,
210080830103     ,2017/12/04,          ,2017/12/22,                    ,Recorded document                       ,T10217497                               ,                                        ,        ,        ,0                                       ,Amendment of CPR, HPR or Declaration    ,                                        ,  ,
210080830103     ,2017/04/18,          ,2017/05/04,                    ,Recorded document                       ,T9985173                                ,                                        ,        ,        ,0                                       ,Amendment of CPR, HPR or Declaration    ,                                        ,  ,
210080830103     ,2010/08/18,          ,2010/08/18,                    ,Route slip                              ,                                        ,                                        ,        ,        ,                                        ,Amendment of CPR, HPR or Declaration    ,                                        ,  ,
210080830103     ,1997/01/07,    186850,1997/01/15,0000000000          ,Fee conveyance                          ,2360355                                 ,486350                                  ,        ,        ,186.90                                  ,                                        ,Developer sale                          ,8 ,Improved
210080830103     ,1900/01/01,          ,          ,0000000000          ,                                        ,1815194                                 ,315856                                  ,        ,        ,                                        ,                                        ,                                        ,  ,
210080830104     ,2021/03/29,    835000,2021/04/07,                    ,Fee conveyance                          ,T11419016                               ,1211123                                 ,        ,        ,2087.5                                  ,Apartment deed                          ,Valid Sale                              ,0 ,Improved
210080830104     ,2020/06/08,          ,2020/08/14,                    ,Recorded document                       ,T11183321                               ,                                        ,        ,        ,                                        ,Amendment of CPR, HPR or Declaration    ,                                        ,  ,
210080830104     ,2019/12/10,          ,2020/01/10,T10966225           ,Recorded document                       ,                                        ,                                        ,        ,        ,                                        ,Declaration of/Restatement of CPR       ,                                        ,  ,
210080830104     ,2017/12/04,          ,2017/12/22,                    ,Recorded document                       ,T10217497                               ,                                        ,        ,        ,0                                       ,Amendment of CPR, HPR or Declaration    ,                                        ,  ,
210080830104     ,2017/04/18,          ,2017/05/04,                    ,Recorded document                       ,T9985173                                ,                                        ,        ,        ,0                                       ,Amendment of CPR, HPR or Declaration    ,                                        ,  ,
210080830104     ,2010/08/18,          ,2010/08/18,                    ,Route slip                              ,                                        ,                                        ,        ,        ,                                        ,Amendment of CPR, HPR or Declaration    ,                                        ,  ,
210080830104     ,2006/07/05,          ,2006/07/10,                    ,Fee conveyance                          ,3450731                                 ,812730                                  ,        ,        ,0                                       ,Quitclaim apartment deed                ,Related individuals                     ,4 ,Improved
210080830104     ,2006/04/07,    810000,2006/04/13,                    ,Fee conveyance                          ,3416016                                 ,801257                                  ,        ,        ,1620                                    ,Apartment deed                          ,Valid Sale                              ,0 ,Improved
210080830104     ,2005/12/05,    720000,2005/12/08,                    ,Fee conveyance                          ,3364762                                 ,783096                                  ,        ,        ,1440                                    ,Apartment deed                          ,Valid Sale                              ,0 ,Improved
210080830104     ,2004/07/07,    630000,2004/08/06,                    ,Fee conveyance                          ,3147921                                 ,708969                                  ,        ,        ,630                                     ,Apartment deed                          ,Valid Sale                              ,0 ,Improved
210080830104     ,1997/02/24,    196950,1997/02/28,0000000000          ,Fee conveyance                          ,2367955                                 ,336.088                                 ,        ,        ,197.00                                  ,                                        ,Developer sale                          ,8 ,Improved
210080830104     ,1900/01/01,          ,          ,0000000000          ,                                        ,1815194                                 ,315856                                  ,        ,        ,                                        ,                                        ,                                        ,  ,
210080830105     ,2020/06/08,          ,2020/08/14,                    ,Recorded document                       ,T11183321                               ,                                        ,        ,        ,                                        ,Amendment of CPR, HPR or Declaration    ,                                        ,  ,
210080830105     ,2019/12/10,          ,2020/01/10,T10966225           ,Recorded document                       ,                                        ,                                        ,        ,        ,                                        ,Declaration of/Restatement of CPR       ,                                        ,  ,
210080830105     ,2017/12/04,          ,2017/12/22,                    ,Recorded document                       ,T10217497                               ,                                        ,        ,        ,0                                       ,Amendment of CPR, HPR or Declaration    ,                                        ,  ,
210080830105     ,2017/04/18,          ,2017/05/04,                    ,Recorded document                       ,T9985173                                ,                                        ,        ,        ,0                                       ,Amendment of CPR, HPR or Declaration    ,                                        ,  ,
210080830105     ,2010/08/18,          ,2010/08/18,                    ,Route slip                              ,                                        ,                                        ,        ,        ,                                        ,Amendment of CPR, HPR or Declaration    ,                                        ,  ,
210080830105     ,1998/09/02,          ,1998/09/11,0000000000          ,Fee conveyance                          ,2484464                                 ,517154                                  ,        ,        ,0.00                                    ,                                        ,                                        ,  ,
210080830105     ,1997/01/07,    232200,1997/01/13,0000000000          ,Fee conveyance                          ,2359921                                 ,486286                                  ,        ,        ,232.20                                  ,                                        ,Developer sale                          ,8 ,Improved
210080830105     ,1900/01/01,          ,          ,0000000000          ,                                        ,1815194                                 ,315856                                  ,        ,        ,                                        ,                                        ,                                        ,  ,
210080830106     ,2020/06/08,          ,2020/08/14,                    ,Recorded document                       ,T11183321                               ,                                        ,        ,        ,                                        ,Amendment of CPR, HPR or Declaration    ,                                        ,  ,
210080830106     ,2019/12/10,          ,2020/01/10,T10966225           ,Recorded document                       ,                                        ,                                        ,        ,        ,                                        ,Declaration of/Restatement of CPR       ,                                        ,  ,
210080830106     ,2017/12/04,          ,2017/12/22,                    ,Recorded document                       ,T10217497                               ,                                        ,        ,        ,0                                       ,Amendment of CPR, HPR or Declaration    ,                                        ,  ,
210080830106     ,2017/04/18,          ,2017/05/04,                    ,Recorded document                       ,T9985173                                ,                                        ,        ,        ,0                                       ,Amendment of CPR, HPR or Declaration    ,                                        ,  ,
210080830106     ,2010/08/18,          ,2010/08/18,                    ,Route slip                              ,                                        ,                                        ,        ,        ,                                        ,Amendment of CPR, HPR or Declaration    ,                                        ,  ,
210080830106     ,2000/02/29,          ,2000/03/23,0000000000          ,Fee conveyance                          ,2614531                                 ,550,967                                 ,        ,        ,0.00                                    ,                                        ,                                        ,  ,
210080830106     ,1996/03/15,    355000,1996/04/01,0000000000          ,Fee conveyance                          ,2299262                                 ,472538                                  ,        ,        ,355.00                                  ,                                        ,Other                                   ,7 ,Improved
210080830106     ,1900/01/01,          ,          ,0000000000          ,                                        ,1815194                                 ,315856                                  ,        ,        ,                                        ,                                        ,                                        ,  ,
210080830107     ,2020/06/08,          ,2020/08/14,                    ,Recorded document                       ,T11183321                               ,                                        ,        ,        ,                                        ,Amendment of CPR, HPR or Declaration    ,                                        ,  ,
210080830107     ,2019/12/10,          ,2020/01/10,T10966225           ,Recorded document                       ,                                        ,                                        ,        ,        ,                                        ,Declaration of/Restatement of CPR       ,                                        ,  ,
210080830107     ,2017/12/04,          ,2017/12/22,                    ,Recorded document                       ,T10217497                               ,                                        ,        ,        ,0                                       ,Amendment of CPR, HPR or Declaration    ,                                        ,  ,
210080830107     ,2017/07/12,          ,2018/03/02,                    ,Fee conveyance                          ,T10287046                               ,1152465                                 ,        ,        ,0                                       ,Quitclaim deed                          ,                                        ,  ,
210080830107     ,2017/04/18,          ,2017/05/04,                    ,Recorded document                       ,T9985173                                ,                                        ,        ,        ,0                                       ,Amendment of CPR, HPR or Declaration    ,                                        ,  ,
210080830107     ,2011/07/12,    605000,2011/07/15,                    ,Fee conveyance                          ,4086119                                 ,1028830                                 ,        ,        ,1512.5                                  ,Apartment deed                          ,Valid Sale                              ,0 ,Improved
210080830107     ,2010/08/18,          ,2010/08/18,                    ,Route slip                              ,                                        ,                                        ,        ,        ,                                        ,Amendment of CPR, HPR or Declaration    ,Related individuals                     ,4 ,Improved
210080830107     ,1994/05/18,    276500,1994/05/25,0000000000          ,Fee conveyance                          ,2148991                                 ,438142                                  ,        ,        ,276.50                                  ,                                        ,Valid                                   ,X ,Improved
210080830107     ,1900/01/01,          ,          ,0000000000          ,                                        ,1815194                                 ,315856                                  ,        ,        ,                                        ,                                        ,                                        ,  ,
210080830108     ,2020/06/08,          ,2020/08/14,                    ,Recorded document                       ,T11183321                               ,                                        ,        ,        ,                                        ,Amendment of CPR, HPR or Declaration    ,                                        ,  ,
210080830108     ,2019/12/10,          ,2020/01/10,T10966225           ,Recorded document                       ,                                        ,                                        ,        ,        ,                                        ,Declaration of/Restatement of CPR       ,                                        ,  ,
210080830108     ,2017/12/04,          ,2017/12/22,                    ,Recorded document                       ,T10217497                               ,                                        ,        ,        ,0                                       ,Amendment of CPR, HPR or Declaration    ,                                        ,  ,
210080830108     ,2017/04/18,          ,2017/05/04,                    ,Recorded document                       ,T9985173                                ,                                        ,        ,        ,0                                       ,Amendment of CPR, HPR or Declaration    ,                                        ,  ,
210080830108     ,2010/08/18,          ,2010/08/18,                    ,Route slip                              ,                                        ,                                        ,        ,        ,                                        ,Amendment of CPR, HPR or Declaration    ,                                        ,  ,
210080830108     ,2007/03/20,    990000,2007/03/27,                    ,Fee conveyance                          ,3578776                                 ,850969                                  ,        ,        ,2475                                    ,Apartment deed                          ,Valid Sale                              ,0 ,Improved
210080830108     ,2004/12/06,          ,2005/01/04,                    ,Fee conveyance                          ,3213638                                 ,730363                                  ,        ,        ,0                                       ,Apartment deed                          ,Other                                   ,7 ,Improved
210080830108     ,2004/11/03,    745000,2004/11/09,                    ,Fee conveyance                          ,3190682                                 ,723367                                  ,        ,        ,745                                     ,Apartment deed                          ,Valid Sale                              ,0 ,Improved
210080830108     ,1998/07/29,    250000,1998/09/04,0000000000          ,Fee conveyance                          ,2482963                                 ,516813                                  ,        ,        ,250.00                                  ,                                        ,Valid                                   ,X ,Improved
210080830108     ,1996/12/06,    227250,1996/12/12,0000000000          ,Fee conveyance                          ,2353289                                 ,484505                                  ,        ,        ,227.30                                  ,                                        ,Developer sale                          ,8 ,Improved
210080830108     ,1900/01/01,          ,          ,0000000000          ,                                        ,1815194                                 ,315856                                  ,        ,        ,                                        ,                                        ,                                        ,  ,
210080830109     ,2020/06/08,          ,2020/08/14,                    ,Recorded document                       ,T11183321                               ,                                        ,        ,        ,                                        ,Amendment of CPR, HPR or Declaration    ,                                        ,  ,
210080830109     ,2019/12/10,          ,2020/01/10,T10966225           ,Recorded document                       ,                                        ,                                        ,        ,        ,                                        ,Declaration of/Restatement of CPR       ,                                        ,  ,
210080830109     ,2017/12/04,          ,2017/12/22,                    ,Recorded document                       ,T10217497                               ,                                        ,        ,        ,0                                       ,Amendment of CPR, HPR or Declaration    ,                                        ,  ,
210080830109     ,2017/04/18,          ,2017/05/04,                    ,Recorded document                       ,T9985173                                ,                                        ,        ,        ,0                                       ,Amendment of CPR, HPR or Declaration    ,                                        ,  ,
210080830109     ,2012/12/11,          ,2012/12/20,                    ,Fee conveyance                          ,T8389105                                ,1052787                                 ,        ,        ,0                                       ,Warranty deed                           ,                                        ,  ,
210080830109     ,2010/08/18,          ,2010/08/18,                    ,Route slip                              ,                                        ,                                        ,        ,        ,                                        ,Amendment of CPR, HPR or Declaration    ,                                        ,  ,
210080830109     ,2009/10/12,    659000,2009/10/15,                    ,Fee conveyance                          ,3906968                                 ,961305                                  ,        ,        ,1647.5                                  ,Apartment deed                          ,Valid Sale                              ,0 ,Improved
210080830109     ,2008/10/03,    800000,2008/10/08,                    ,Fee conveyance                          ,3796201                                 ,925159                                  ,        ,        ,2000                                    ,Apartment deed                          ,Valid Sale                              ,0 ,Improved
210080830109     ,2007/06/29,          ,2007/07/11,                    ,Land Court Order (all types)            ,171267                                  ,655660                                  ,        ,        ,                                        ,Land Court Order (all types)            ,                                        ,  ,
210080830109     ,2003/06/13,          ,2003/07/24,                    ,Fee conveyance                          ,2964351                                 ,655660                                  ,        ,        ,0                                       ,Quitclaim deed                          ,                                        ,  ,
210080830109     ,2003/06/09,          ,2003/06/13,                    ,Fee conveyance                          ,2942351                                 ,649067                                  ,        ,        ,0                                       ,Quitclaim deed                          ,                                        ,  ,
210080830109     ,1997/01/13,    212100,1997/02/07,0000000000          ,Fee conveyance                          ,2364719                                 ,336.088                                 ,        ,        ,212.10                                  ,                                        ,Developer sale                          ,8 ,Improved
210080830109     ,1900/01/01,          ,          ,0000000000          ,                                        ,1815194                                 ,315856                                  ,        ,        ,                                        ,                                        ,                                        ,  ,
210080830110     ,2024/08/28,   1550000,2024/09/30,                    ,Fee conveyance                          ,T12691041                               ,1275284                                 ,        ,        ,6200                                    ,Apartment deed                          ,Valid Sale                              ,0 ,Improved
210080830110     ,2022/01/26,   1630000,2022/01/31,                    ,Fee conveyance                          ,T11718076                               ,1231011                                 ,        ,        ,6520                                    ,Apartment deed                          ,Valid Sale                              ,0 ,Improved
210080830110     ,2020/06/08,          ,2020/08/14,                    ,Recorded document                       ,T11183321                               ,                                        ,        ,        ,                                        ,Amendment of CPR, HPR or Declaration    ,                                        ,  ,
210080830110     ,2019/12/10,          ,2020/01/10,T10966225           ,Recorded document                       ,                                        ,                                        ,        ,        ,                                        ,Declaration of/Restatement of CPR       ,                                        ,  ,
210080830110     ,2019/01/19,   1030000,2019/02/05,                    ,Fee conveyance                          ,T10627032                               ,1170959                                 ,        ,        ,4120                                    ,Apartment deed                          ,Valid Sale                              ,0 ,Improved
210080830110     ,2017/12/04,          ,2017/12/22,                    ,Recorded document                       ,T10217497                               ,                                        ,        ,        ,0                                       ,Amendment of CPR, HPR or Declaration    ,                                        ,  ,
210080830110     ,2017/04/18,          ,2017/05/04,                    ,Recorded document                       ,T9985173                                ,                                        ,        ,        ,0                                       ,Amendment of CPR, HPR or Declaration    ,                                        ,  ,
210080830110     ,2015/04/14,    808000,2015/05/01,                    ,Fee conveyance                          ,T9251252                                ,1096781                                 ,        ,        ,1616                                    ,Apartment deed                          ,Valid Sale                              ,0 ,Improved
210080830110     ,2010/08/18,          ,2010/08/18,                    ,Route slip                              ,                                        ,                                        ,        ,        ,                                        ,Amendment of CPR, HPR or Declaration    ,                                        ,  ,
210080830110     ,2008/04/01,    930000,2008/04/15,                    ,Fee conveyance                          ,3735104                                 ,903595                                  ,        ,        ,2325                                    ,Apartment deed                          ,Valid Sale                              ,0 ,Improved
210080830110     ,2002/01/03,          ,2002/02/05,                    ,Fee conveyance                          ,2776151                                 ,603067                                  ,        ,        ,                                        ,Quitclaim deed                          ,                                        ,  ,
210080830110     ,1997/02/20,    227250,1997/02/24,0000000000          ,Fee conveyance                          ,2366823                                 ,487893                                  ,        ,        ,227.30                                  ,                                        ,Developer sale                          ,8 ,Improved
210080830110     ,1900/01/01,          ,          ,0000000000          ,                                        ,1815194                                 ,315856                                  ,        ,        ,                                        ,                                        ,                                        ,  ,
210080830111     ,2024/07/09,          ,2024/10/03,                    ,Fee conveyance                          ,T12694201                               ,1275608                                 ,        ,        ,                                        ,Quitclaim deed                          ,                                        ,  ,
210080830111     ,2020/06/08,          ,2020/08/14,                    ,Recorded document                       ,T11183321                               ,                                        ,        ,        ,                                        ,Amendment of CPR, HPR or Declaration    ,                                        ,  ,
210080830111     ,2019/12/10,          ,2020/01/10,T10966225           ,Recorded document                       ,                                        ,                                        ,        ,        ,                                        ,Declaration of/Restatement of CPR       ,                                        ,  ,
210080830111     ,2017/12/04,          ,2017/12/22,                    ,Recorded document                       ,T10217497                               ,                                        ,        ,        ,0                                       ,Amendment of CPR, HPR or Declaration    ,                                        ,  ,
210080830111     ,2017/04/18,          ,2017/05/04,                    ,Recorded document                       ,T9985173                                ,                                        ,        ,        ,0                                       ,Amendment of CPR, HPR or Declaration    ,                                        ,  ,
210080830111     ,2010/08/18,          ,2010/08/18,                    ,Route slip                              ,                                        ,                                        ,        ,        ,                                        ,Amendment of CPR, HPR or Declaration    ,                                        ,  ,
210080830111     ,2003/10/24,    435000,2003/10/31,                    ,Fee conveyance                          ,3019736                                 ,671418                                  ,        ,        ,435                                     ,Apartment deed                          ,Valid Sale                              ,0 ,Improved
210080830111     ,1999/08/06,    230000,1999/08/24,0000000000          ,Fee conveyance                          ,2569489                                 ,537,931                                 ,        ,        ,230.00                                  ,                                        ,Related individuals                     ,4 ,Improved
210080830111     ,1997/02/13,    186850,1997/02/26,0000000000          ,Fee conveyance                          ,2367185                                 ,487.962                                 ,        ,        ,186.90                                  ,                                        ,Developer sale                          ,8 ,Improved
210080830111     ,1900/01/01,          ,          ,0000000000          ,                                        ,1815194                                 ,315856                                  ,        ,        ,                                        ,                                        ,                                        ,  ,
210080830112     ,2020/06/08,          ,2020/08/14,                    ,Recorded document                       ,T11183321                               ,                                        ,        ,        ,                                        ,Amendment of CPR, HPR or Declaration    ,                                        ,  ,
210080830112     ,2019/12/10,          ,2020/01/10,T10966225           ,Recorded document                       ,                                        ,                                        ,        ,        ,                                        ,Declaration of/Restatement of CPR       ,                                        ,  ,
210080830112     ,2017/12/04,          ,2017/12/22,                    ,Recorded document                       ,T10217497                               ,                                        ,        ,        ,0                                       ,Amendment of CPR, HPR or Declaration    ,                                        ,  ,
210080830112     ,2017/04/18,          ,2017/05/04,                    ,Recorded document                       ,T9985173                                ,                                        ,        ,        ,0                                       ,Amendment of CPR, HPR or Declaration    ,                                        ,  ,
210080830112     ,2012/10/26,    640000,2012/10/31,                    ,Fee conveyance                          ,T8339041                                ,1050132                                 ,        ,        ,1280                                    ,Apartment deed                          ,Valid Sale                              ,0 ,Improved
210080830112     ,2010/08/18,          ,2010/08/18,                    ,Route slip                              ,                                        ,                                        ,        ,        ,                                        ,Amendment of CPR, HPR or Declaration    ,                                        ,  ,
210080830112     ,2007/02/14,    815000,2007/02/20,                    ,Fee conveyance                          ,3562739                                 ,846187                                  ,        ,        ,2037.5                                  ,Apartment deed                          ,Valid Sale                              ,0 ,Improved
210080830112     ,2000/08/24,          ,2000/08/28,                    ,Fee conveyance                          ,2646799                                 ,561773                                  ,        ,        ,0                                       ,Limited warranty/apartment deed         ,                                        ,  ,
210080830112     ,1997/01/31,    194950,1997/02/07,0000000000          ,Fee conveyance                          ,2364760                                 ,336.088                                 ,        ,        ,195.00                                  ,                                        ,Developer sale                          ,8 ,Improved
210080830112     ,1900/01/01,          ,          ,0000000000          ,                                        ,1815194                                 ,315856                                  ,        ,        ,                                        ,                                        ,                                        ,  ,
210080830113     ,2022/12/09,   1795000,2022/12/15,T12036047           ,Fee conveyance                          ,                                        ,                                        ,        ,        ,7180                                    ,Apartment deed                          ,Valid Sale                              ,0 ,Improved
210080830113     ,2020/06/08,          ,2020/08/14,                    ,Recorded document                       ,T11183321                               ,                                        ,        ,        ,                                        ,Amendment of CPR, HPR or Declaration    ,                                        ,  ,
210080830113     ,2019/12/10,          ,2020/01/10,T10966225           ,Recorded document                       ,                                        ,                                        ,        ,        ,                                        ,Declaration of/Restatement of CPR       ,                                        ,  ,
210080830113     ,2017/12/04,          ,2017/12/22,                    ,Recorded document                       ,T10217497                               ,                                        ,        ,        ,0                                       ,Amendment of CPR, HPR or Declaration    ,                                        ,  ,
210080830113     ,2017/04/18,          ,2017/05/04,                    ,Recorded document                       ,T9985173                                ,                                        ,        ,        ,0                                       ,Amendment of CPR, HPR or Declaration    ,                                        ,  ,
210080830113     ,2016/07/26,          ,2016/06/06,                    ,Fee conveyance                          ,T9653096                                ,1117963                                 ,        ,        ,0                                       ,Apartment deed                          ,                                        ,  ,
210080830113     ,2013/12/27,          ,2014/01/03,                    ,Land Court Order (all types)            ,T8768059                                ,853064                                  ,        ,        ,0                                       ,Land Court                              ,                                        ,  ,
210080830113     ,2013/12/26,          ,2014/01/03,                    ,Fee conveyance                          ,T8768060                                ,1072290                                 ,        ,        ,0                                       ,Apartment deed                          ,                                        ,  ,
210080830113     ,2013/12/26,    800000,2014/01/03,                    ,Fee conveyance                          ,T8768061                                ,1072291                                 ,        ,        ,2000                                    ,Apartment deed                          ,Valid Sale                              ,0 ,Improved
210080830113     ,2010/08/18,          ,2010/08/18,                    ,Route slip                              ,                                        ,                                        ,        ,        ,                                        ,Amendment of CPR, HPR or Declaration    ,                                        ,  ,
210080830113     ,2007/02/14,          ,2007/04/09,                    ,Fee conveyance                          ,3585481                                 ,853064                                  ,        ,        ,0                                       ,Deed to trust                           ,                                        ,  ,
210080830113     ,2004/10/14,          ,2004/10/22,                    ,Fee conveyance                          ,3183218                                 ,721150                                  ,        ,        ,0                                       ,Quitclaim apartment deed                ,                                        ,  ,
210080830113     ,1996/12/11,    202000,1996/12/20,0000000000          ,Fee conveyance                          ,2355163                                 ,484984                                  ,        ,        ,202.00                                  ,                                        ,Valid Sale                              ,0 ,Improved
210080830113     ,1900/01/01,          ,          ,0000000000          ,                                        ,1815194                                 ,315856                                  ,        ,        ,                                        ,                                        ,                                        ,  ,
210080830114     ,2020/06/08,          ,2020/08/14,                    ,Recorded document                       ,T11183321                               ,                                        ,        ,        ,                                        ,Amendment of CPR, HPR or Declaration    ,                                        ,  ,
210080830114     ,2019/12/10,          ,2020/01/10,T10966225           ,Recorded document                       ,                                        ,                                        ,        ,        ,                                        ,Declaration of/Restatement of CPR       ,                                        ,  ,
210080830114     ,2017/12/29,    900000,2018/01/04,                    ,Fee conveyance                          ,T10230336                               ,1149675                                 ,        ,        ,2250                                    ,Warranty deed                           ,Other                                   ,2 ,Improved
210080830114     ,2017/12/04,          ,2017/12/22,                    ,Recorded document                       ,T10217497                               ,                                        ,        ,        ,0                                       ,Amendment of CPR, HPR or Declaration    ,                                        ,  ,
210080830114     ,2017/04/18,          ,2017/05/04,                    ,Recorded document                       ,T9985173                                ,                                        ,        ,        ,0                                       ,Amendment of CPR, HPR or Declaration    ,                                        ,  ,
210080830114     ,2010/08/18,          ,2010/08/18,                    ,Route slip                              ,                                        ,                                        ,        ,        ,                                        ,Amendment of CPR, HPR or Declaration    ,                                        ,  ,
210080830114     ,1997/03/04,    242250,1997/03/11,0000000000          ,Fee conveyance                          ,2339515                                 ,488566                                  ,        ,        ,242.30                                  ,                                        ,Developer sale                          ,8 ,Improved
210080830114     ,1900/01/01,          ,          ,0000000000          ,                                        ,1815194                                 ,315856                                  ,        ,        ,                                        ,                                        ,                                        ,  ,
210080830115     ,2022/06/16,          ,2022/07/12,                    ,Fee conveyance                          ,T11880279                               ,1240286                                 ,        ,        ,                                        ,Trustee's limited warranty deed         ,                                        ,  ,
210080830115     ,2020/06/08,          ,2020/08/14,                    ,Recorded document                       ,T11183321                               ,                                        ,        ,        ,                                        ,Amendment of CPR, HPR or Declaration    ,                                        ,  ,
210080830115     ,2020/03/06,          ,2020/03/06,                    ,Land Court Order (all types)            ,T11022292                               ,                                        ,        ,        ,                                        ,Land Court Order (all types)            ,                                        ,  ,
210080830115     ,2019/12/10,          ,2020/01/10,T10966225           ,Recorded document                       ,                                        ,                                        ,        ,        ,                                        ,Declaration of/Restatement of CPR       ,                                        ,  ,
210080830115     ,2017/12/04,          ,2017/12/22,                    ,Recorded document                       ,T10217497                               ,                                        ,        ,        ,0                                       ,Amendment of CPR, HPR or Declaration    ,                                        ,  ,
210080830115     ,2017/04/18,          ,2017/05/04,                    ,Recorded document                       ,T9985173                                ,                                        ,        ,        ,0                                       ,Amendment of CPR, HPR or Declaration    ,                                        ,  ,
210080830115     ,2010/08/18,          ,2010/08/18,                    ,Route slip                              ,                                        ,                                        ,        ,        ,                                        ,Amendment of CPR, HPR or Declaration    ,                                        ,  ,
210080830115     ,2001/10/31,          ,2002/01/08,                    ,Fee conveyance                          ,2767675                                 ,600643                                  ,        ,        ,                                        ,Apartment deed                          ,                                        ,  ,
210080830115     ,2001/10/31,          ,2001/11/05,                    ,Fee conveyance                          ,2750133                                 ,595081                                  ,        ,        ,                                        ,Apartment deed                          ,                                        ,  ,
210080830115     ,2000/01/13,    460000,2000/01/19,0000000000          ,Fee conveyance                          ,2602065                                 ,547,099                                 ,        ,        ,460.00                                  ,                                        ,Valid                                   ,X ,Improved
210080830115     ,1997/04/24,    249900,1997/04/29,0000000000          ,Fee conveyance                          ,2378016                                 ,490890                                  ,        ,        ,249.90                                  ,                                        ,Developer sale                          ,8 ,Improved
210080830115     ,1900/01/01,          ,          ,0000000000          ,                                        ,1815194                                 ,315856                                  ,        ,        ,                                        ,                                        ,                                        ,  ,
210080830116     ,2020/06/08,          ,2020/08/14,                    ,Recorded document                       ,T11183321                               ,                                        ,        ,        ,                                        ,Amendment of CPR, HPR or Declaration    ,                                        ,  ,
210080830116     ,2019/12/10,          ,2020/01/10,T10966225           ,Recorded document                       ,                                        ,                                        ,        ,        ,                                        ,Declaration of/Restatement of CPR       ,                                        ,  ,
210080830116     ,2017/12/04,          ,2017/12/22,                    ,Recorded document                       ,T10217497                               ,                                        ,        ,        ,0                                       ,Amendment of CPR, HPR or Declaration    ,                                        ,  ,
210080830116     ,2017/04/18,          ,2017/05/04,                    ,Recorded document                       ,T9985173                                ,                                        ,        ,        ,0                                       ,Amendment of CPR, HPR or Declaration    ,                                        ,  ,
210080830116     ,2010/08/18,          ,2010/08/18,                    ,Route slip                              ,                                        ,                                        ,        ,        ,                                        ,Amendment of CPR, HPR or Declaration    ,                                        ,  ,
210080830116     ,1997/03/13,    290000,1997/03/20,0000000000          ,Fee conveyance                          ,2371175                                 ,489010                                  ,        ,        ,290.00                                  ,                                        ,Developer sale                          ,8 ,Improved
210080830116     ,1900/01/01,          ,          ,0000000000          ,                                        ,1815194                                 ,315856                                  ,        ,        ,                                        ,                                        ,                                        ,  ,
210080830117     ,2020/06/08,          ,2020/08/14,                    ,Recorded document                       ,T11183321                               ,                                        ,        ,        ,                                        ,Amendment of CPR, HPR or Declaration    ,                                        ,  ,
210080830117     ,2019/12/10,          ,2020/01/10,T10966225           ,Recorded document                       ,                                        ,                                        ,        ,        ,                                        ,Declaration of/Restatement of CPR       ,                                        ,  ,
210080830117     ,2017/12/04,          ,2017/12/22,                    ,Recorded document                       ,T10217497                               ,                                        ,        ,        ,0                                       ,Amendment of CPR, HPR or Declaration    ,                                        ,  ,
210080830117     ,2017/04/18,          ,2017/05/04,                    ,Recorded document                       ,T9985173                                ,                                        ,        ,        ,0                                       ,Amendment of CPR, HPR or Declaration    ,                                        ,  ,
210080830117     ,2010/08/18,          ,2010/08/18,                    ,Route slip                              ,                                        ,                                        ,        ,        ,                                        ,Amendment of CPR, HPR or Declaration    ,                                        ,  ,
210080830117     ,2009/04/29,    815000,2009/05/12,                    ,Fee conveyance                          ,3856894                                 ,945433                                  ,        ,        ,2037.5                                  ,Apartment deed                          ,Valid Sale                              ,0 ,Improved
210080830117     ,2008/05/28,          ,2009/01/21,                    ,Fee conveyance                          ,3820820                                 ,934257                                  ,        ,        ,0                                       ,Warranty deed                           ,                                        ,  ,
210080830117     ,2005/03/22,    920000,2005/03/30,                    ,Fee conveyance                          ,3247317                                 ,740857                                  ,        ,        ,920                                     ,Warranty deed                           ,Valid Sale                              ,0 ,Improved
210080830117     ,1997/03/22,    227250,1997/03/27,0000000000          ,Fee conveyance                          ,2372397                                 ,489363                                  ,        ,        ,227.30                                  ,                                        ,Developer sale                          ,8 ,Improved
210080830117     ,1900/01/01,          ,          ,0000000000          ,                                        ,1815194                                 ,315856                                  ,        ,        ,                                        ,                                        ,                                        ,  ,
210080830118     ,2020/06/08,          ,2020/08/14,                    ,Recorded document                       ,T11183321                               ,                                        ,        ,        ,                                        ,Amendment of CPR, HPR or Declaration    ,                                        ,  ,
210080830118     ,2019/12/10,          ,2020/01/10,T10966225           ,Recorded document                       ,                                        ,                                        ,        ,        ,                                        ,Declaration of/Restatement of CPR       ,                                        ,  ,
210080830118     ,2017/12/04,          ,2017/12/22,                    ,Recorded document                       ,T10217497                               ,                                        ,        ,        ,0                                       ,Amendment of CPR, HPR or Declaration    ,                                        ,  ,
210080830118     ,2017/04/18,          ,2017/05/04,                    ,Recorded document                       ,T9985173                                ,                                        ,        ,        ,0                                       ,Amendment of CPR, HPR or Declaration    ,                                        ,  ,
210080830118     ,2015/09/11,    860000,2015/09/18,                    ,Fee conveyance                          ,T9391137                                ,1104110                                 ,        ,        ,1720                                    ,Apartment deed                          ,Valid Sale                              ,0 ,Improved
210080830118     ,2010/08/18,          ,2010/08/18,                    ,Route slip                              ,                                        ,                                        ,        ,        ,                                        ,Amendment of CPR, HPR or Declaration    ,                                        ,  ,
210080830118     ,2010/04/23,    615480,2010/05/04,                    ,Fee conveyance                          ,3960663                                 ,980768                                  ,        ,        ,1538.7                                  ,Apartment deed                          ,Valid Sale                              ,0 ,Improved
210080830118     ,2009/10/30,    630000,2009/12/24,                    ,Fee conveyance                          ,3926887                                 ,968407                                  ,        ,        ,1575                                    ,Deed                                    ,Foreclosure                             ,5 ,
210080830118     ,2006/05/08,    975000,2006/05/19,                    ,Fee conveyance                          ,3430918                                 ,805920                                  ,        ,        ,1950                                    ,Apartment deed                          ,Valid Sale                              ,0 ,Improved
210080830118     ,2004/08/12,    680000,2004/08/18,                    ,Fee conveyance                          ,3153241                                 ,710702                                  ,        ,        ,680                                     ,Limited warranty/apartment deed         ,Other                                   ,7 ,Improved
210080830118     ,2004/04/02,    680000,2004/04/28,                    ,Fee conveyance                          ,3101944                                 ,694566                                  ,        ,        ,680                                     ,Apartment deed                          ,Valid Sale                              ,0 ,Improved
210080830118     ,1997/03/17,    227250,1997/03/21,0000000000          ,Fee conveyance                          ,2371411                                 ,489086                                  ,        ,        ,227.30                                  ,                                        ,Developer sale                          ,8 ,Improved
210080830118     ,1900/01/01,          ,          ,0000000000          ,                                        ,1815194                                 ,315856                                  ,        ,        ,                                        ,                                        ,                                        ,  ,
210080830119     ,2021/01/01,          ,2021/01/01,                    ,Route slip                              ,                                        ,                                        ,        ,        ,                                        ,Warranty deed                           ,                                        ,  ,
210080830119     ,2020/06/08,          ,2020/08/14,                    ,Recorded document                       ,T11183321                               ,                                        ,        ,        ,                                        ,Amendment of CPR, HPR or Declaration    ,                                        ,  ,
210080830119     ,2019/12/10,          ,2020/01/10,T10966225           ,Recorded document                       ,                                        ,                                        ,        ,        ,                                        ,Declaration of/Restatement of CPR       ,                                        ,  ,
210080830119     ,2017/12/04,          ,2017/12/22,                    ,Recorded document                       ,T10217497                               ,                                        ,        ,        ,0                                       ,Amendment of CPR, HPR or Declaration    ,                                        ,  ,
210080830119     ,2017/04/18,          ,2017/05/04,                    ,Recorded document                       ,T9985173                                ,                                        ,        ,        ,0                                       ,Amendment of CPR, HPR or Declaration    ,                                        ,  ,
210080830119     ,2010/08/18,          ,2010/08/18,                    ,Route slip                              ,                                        ,                                        ,        ,        ,                                        ,Amendment of CPR, HPR or Declaration    ,                                        ,  ,
210080830119     ,2004/03/22,    558750,2004/03/25,                    ,Fee conveyance                          ,3088157                                 ,690240                                  ,        ,        ,558.8                                   ,Apartment deed                          ,Valid Sale                              ,0 ,Improved
210080830119     ,1999/11/02,    300000,1999/11/04,0000000000          ,Fee conveyance                          ,2586977                                 ,542,477                                 ,        ,        ,300.00                                  ,                                        ,Valid                                   ,X ,Improved
210080830119     ,1997/01/23,    186850,1997/01/29,0000000000          ,Fee conveyance                          ,2362529                                 ,486850                                  ,        ,        ,186.90                                  ,                                        ,Developer sale                          ,8 ,Improved
210080830119     ,1900/01/01,          ,          ,0000000000          ,                                        ,1815194                                 ,315856                                  ,        ,        ,                                        ,                                        ,                                        ,  ,
210080830120     ,2020/06/08,          ,2020/08/14,                    ,Recorded document                       ,T11183321                               ,                                        ,        ,        ,                                        ,Amendment of CPR, HPR or Declaration    ,                                        ,  ,
210080830120     ,2019/12/10,          ,2020/01/10,T10966225           ,Recorded document                       ,                                        ,                                        ,        ,        ,                                        ,Declaration of/Restatement of CPR       ,                                        ,  ,
210080830120     ,2019/04/02,    800000,2019/04/05,                    ,Fee conveyance                          ,T10686138                               ,1173857                                 ,        ,        ,2000                                    ,Apartment deed                          ,Valid Sale                              ,0 ,Improved
210080830120     ,2017/12/04,          ,2017/12/22,                    ,Recorded document                       ,T10217497                               ,                                        ,        ,        ,0                                       ,Amendment of CPR, HPR or Declaration    ,                                        ,  ,
210080830120     ,2017/04/18,          ,2017/05/04,                    ,Recorded document                       ,T9985173                                ,                                        ,        ,        ,0                                       ,Amendment of CPR, HPR or Declaration    ,                                        ,  ,
210080830120     ,2010/08/18,          ,2010/08/18,                    ,Route slip                              ,                                        ,                                        ,        ,        ,                                        ,Amendment of CPR, HPR or Declaration    ,                                        ,  ,
210080830120     ,2001/06/05,    415000,2001/06/18,                    ,Fee conveyance                          ,2713784                                 ,584387                                  ,        ,        ,415.00                                  ,Apartment deed                          ,                                        ,  ,
210080830120     ,1998/08/18,          ,1998/10/28,0000000000          ,Fee conveyance                          ,2496117                                 ,520073                                  ,        ,        ,0.00                                    ,                                        ,                                        ,  ,
210080830120     ,1997/05/09,    212100,1997/05/16,0000000000          ,Fee conveyance                          ,2381321                                 ,336.088                                 ,        ,        ,212.10                                  ,                                        ,Developer sale                          ,8 ,Improved
210080830120     ,1900/01/01,          ,          ,0000000000          ,                                        ,1815194                                 ,315856                                  ,        ,        ,                                        ,                                        ,                                        ,  ,
